total_standing,correct_standing,accuracy_standing,total_straight,correct_straight,accuracy_straight,total_diagonal,correct_diagonal,accuracy_diagonal,overall_accuracy,macro_f1,macro_auc,cm_standing_standing,cm_standing_straight,cm_standing_diagonal,cm_straight_standing,cm_straight_straight,cm_straight_diagonal,cm_diagonal_standing,cm_diagonal_straight,cm_diagonal_diagonal,participant_id,model,n_features_final,best_params,inner_best_score,cv_mode,repeat,fold,channel_mode,ablation
8,8,1.0,8,3,0.375,8,2,0.25,0.5416666666666666,0.5025641025641027,0.7135416666666666,8,0,0,2,3,3,2,4,2,P02,xgb,15,"{'subsample': 0.6, 'reg_lambda': 5, 'reg_alpha': 0, 'min_child_weight': 1, 'max_depth': 2, 'learning_rate': 0.01, 'gamma': 0.3, 'colsample_bytree': 0.7, 'colsample_bylevel': 0.6, 'n_estimators': 300}",0.7323713323713325,repeated_stratified,0,0,full,sep
8,6,0.75,8,4,0.5,8,1,0.125,0.4583333333333333,0.4546365914786967,0.671875,6,1,1,0,4,4,1,6,1,P02,xgb,13,"{'subsample': 0.8, 'reg_lambda': 1, 'reg_alpha': 0, 'min_child_weight': 1, 'max_depth': 8, 'learning_rate': 0.01, 'gamma': 0.3, 'colsample_bytree': 0.6, 'colsample_bylevel': 0.8, 'n_estimators': 300}",0.7852573352573353,repeated_stratified,0,1,full,sep
8,7,0.875,8,1,0.125,8,4,0.5,0.5,0.4990810359231412,0.6536458333333334,7,1,0,0,1,7,0,4,4,P02,xgb,31,"{'subsample': 0.6, 'reg_lambda': 1, 'reg_alpha': 0, 'min_child_weight': 1, 'max_depth': 2, 'learning_rate': 0.03, 'gamma': 0, 'colsample_bytree': 0.6, 'colsample_bylevel': 0.6, 'n_estimators': 300}",0.8227272727272728,repeated_stratified,0,2,full,sep
8,7,0.875,8,4,0.5,8,1,0.125,0.5,0.462962962962963,0.7421875,7,1,0,1,4,3,2,5,1,P02,xgb,12,"{'subsample': 0.8, 'reg_lambda': 10, 'reg_alpha': 0.5, 'min_child_weight': 1, 'max_depth': 8, 'learning_rate': 0.01, 'gamma': 0.3, 'colsample_bytree': 0.7, 'colsample_bylevel': 0.6, 'n_estimators': 300}",0.7595478595478595,repeated_stratified,0,3,full,sep
8,8,1.0,8,3,0.375,8,0,0.0,0.4583333333333333,0.4189886480908152,0.703125,8,0,0,1,3,4,0,8,0,P02,xgb,30,"{'subsample': 0.6, 'reg_lambda': 3, 'reg_alpha': 0.1, 'min_child_weight': 1, 'max_depth': 8, 'learning_rate': 0.05, 'gamma': 0, 'colsample_bytree': 0.7, 'colsample_bylevel': 0.8, 'n_estimators': 300}",0.767147667147667,repeated_stratified,0,4,full,sep
8,6,0.75,8,3,0.375,8,5,0.625,0.5833333333333334,0.5721468074409252,0.734375,6,1,1,2,3,3,2,1,5,P02,xgb,12,"{'subsample': 1.0, 'reg_lambda': 10, 'reg_alpha': 0, 'min_child_weight': 1, 'max_depth': 16, 'learning_rate': 0.05, 'gamma': 2, 'colsample_bytree': 0.6, 'colsample_bylevel': 0.8, 'n_estimators': 300}",0.7051467051467052,repeated_stratified,1,0,full,sep
8,8,1.0,8,2,0.25,8,3,0.375,0.5416666666666666,0.5276143790849673,0.796875,8,0,0,1,2,5,0,5,3,P02,xgb,31,"{'subsample': 0.6, 'reg_lambda': 3, 'reg_alpha': 0.1, 'min_child_weight': 1, 'max_depth': 2, 'learning_rate': 0.05, 'gamma': 0, 'colsample_bytree': 0.7, 'colsample_bylevel': 0.6, 'n_estimators': 300}",0.7381914381914382,repeated_stratified,1,1,full,sep
8,6,0.75,8,5,0.625,8,1,0.125,0.5,0.4809523809523809,0.7265625,6,2,0,0,5,3,1,6,1,P02,xgb,31,"{'subsample': 0.8, 'reg_lambda': 10, 'reg_alpha': 0.1, 'min_child_weight': 1, 'max_depth': 16, 'learning_rate': 0.01, 'gamma': 0.1, 'colsample_bytree': 0.6, 'colsample_bylevel': 0.6, 'n_estimators': 300}",0.7198893698893699,repeated_stratified,1,2,full,sep
8,7,0.875,8,0,0.0,8,2,0.25,0.375,0.3054626532887403,0.7421875,7,1,0,5,0,3,3,3,2,P02,xgb,14,"{'subsample': 1.0, 'reg_lambda': 5, 'reg_alpha': 0.5, 'min_child_weight': 1, 'max_depth': 4, 'learning_rate': 0.05, 'gamma': 2, 'colsample_bytree': 0.6, 'colsample_bylevel': 0.6, 'n_estimators': 300}",0.7338143338143338,repeated_stratified,1,3,full,sep
8,6,0.75,8,2,0.25,8,3,0.375,0.4583333333333333,0.4666666666666666,0.65625,6,0,2,1,2,5,0,5,3,P02,xgb,12,"{'subsample': 0.6, 'reg_lambda': 3, 'reg_alpha': 0.1, 'min_child_weight': 1, 'max_depth': 2, 'learning_rate': 0.05, 'gamma': 0, 'colsample_bytree': 0.7, 'colsample_bylevel': 0.6, 'n_estimators': 300}",0.7765271765271766,repeated_stratified,1,4,full,sep
8,6,0.75,8,3,0.375,8,2,0.25,0.4583333333333333,0.4676470588235294,0.703125,6,1,1,0,3,5,1,5,2,P02,xgb,14,"{'subsample': 1.0, 'reg_lambda': 5, 'reg_alpha': 0.5, 'min_child_weight': 1, 'max_depth': 4, 'learning_rate': 0.05, 'gamma': 2, 'colsample_bytree': 0.6, 'colsample_bylevel': 0.6, 'n_estimators': 300}",0.7781866281866282,repeated_stratified,2,0,full,sep
8,7,0.875,8,4,0.5,8,4,0.5,0.625,0.625,0.78125,7,1,0,0,4,4,1,3,4,P02,xgb,13,"{'subsample': 1.0, 'reg_lambda': 3, 'reg_alpha': 0, 'min_child_weight': 1, 'max_depth': 4, 'learning_rate': 0.01, 'gamma': 0.3, 'colsample_bytree': 0.6, 'colsample_bylevel': 0.6, 'n_estimators': 300}",0.7634920634920634,repeated_stratified,2,1,full,sep
8,6,0.75,8,5,0.625,8,5,0.625,0.6666666666666666,0.6666666666666666,0.7473958333333334,6,1,1,1,5,2,1,2,5,P02,xgb,31,"{'subsample': 1.0, 'reg_lambda': 5, 'reg_alpha': 0.1, 'min_child_weight': 1, 'max_depth': 8, 'learning_rate': 0.03, 'gamma': 0.1, 'colsample_bytree': 0.7, 'colsample_bylevel': 0.8, 'n_estimators': 300}",0.7362433862433863,repeated_stratified,2,2,full,sep
8,8,1.0,8,0,0.0,8,2,0.25,0.4166666666666667,0.3747276688453159,0.6276041666666666,8,0,0,1,0,7,1,5,2,P02,xgb,14,"{'subsample': 0.8, 'reg_lambda': 10, 'reg_alpha': 0.1, 'min_child_weight': 1, 'max_depth': 16, 'learning_rate': 0.01, 'gamma': 0.1, 'colsample_bytree': 0.6, 'colsample_bylevel': 0.6, 'n_estimators': 300}",0.7614237614237614,repeated_stratified,2,3,full,sep
8,7,0.875,8,5,0.625,8,1,0.125,0.5416666666666666,0.5055039559683523,0.8125,7,0,1,1,5,2,1,6,1,P02,xgb,31,"{'subsample': 0.6, 'reg_lambda': 10, 'reg_alpha': 0.1, 'min_child_weight': 1, 'max_depth': 8, 'learning_rate': 0.03, 'gamma': 0.3, 'colsample_bytree': 0.6, 'colsample_bylevel': 0.8, 'n_estimators': 300}",0.729028379028379,repeated_stratified,2,4,full,sep
8,5,0.625,8,2,0.25,8,4,0.5,0.4583333333333333,0.4673350041771094,0.6692708333333334,5,1,2,1,2,5,0,4,4,P02,xgb,33,"{'subsample': 0.6, 'reg_lambda': 1, 'reg_alpha': 0, 'min_child_weight': 1, 'max_depth': 2, 'learning_rate': 0.03, 'gamma': 0, 'colsample_bytree': 0.6, 'colsample_bylevel': 0.6, 'n_estimators': 300}",0.7462000962000962,repeated_stratified,3,0,full,sep
8,8,1.0,8,3,0.375,8,3,0.375,0.5833333333333334,0.5641534391534392,0.7421875,8,0,0,0,3,5,2,3,3,P02,xgb,30,"{'subsample': 0.8, 'reg_lambda': 5, 'reg_alpha': 0.1, 'min_child_weight': 1, 'max_depth': 8, 'learning_rate': 0.03, 'gamma': 0, 'colsample_bytree': 0.6, 'colsample_bylevel': 0.6, 'n_estimators': 300}",0.8040885040885041,repeated_stratified,3,1,full,sep
8,8,1.0,8,2,0.25,8,3,0.375,0.5416666666666666,0.5165343915343915,0.7760416666666666,8,0,0,1,2,5,1,4,3,P02,xgb,31,"{'subsample': 1.0, 'reg_lambda': 1, 'reg_alpha': 0.5, 'min_child_weight': 1, 'max_depth': 4, 'learning_rate': 0.01, 'gamma': 0.5, 'colsample_bytree': 0.6, 'colsample_bylevel': 0.8, 'n_estimators': 300}",0.7311928811928811,repeated_stratified,3,2,full,sep
8,5,0.625,8,3,0.375,8,5,0.625,0.5416666666666666,0.5568488529014844,0.7395833333333334,5,2,1,0,3,5,0,3,5,P02,xgb,31,"{'subsample': 0.6, 'reg_lambda': 5, 'reg_alpha': 0.5, 'min_child_weight': 1, 'max_depth': 8, 'learning_rate': 0.03, 'gamma': 0.3, 'colsample_bytree': 0.6, 'colsample_bylevel': 0.6, 'n_estimators': 300}",0.7517075517075518,repeated_stratified,3,3,full,sep
8,7,0.875,8,0,0.0,8,4,0.5,0.4583333333333333,0.425,0.7005208333333334,7,0,1,1,0,7,0,4,4,P02,xgb,30,"{'subsample': 0.6, 'reg_lambda': 1, 'reg_alpha': 0, 'min_child_weight': 1, 'max_depth': 2, 'learning_rate': 0.03, 'gamma': 0, 'colsample_bytree': 0.6, 'colsample_bylevel': 0.6, 'n_estimators': 300}",0.7432900432900432,repeated_stratified,3,4,full,sep
8,7,0.875,8,3,0.375,8,1,0.125,0.4583333333333333,0.417331206804891,0.6614583333333334,7,1,0,3,3,2,1,6,1,P02,xgb,15,"{'subsample': 0.8, 'reg_lambda': 1, 'reg_alpha': 0.1, 'min_child_weight': 1, 'max_depth': 4, 'learning_rate': 0.05, 'gamma': 0.5, 'colsample_bytree': 0.7, 'colsample_bylevel': 0.6, 'n_estimators': 300}",0.76998556998557,repeated_stratified,4,0,full,sep
8,7,0.875,8,2,0.25,8,3,0.375,0.5,0.5111111111111111,0.6536458333333334,7,0,1,0,2,6,0,5,3,P02,xgb,31,"{'subsample': 0.6, 'reg_lambda': 3, 'reg_alpha': 0.1, 'min_child_weight': 1, 'max_depth': 2, 'learning_rate': 0.05, 'gamma': 0, 'colsample_bytree': 0.7, 'colsample_bylevel': 0.6, 'n_estimators': 300}",0.7761664261664262,repeated_stratified,4,1,full,sep
8,6,0.75,8,4,0.5,8,2,0.25,0.5,0.5171957671957671,0.703125,6,0,2,0,4,4,0,6,2,P02,xgb,30,"{'subsample': 0.8, 'reg_lambda': 10, 'reg_alpha': 0, 'min_child_weight': 1, 'max_depth': 8, 'learning_rate': 0.05, 'gamma': 0, 'colsample_bytree': 0.7, 'colsample_bylevel': 0.6, 'n_estimators': 300}",0.7947811447811448,repeated_stratified,4,2,full,sep
8,8,1.0,8,3,0.375,8,2,0.25,0.5416666666666666,0.5398692810457516,0.7395833333333334,8,0,0,0,3,5,0,6,2,P02,xgb,30,"{'subsample': 0.6, 'reg_lambda': 10, 'reg_alpha': 0.5, 'min_child_weight': 1, 'max_depth': 2, 'learning_rate': 0.05, 'gamma': 0.1, 'colsample_bytree': 0.6, 'colsample_bylevel': 0.6, 'n_estimators': 300}",0.7817460317460317,repeated_stratified,4,3,full,sep
8,6,0.75,8,4,0.5,8,2,0.25,0.5,0.4957516339869281,0.7291666666666666,6,1,1,0,4,4,2,4,2,P02,xgb,31,"{'subsample': 0.6, 'reg_lambda': 5, 'reg_alpha': 0, 'min_child_weight': 1, 'max_depth': 2, 'learning_rate': 0.01, 'gamma': 0.3, 'colsample_bytree': 0.7, 'colsample_bylevel': 0.6, 'n_estimators': 300}",0.7338143338143338,repeated_stratified,4,4,full,sep
8,7,0.875,8,1,0.125,8,4,0.5,0.5,0.473940003351768,0.7161458333333334,7,1,0,1,1,6,1,3,4,P02,xgb,31,"{'subsample': 1.0, 'reg_lambda': 1, 'reg_alpha': 0.5, 'min_child_weight': 1, 'max_depth': 4, 'learning_rate': 0.01, 'gamma': 0.5, 'colsample_bytree': 0.6, 'colsample_bylevel': 0.8, 'n_estimators': 300}",0.7596200096200096,repeated_stratified,5,0,full,sep
8,6,0.75,8,3,0.375,8,3,0.375,0.5,0.5093137254901962,0.7213541666666666,6,1,1,0,3,5,1,4,3,P02,xgb,30,"{'subsample': 0.6, 'reg_lambda': 10, 'reg_alpha': 0.5, 'min_child_weight': 1, 'max_depth': 2, 'learning_rate': 0.05, 'gamma': 0.1, 'colsample_bytree': 0.6, 'colsample_bylevel': 0.6, 'n_estimators': 300}",0.7327320827320828,repeated_stratified,5,1,full,sep
8,7,0.875,8,2,0.25,8,1,0.125,0.4166666666666667,0.3666666666666667,0.7760416666666666,7,0,1,4,2,2,2,5,1,P02,xgb,16,"{'subsample': 1.0, 'reg_lambda': 10, 'reg_alpha': 0, 'min_child_weight': 1, 'max_depth': 16, 'learning_rate': 0.05, 'gamma': 2, 'colsample_bytree': 0.6, 'colsample_bylevel': 0.8, 'n_estimators': 300}",0.7393458393458393,repeated_stratified,5,2,full,sep
8,6,0.75,8,3,0.375,8,1,0.125,0.4166666666666667,0.435421888053467,0.6692708333333334,6,1,1,0,3,5,0,7,1,P02,xgb,30,"{'subsample': 1.0, 'reg_lambda': 5, 'reg_alpha': 0.1, 'min_child_weight': 1, 'max_depth': 8, 'learning_rate': 0.03, 'gamma': 0.1, 'colsample_bytree': 0.7, 'colsample_bylevel': 0.8, 'n_estimators': 300}",0.7697210197210197,repeated_stratified,5,3,full,sep
8,6,0.75,8,3,0.375,8,4,0.5,0.5416666666666666,0.5602240896358542,0.7630208333333334,6,2,0,0,3,5,0,4,4,P02,xgb,15,"{'subsample': 1.0, 'reg_lambda': 10, 'reg_alpha': 0, 'min_child_weight': 1, 'max_depth': 16, 'learning_rate': 0.05, 'gamma': 2, 'colsample_bytree': 0.6, 'colsample_bylevel': 0.8, 'n_estimators': 300}",0.7596921596921598,repeated_stratified,5,4,full,sep
8,6,0.75,8,3,0.375,8,2,0.25,0.4583333333333333,0.4424333836098542,0.7291666666666666,6,1,1,3,3,2,1,5,2,P02,xgb,15,"{'subsample': 1.0, 'reg_lambda': 5, 'reg_alpha': 0.5, 'min_child_weight': 1, 'max_depth': 4, 'learning_rate': 0.05, 'gamma': 2, 'colsample_bytree': 0.6, 'colsample_bylevel': 0.6, 'n_estimators': 300}",0.787987012987013,repeated_stratified,6,0,full,sep
8,8,1.0,8,3,0.375,8,3,0.375,0.5833333333333334,0.5833333333333334,0.7526041666666666,8,0,0,0,3,5,0,5,3,P02,xgb,31,"{'subsample': 0.8, 'reg_lambda': 1, 'reg_alpha': 0.1, 'min_child_weight': 1, 'max_depth': 4, 'learning_rate': 0.05, 'gamma': 0.5, 'colsample_bytree': 0.7, 'colsample_bylevel': 0.6, 'n_estimators': 300}",0.7708273208273209,repeated_stratified,6,1,full,sep
8,7,0.875,8,3,0.375,8,3,0.375,0.5416666666666666,0.5416666666666666,0.7005208333333334,7,1,0,0,3,5,1,4,3,P02,xgb,31,"{'subsample': 0.6, 'reg_lambda': 1, 'reg_alpha': 0, 'min_child_weight': 1, 'max_depth': 2, 'learning_rate': 0.03, 'gamma': 0, 'colsample_bytree': 0.6, 'colsample_bylevel': 0.6, 'n_estimators': 300}",0.7785233285233285,repeated_stratified,6,2,full,sep
8,7,0.875,8,2,0.25,8,3,0.375,0.5,0.498202614379085,0.7135416666666666,7,1,0,0,2,6,1,4,3,P02,xgb,31,"{'subsample': 0.8, 'reg_lambda': 10, 'reg_alpha': 0.1, 'min_child_weight': 1, 'max_depth': 16, 'learning_rate': 0.01, 'gamma': 0.1, 'colsample_bytree': 0.6, 'colsample_bylevel': 0.6, 'n_estimators': 300}",0.7472582972582972,repeated_stratified,6,3,full,sep
8,6,0.75,8,5,0.625,8,2,0.25,0.5416666666666666,0.5358974358974359,0.75,6,1,1,1,5,2,0,6,2,P02,xgb,14,"{'subsample': 1.0, 'reg_lambda': 5, 'reg_alpha': 0.5, 'min_child_weight': 1, 'max_depth': 4, 'learning_rate': 0.05, 'gamma': 2, 'colsample_bytree': 0.6, 'colsample_bylevel': 0.6, 'n_estimators': 300}",0.71010101010101,repeated_stratified,6,4,full,sep
8,8,1.0,8,1,0.125,8,2,0.25,0.4583333333333333,0.4041514041514041,0.7864583333333334,8,0,0,4,1,3,1,5,2,P02,xgb,28,"{'subsample': 1.0, 'reg_lambda': 5, 'reg_alpha': 0.5, 'min_child_weight': 1, 'max_depth': 4, 'learning_rate': 0.05, 'gamma': 2, 'colsample_bytree': 0.6, 'colsample_bylevel': 0.6, 'n_estimators': 300}",0.7686147186147186,repeated_stratified,7,0,full,sep
8,5,0.625,8,3,0.375,8,2,0.25,0.4166666666666667,0.4481313893078599,0.6640625,5,0,3,0,3,5,0,6,2,P02,xgb,32,"{'subsample': 1.0, 'reg_lambda': 3, 'reg_alpha': 0.5, 'min_child_weight': 1, 'max_depth': 2, 'learning_rate': 0.05, 'gamma': 0, 'colsample_bytree': 0.7, 'colsample_bylevel': 0.8, 'n_estimators': 300}",0.7904521404521404,repeated_stratified,7,1,full,sep
8,8,1.0,8,2,0.25,8,3,0.375,0.5416666666666666,0.5165074576839283,0.7213541666666666,8,0,0,0,2,6,2,3,3,P02,xgb,30,"{'subsample': 0.6, 'reg_lambda': 3, 'reg_alpha': 0.1, 'min_child_weight': 1, 'max_depth': 2, 'learning_rate': 0.05, 'gamma': 0, 'colsample_bytree': 0.7, 'colsample_bylevel': 0.6, 'n_estimators': 300}",0.7687349687349686,repeated_stratified,7,2,full,sep
8,7,0.875,8,4,0.5,8,4,0.5,0.625,0.6189542483660131,0.7760416666666666,7,1,0,0,4,4,2,2,4,P02,xgb,14,"{'subsample': 0.6, 'reg_lambda': 1, 'reg_alpha': 0, 'min_child_weight': 1, 'max_depth': 2, 'learning_rate': 0.03, 'gamma': 0, 'colsample_bytree': 0.6, 'colsample_bylevel': 0.6, 'n_estimators': 300}",0.7472582972582974,repeated_stratified,7,3,full,sep
8,5,0.625,8,2,0.25,8,5,0.625,0.5,0.5103785103785103,0.6901041666666666,5,1,2,0,2,6,0,3,5,P02,xgb,12,"{'subsample': 0.6, 'reg_lambda': 1, 'reg_alpha': 0.1, 'min_child_weight': 1, 'max_depth': 2, 'learning_rate': 0.01, 'gamma': 2, 'colsample_bytree': 0.7, 'colsample_bylevel': 0.6, 'n_estimators': 300}",0.7635642135642136,repeated_stratified,7,4,full,sep
8,8,1.0,8,2,0.25,8,4,0.5,0.5833333333333334,0.5644377409083291,0.7526041666666666,8,0,0,0,2,6,1,3,4,P02,xgb,13,"{'subsample': 0.8, 'reg_lambda': 3, 'reg_alpha': 0.1, 'min_child_weight': 1, 'max_depth': 2, 'learning_rate': 0.03, 'gamma': 1, 'colsample_bytree': 0.6, 'colsample_bylevel': 0.6, 'n_estimators': 300}",0.7512265512265514,repeated_stratified,8,0,full,sep
8,8,1.0,8,2,0.25,8,2,0.25,0.5,0.4571428571428571,0.7421875,8,0,0,2,2,4,2,4,2,P02,xgb,15,"{'subsample': 1.0, 'reg_lambda': 3, 'reg_alpha': 0, 'min_child_weight': 1, 'max_depth': 4, 'learning_rate': 0.01, 'gamma': 0.3, 'colsample_bytree': 0.6, 'colsample_bylevel': 0.6, 'n_estimators': 300}",0.8139249639249639,repeated_stratified,8,1,full,sep
8,7,0.875,8,0,0.0,8,4,0.5,0.4583333333333333,0.3937621832358673,0.71875,7,0,1,3,0,5,1,3,4,P02,xgb,12,"{'subsample': 1.0, 'reg_lambda': 10, 'reg_alpha': 0, 'min_child_weight': 1, 'max_depth': 16, 'learning_rate': 0.05, 'gamma': 2, 'colsample_bytree': 0.6, 'colsample_bylevel': 0.8, 'n_estimators': 300}",0.7609427609427609,repeated_stratified,8,2,full,sep
8,7,0.875,8,3,0.375,8,3,0.375,0.5416666666666666,0.5426470588235294,0.7317708333333334,7,0,1,0,3,5,1,4,3,P02,xgb,30,"{'subsample': 1.0, 'reg_lambda': 5, 'reg_alpha': 0.1, 'min_child_weight': 1, 'max_depth': 8, 'learning_rate': 0.03, 'gamma': 0.1, 'colsample_bytree': 0.7, 'colsample_bylevel': 0.8, 'n_estimators': 300}",0.7394901394901395,repeated_stratified,8,3,full,sep
8,5,0.625,8,3,0.375,8,5,0.625,0.5416666666666666,0.5433006535947712,0.7473958333333334,5,3,0,1,3,4,1,2,5,P02,xgb,13,"{'subsample': 1.0, 'reg_lambda': 10, 'reg_alpha': 0, 'min_child_weight': 1, 'max_depth': 16, 'learning_rate': 0.05, 'gamma': 2, 'colsample_bytree': 0.6, 'colsample_bylevel': 0.8, 'n_estimators': 300}",0.7569264069264069,repeated_stratified,8,4,full,sep
8,8,1.0,8,4,0.5,8,2,0.25,0.5833333333333334,0.5644377409083291,0.7708333333333334,8,0,0,1,4,3,0,6,2,P02,xgb,13,"{'subsample': 0.6, 'reg_lambda': 1, 'reg_alpha': 0.1, 'min_child_weight': 1, 'max_depth': 2, 'learning_rate': 0.01, 'gamma': 2, 'colsample_bytree': 0.7, 'colsample_bylevel': 0.6, 'n_estimators': 300}",0.7343674843674844,repeated_stratified,9,0,full,sep
8,8,1.0,8,4,0.5,8,3,0.375,0.625,0.6134453781512604,0.7734375,8,0,0,1,4,3,0,5,3,P02,xgb,31,"{'subsample': 0.8, 'reg_lambda': 1, 'reg_alpha': 0, 'min_child_weight': 1, 'max_depth': 4, 'learning_rate': 0.01, 'gamma': 0, 'colsample_bytree': 0.7, 'colsample_bylevel': 0.8, 'n_estimators': 300}",0.7195767195767195,repeated_stratified,9,1,full,sep
8,8,1.0,8,4,0.5,8,3,0.375,0.625,0.6137254901960785,0.7734375,8,0,0,0,4,4,1,4,3,P02,xgb,14,"{'subsample': 0.8, 'reg_lambda': 1, 'reg_alpha': 0.1, 'min_child_weight': 1, 'max_depth': 4, 'learning_rate': 0.05, 'gamma': 0.5, 'colsample_bytree': 0.7, 'colsample_bylevel': 0.6, 'n_estimators': 300}",0.7575036075036076,repeated_stratified,9,2,full,sep
8,6,0.75,8,1,0.125,8,1,0.125,0.3333333333333333,0.3333333333333333,0.6822916666666666,6,2,0,0,1,7,2,5,1,P02,xgb,31,"{'subsample': 0.6, 'reg_lambda': 1, 'reg_alpha': 0, 'min_child_weight': 1, 'max_depth': 2, 'learning_rate': 0.03, 'gamma': 0, 'colsample_bytree': 0.6, 'colsample_bylevel': 0.6, 'n_estimators': 300}",0.7430014430014431,repeated_stratified,9,3,full,sep
8,7,0.875,8,4,0.5,8,3,0.375,0.5833333333333334,0.5772875816993465,0.7526041666666666,7,0,1,0,4,4,2,3,3,P02,xgb,15,"{'subsample': 0.6, 'reg_lambda': 3, 'reg_alpha': 0.1, 'min_child_weight': 1, 'max_depth': 2, 'learning_rate': 0.05, 'gamma': 0, 'colsample_bytree': 0.7, 'colsample_bylevel': 0.6, 'n_estimators': 300}",0.7615199615199616,repeated_stratified,9,4,full,sep
8,4,0.5,8,3,0.375,8,3,0.375,0.4166666666666667,0.4204248366013072,0.6197916666666666,4,2,2,1,3,4,2,3,3,P03,xgb,9,"{'subsample': 0.6, 'reg_lambda': 3, 'reg_alpha': 0.1, 'min_child_weight': 1, 'max_depth': 2, 'learning_rate': 0.05, 'gamma': 0, 'colsample_bytree': 0.7, 'colsample_bylevel': 0.6, 'n_estimators': 300}",0.5928090428090428,repeated_stratified,0,0,full,sep
8,5,0.625,8,0,0.0,8,2,0.25,0.2916666666666667,0.2587719298245614,0.6197916666666666,5,1,2,4,0,4,2,4,2,P03,xgb,29,"{'subsample': 0.6, 'reg_lambda': 1, 'reg_alpha': 0, 'min_child_weight': 1, 'max_depth': 2, 'learning_rate': 0.03, 'gamma': 0, 'colsample_bytree': 0.6, 'colsample_bylevel': 0.6, 'n_estimators': 300}",0.5432419432419432,repeated_stratified,0,1,full,sep
8,4,0.5,8,4,0.5,8,2,0.25,0.4166666666666667,0.4075749958102899,0.6197916666666666,4,3,1,2,4,2,3,3,2,P03,xgb,30,"{'subsample': 0.6, 'reg_lambda': 1, 'reg_alpha': 0, 'min_child_weight': 1, 'max_depth': 2, 'learning_rate': 0.03, 'gamma': 0, 'colsample_bytree': 0.6, 'colsample_bylevel': 0.6, 'n_estimators': 300}",0.5619528619528619,repeated_stratified,0,2,full,sep
8,3,0.375,8,3,0.375,8,4,0.5,0.4166666666666667,0.4269841269841269,0.5520833333333334,3,0,5,1,3,4,0,4,4,P03,xgb,26,"{'subsample': 1.0, 'reg_lambda': 3, 'reg_alpha': 0.5, 'min_child_weight': 1, 'max_depth': 2, 'learning_rate': 0.05, 'gamma': 0, 'colsample_bytree': 0.7, 'colsample_bylevel': 0.8, 'n_estimators': 300}",0.5353775853775854,repeated_stratified,0,3,full,sep
8,3,0.375,8,2,0.25,8,5,0.625,0.4166666666666667,0.4047619047619047,0.6171875,3,2,3,2,2,4,1,2,5,P03,xgb,26,"{'subsample': 0.6, 'reg_lambda': 3, 'reg_alpha': 0.1, 'min_child_weight': 1, 'max_depth': 8, 'learning_rate': 0.05, 'gamma': 0, 'colsample_bytree': 0.7, 'colsample_bylevel': 0.8, 'n_estimators': 300}",0.5291005291005292,repeated_stratified,0,4,full,sep
8,7,0.875,8,3,0.375,8,1,0.125,0.4583333333333333,0.4028985507246376,0.5286458333333334,7,1,0,4,3,1,4,3,1,P03,xgb,26,"{'subsample': 1.0, 'reg_lambda': 5, 'reg_alpha': 0.5, 'min_child_weight': 1, 'max_depth': 4, 'learning_rate': 0.03, 'gamma': 0, 'colsample_bytree': 0.6, 'colsample_bylevel': 0.8, 'n_estimators': 300}",0.5271765271765272,repeated_stratified,1,0,full,sep
8,1,0.125,8,3,0.375,8,3,0.375,0.2916666666666667,0.2800402212166918,0.4609375,1,3,4,3,3,2,1,4,3,P03,xgb,22,"{'subsample': 1.0, 'reg_lambda': 5, 'reg_alpha': 0.5, 'min_child_weight': 1, 'max_depth': 4, 'learning_rate': 0.05, 'gamma': 2, 'colsample_bytree': 0.6, 'colsample_bylevel': 0.6, 'n_estimators': 300}",0.6073833573833575,repeated_stratified,1,1,full,sep
8,3,0.375,8,4,0.5,8,4,0.5,0.4583333333333333,0.4583333333333333,0.6432291666666666,3,3,2,2,4,2,3,1,4,P03,xgb,30,"{'subsample': 1.0, 'reg_lambda': 3, 'reg_alpha': 0.5, 'min_child_weight': 1, 'max_depth': 2, 'learning_rate': 0.05, 'gamma': 0, 'colsample_bytree': 0.7, 'colsample_bylevel': 0.8, 'n_estimators': 300}",0.6156084656084656,repeated_stratified,1,2,full,sep
8,4,0.5,8,3,0.375,8,3,0.375,0.4166666666666667,0.4290726817042606,0.5833333333333334,4,3,1,2,3,3,0,5,3,P03,xgb,25,"{'subsample': 1.0, 'reg_lambda': 1, 'reg_alpha': 0.5, 'min_child_weight': 1, 'max_depth': 4, 'learning_rate': 0.01, 'gamma': 0.5, 'colsample_bytree': 0.6, 'colsample_bylevel': 0.8, 'n_estimators': 300}",0.579052429052429,repeated_stratified,1,3,full,sep
8,2,0.25,8,5,0.625,8,4,0.5,0.4583333333333333,0.4447988658514974,0.625,2,2,4,1,5,2,0,4,4,P03,xgb,30,"{'subsample': 0.6, 'reg_lambda': 3, 'reg_alpha': 0.1, 'min_child_weight': 1, 'max_depth': 2, 'learning_rate': 0.05, 'gamma': 0, 'colsample_bytree': 0.7, 'colsample_bylevel': 0.6, 'n_estimators': 300}",0.509018759018759,repeated_stratified,1,4,full,sep
8,4,0.5,8,4,0.5,8,2,0.25,0.4166666666666667,0.4288124156545209,0.5833333333333334,4,2,2,0,4,4,1,5,2,P03,xgb,29,"{'subsample': 0.8, 'reg_lambda': 1, 'reg_alpha': 0.1, 'min_child_weight': 1, 'max_depth': 4, 'learning_rate': 0.05, 'gamma': 0.5, 'colsample_bytree': 0.7, 'colsample_bylevel': 0.6, 'n_estimators': 300}",0.5283309283309284,repeated_stratified,2,0,full,sep
8,5,0.625,8,3,0.375,8,2,0.25,0.4166666666666667,0.4071846282372597,0.6119791666666666,5,2,1,1,3,4,5,1,2,P03,xgb,25,"{'subsample': 1.0, 'reg_lambda': 1, 'reg_alpha': 0.5, 'min_child_weight': 1, 'max_depth': 4, 'learning_rate': 0.01, 'gamma': 0.5, 'colsample_bytree': 0.6, 'colsample_bylevel': 0.8, 'n_estimators': 300}",0.5331649831649832,repeated_stratified,2,1,full,sep
8,3,0.375,8,3,0.375,8,1,0.125,0.2916666666666667,0.2975490196078431,0.4791666666666667,3,1,4,1,3,4,3,4,1,P03,xgb,26,"{'subsample': 0.8, 'reg_lambda': 5, 'reg_alpha': 0.1, 'min_child_weight': 1, 'max_depth': 8, 'learning_rate': 0.03, 'gamma': 0, 'colsample_bytree': 0.6, 'colsample_bylevel': 0.6, 'n_estimators': 300}",0.6148869648869648,repeated_stratified,2,2,full,sep
8,2,0.25,8,4,0.5,8,6,0.75,0.5,0.4793650793650794,0.6328125,2,2,4,1,4,3,1,1,6,P03,xgb,30,"{'subsample': 1.0, 'reg_lambda': 1, 'reg_alpha': 0.5, 'min_child_weight': 1, 'max_depth': 4, 'learning_rate': 0.01, 'gamma': 0.5, 'colsample_bytree': 0.6, 'colsample_bylevel': 0.8, 'n_estimators': 300}",0.6076960076960077,repeated_stratified,2,3,full,sep
8,4,0.5,8,4,0.5,8,2,0.25,0.4166666666666667,0.4095816464237516,0.5026041666666666,4,2,2,3,4,1,1,5,2,P03,xgb,28,"{'subsample': 0.6, 'reg_lambda': 3, 'reg_alpha': 0.1, 'min_child_weight': 1, 'max_depth': 2, 'learning_rate': 0.05, 'gamma': 0, 'colsample_bytree': 0.7, 'colsample_bylevel': 0.6, 'n_estimators': 300}",0.5523569023569023,repeated_stratified,2,4,full,sep
8,3,0.375,8,2,0.25,8,1,0.125,0.25,0.257248198424669,0.5911458333333334,3,1,4,1,2,5,5,2,1,P03,xgb,32,"{'subsample': 0.8, 'reg_lambda': 1, 'reg_alpha': 0, 'min_child_weight': 1, 'max_depth': 4, 'learning_rate': 0.01, 'gamma': 0, 'colsample_bytree': 0.7, 'colsample_bylevel': 0.8, 'n_estimators': 300}",0.4931457431457431,repeated_stratified,3,0,full,sep
8,2,0.25,8,5,0.625,8,3,0.375,0.4166666666666667,0.4074074074074074,0.6067708333333334,2,4,2,1,5,2,4,1,3,P03,xgb,8,"{'subsample': 1.0, 'reg_lambda': 5, 'reg_alpha': 0.5, 'min_child_weight': 1, 'max_depth': 4, 'learning_rate': 0.03, 'gamma': 0, 'colsample_bytree': 0.6, 'colsample_bylevel': 0.8, 'n_estimators': 300}",0.6751322751322751,repeated_stratified,3,1,full,sep
8,3,0.375,8,3,0.375,8,0,0.0,0.25,0.2229102167182662,0.5130208333333334,3,2,3,4,3,1,4,4,0,P03,xgb,27,"{'subsample': 0.6, 'reg_lambda': 1, 'reg_alpha': 0, 'min_child_weight': 1, 'max_depth': 2, 'learning_rate': 0.03, 'gamma': 0, 'colsample_bytree': 0.6, 'colsample_bylevel': 0.6, 'n_estimators': 300}",0.5420153920153921,repeated_stratified,3,2,full,sep
8,3,0.375,8,2,0.25,8,2,0.25,0.2916666666666667,0.2943121693121693,0.4401041666666667,3,0,5,3,2,3,2,4,2,P03,xgb,26,"{'subsample': 0.6, 'reg_lambda': 5, 'reg_alpha': 0, 'min_child_weight': 1, 'max_depth': 2, 'learning_rate': 0.01, 'gamma': 0.3, 'colsample_bytree': 0.7, 'colsample_bylevel': 0.6, 'n_estimators': 300}",0.5891774891774892,repeated_stratified,3,3,full,sep
8,2,0.25,8,4,0.5,8,0,0.0,0.25,0.2352941176470588,0.59375,2,2,4,2,4,2,5,3,0,P03,xgb,27,"{'subsample': 0.8, 'reg_lambda': 1, 'reg_alpha': 0, 'min_child_weight': 1, 'max_depth': 4, 'learning_rate': 0.01, 'gamma': 0, 'colsample_bytree': 0.7, 'colsample_bylevel': 0.8, 'n_estimators': 300}",0.5667147667147668,repeated_stratified,3,4,full,sep
8,5,0.625,8,4,0.5,8,3,0.375,0.5,0.5,0.6354166666666666,5,1,2,1,4,3,2,3,3,P03,xgb,29,"{'subsample': 1.0, 'reg_lambda': 1, 'reg_alpha': 0.5, 'min_child_weight': 1, 'max_depth': 4, 'learning_rate': 0.01, 'gamma': 0.5, 'colsample_bytree': 0.6, 'colsample_bylevel': 0.8, 'n_estimators': 300}",0.5715247715247717,repeated_stratified,4,0,full,sep
8,4,0.5,8,1,0.125,8,4,0.5,0.375,0.3555555555555555,0.6302083333333334,4,0,4,3,1,4,1,3,4,P03,xgb,27,"{'subsample': 0.6, 'reg_lambda': 3, 'reg_alpha': 0.1, 'min_child_weight': 1, 'max_depth': 8, 'learning_rate': 0.05, 'gamma': 0, 'colsample_bytree': 0.7, 'colsample_bylevel': 0.8, 'n_estimators': 300}",0.5385281385281385,repeated_stratified,4,1,full,sep
8,3,0.375,8,4,0.5,8,2,0.25,0.375,0.368922305764411,0.5182291666666666,3,3,2,2,4,2,2,4,2,P03,xgb,22,"{'subsample': 0.6, 'reg_lambda': 3, 'reg_alpha': 0.1, 'min_child_weight': 1, 'max_depth': 2, 'learning_rate': 0.05, 'gamma': 0, 'colsample_bytree': 0.7, 'colsample_bylevel': 0.6, 'n_estimators': 300}",0.6071909571909572,repeated_stratified,4,2,full,sep
8,2,0.25,8,4,0.5,8,5,0.625,0.4583333333333333,0.4447415329768271,0.6848958333333334,2,3,3,0,4,4,1,2,5,P03,xgb,26,"{'subsample': 0.6, 'reg_lambda': 3, 'reg_alpha': 0.1, 'min_child_weight': 1, 'max_depth': 8, 'learning_rate': 0.05, 'gamma': 0, 'colsample_bytree': 0.7, 'colsample_bylevel': 0.8, 'n_estimators': 300}",0.5601491101491102,repeated_stratified,4,3,full,sep
8,4,0.5,8,2,0.25,8,1,0.125,0.2916666666666667,0.2768588137009189,0.5208333333333334,4,2,2,3,2,3,4,3,1,P03,xgb,30,"{'subsample': 1.0, 'reg_lambda': 5, 'reg_alpha': 0.1, 'min_child_weight': 1, 'max_depth': 8, 'learning_rate': 0.03, 'gamma': 0.1, 'colsample_bytree': 0.7, 'colsample_bylevel': 0.8, 'n_estimators': 300}",0.5973063973063973,repeated_stratified,4,4,full,sep
8,4,0.5,8,3,0.375,8,5,0.625,0.5,0.5,0.6796875,4,1,3,1,3,4,1,2,5,P03,xgb,29,"{'subsample': 1.0, 'reg_lambda': 5, 'reg_alpha': 0.1, 'min_child_weight': 1, 'max_depth': 8, 'learning_rate': 0.03, 'gamma': 0.1, 'colsample_bytree': 0.7, 'colsample_bylevel': 0.8, 'n_estimators': 300}",0.5356180856180857,repeated_stratified,5,0,full,sep
8,5,0.625,8,2,0.25,8,3,0.375,0.4166666666666667,0.4030026990553306,0.6536458333333334,5,1,2,3,2,3,3,2,3,P03,xgb,30,"{'subsample': 0.8, 'reg_lambda': 1, 'reg_alpha': 0, 'min_child_weight': 1, 'max_depth': 8, 'learning_rate': 0.01, 'gamma': 0.3, 'colsample_bytree': 0.6, 'colsample_bylevel': 0.8, 'n_estimators': 300}",0.5627465127465128,repeated_stratified,5,1,full,sep
8,3,0.375,8,3,0.375,8,1,0.125,0.2916666666666667,0.2805555555555555,0.4453125,3,3,2,4,3,1,5,2,1,P03,xgb,24,"{'subsample': 0.6, 'reg_lambda': 1, 'reg_alpha': 0.1, 'min_child_weight': 1, 'max_depth': 2, 'learning_rate': 0.01, 'gamma': 2, 'colsample_bytree': 0.7, 'colsample_bylevel': 0.6, 'n_estimators': 300}",0.6398508898508899,repeated_stratified,5,2,full,sep
8,5,0.625,8,3,0.375,8,3,0.375,0.4583333333333333,0.4583333333333333,0.6302083333333334,5,1,2,2,3,3,1,4,3,P03,xgb,26,"{'subsample': 0.6, 'reg_lambda': 1, 'reg_alpha': 0.1, 'min_child_weight': 1, 'max_depth': 2, 'learning_rate': 0.01, 'gamma': 2, 'colsample_bytree': 0.7, 'colsample_bylevel': 0.6, 'n_estimators': 300}",0.4854978354978355,repeated_stratified,5,3,full,sep
8,2,0.25,8,4,0.5,8,1,0.125,0.2916666666666667,0.2735042735042735,0.5078125,2,4,2,2,4,2,3,4,1,P03,xgb,26,"{'subsample': 1.0, 'reg_lambda': 1, 'reg_alpha': 0.5, 'min_child_weight': 1, 'max_depth': 4, 'learning_rate': 0.01, 'gamma': 0.5, 'colsample_bytree': 0.6, 'colsample_bylevel': 0.8, 'n_estimators': 300}",0.6053872053872054,repeated_stratified,5,4,full,sep
8,2,0.25,8,1,0.125,8,2,0.25,0.2083333333333333,0.2062091503267974,0.4895833333333333,2,3,3,3,1,4,3,3,2,P03,xgb,29,"{'subsample': 1.0, 'reg_lambda': 1, 'reg_alpha': 0.5, 'min_child_weight': 1, 'max_depth': 4, 'learning_rate': 0.01, 'gamma': 0.5, 'colsample_bytree': 0.6, 'colsample_bylevel': 0.8, 'n_estimators': 300}",0.5477873977873978,repeated_stratified,6,0,full,sep
8,2,0.25,8,4,0.5,8,3,0.375,0.375,0.368922305764411,0.5755208333333334,2,3,3,3,4,1,1,4,3,P03,xgb,27,"{'subsample': 1.0, 'reg_lambda': 3, 'reg_alpha': 0.5, 'min_child_weight': 1, 'max_depth': 2, 'learning_rate': 0.05, 'gamma': 0, 'colsample_bytree': 0.7, 'colsample_bylevel': 0.8, 'n_estimators': 300}",0.5665464165464166,repeated_stratified,6,1,full,sep
8,0,0.0,8,2,0.25,8,5,0.625,0.2916666666666667,0.2348484848484848,0.578125,0,4,4,1,2,5,1,2,5,P03,xgb,25,"{'subsample': 1.0, 'reg_lambda': 3, 'reg_alpha': 0.5, 'min_child_weight': 1, 'max_depth': 2, 'learning_rate': 0.05, 'gamma': 0, 'colsample_bytree': 0.7, 'colsample_bylevel': 0.8, 'n_estimators': 300}",0.5908850408850409,repeated_stratified,6,2,full,sep
8,4,0.5,8,3,0.375,8,1,0.125,0.3333333333333333,0.3176814585483316,0.640625,4,3,1,3,3,2,2,5,1,P03,xgb,27,"{'subsample': 0.8, 'reg_lambda': 1, 'reg_alpha': 0, 'min_child_weight': 1, 'max_depth': 4, 'learning_rate': 0.01, 'gamma': 0, 'colsample_bytree': 0.7, 'colsample_bylevel': 0.8, 'n_estimators': 300}",0.6126503126503127,repeated_stratified,6,3,full,sep
8,5,0.625,8,4,0.5,8,4,0.5,0.5416666666666666,0.5493547846489023,0.7057291666666666,5,0,3,1,4,3,3,1,4,P03,xgb,29,"{'subsample': 1.0, 'reg_lambda': 5, 'reg_alpha': 0.1, 'min_child_weight': 1, 'max_depth': 8, 'learning_rate': 0.03, 'gamma': 0.1, 'colsample_bytree': 0.7, 'colsample_bylevel': 0.8, 'n_estimators': 300}",0.5069264069264069,repeated_stratified,6,4,full,sep
8,1,0.125,8,4,0.5,8,0,0.0,0.2083333333333333,0.1714285714285714,0.4557291666666667,1,5,2,2,4,2,4,4,0,P03,xgb,26,"{'subsample': 1.0, 'reg_lambda': 1, 'reg_alpha': 0.5, 'min_child_weight': 1, 'max_depth': 4, 'learning_rate': 0.01, 'gamma': 0.5, 'colsample_bytree': 0.6, 'colsample_bylevel': 0.8, 'n_estimators': 300}",0.6291486291486291,repeated_stratified,7,0,full,sep
8,4,0.5,8,5,0.625,8,2,0.25,0.4583333333333333,0.4434124527003784,0.5729166666666666,4,4,0,1,5,2,4,2,2,P03,xgb,21,"{'subsample': 1.0, 'reg_lambda': 10, 'reg_alpha': 0.5, 'min_child_weight': 1, 'max_depth': 4, 'learning_rate': 0.03, 'gamma': 1, 'colsample_bytree': 0.7, 'colsample_bylevel': 0.8, 'n_estimators': 300}",0.6127465127465128,repeated_stratified,7,1,full,sep
8,2,0.25,8,4,0.5,8,3,0.375,0.375,0.367914979757085,0.5208333333333334,2,4,2,1,4,3,2,3,3,P03,xgb,27,"{'subsample': 0.8, 'reg_lambda': 10, 'reg_alpha': 0, 'min_child_weight': 1, 'max_depth': 4, 'learning_rate': 0.03, 'gamma': 0, 'colsample_bytree': 0.6, 'colsample_bylevel': 0.8, 'n_estimators': 300}",0.5158730158730158,repeated_stratified,7,2,full,sep
8,4,0.5,8,4,0.5,8,3,0.375,0.4583333333333333,0.4620915032679738,0.5625,4,1,3,1,4,3,3,2,3,P03,xgb,27,"{'subsample': 1.0, 'reg_lambda': 1, 'reg_alpha': 0.5, 'min_child_weight': 1, 'max_depth': 4, 'learning_rate': 0.01, 'gamma': 0.5, 'colsample_bytree': 0.6, 'colsample_bylevel': 0.8, 'n_estimators': 300}",0.5474987974987976,repeated_stratified,7,3,full,sep
8,2,0.25,8,3,0.375,8,3,0.375,0.3333333333333333,0.3367647058823529,0.578125,2,2,4,4,3,1,3,2,3,P03,xgb,32,"{'subsample': 1.0, 'reg_lambda': 1, 'reg_alpha': 0.5, 'min_child_weight': 1, 'max_depth': 4, 'learning_rate': 0.01, 'gamma': 0.5, 'colsample_bytree': 0.6, 'colsample_bylevel': 0.8, 'n_estimators': 300}",0.6499037999037999,repeated_stratified,7,4,full,sep
8,4,0.5,8,3,0.375,8,2,0.25,0.375,0.3743386243386243,0.6223958333333334,4,1,3,2,3,3,4,2,2,P03,xgb,27,"{'subsample': 0.8, 'reg_lambda': 1, 'reg_alpha': 0, 'min_child_weight': 1, 'max_depth': 8, 'learning_rate': 0.01, 'gamma': 0.3, 'colsample_bytree': 0.6, 'colsample_bylevel': 0.8, 'n_estimators': 300}",0.5327320827320828,repeated_stratified,8,0,full,sep
8,3,0.375,8,2,0.25,8,1,0.125,0.25,0.247875816993464,0.5052083333333334,3,2,3,3,2,3,2,5,1,P03,xgb,29,"{'subsample': 1.0, 'reg_lambda': 1, 'reg_alpha': 0.5, 'min_child_weight': 1, 'max_depth': 4, 'learning_rate': 0.01, 'gamma': 0.5, 'colsample_bytree': 0.6, 'colsample_bylevel': 0.8, 'n_estimators': 300}",0.5788600288600287,repeated_stratified,8,1,full,sep
8,2,0.25,8,4,0.5,8,1,0.125,0.2916666666666667,0.2749662618083671,0.484375,2,3,3,3,4,1,3,4,1,P03,xgb,30,"{'subsample': 0.6, 'reg_lambda': 3, 'reg_alpha': 0.1, 'min_child_weight': 1, 'max_depth': 8, 'learning_rate': 0.05, 'gamma': 0, 'colsample_bytree': 0.7, 'colsample_bylevel': 0.8, 'n_estimators': 300}",0.63999518999519,repeated_stratified,8,2,full,sep
8,3,0.375,8,4,0.5,8,1,0.125,0.3333333333333333,0.3259259259259259,0.5208333333333334,3,2,3,1,4,3,3,4,1,P03,xgb,26,"{'subsample': 0.6, 'reg_lambda': 3, 'reg_alpha': 0.1, 'min_child_weight': 1, 'max_depth': 8, 'learning_rate': 0.05, 'gamma': 0, 'colsample_bytree': 0.7, 'colsample_bylevel': 0.8, 'n_estimators': 300}",0.5717893217893218,repeated_stratified,8,3,full,sep
8,3,0.375,8,5,0.625,8,3,0.375,0.4583333333333333,0.4516290726817042,0.6145833333333334,3,3,2,1,5,2,2,3,3,P03,xgb,28,"{'subsample': 1.0, 'reg_lambda': 1, 'reg_alpha': 0.5, 'min_child_weight': 1, 'max_depth': 4, 'learning_rate': 0.01, 'gamma': 0.5, 'colsample_bytree': 0.6, 'colsample_bylevel': 0.8, 'n_estimators': 300}",0.5311207311207311,repeated_stratified,8,4,full,sep
8,5,0.625,8,3,0.375,8,0,0.0,0.3333333333333333,0.300438596491228,0.5104166666666666,5,1,2,2,3,3,4,4,0,P03,xgb,26,"{'subsample': 1.0, 'reg_lambda': 5, 'reg_alpha': 0.1, 'min_child_weight': 1, 'max_depth': 8, 'learning_rate': 0.03, 'gamma': 0.1, 'colsample_bytree': 0.7, 'colsample_bylevel': 0.8, 'n_estimators': 300}",0.5876142376142376,repeated_stratified,9,0,full,sep
8,4,0.5,8,6,0.75,8,2,0.25,0.5,0.4888888888888889,0.7083333333333334,4,0,4,1,6,1,2,4,2,P03,xgb,30,"{'subsample': 1.0, 'reg_lambda': 5, 'reg_alpha': 0.1, 'min_child_weight': 1, 'max_depth': 8, 'learning_rate': 0.03, 'gamma': 0.1, 'colsample_bytree': 0.7, 'colsample_bylevel': 0.8, 'n_estimators': 300}",0.557888407888408,repeated_stratified,9,1,full,sep
8,5,0.625,8,2,0.25,8,3,0.375,0.4166666666666667,0.4161605937921727,0.53125,5,0,3,1,2,5,2,3,3,P03,xgb,29,"{'subsample': 0.6, 'reg_lambda': 3, 'reg_alpha': 0.1, 'min_child_weight': 1, 'max_depth': 2, 'learning_rate': 0.05, 'gamma': 0, 'colsample_bytree': 0.7, 'colsample_bylevel': 0.6, 'n_estimators': 300}",0.5747955747955747,repeated_stratified,9,2,full,sep
8,1,0.125,8,2,0.25,8,3,0.375,0.25,0.2632275132275132,0.515625,1,5,2,5,2,1,4,1,3,P03,xgb,9,"{'subsample': 0.8, 'reg_lambda': 1, 'reg_alpha': 0, 'min_child_weight': 1, 'max_depth': 8, 'learning_rate': 0.01, 'gamma': 0.3, 'colsample_bytree': 0.6, 'colsample_bylevel': 0.8, 'n_estimators': 300}",0.6635401635401634,repeated_stratified,9,3,full,sep
8,2,0.25,8,5,0.625,8,1,0.125,0.3333333333333333,0.3142857142857143,0.5338541666666666,2,1,5,2,5,1,0,7,1,P03,xgb,13,"{'subsample': 0.6, 'reg_lambda': 1, 'reg_alpha': 0.1, 'min_child_weight': 1, 'max_depth': 2, 'learning_rate': 0.01, 'gamma': 2, 'colsample_bytree': 0.7, 'colsample_bylevel': 0.6, 'n_estimators': 300}",0.6372775372775372,repeated_stratified,9,4,full,sep
8,1,0.125,8,1,0.125,8,4,0.5,0.25,0.231682769726248,0.3723958333333333,1,0,7,3,1,4,4,0,4,P04,xgb,10,"{'subsample': 1.0, 'reg_lambda': 5, 'reg_alpha': 0.5, 'min_child_weight': 1, 'max_depth': 4, 'learning_rate': 0.05, 'gamma': 2, 'colsample_bytree': 0.6, 'colsample_bylevel': 0.6, 'n_estimators': 300}",0.6343915343915344,repeated_stratified,0,0,full,sep
8,4,0.5,8,1,0.125,8,4,0.5,0.375,0.3871457489878542,0.5208333333333334,4,4,0,6,1,1,1,3,4,P04,xgb,9,"{'subsample': 0.6, 'reg_lambda': 1, 'reg_alpha': 0.1, 'min_child_weight': 1, 'max_depth': 2, 'learning_rate': 0.01, 'gamma': 2, 'colsample_bytree': 0.7, 'colsample_bylevel': 0.6, 'n_estimators': 300}",0.6262145262145262,repeated_stratified,0,1,full,sep
8,3,0.375,8,3,0.375,8,3,0.375,0.375,0.3781512605042016,0.4869791666666667,3,4,1,0,3,5,3,2,3,P04,xgb,27,"{'subsample': 0.6, 'reg_lambda': 1, 'reg_alpha': 0.1, 'min_child_weight': 1, 'max_depth': 2, 'learning_rate': 0.01, 'gamma': 2, 'colsample_bytree': 0.7, 'colsample_bylevel': 0.6, 'n_estimators': 300}",0.575036075036075,repeated_stratified,0,2,full,sep
8,3,0.375,8,1,0.125,8,6,0.75,0.4166666666666667,0.3793650793650793,0.5572916666666666,3,3,2,2,1,5,2,0,6,P04,xgb,19,"{'subsample': 1.0, 'reg_lambda': 10, 'reg_alpha': 0.5, 'min_child_weight': 1, 'max_depth': 4, 'learning_rate': 0.03, 'gamma': 1, 'colsample_bytree': 0.7, 'colsample_bylevel': 0.8, 'n_estimators': 300}",0.5461519961519962,repeated_stratified,0,3,full,sep
8,2,0.25,8,3,0.375,8,4,0.5,0.375,0.373015873015873,0.6119791666666666,2,5,1,2,3,3,2,2,4,P04,xgb,26,"{'subsample': 0.6, 'reg_lambda': 1, 'reg_alpha': 0.1, 'min_child_weight': 1, 'max_depth': 2, 'learning_rate': 0.01, 'gamma': 2, 'colsample_bytree': 0.7, 'colsample_bylevel': 0.6, 'n_estimators': 300}",0.5461279461279461,repeated_stratified,0,4,full,sep
8,3,0.375,8,2,0.25,8,3,0.375,0.3333333333333333,0.334313725490196,0.5442708333333334,3,3,2,2,2,4,2,3,3,P04,xgb,22,"{'subsample': 0.8, 'reg_lambda': 3, 'reg_alpha': 0.1, 'min_child_weight': 1, 'max_depth': 2, 'learning_rate': 0.05, 'gamma': 2, 'colsample_bytree': 0.7, 'colsample_bylevel': 0.6, 'n_estimators': 300}",0.609114959114959,repeated_stratified,1,0,full,sep
8,6,0.75,8,1,0.125,8,2,0.25,0.375,0.3401709401709401,0.5182291666666666,6,0,2,4,1,3,2,4,2,P04,xgb,8,"{'subsample': 1.0, 'reg_lambda': 10, 'reg_alpha': 0.1, 'min_child_weight': 1, 'max_depth': 2, 'learning_rate': 0.03, 'gamma': 0.3, 'colsample_bytree': 0.6, 'colsample_bylevel': 0.6, 'n_estimators': 300}",0.6597162097162097,repeated_stratified,1,1,full,sep
8,2,0.25,8,3,0.375,8,4,0.5,0.375,0.3724053724053724,0.515625,2,1,5,1,3,4,2,2,4,P04,xgb,29,"{'subsample': 0.8, 'reg_lambda': 1, 'reg_alpha': 0.1, 'min_child_weight': 1, 'max_depth': 4, 'learning_rate': 0.05, 'gamma': 0.5, 'colsample_bytree': 0.7, 'colsample_bylevel': 0.6, 'n_estimators': 300}",0.5869648869648869,repeated_stratified,1,2,full,sep
8,2,0.25,8,1,0.125,8,2,0.25,0.2083333333333333,0.2128851540616246,0.4270833333333333,2,5,1,4,1,3,3,3,2,P04,xgb,27,"{'subsample': 0.6, 'reg_lambda': 3, 'reg_alpha': 0.1, 'min_child_weight': 1, 'max_depth': 2, 'learning_rate': 0.05, 'gamma': 0, 'colsample_bytree': 0.7, 'colsample_bylevel': 0.6, 'n_estimators': 300}",0.5875901875901876,repeated_stratified,1,3,full,sep
8,3,0.375,8,3,0.375,8,4,0.5,0.4166666666666667,0.4176470588235294,0.5416666666666666,3,4,1,2,3,3,2,2,4,P04,xgb,21,"{'subsample': 0.6, 'reg_lambda': 10, 'reg_alpha': 0.1, 'min_child_weight': 1, 'max_depth': 8, 'learning_rate': 0.03, 'gamma': 0.3, 'colsample_bytree': 0.6, 'colsample_bylevel': 0.8, 'n_estimators': 300}",0.5545935545935546,repeated_stratified,1,4,full,sep
8,4,0.5,8,4,0.5,8,3,0.375,0.4583333333333333,0.4583333333333333,0.5885416666666666,4,0,4,3,4,1,1,4,3,P04,xgb,26,"{'subsample': 0.6, 'reg_lambda': 1, 'reg_alpha': 0.1, 'min_child_weight': 1, 'max_depth': 2, 'learning_rate': 0.01, 'gamma': 2, 'colsample_bytree': 0.7, 'colsample_bylevel': 0.6, 'n_estimators': 300}",0.5749879749879749,repeated_stratified,2,0,full,sep
8,3,0.375,8,4,0.5,8,4,0.5,0.4583333333333333,0.4568627450980392,0.5729166666666666,3,3,2,1,4,3,3,1,4,P04,xgb,29,"{'subsample': 0.8, 'reg_lambda': 10, 'reg_alpha': 0.5, 'min_child_weight': 1, 'max_depth': 2, 'learning_rate': 0.05, 'gamma': 0.5, 'colsample_bytree': 0.7, 'colsample_bylevel': 0.8, 'n_estimators': 300}",0.5676286676286676,repeated_stratified,2,1,full,sep
8,5,0.625,8,2,0.25,8,8,1.0,0.625,0.5873015873015873,0.6875,5,2,1,2,2,4,0,0,8,P04,xgb,9,"{'subsample': 0.6, 'reg_lambda': 5, 'reg_alpha': 0, 'min_child_weight': 1, 'max_depth': 2, 'learning_rate': 0.01, 'gamma': 0.3, 'colsample_bytree': 0.7, 'colsample_bylevel': 0.6, 'n_estimators': 300}",0.5968253968253968,repeated_stratified,2,2,full,sep
8,3,0.375,8,3,0.375,8,1,0.125,0.2916666666666667,0.2870915032679739,0.4296875,3,3,2,1,3,4,5,2,1,P04,xgb,12,"{'subsample': 0.8, 'reg_lambda': 1, 'reg_alpha': 0.1, 'min_child_weight': 1, 'max_depth': 4, 'learning_rate': 0.05, 'gamma': 0.5, 'colsample_bytree': 0.7, 'colsample_bylevel': 0.6, 'n_estimators': 300}",0.658946608946609,repeated_stratified,2,3,full,sep
8,3,0.375,8,1,0.125,8,3,0.375,0.2916666666666667,0.2837301587301587,0.5364583333333334,3,3,2,4,1,3,3,2,3,P04,xgb,22,"{'subsample': 0.6, 'reg_lambda': 1, 'reg_alpha': 0.1, 'min_child_weight': 1, 'max_depth': 2, 'learning_rate': 0.01, 'gamma': 2, 'colsample_bytree': 0.7, 'colsample_bylevel': 0.6, 'n_estimators': 300}",0.6229196729196729,repeated_stratified,2,4,full,sep
8,1,0.125,8,1,0.125,8,3,0.375,0.2083333333333333,0.1999999999999999,0.4270833333333333,1,5,2,2,1,5,4,1,3,P04,xgb,10,"{'subsample': 0.6, 'reg_lambda': 5, 'reg_alpha': 0, 'min_child_weight': 1, 'max_depth': 2, 'learning_rate': 0.01, 'gamma': 0.3, 'colsample_bytree': 0.7, 'colsample_bylevel': 0.6, 'n_estimators': 300}",0.6734728234728236,repeated_stratified,3,0,full,sep
8,2,0.25,8,2,0.25,8,2,0.25,0.25,0.2521008403361344,0.4817708333333333,2,3,3,5,2,1,2,4,2,P04,xgb,24,"{'subsample': 0.6, 'reg_lambda': 1, 'reg_alpha': 0.1, 'min_child_weight': 1, 'max_depth': 2, 'learning_rate': 0.01, 'gamma': 2, 'colsample_bytree': 0.7, 'colsample_bylevel': 0.6, 'n_estimators': 300}",0.5577681577681578,repeated_stratified,3,1,full,sep
8,3,0.375,8,4,0.5,8,3,0.375,0.4166666666666667,0.4148148148148148,0.609375,3,3,2,2,4,2,2,3,3,P04,xgb,31,"{'subsample': 0.6, 'reg_lambda': 5, 'reg_alpha': 0.5, 'min_child_weight': 1, 'max_depth': 8, 'learning_rate': 0.03, 'gamma': 0.3, 'colsample_bytree': 0.6, 'colsample_bylevel': 0.6, 'n_estimators': 300}",0.5664261664261664,repeated_stratified,3,2,full,sep
8,4,0.5,8,2,0.25,8,2,0.25,0.3333333333333333,0.330532212885154,0.6041666666666666,4,3,1,3,2,3,2,4,2,P04,xgb,25,"{'subsample': 0.6, 'reg_lambda': 5, 'reg_alpha': 0, 'min_child_weight': 1, 'max_depth': 2, 'learning_rate': 0.01, 'gamma': 0.3, 'colsample_bytree': 0.7, 'colsample_bylevel': 0.6, 'n_estimators': 300}",0.5364117364117365,repeated_stratified,3,3,full,sep
8,3,0.375,8,3,0.375,8,5,0.625,0.4583333333333333,0.4530423280423281,0.6692708333333334,3,3,2,2,3,3,3,0,5,P04,xgb,28,"{'subsample': 0.6, 'reg_lambda': 1, 'reg_alpha': 0.1, 'min_child_weight': 1, 'max_depth': 2, 'learning_rate': 0.01, 'gamma': 2, 'colsample_bytree': 0.7, 'colsample_bylevel': 0.6, 'n_estimators': 300}",0.5235930735930737,repeated_stratified,3,4,full,sep
8,2,0.25,8,4,0.5,8,0,0.0,0.25,0.2164502164502164,0.4765625,2,5,1,1,4,3,3,5,0,P04,xgb,10,"{'subsample': 0.6, 'reg_lambda': 1, 'reg_alpha': 0, 'min_child_weight': 1, 'max_depth': 2, 'learning_rate': 0.03, 'gamma': 0, 'colsample_bytree': 0.6, 'colsample_bylevel': 0.6, 'n_estimators': 300}",0.6317700817700819,repeated_stratified,4,0,full,sep
8,6,0.75,8,2,0.25,8,2,0.25,0.4166666666666667,0.3944444444444444,0.5651041666666666,6,1,1,1,2,5,5,1,2,P04,xgb,30,"{'subsample': 0.8, 'reg_lambda': 10, 'reg_alpha': 0.5, 'min_child_weight': 1, 'max_depth': 8, 'learning_rate': 0.01, 'gamma': 0.3, 'colsample_bytree': 0.7, 'colsample_bylevel': 0.6, 'n_estimators': 300}",0.5357142857142857,repeated_stratified,4,1,full,sep
8,1,0.125,8,3,0.375,8,3,0.375,0.2916666666666667,0.2837301587301587,0.5572916666666666,1,4,3,3,3,2,2,3,3,P04,xgb,12,"{'subsample': 1.0, 'reg_lambda': 5, 'reg_alpha': 0, 'min_child_weight': 1, 'max_depth': 2, 'learning_rate': 0.01, 'gamma': 0, 'colsample_bytree': 0.6, 'colsample_bylevel': 0.8, 'n_estimators': 300}",0.6333333333333333,repeated_stratified,4,2,full,sep
8,2,0.25,8,1,0.125,8,3,0.375,0.25,0.2521008403361344,0.484375,2,4,2,3,1,4,1,4,3,P04,xgb,28,"{'subsample': 1.0, 'reg_lambda': 1, 'reg_alpha': 0.5, 'min_child_weight': 1, 'max_depth': 4, 'learning_rate': 0.01, 'gamma': 0.5, 'colsample_bytree': 0.6, 'colsample_bylevel': 0.8, 'n_estimators': 300}",0.5854016354016354,repeated_stratified,4,3,full,sep
8,3,0.375,8,0,0.0,8,1,0.125,0.1666666666666666,0.1620915032679738,0.4791666666666667,3,2,3,5,0,3,1,6,1,P04,xgb,25,"{'subsample': 0.8, 'reg_lambda': 10, 'reg_alpha': 0.1, 'min_child_weight': 1, 'max_depth': 16, 'learning_rate': 0.01, 'gamma': 0.1, 'colsample_bytree': 0.6, 'colsample_bylevel': 0.6, 'n_estimators': 300}",0.6208032708032708,repeated_stratified,4,4,full,sep
8,2,0.25,8,1,0.125,8,3,0.375,0.25,0.2449456975772765,0.4270833333333333,2,3,3,2,1,5,2,3,3,P04,xgb,25,"{'subsample': 0.6, 'reg_lambda': 3, 'reg_alpha': 0.1, 'min_child_weight': 1, 'max_depth': 8, 'learning_rate': 0.05, 'gamma': 0, 'colsample_bytree': 0.7, 'colsample_bylevel': 0.8, 'n_estimators': 300}",0.6043530543530543,repeated_stratified,5,0,full,sep
8,3,0.375,8,2,0.25,8,1,0.125,0.25,0.2433780529755762,0.4401041666666667,3,4,1,4,2,2,2,5,1,P04,xgb,27,"{'subsample': 0.6, 'reg_lambda': 10, 'reg_alpha': 0.1, 'min_child_weight': 1, 'max_depth': 8, 'learning_rate': 0.03, 'gamma': 0.3, 'colsample_bytree': 0.6, 'colsample_bylevel': 0.8, 'n_estimators': 300}",0.5893698893698894,repeated_stratified,5,1,full,sep
8,4,0.5,8,2,0.25,8,2,0.25,0.3333333333333333,0.3291436232612703,0.5833333333333334,4,1,3,2,2,4,4,2,2,P04,xgb,9,"{'subsample': 0.6, 'reg_lambda': 1, 'reg_alpha': 0.1, 'min_child_weight': 1, 'max_depth': 2, 'learning_rate': 0.01, 'gamma': 2, 'colsample_bytree': 0.7, 'colsample_bylevel': 0.6, 'n_estimators': 300}",0.6569745069745071,repeated_stratified,5,2,full,sep
8,5,0.625,8,3,0.375,8,3,0.375,0.4583333333333333,0.4583333333333333,0.5807291666666666,5,1,2,2,3,3,5,0,3,P04,xgb,16,"{'subsample': 0.8, 'reg_lambda': 5, 'reg_alpha': 0.1, 'min_child_weight': 1, 'max_depth': 8, 'learning_rate': 0.03, 'gamma': 0, 'colsample_bytree': 0.6, 'colsample_bylevel': 0.6, 'n_estimators': 300}",0.5284992784992785,repeated_stratified,5,3,full,sep
8,3,0.375,8,2,0.25,8,3,0.375,0.3333333333333333,0.3315359477124183,0.5885416666666666,3,3,2,3,2,3,3,2,3,P04,xgb,25,"{'subsample': 0.6, 'reg_lambda': 1, 'reg_alpha': 0.1, 'min_child_weight': 1, 'max_depth': 2, 'learning_rate': 0.01, 'gamma': 2, 'colsample_bytree': 0.7, 'colsample_bylevel': 0.6, 'n_estimators': 300}",0.5261904761904762,repeated_stratified,5,4,full,sep
8,3,0.375,8,2,0.25,8,2,0.25,0.2916666666666667,0.2923202614379085,0.5078125,3,2,3,2,2,4,3,3,2,P04,xgb,26,"{'subsample': 0.6, 'reg_lambda': 10, 'reg_alpha': 0.5, 'min_child_weight': 1, 'max_depth': 2, 'learning_rate': 0.05, 'gamma': 0.1, 'colsample_bytree': 0.6, 'colsample_bylevel': 0.6, 'n_estimators': 300}",0.6006253006253006,repeated_stratified,6,0,full,sep
8,3,0.375,8,1,0.125,8,3,0.375,0.2916666666666667,0.3083333333333333,0.5677083333333334,3,5,0,6,1,1,3,2,3,P04,xgb,28,"{'subsample': 0.6, 'reg_lambda': 1, 'reg_alpha': 0.1, 'min_child_weight': 1, 'max_depth': 2, 'learning_rate': 0.01, 'gamma': 2, 'colsample_bytree': 0.7, 'colsample_bylevel': 0.6, 'n_estimators': 300}",0.5545454545454546,repeated_stratified,6,1,full,sep
8,4,0.5,8,2,0.25,8,5,0.625,0.4583333333333333,0.4523809523809524,0.5364583333333334,4,1,3,2,2,4,0,3,5,P04,xgb,26,"{'subsample': 0.6, 'reg_lambda': 10, 'reg_alpha': 0.5, 'min_child_weight': 1, 'max_depth': 2, 'learning_rate': 0.05, 'gamma': 0.1, 'colsample_bytree': 0.6, 'colsample_bylevel': 0.6, 'n_estimators': 300}",0.5348725348725348,repeated_stratified,6,2,full,sep
8,3,0.375,8,0,0.0,8,4,0.5,0.2916666666666667,0.2679738562091503,0.4817708333333333,3,3,2,5,0,3,2,2,4,P04,xgb,28,"{'subsample': 1.0, 'reg_lambda': 3, 'reg_alpha': 0.5, 'min_child_weight': 1, 'max_depth': 2, 'learning_rate': 0.05, 'gamma': 0, 'colsample_bytree': 0.7, 'colsample_bylevel': 0.8, 'n_estimators': 300}",0.5444203944203945,repeated_stratified,6,3,full,sep
8,5,0.625,8,3,0.375,8,1,0.125,0.375,0.3578042328042328,0.5807291666666666,5,2,1,1,3,4,4,3,1,P04,xgb,27,"{'subsample': 0.6, 'reg_lambda': 5, 'reg_alpha': 0, 'min_child_weight': 1, 'max_depth': 2, 'learning_rate': 0.01, 'gamma': 0.3, 'colsample_bytree': 0.7, 'colsample_bylevel': 0.6, 'n_estimators': 300}",0.5318662818662819,repeated_stratified,6,4,full,sep
8,4,0.5,8,3,0.375,8,4,0.5,0.4583333333333333,0.4596405228758169,0.5963541666666666,4,4,0,2,3,3,3,1,4,P04,xgb,24,"{'subsample': 1.0, 'reg_lambda': 10, 'reg_alpha': 0.1, 'min_child_weight': 1, 'max_depth': 2, 'learning_rate': 0.03, 'gamma': 0.3, 'colsample_bytree': 0.6, 'colsample_bylevel': 0.6, 'n_estimators': 300}",0.5749879749879749,repeated_stratified,7,0,full,sep
8,3,0.375,8,3,0.375,8,3,0.375,0.375,0.381453634085213,0.609375,3,2,3,0,3,5,3,2,3,P04,xgb,30,"{'subsample': 0.6, 'reg_lambda': 3, 'reg_alpha': 0.1, 'min_child_weight': 1, 'max_depth': 8, 'learning_rate': 0.05, 'gamma': 0, 'colsample_bytree': 0.7, 'colsample_bylevel': 0.8, 'n_estimators': 300}",0.607936507936508,repeated_stratified,7,1,full,sep
8,3,0.375,8,4,0.5,8,3,0.375,0.4166666666666667,0.4148148148148148,0.5572916666666666,3,3,2,2,4,2,2,3,3,P04,xgb,26,"{'subsample': 0.6, 'reg_lambda': 10, 'reg_alpha': 0.5, 'min_child_weight': 1, 'max_depth': 2, 'learning_rate': 0.05, 'gamma': 0.1, 'colsample_bytree': 0.6, 'colsample_bylevel': 0.6, 'n_estimators': 300}",0.5877585377585378,repeated_stratified,7,2,full,sep
8,4,0.5,8,2,0.25,8,5,0.625,0.4583333333333333,0.4446693657219973,0.5546875,4,2,2,2,2,4,2,1,5,P04,xgb,26,"{'subsample': 0.6, 'reg_lambda': 10, 'reg_alpha': 0.5, 'min_child_weight': 1, 'max_depth': 2, 'learning_rate': 0.05, 'gamma': 0.1, 'colsample_bytree': 0.6, 'colsample_bylevel': 0.6, 'n_estimators': 300}",0.6109427609427609,repeated_stratified,7,3,full,sep
8,4,0.5,8,0,0.0,8,5,0.625,0.375,0.3185185185185185,0.5911458333333334,4,2,2,5,0,3,3,0,5,P04,xgb,11,"{'subsample': 0.8, 'reg_lambda': 10, 'reg_alpha': 0.1, 'min_child_weight': 1, 'max_depth': 16, 'learning_rate': 0.01, 'gamma': 0.1, 'colsample_bytree': 0.6, 'colsample_bylevel': 0.6, 'n_estimators': 300}",0.5784030784030785,repeated_stratified,7,4,full,sep
8,5,0.625,8,1,0.125,8,2,0.25,0.3333333333333333,0.325765393876849,0.625,5,2,1,6,1,1,0,6,2,P04,xgb,28,"{'subsample': 0.6, 'reg_lambda': 5, 'reg_alpha': 0.5, 'min_child_weight': 1, 'max_depth': 8, 'learning_rate': 0.03, 'gamma': 0.3, 'colsample_bytree': 0.6, 'colsample_bylevel': 0.6, 'n_estimators': 300}",0.4661375661375662,repeated_stratified,8,0,full,sep
8,3,0.375,8,5,0.625,8,2,0.25,0.4166666666666667,0.406060606060606,0.5052083333333334,3,5,0,2,5,1,2,4,2,P04,xgb,26,"{'subsample': 0.6, 'reg_lambda': 3, 'reg_alpha': 0.1, 'min_child_weight': 1, 'max_depth': 2, 'learning_rate': 0.05, 'gamma': 0, 'colsample_bytree': 0.7, 'colsample_bylevel': 0.6, 'n_estimators': 300}",0.5535834535834536,repeated_stratified,8,1,full,sep
8,5,0.625,8,1,0.125,8,4,0.5,0.4166666666666667,0.3878568971448228,0.65625,5,2,1,3,1,4,3,1,4,P04,xgb,25,"{'subsample': 0.6, 'reg_lambda': 1, 'reg_alpha': 0.1, 'min_child_weight': 1, 'max_depth': 2, 'learning_rate': 0.01, 'gamma': 2, 'colsample_bytree': 0.7, 'colsample_bylevel': 0.6, 'n_estimators': 300}",0.5354737854737855,repeated_stratified,8,2,full,sep
8,3,0.375,8,3,0.375,8,2,0.25,0.3333333333333333,0.3315359477124183,0.5,3,2,3,3,3,2,3,3,2,P04,xgb,24,"{'subsample': 0.6, 'reg_lambda': 5, 'reg_alpha': 0.5, 'min_child_weight': 1, 'max_depth': 8, 'learning_rate': 0.03, 'gamma': 0.3, 'colsample_bytree': 0.6, 'colsample_bylevel': 0.6, 'n_estimators': 300}",0.624025974025974,repeated_stratified,8,3,full,sep
8,4,0.5,8,1,0.125,8,2,0.25,0.2916666666666667,0.2814814814814814,0.46875,4,3,1,3,1,4,3,3,2,P04,xgb,30,"{'subsample': 0.6, 'reg_lambda': 5, 'reg_alpha': 0, 'min_child_weight': 1, 'max_depth': 2, 'learning_rate': 0.01, 'gamma': 0.3, 'colsample_bytree': 0.7, 'colsample_bylevel': 0.6, 'n_estimators': 300}",0.5845358345358346,repeated_stratified,8,4,full,sep
8,6,0.75,8,0,0.0,8,3,0.375,0.375,0.3246753246753247,0.5729166666666666,6,2,0,5,0,3,3,2,3,P04,xgb,32,"{'subsample': 0.6, 'reg_lambda': 10, 'reg_alpha': 0.5, 'min_child_weight': 1, 'max_depth': 2, 'learning_rate': 0.05, 'gamma': 0.1, 'colsample_bytree': 0.6, 'colsample_bylevel': 0.6, 'n_estimators': 300}",0.5783549783549784,repeated_stratified,9,0,full,sep
8,3,0.375,8,3,0.375,8,5,0.625,0.4583333333333333,0.4530423280423281,0.59375,3,3,2,2,3,3,1,2,5,P04,xgb,23,"{'subsample': 0.6, 'reg_lambda': 1, 'reg_alpha': 0.1, 'min_child_weight': 1, 'max_depth': 2, 'learning_rate': 0.01, 'gamma': 2, 'colsample_bytree': 0.7, 'colsample_bylevel': 0.6, 'n_estimators': 300}",0.5550986050986051,repeated_stratified,9,1,full,sep
8,2,0.25,8,2,0.25,8,4,0.5,0.3333333333333333,0.3356370724791777,0.4427083333333333,2,5,1,0,2,6,1,3,4,P04,xgb,23,"{'subsample': 1.0, 'reg_lambda': 10, 'reg_alpha': 0.5, 'min_child_weight': 1, 'max_depth': 4, 'learning_rate': 0.03, 'gamma': 1, 'colsample_bytree': 0.7, 'colsample_bylevel': 0.8, 'n_estimators': 300}",0.6245069745069745,repeated_stratified,9,2,full,sep
8,1,0.125,8,2,0.25,8,2,0.25,0.2083333333333333,0.2144062078272604,0.515625,1,5,2,5,2,1,2,4,2,P04,xgb,15,"{'subsample': 0.8, 'reg_lambda': 1, 'reg_alpha': 0.1, 'min_child_weight': 1, 'max_depth': 4, 'learning_rate': 0.05, 'gamma': 0.5, 'colsample_bytree': 0.7, 'colsample_bylevel': 0.6, 'n_estimators': 300}",0.5915824915824915,repeated_stratified,9,3,full,sep
8,4,0.5,8,1,0.125,8,1,0.125,0.25,0.2258852258852258,0.421875,4,2,2,5,1,2,4,3,1,P04,xgb,8,"{'subsample': 1.0, 'reg_lambda': 5, 'reg_alpha': 0.5, 'min_child_weight': 1, 'max_depth': 4, 'learning_rate': 0.05, 'gamma': 2, 'colsample_bytree': 0.6, 'colsample_bylevel': 0.6, 'n_estimators': 300}",0.6475468975468975,repeated_stratified,9,4,full,sep
8,4,0.5,8,2,0.25,8,3,0.375,0.375,0.367914979757085,0.515625,4,2,2,3,2,3,4,1,3,P05,xgb,18,"{'subsample': 0.6, 'reg_lambda': 10, 'reg_alpha': 0.1, 'min_child_weight': 1, 'max_depth': 8, 'learning_rate': 0.03, 'gamma': 0.3, 'colsample_bytree': 0.6, 'colsample_bylevel': 0.8, 'n_estimators': 300}",0.5163780663780665,repeated_stratified,0,0,full,sep
8,4,0.5,8,3,0.375,8,4,0.5,0.4583333333333333,0.4682539682539682,0.5963541666666666,4,3,1,2,3,3,0,4,4,P05,xgb,26,"{'subsample': 1.0, 'reg_lambda': 5, 'reg_alpha': 0.5, 'min_child_weight': 1, 'max_depth': 4, 'learning_rate': 0.03, 'gamma': 0, 'colsample_bytree': 0.6, 'colsample_bylevel': 0.8, 'n_estimators': 300}",0.5212842712842712,repeated_stratified,0,1,full,sep
8,4,0.5,8,3,0.375,8,2,0.25,0.375,0.373202614379085,0.4973958333333333,4,3,1,1,3,4,3,3,2,P05,xgb,3,"{'subsample': 1.0, 'reg_lambda': 10, 'reg_alpha': 0.1, 'min_child_weight': 1, 'max_depth': 2, 'learning_rate': 0.03, 'gamma': 0.3, 'colsample_bytree': 0.6, 'colsample_bylevel': 0.6, 'n_estimators': 300}",0.6021524771524772,repeated_stratified,0,2,full,sep
8,2,0.25,8,5,0.625,8,2,0.25,0.375,0.3629629629629629,0.5234375,2,3,3,1,5,2,4,2,2,P05,xgb,18,"{'subsample': 0.6, 'reg_lambda': 3, 'reg_alpha': 0.1, 'min_child_weight': 1, 'max_depth': 8, 'learning_rate': 0.05, 'gamma': 0, 'colsample_bytree': 0.7, 'colsample_bylevel': 0.8, 'n_estimators': 300}",0.467941317941318,repeated_stratified,0,3,full,sep
8,1,0.125,8,3,0.375,8,4,0.5,0.3333333333333333,0.3207671957671957,0.4583333333333333,1,3,4,3,3,2,2,2,4,P05,xgb,19,"{'subsample': 0.8, 'reg_lambda': 1, 'reg_alpha': 0.1, 'min_child_weight': 1, 'max_depth': 4, 'learning_rate': 0.05, 'gamma': 0.5, 'colsample_bytree': 0.7, 'colsample_bylevel': 0.6, 'n_estimators': 300}",0.5821789321789322,repeated_stratified,0,4,full,sep
8,3,0.375,8,3,0.375,8,4,0.5,0.4166666666666667,0.4151960784313726,0.5677083333333334,3,2,3,3,3,2,2,2,4,P05,xgb,19,"{'subsample': 0.6, 'reg_lambda': 1, 'reg_alpha': 0, 'min_child_weight': 1, 'max_depth': 2, 'learning_rate': 0.03, 'gamma': 0, 'colsample_bytree': 0.6, 'colsample_bylevel': 0.6, 'n_estimators': 300}",0.5333814333814334,repeated_stratified,1,0,full,sep
8,3,0.375,8,4,0.5,8,2,0.25,0.375,0.3735294117647059,0.5026041666666666,3,2,3,1,4,3,3,3,2,P05,xgb,18,"{'subsample': 0.8, 'reg_lambda': 10, 'reg_alpha': 0, 'min_child_weight': 1, 'max_depth': 4, 'learning_rate': 0.03, 'gamma': 0, 'colsample_bytree': 0.6, 'colsample_bylevel': 0.8, 'n_estimators': 300}",0.6056758056758057,repeated_stratified,1,1,full,sep
8,4,0.5,8,4,0.5,8,4,0.5,0.5,0.5037037037037037,0.6119791666666666,4,3,1,2,4,2,1,3,4,P05,xgb,19,"{'subsample': 0.6, 'reg_lambda': 3, 'reg_alpha': 0.1, 'min_child_weight': 1, 'max_depth': 2, 'learning_rate': 0.05, 'gamma': 0, 'colsample_bytree': 0.7, 'colsample_bylevel': 0.6, 'n_estimators': 300}",0.5619288119288119,repeated_stratified,1,2,full,sep
8,5,0.625,8,3,0.375,8,3,0.375,0.4583333333333333,0.4583333333333333,0.5651041666666666,5,0,3,3,3,2,4,1,3,P05,xgb,18,"{'subsample': 0.6, 'reg_lambda': 3, 'reg_alpha': 0.1, 'min_child_weight': 1, 'max_depth': 2, 'learning_rate': 0.05, 'gamma': 0, 'colsample_bytree': 0.7, 'colsample_bylevel': 0.6, 'n_estimators': 300}",0.5819384319384319,repeated_stratified,1,3,full,sep
8,2,0.25,8,4,0.5,8,3,0.375,0.375,0.3703703703703704,0.484375,2,4,2,2,4,2,3,2,3,P05,xgb,21,"{'subsample': 0.6, 'reg_lambda': 3, 'reg_alpha': 0.1, 'min_child_weight': 1, 'max_depth': 8, 'learning_rate': 0.05, 'gamma': 0, 'colsample_bytree': 0.7, 'colsample_bylevel': 0.8, 'n_estimators': 300}",0.5803751803751803,repeated_stratified,1,4,full,sep
8,4,0.5,8,4,0.5,8,1,0.125,0.375,0.3527691778465772,0.6015625,4,3,1,2,4,2,5,2,1,P05,xgb,19,"{'subsample': 0.8, 'reg_lambda': 10, 'reg_alpha': 0, 'min_child_weight': 1, 'max_depth': 4, 'learning_rate': 0.03, 'gamma': 0, 'colsample_bytree': 0.6, 'colsample_bylevel': 0.8, 'n_estimators': 300}",0.5398508898508899,repeated_stratified,2,0,full,sep
8,5,0.625,8,2,0.25,8,1,0.125,0.3333333333333333,0.3151211361737677,0.53125,5,1,2,2,2,4,4,3,1,P05,xgb,19,"{'subsample': 1.0, 'reg_lambda': 3, 'reg_alpha': 0.5, 'min_child_weight': 1, 'max_depth': 2, 'learning_rate': 0.05, 'gamma': 0, 'colsample_bytree': 0.7, 'colsample_bylevel': 0.8, 'n_estimators': 300}",0.5575998075998077,repeated_stratified,2,1,full,sep
8,3,0.375,8,3,0.375,8,4,0.5,0.4166666666666667,0.4151960784313726,0.53125,3,3,2,2,3,3,2,2,4,P05,xgb,18,"{'subsample': 0.6, 'reg_lambda': 3, 'reg_alpha': 0.1, 'min_child_weight': 1, 'max_depth': 8, 'learning_rate': 0.05, 'gamma': 0, 'colsample_bytree': 0.7, 'colsample_bylevel': 0.8, 'n_estimators': 300}",0.6059403559403559,repeated_stratified,2,2,full,sep
8,5,0.625,8,3,0.375,8,3,0.375,0.4583333333333333,0.4530423280423281,0.5911458333333334,5,2,1,3,3,2,2,3,3,P05,xgb,19,"{'subsample': 0.6, 'reg_lambda': 3, 'reg_alpha': 0.1, 'min_child_weight': 1, 'max_depth': 8, 'learning_rate': 0.05, 'gamma': 0, 'colsample_bytree': 0.7, 'colsample_bylevel': 0.8, 'n_estimators': 300}",0.5458152958152959,repeated_stratified,2,3,full,sep
8,2,0.25,8,3,0.375,8,5,0.625,0.4166666666666667,0.4078144078144078,0.5260416666666666,2,2,4,1,3,4,3,0,5,P05,xgb,17,"{'subsample': 0.6, 'reg_lambda': 3, 'reg_alpha': 0.1, 'min_child_weight': 1, 'max_depth': 8, 'learning_rate': 0.05, 'gamma': 0, 'colsample_bytree': 0.7, 'colsample_bylevel': 0.8, 'n_estimators': 300}",0.5116161616161616,repeated_stratified,2,4,full,sep
8,3,0.375,8,3,0.375,8,0,0.0,0.25,0.2287581699346405,0.4296875,3,3,2,2,3,3,5,3,0,P05,xgb,25,"{'subsample': 0.8, 'reg_lambda': 10, 'reg_alpha': 0, 'min_child_weight': 1, 'max_depth': 8, 'learning_rate': 0.05, 'gamma': 0, 'colsample_bytree': 0.7, 'colsample_bylevel': 0.6, 'n_estimators': 300}",0.59004329004329,repeated_stratified,3,0,full,sep
8,3,0.375,8,4,0.5,8,3,0.375,0.4166666666666667,0.4206349206349206,0.5338541666666666,3,1,4,1,4,3,2,3,3,P05,xgb,18,"{'subsample': 0.8, 'reg_lambda': 10, 'reg_alpha': 0, 'min_child_weight': 1, 'max_depth': 8, 'learning_rate': 0.05, 'gamma': 0, 'colsample_bytree': 0.7, 'colsample_bylevel': 0.6, 'n_estimators': 300}",0.5425204425204425,repeated_stratified,3,1,full,sep
8,3,0.375,8,3,0.375,8,3,0.375,0.375,0.3759803921568627,0.5625,3,2,3,3,3,2,3,2,3,P05,xgb,17,"{'subsample': 0.6, 'reg_lambda': 3, 'reg_alpha': 0.1, 'min_child_weight': 1, 'max_depth': 8, 'learning_rate': 0.05, 'gamma': 0, 'colsample_bytree': 0.7, 'colsample_bylevel': 0.8, 'n_estimators': 300}",0.52000962000962,repeated_stratified,3,2,full,sep
8,2,0.25,8,3,0.375,8,4,0.5,0.375,0.367914979757085,0.5104166666666666,2,2,4,2,3,3,1,3,4,P05,xgb,18,"{'subsample': 0.6, 'reg_lambda': 3, 'reg_alpha': 0.1, 'min_child_weight': 1, 'max_depth': 8, 'learning_rate': 0.05, 'gamma': 0, 'colsample_bytree': 0.7, 'colsample_bylevel': 0.8, 'n_estimators': 300}",0.5928571428571429,repeated_stratified,3,3,full,sep
8,2,0.25,8,6,0.75,8,3,0.375,0.4583333333333333,0.4431438127090301,0.5390625,2,5,1,2,6,0,1,4,3,P05,xgb,3,"{'subsample': 0.8, 'reg_lambda': 10, 'reg_alpha': 0.5, 'min_child_weight': 1, 'max_depth': 2, 'learning_rate': 0.05, 'gamma': 0.5, 'colsample_bytree': 0.7, 'colsample_bylevel': 0.8, 'n_estimators': 300}",0.5298701298701298,repeated_stratified,3,4,full,sep
8,5,0.625,8,5,0.625,8,3,0.375,0.5416666666666666,0.5377450980392157,0.7291666666666666,5,0,3,2,5,1,1,4,3,P05,xgb,23,"{'subsample': 0.6, 'reg_lambda': 3, 'reg_alpha': 0.1, 'min_child_weight': 1, 'max_depth': 2, 'learning_rate': 0.05, 'gamma': 0, 'colsample_bytree': 0.7, 'colsample_bylevel': 0.6, 'n_estimators': 300}",0.5476430976430976,repeated_stratified,4,0,full,sep
8,2,0.25,8,4,0.5,8,2,0.25,0.3333333333333333,0.3291436232612703,0.4869791666666667,2,4,2,3,4,1,4,2,2,P05,xgb,18,"{'subsample': 0.8, 'reg_lambda': 1, 'reg_alpha': 0, 'min_child_weight': 1, 'max_depth': 4, 'learning_rate': 0.01, 'gamma': 0, 'colsample_bytree': 0.7, 'colsample_bylevel': 0.8, 'n_estimators': 300}",0.6205387205387206,repeated_stratified,4,1,full,sep
8,2,0.25,8,4,0.5,8,1,0.125,0.2916666666666667,0.275058275058275,0.4609375,2,5,1,1,4,3,2,5,1,P05,xgb,18,"{'subsample': 1.0, 'reg_lambda': 5, 'reg_alpha': 0.5, 'min_child_weight': 1, 'max_depth': 4, 'learning_rate': 0.03, 'gamma': 0, 'colsample_bytree': 0.6, 'colsample_bylevel': 0.8, 'n_estimators': 300}",0.6157287157287158,repeated_stratified,4,2,full,sep
8,2,0.25,8,2,0.25,8,5,0.625,0.375,0.361336032388664,0.5807291666666666,2,3,3,3,2,3,3,0,5,P05,xgb,1,"{'subsample': 0.8, 'reg_lambda': 10, 'reg_alpha': 0.5, 'min_child_weight': 1, 'max_depth': 2, 'learning_rate': 0.05, 'gamma': 0.5, 'colsample_bytree': 0.7, 'colsample_bylevel': 0.8, 'n_estimators': 300}",0.5727753727753727,repeated_stratified,4,3,full,sep
8,2,0.25,8,3,0.375,8,3,0.375,0.3333333333333333,0.3358974358974358,0.4114583333333333,2,5,1,2,3,3,1,4,3,P05,xgb,19,"{'subsample': 0.6, 'reg_lambda': 10, 'reg_alpha': 0.1, 'min_child_weight': 1, 'max_depth': 8, 'learning_rate': 0.03, 'gamma': 0.3, 'colsample_bytree': 0.6, 'colsample_bylevel': 0.8, 'n_estimators': 300}",0.5874699374699376,repeated_stratified,4,4,full,sep
8,5,0.625,8,6,0.75,8,2,0.25,0.5416666666666666,0.5172905525846702,0.6875,5,2,1,2,6,0,2,4,2,P05,xgb,23,"{'subsample': 1.0, 'reg_lambda': 3, 'reg_alpha': 0.5, 'min_child_weight': 1, 'max_depth': 2, 'learning_rate': 0.05, 'gamma': 0, 'colsample_bytree': 0.7, 'colsample_bylevel': 0.8, 'n_estimators': 300}",0.4801106301106301,repeated_stratified,5,0,full,sep
8,5,0.625,8,1,0.125,8,4,0.5,0.4166666666666667,0.3841928052454368,0.5625,5,0,3,4,1,3,2,2,4,P05,xgb,19,"{'subsample': 0.6, 'reg_lambda': 3, 'reg_alpha': 0.1, 'min_child_weight': 1, 'max_depth': 8, 'learning_rate': 0.05, 'gamma': 0, 'colsample_bytree': 0.7, 'colsample_bylevel': 0.8, 'n_estimators': 300}",0.5522366522366522,repeated_stratified,5,1,full,sep
8,0,0.0,8,3,0.375,8,3,0.375,0.25,0.238095238095238,0.4739583333333333,0,2,6,1,3,4,4,1,3,P05,xgb,19,"{'subsample': 1.0, 'reg_lambda': 1, 'reg_alpha': 0.5, 'min_child_weight': 1, 'max_depth': 4, 'learning_rate': 0.01, 'gamma': 0.5, 'colsample_bytree': 0.6, 'colsample_bylevel': 0.8, 'n_estimators': 300}",0.6056517556517558,repeated_stratified,5,2,full,sep
8,2,0.25,8,5,0.625,8,4,0.5,0.4583333333333333,0.4540849673202614,0.5572916666666666,2,3,3,1,5,2,4,0,4,P05,xgb,20,"{'subsample': 0.8, 'reg_lambda': 10, 'reg_alpha': 0, 'min_child_weight': 1, 'max_depth': 4, 'learning_rate': 0.03, 'gamma': 0, 'colsample_bytree': 0.6, 'colsample_bylevel': 0.8, 'n_estimators': 300}",0.6045695045695045,repeated_stratified,5,3,full,sep
8,1,0.125,8,2,0.25,8,1,0.125,0.1666666666666666,0.1631241565452091,0.3385416666666667,1,5,2,4,2,2,3,4,1,P05,xgb,15,"{'subsample': 1.0, 'reg_lambda': 10, 'reg_alpha': 0.5, 'min_child_weight': 1, 'max_depth': 4, 'learning_rate': 0.03, 'gamma': 1, 'colsample_bytree': 0.7, 'colsample_bylevel': 0.8, 'n_estimators': 300}",0.5682419432419432,repeated_stratified,5,4,full,sep
8,3,0.375,8,5,0.625,8,2,0.25,0.4166666666666667,0.4166666666666667,0.5286458333333334,3,1,4,1,5,2,4,2,2,P05,xgb,19,"{'subsample': 0.6, 'reg_lambda': 3, 'reg_alpha': 0.1, 'min_child_weight': 1, 'max_depth': 8, 'learning_rate': 0.05, 'gamma': 0, 'colsample_bytree': 0.7, 'colsample_bylevel': 0.8, 'n_estimators': 300}",0.632924482924483,repeated_stratified,6,0,full,sep
8,4,0.5,8,3,0.375,8,4,0.5,0.4583333333333333,0.4576719576719577,0.671875,4,2,2,1,3,4,3,1,4,P05,xgb,14,"{'subsample': 0.6, 'reg_lambda': 3, 'reg_alpha': 0.1, 'min_child_weight': 1, 'max_depth': 8, 'learning_rate': 0.05, 'gamma': 0, 'colsample_bytree': 0.7, 'colsample_bylevel': 0.8, 'n_estimators': 300}",0.4847282347282347,repeated_stratified,6,1,full,sep
8,2,0.25,8,3,0.375,8,4,0.5,0.375,0.3735294117647059,0.546875,2,3,3,3,3,2,3,1,4,P05,xgb,18,"{'subsample': 0.6, 'reg_lambda': 3, 'reg_alpha': 0.1, 'min_child_weight': 1, 'max_depth': 2, 'learning_rate': 0.05, 'gamma': 0, 'colsample_bytree': 0.7, 'colsample_bylevel': 0.6, 'n_estimators': 300}",0.5596440596440596,repeated_stratified,6,2,full,sep
8,5,0.625,8,2,0.25,8,3,0.375,0.4166666666666667,0.4049422799422799,0.5104166666666666,5,0,3,4,2,2,4,1,3,P05,xgb,19,"{'subsample': 0.6, 'reg_lambda': 3, 'reg_alpha': 0.1, 'min_child_weight': 1, 'max_depth': 8, 'learning_rate': 0.05, 'gamma': 0, 'colsample_bytree': 0.7, 'colsample_bylevel': 0.8, 'n_estimators': 300}",0.5722943722943724,repeated_stratified,6,3,full,sep
8,2,0.25,8,4,0.5,8,3,0.375,0.375,0.3697478991596639,0.5260416666666666,2,3,3,1,4,3,3,2,3,P05,xgb,20,"{'subsample': 1.0, 'reg_lambda': 3, 'reg_alpha': 0.5, 'min_child_weight': 1, 'max_depth': 2, 'learning_rate': 0.05, 'gamma': 0, 'colsample_bytree': 0.7, 'colsample_bylevel': 0.8, 'n_estimators': 300}",0.5191197691197691,repeated_stratified,6,4,full,sep
8,3,0.375,8,3,0.375,8,4,0.5,0.4166666666666667,0.419047619047619,0.5546875,3,1,4,1,3,4,2,2,4,P05,xgb,17,"{'subsample': 0.8, 'reg_lambda': 5, 'reg_alpha': 0.1, 'min_child_weight': 1, 'max_depth': 8, 'learning_rate': 0.03, 'gamma': 0, 'colsample_bytree': 0.6, 'colsample_bylevel': 0.6, 'n_estimators': 300}",0.5183982683982684,repeated_stratified,7,0,full,sep
8,4,0.5,8,5,0.625,8,2,0.25,0.4583333333333333,0.4481792717086835,0.5546875,4,1,3,2,5,1,3,3,2,P05,xgb,20,"{'subsample': 0.8, 'reg_lambda': 10, 'reg_alpha': 0, 'min_child_weight': 1, 'max_depth': 8, 'learning_rate': 0.05, 'gamma': 0, 'colsample_bytree': 0.7, 'colsample_bylevel': 0.6, 'n_estimators': 300}",0.6049543049543048,repeated_stratified,7,1,full,sep
8,3,0.375,8,1,0.125,8,1,0.125,0.2083333333333333,0.1934731934731934,0.3776041666666667,3,2,3,6,1,1,5,2,1,P05,xgb,18,"{'subsample': 0.6, 'reg_lambda': 3, 'reg_alpha': 0.1, 'min_child_weight': 1, 'max_depth': 8, 'learning_rate': 0.05, 'gamma': 0, 'colsample_bytree': 0.7, 'colsample_bylevel': 0.8, 'n_estimators': 300}",0.5743145743145743,repeated_stratified,7,2,full,sep
8,1,0.125,8,2,0.25,8,4,0.5,0.2916666666666667,0.2829131652661064,0.4036458333333333,1,3,4,5,2,1,0,4,4,P05,xgb,18,"{'subsample': 0.6, 'reg_lambda': 3, 'reg_alpha': 0.1, 'min_child_weight': 1, 'max_depth': 2, 'learning_rate': 0.05, 'gamma': 0, 'colsample_bytree': 0.7, 'colsample_bylevel': 0.6, 'n_estimators': 300}",0.5491582491582491,repeated_stratified,7,3,full,sep
8,1,0.125,8,2,0.25,8,1,0.125,0.1666666666666666,0.167989417989418,0.3411458333333333,1,4,3,0,2,6,5,2,1,P05,xgb,3,"{'subsample': 0.6, 'reg_lambda': 5, 'reg_alpha': 0, 'min_child_weight': 1, 'max_depth': 2, 'learning_rate': 0.01, 'gamma': 0.3, 'colsample_bytree': 0.7, 'colsample_bylevel': 0.6, 'n_estimators': 300}",0.6042929292929293,repeated_stratified,7,4,full,sep
8,3,0.375,8,1,0.125,8,3,0.375,0.2916666666666667,0.2975490196078431,0.4453125,3,4,1,4,1,3,1,4,3,P05,xgb,17,"{'subsample': 0.8, 'reg_lambda': 10, 'reg_alpha': 0, 'min_child_weight': 1, 'max_depth': 8, 'learning_rate': 0.05, 'gamma': 0, 'colsample_bytree': 0.7, 'colsample_bylevel': 0.6, 'n_estimators': 300}",0.5623136123136123,repeated_stratified,8,0,full,sep
8,4,0.5,8,2,0.25,8,2,0.25,0.3333333333333333,0.3244778613199666,0.421875,4,3,1,2,2,4,5,1,2,P05,xgb,25,"{'subsample': 1.0, 'reg_lambda': 3, 'reg_alpha': 0.5, 'min_child_weight': 1, 'max_depth': 2, 'learning_rate': 0.05, 'gamma': 0, 'colsample_bytree': 0.7, 'colsample_bylevel': 0.8, 'n_estimators': 300}",0.5995670995670995,repeated_stratified,8,1,full,sep
8,4,0.5,8,5,0.625,8,2,0.25,0.4583333333333333,0.4606837606837606,0.5520833333333334,4,1,3,1,5,2,0,6,2,P05,xgb,18,"{'subsample': 0.8, 'reg_lambda': 5, 'reg_alpha': 0.1, 'min_child_weight': 1, 'max_depth': 8, 'learning_rate': 0.03, 'gamma': 0, 'colsample_bytree': 0.6, 'colsample_bylevel': 0.6, 'n_estimators': 300}",0.513011063011063,repeated_stratified,8,2,full,sep
8,4,0.5,8,3,0.375,8,4,0.5,0.4583333333333333,0.4568627450980392,0.5807291666666666,4,2,2,3,3,2,2,2,4,P05,xgb,19,"{'subsample': 1.0, 'reg_lambda': 5, 'reg_alpha': 0, 'min_child_weight': 1, 'max_depth': 2, 'learning_rate': 0.01, 'gamma': 0, 'colsample_bytree': 0.6, 'colsample_bylevel': 0.8, 'n_estimators': 300}",0.5505291005291005,repeated_stratified,8,3,full,sep
8,3,0.375,8,1,0.125,8,5,0.625,0.375,0.3541142952907659,0.6302083333333334,3,4,1,3,1,4,3,0,5,P05,xgb,17,"{'subsample': 1.0, 'reg_lambda': 5, 'reg_alpha': 0.1, 'min_child_weight': 1, 'max_depth': 8, 'learning_rate': 0.03, 'gamma': 0.1, 'colsample_bytree': 0.7, 'colsample_bylevel': 0.8, 'n_estimators': 300}",0.5713564213564214,repeated_stratified,8,4,full,sep
8,3,0.375,8,2,0.25,8,4,0.5,0.375,0.3707516339869281,0.578125,3,3,2,3,2,3,2,2,4,P05,xgb,18,"{'subsample': 0.6, 'reg_lambda': 3, 'reg_alpha': 0.1, 'min_child_weight': 1, 'max_depth': 2, 'learning_rate': 0.05, 'gamma': 0, 'colsample_bytree': 0.7, 'colsample_bylevel': 0.6, 'n_estimators': 300}",0.5852092352092352,repeated_stratified,9,0,full,sep
8,2,0.25,8,2,0.25,8,3,0.375,0.2916666666666667,0.289390142021721,0.46875,2,2,4,2,2,4,3,2,3,P05,xgb,18,"{'subsample': 0.6, 'reg_lambda': 3, 'reg_alpha': 0.1, 'min_child_weight': 1, 'max_depth': 8, 'learning_rate': 0.05, 'gamma': 0, 'colsample_bytree': 0.7, 'colsample_bylevel': 0.8, 'n_estimators': 300}",0.6076960076960076,repeated_stratified,9,1,full,sep
8,4,0.5,8,2,0.25,8,4,0.5,0.4166666666666667,0.4083247334021327,0.5572916666666666,4,1,3,4,2,2,3,1,4,P05,xgb,23,"{'subsample': 0.8, 'reg_lambda': 1, 'reg_alpha': 0.1, 'min_child_weight': 1, 'max_depth': 4, 'learning_rate': 0.05, 'gamma': 0.5, 'colsample_bytree': 0.7, 'colsample_bylevel': 0.6, 'n_estimators': 300}",0.4756854256854257,repeated_stratified,9,2,full,sep
8,5,0.625,8,3,0.375,8,1,0.125,0.375,0.3454545454545454,0.5572916666666666,5,2,1,4,3,1,5,2,1,P05,xgb,18,"{'subsample': 1.0, 'reg_lambda': 3, 'reg_alpha': 0.5, 'min_child_weight': 1, 'max_depth': 2, 'learning_rate': 0.05, 'gamma': 0, 'colsample_bytree': 0.7, 'colsample_bylevel': 0.8, 'n_estimators': 300}",0.5437950937950938,repeated_stratified,9,3,full,sep
8,2,0.25,8,3,0.375,8,3,0.375,0.3333333333333333,0.3333333333333333,0.484375,2,3,3,1,3,4,1,4,3,P05,xgb,20,"{'subsample': 0.6, 'reg_lambda': 1, 'reg_alpha': 0, 'min_child_weight': 1, 'max_depth': 2, 'learning_rate': 0.03, 'gamma': 0, 'colsample_bytree': 0.6, 'colsample_bylevel': 0.6, 'n_estimators': 300}",0.5155603655603657,repeated_stratified,9,4,full,sep
8,4,0.5,8,2,0.25,8,3,0.375,0.375,0.3743386243386243,0.59375,4,3,1,4,2,2,2,3,3,P06,xgb,27,"{'subsample': 0.6, 'reg_lambda': 1, 'reg_alpha': 0.1, 'min_child_weight': 1, 'max_depth': 2, 'learning_rate': 0.01, 'gamma': 2, 'colsample_bytree': 0.7, 'colsample_bylevel': 0.6, 'n_estimators': 300}",0.6461519961519961,repeated_stratified,0,0,full,sep
8,2,0.25,8,2,0.25,8,3,0.375,0.2916666666666667,0.289390142021721,0.5026041666666666,2,2,4,2,2,4,3,2,3,P06,xgb,11,"{'subsample': 0.6, 'reg_lambda': 3, 'reg_alpha': 0.1, 'min_child_weight': 1, 'max_depth': 8, 'learning_rate': 0.05, 'gamma': 0, 'colsample_bytree': 0.7, 'colsample_bylevel': 0.8, 'n_estimators': 300}",0.7374939874939875,repeated_stratified,0,1,full,sep
8,3,0.375,8,4,0.5,8,3,0.375,0.4166666666666667,0.4196413608178314,0.6432291666666666,3,1,4,2,4,2,0,5,3,P06,xgb,30,"{'subsample': 0.8, 'reg_lambda': 10, 'reg_alpha': 0.5, 'min_child_weight': 1, 'max_depth': 8, 'learning_rate': 0.01, 'gamma': 0.3, 'colsample_bytree': 0.7, 'colsample_bylevel': 0.6, 'n_estimators': 300}",0.5992303992303992,repeated_stratified,0,2,full,sep
8,5,0.625,8,2,0.25,8,2,0.25,0.375,0.375,0.5729166666666666,5,1,2,2,2,4,1,5,2,P06,xgb,26,"{'subsample': 1.0, 'reg_lambda': 5, 'reg_alpha': 0, 'min_child_weight': 1, 'max_depth': 2, 'learning_rate': 0.01, 'gamma': 0, 'colsample_bytree': 0.6, 'colsample_bylevel': 0.8, 'n_estimators': 300}",0.6348965848965848,repeated_stratified,0,3,full,sep
8,4,0.5,8,0,0.0,8,4,0.5,0.3333333333333333,0.3174603174603174,0.5729166666666666,4,4,0,6,0,2,3,1,4,P06,xgb,21,"{'subsample': 1.0, 'reg_lambda': 5, 'reg_alpha': 0.5, 'min_child_weight': 1, 'max_depth': 4, 'learning_rate': 0.05, 'gamma': 2, 'colsample_bytree': 0.6, 'colsample_bylevel': 0.6, 'n_estimators': 300}",0.5967291967291968,repeated_stratified,0,4,full,sep
8,2,0.25,8,0,0.0,8,4,0.5,0.25,0.237037037037037,0.5364583333333334,2,4,2,4,0,4,1,3,4,P06,xgb,26,"{'subsample': 0.8, 'reg_lambda': 10, 'reg_alpha': 0.5, 'min_child_weight': 1, 'max_depth': 8, 'learning_rate': 0.01, 'gamma': 0.3, 'colsample_bytree': 0.7, 'colsample_bylevel': 0.6, 'n_estimators': 300}",0.620923520923521,repeated_stratified,1,0,full,sep
8,5,0.625,8,1,0.125,8,2,0.25,0.3333333333333333,0.3055555555555555,0.5677083333333334,5,2,1,2,1,5,5,1,2,P06,xgb,27,"{'subsample': 0.8, 'reg_lambda': 10, 'reg_alpha': 0.5, 'min_child_weight': 1, 'max_depth': 8, 'learning_rate': 0.01, 'gamma': 0.3, 'colsample_bytree': 0.7, 'colsample_bylevel': 0.6, 'n_estimators': 300}",0.6296296296296297,repeated_stratified,1,1,full,sep
8,4,0.5,8,1,0.125,8,5,0.625,0.4166666666666667,0.4071895424836602,0.6223958333333334,4,3,1,4,1,3,0,3,5,P06,xgb,29,"{'subsample': 0.6, 'reg_lambda': 5, 'reg_alpha': 0.5, 'min_child_weight': 1, 'max_depth': 8, 'learning_rate': 0.03, 'gamma': 0.3, 'colsample_bytree': 0.6, 'colsample_bylevel': 0.6, 'n_estimators': 300}",0.6078403078403078,repeated_stratified,1,2,full,sep
8,4,0.5,8,3,0.375,8,3,0.375,0.4166666666666667,0.4176470588235294,0.65625,4,3,1,2,3,3,2,3,3,P06,xgb,25,"{'subsample': 0.8, 'reg_lambda': 10, 'reg_alpha': 0, 'min_child_weight': 1, 'max_depth': 8, 'learning_rate': 0.05, 'gamma': 0, 'colsample_bytree': 0.7, 'colsample_bylevel': 0.6, 'n_estimators': 300}",0.5987974987974988,repeated_stratified,1,3,full,sep
8,5,0.625,8,2,0.25,8,3,0.375,0.4166666666666667,0.4200980392156863,0.5989583333333334,5,3,0,2,2,4,1,4,3,P06,xgb,30,"{'subsample': 0.6, 'reg_lambda': 10, 'reg_alpha': 0.1, 'min_child_weight': 1, 'max_depth': 8, 'learning_rate': 0.03, 'gamma': 0.3, 'colsample_bytree': 0.6, 'colsample_bylevel': 0.8, 'n_estimators': 300}",0.5881673881673882,repeated_stratified,1,4,full,sep
8,5,0.625,8,1,0.125,8,4,0.5,0.4166666666666667,0.3888888888888888,0.59375,5,2,1,4,1,3,3,1,4,P06,xgb,29,"{'subsample': 0.6, 'reg_lambda': 1, 'reg_alpha': 0, 'min_child_weight': 1, 'max_depth': 2, 'learning_rate': 0.03, 'gamma': 0, 'colsample_bytree': 0.6, 'colsample_bylevel': 0.6, 'n_estimators': 300}",0.6011063011063013,repeated_stratified,2,0,full,sep
8,2,0.25,8,1,0.125,8,4,0.5,0.2916666666666667,0.2800334168755221,0.4322916666666667,2,2,4,4,1,3,0,4,4,P06,xgb,25,"{'subsample': 0.6, 'reg_lambda': 5, 'reg_alpha': 0.5, 'min_child_weight': 1, 'max_depth': 8, 'learning_rate': 0.03, 'gamma': 0.3, 'colsample_bytree': 0.6, 'colsample_bylevel': 0.6, 'n_estimators': 300}",0.6847763347763348,repeated_stratified,2,1,full,sep
8,5,0.625,8,4,0.5,8,1,0.125,0.4166666666666667,0.3888888888888889,0.609375,5,2,1,2,4,2,3,4,1,P06,xgb,26,"{'subsample': 0.6, 'reg_lambda': 10, 'reg_alpha': 0.5, 'min_child_weight': 1, 'max_depth': 2, 'learning_rate': 0.05, 'gamma': 0.1, 'colsample_bytree': 0.6, 'colsample_bylevel': 0.6, 'n_estimators': 300}",0.608946608946609,repeated_stratified,2,2,full,sep
8,5,0.625,8,2,0.25,8,4,0.5,0.4583333333333333,0.4447988658514974,0.640625,5,1,2,2,2,4,4,0,4,P06,xgb,26,"{'subsample': 0.8, 'reg_lambda': 3, 'reg_alpha': 0.1, 'min_child_weight': 1, 'max_depth': 2, 'learning_rate': 0.05, 'gamma': 2, 'colsample_bytree': 0.7, 'colsample_bylevel': 0.6, 'n_estimators': 300}",0.6094516594516595,repeated_stratified,2,3,full,sep
8,4,0.5,8,1,0.125,8,3,0.375,0.3333333333333333,0.3253968253968253,0.5755208333333334,4,2,2,2,1,5,2,3,3,P06,xgb,25,"{'subsample': 0.6, 'reg_lambda': 5, 'reg_alpha': 0, 'min_child_weight': 1, 'max_depth': 2, 'learning_rate': 0.01, 'gamma': 0.3, 'colsample_bytree': 0.7, 'colsample_bylevel': 0.6, 'n_estimators': 300}",0.6244829244829245,repeated_stratified,2,4,full,sep
8,6,0.75,8,4,0.5,8,5,0.625,0.625,0.6294117647058823,0.7317708333333334,6,1,1,1,4,3,0,3,5,P06,xgb,30,"{'subsample': 0.6, 'reg_lambda': 10, 'reg_alpha': 0.5, 'min_child_weight': 1, 'max_depth': 2, 'learning_rate': 0.05, 'gamma': 0.1, 'colsample_bytree': 0.6, 'colsample_bylevel': 0.6, 'n_estimators': 300}",0.5453823953823954,repeated_stratified,3,0,full,sep
8,7,0.875,8,1,0.125,8,2,0.25,0.4166666666666667,0.3587427065687936,0.5338541666666666,7,0,1,4,1,3,4,2,2,P06,xgb,24,"{'subsample': 1.0, 'reg_lambda': 3, 'reg_alpha': 0, 'min_child_weight': 1, 'max_depth': 4, 'learning_rate': 0.01, 'gamma': 0.3, 'colsample_bytree': 0.6, 'colsample_bylevel': 0.6, 'n_estimators': 300}",0.6211159211159211,repeated_stratified,3,1,full,sep
8,5,0.625,8,1,0.125,8,1,0.125,0.2916666666666667,0.268387314439946,0.5833333333333334,5,1,2,2,1,5,4,3,1,P06,xgb,24,"{'subsample': 0.6, 'reg_lambda': 3, 'reg_alpha': 0.1, 'min_child_weight': 1, 'max_depth': 2, 'learning_rate': 0.05, 'gamma': 0, 'colsample_bytree': 0.7, 'colsample_bylevel': 0.6, 'n_estimators': 300}",0.6672438672438673,repeated_stratified,3,2,full,sep
8,2,0.25,8,2,0.25,8,4,0.5,0.3333333333333333,0.3259259259259259,0.484375,2,4,2,2,2,4,3,1,4,P06,xgb,27,"{'subsample': 1.0, 'reg_lambda': 3, 'reg_alpha': 0.5, 'min_child_weight': 1, 'max_depth': 2, 'learning_rate': 0.05, 'gamma': 0, 'colsample_bytree': 0.7, 'colsample_bylevel': 0.8, 'n_estimators': 300}",0.6443963443963444,repeated_stratified,3,3,full,sep
8,3,0.375,8,3,0.375,8,3,0.375,0.375,0.3759803921568627,0.4765625,3,3,2,3,3,2,2,3,3,P06,xgb,22,"{'subsample': 1.0, 'reg_lambda': 10, 'reg_alpha': 0.5, 'min_child_weight': 1, 'max_depth': 4, 'learning_rate': 0.03, 'gamma': 1, 'colsample_bytree': 0.7, 'colsample_bylevel': 0.8, 'n_estimators': 300}",0.6488215488215489,repeated_stratified,3,4,full,sep
8,4,0.5,8,1,0.125,8,3,0.375,0.3333333333333333,0.3221288515406162,0.5390625,4,3,1,2,1,5,3,2,3,P06,xgb,28,"{'subsample': 0.6, 'reg_lambda': 5, 'reg_alpha': 0.5, 'min_child_weight': 1, 'max_depth': 8, 'learning_rate': 0.03, 'gamma': 0.3, 'colsample_bytree': 0.6, 'colsample_bylevel': 0.6, 'n_estimators': 300}",0.6455988455988456,repeated_stratified,4,0,full,sep
8,3,0.375,8,1,0.125,8,2,0.25,0.25,0.248015873015873,0.4895833333333333,3,3,2,5,1,2,2,4,2,P06,xgb,26,"{'subsample': 0.8, 'reg_lambda': 10, 'reg_alpha': 0.5, 'min_child_weight': 1, 'max_depth': 8, 'learning_rate': 0.01, 'gamma': 0.3, 'colsample_bytree': 0.7, 'colsample_bylevel': 0.6, 'n_estimators': 300}",0.687950937950938,repeated_stratified,4,1,full,sep
8,2,0.25,8,1,0.125,8,6,0.75,0.375,0.3313131313131313,0.5911458333333334,2,1,5,4,1,3,1,1,6,P06,xgb,25,"{'subsample': 0.6, 'reg_lambda': 5, 'reg_alpha': 0, 'min_child_weight': 1, 'max_depth': 2, 'learning_rate': 0.01, 'gamma': 0.3, 'colsample_bytree': 0.7, 'colsample_bylevel': 0.6, 'n_estimators': 300}",0.6125060125060126,repeated_stratified,4,2,full,sep
8,4,0.5,8,2,0.25,8,3,0.375,0.375,0.3777777777777777,0.5651041666666666,4,2,2,1,2,5,2,3,3,P06,xgb,12,"{'subsample': 0.8, 'reg_lambda': 10, 'reg_alpha': 0.5, 'min_child_weight': 1, 'max_depth': 8, 'learning_rate': 0.01, 'gamma': 0.3, 'colsample_bytree': 0.7, 'colsample_bylevel': 0.6, 'n_estimators': 300}",0.5678210678210678,repeated_stratified,4,3,full,sep
8,7,0.875,8,3,0.375,8,2,0.25,0.5,0.4731781376518219,0.671875,7,0,1,3,3,2,1,5,2,P06,xgb,30,"{'subsample': 1.0, 'reg_lambda': 5, 'reg_alpha': 0, 'min_child_weight': 1, 'max_depth': 2, 'learning_rate': 0.01, 'gamma': 0, 'colsample_bytree': 0.6, 'colsample_bylevel': 0.8, 'n_estimators': 300}",0.5934102934102934,repeated_stratified,4,4,full,sep
8,1,0.125,8,3,0.375,8,2,0.25,0.25,0.2482026143790849,0.4583333333333333,1,5,2,2,3,3,5,1,2,P06,xgb,30,"{'subsample': 1.0, 'reg_lambda': 5, 'reg_alpha': 0, 'min_child_weight': 1, 'max_depth': 2, 'learning_rate': 0.01, 'gamma': 0, 'colsample_bytree': 0.6, 'colsample_bylevel': 0.8, 'n_estimators': 300}",0.5825877825877827,repeated_stratified,5,0,full,sep
8,5,0.625,8,1,0.125,8,2,0.25,0.3333333333333333,0.314898609016256,0.546875,5,1,2,2,1,5,3,3,2,P06,xgb,30,"{'subsample': 0.6, 'reg_lambda': 10, 'reg_alpha': 0.5, 'min_child_weight': 1, 'max_depth': 2, 'learning_rate': 0.05, 'gamma': 0.1, 'colsample_bytree': 0.6, 'colsample_bylevel': 0.6, 'n_estimators': 300}",0.5891534391534391,repeated_stratified,5,1,full,sep
8,3,0.375,8,1,0.125,8,2,0.25,0.25,0.248015873015873,0.4140625,3,2,3,6,1,1,1,5,2,P06,xgb,26,"{'subsample': 0.6, 'reg_lambda': 1, 'reg_alpha': 0.1, 'min_child_weight': 1, 'max_depth': 2, 'learning_rate': 0.01, 'gamma': 2, 'colsample_bytree': 0.7, 'colsample_bylevel': 0.6, 'n_estimators': 300}",0.6423280423280424,repeated_stratified,5,2,full,sep
8,5,0.625,8,1,0.125,8,4,0.5,0.4166666666666667,0.3994708994708995,0.5989583333333334,5,1,2,5,1,2,0,4,4,P06,xgb,27,"{'subsample': 1.0, 'reg_lambda': 3, 'reg_alpha': 0.5, 'min_child_weight': 1, 'max_depth': 2, 'learning_rate': 0.05, 'gamma': 0, 'colsample_bytree': 0.7, 'colsample_bylevel': 0.8, 'n_estimators': 300}",0.6094035594035594,repeated_stratified,5,3,full,sep
8,3,0.375,8,1,0.125,8,3,0.375,0.2916666666666667,0.2888888888888889,0.5260416666666666,3,2,3,3,1,4,1,4,3,P06,xgb,26,"{'subsample': 0.6, 'reg_lambda': 3, 'reg_alpha': 0.1, 'min_child_weight': 1, 'max_depth': 8, 'learning_rate': 0.05, 'gamma': 0, 'colsample_bytree': 0.7, 'colsample_bylevel': 0.8, 'n_estimators': 300}",0.6441558441558443,repeated_stratified,5,4,full,sep
8,5,0.625,8,1,0.125,8,1,0.125,0.2916666666666667,0.2916666666666667,0.53125,5,2,1,1,1,6,2,5,1,P06,xgb,30,"{'subsample': 0.8, 'reg_lambda': 1, 'reg_alpha': 0.1, 'min_child_weight': 1, 'max_depth': 4, 'learning_rate': 0.05, 'gamma': 0.5, 'colsample_bytree': 0.7, 'colsample_bylevel': 0.6, 'n_estimators': 300}",0.6655363155363155,repeated_stratified,6,0,full,sep
8,3,0.375,8,3,0.375,8,4,0.5,0.4166666666666667,0.4173669467787115,0.6328125,3,3,2,2,3,3,1,3,4,P06,xgb,26,"{'subsample': 0.6, 'reg_lambda': 10, 'reg_alpha': 0.1, 'min_child_weight': 1, 'max_depth': 8, 'learning_rate': 0.03, 'gamma': 0.3, 'colsample_bytree': 0.6, 'colsample_bylevel': 0.8, 'n_estimators': 300}",0.6086099086099086,repeated_stratified,6,1,full,sep
8,4,0.5,8,0,0.0,8,2,0.25,0.25,0.2433862433862433,0.5078125,4,4,0,4,0,4,2,4,2,P06,xgb,25,"{'subsample': 0.8, 'reg_lambda': 10, 'reg_alpha': 0.5, 'min_child_weight': 1, 'max_depth': 2, 'learning_rate': 0.05, 'gamma': 0.5, 'colsample_bytree': 0.7, 'colsample_bylevel': 0.8, 'n_estimators': 300}",0.6535113035113036,repeated_stratified,6,2,full,sep
8,2,0.25,8,5,0.625,8,2,0.25,0.375,0.3581196581196581,0.6432291666666666,2,3,3,1,5,2,2,4,2,P06,xgb,26,"{'subsample': 0.6, 'reg_lambda': 3, 'reg_alpha': 0.1, 'min_child_weight': 1, 'max_depth': 2, 'learning_rate': 0.05, 'gamma': 0, 'colsample_bytree': 0.7, 'colsample_bylevel': 0.6, 'n_estimators': 300}",0.5436026936026935,repeated_stratified,6,3,full,sep
8,5,0.625,8,0,0.0,8,2,0.25,0.2916666666666667,0.2560386473429951,0.5911458333333334,5,2,1,7,0,1,3,3,2,P06,xgb,30,"{'subsample': 0.8, 'reg_lambda': 10, 'reg_alpha': 0.5, 'min_child_weight': 1, 'max_depth': 8, 'learning_rate': 0.01, 'gamma': 0.3, 'colsample_bytree': 0.7, 'colsample_bylevel': 0.6, 'n_estimators': 300}",0.5860509860509862,repeated_stratified,6,4,full,sep
8,4,0.5,8,5,0.625,8,4,0.5,0.5416666666666666,0.5423280423280423,0.6796875,4,2,2,1,5,2,1,3,4,P06,xgb,26,"{'subsample': 0.8, 'reg_lambda': 10, 'reg_alpha': 0.1, 'min_child_weight': 1, 'max_depth': 16, 'learning_rate': 0.01, 'gamma': 0.1, 'colsample_bytree': 0.6, 'colsample_bylevel': 0.6, 'n_estimators': 300}",0.564935064935065,repeated_stratified,7,0,full,sep
8,2,0.25,8,3,0.375,8,4,0.5,0.375,0.3703703703703704,0.4661458333333333,2,3,3,2,3,3,0,4,4,P06,xgb,27,"{'subsample': 0.6, 'reg_lambda': 3, 'reg_alpha': 0.1, 'min_child_weight': 1, 'max_depth': 8, 'learning_rate': 0.05, 'gamma': 0, 'colsample_bytree': 0.7, 'colsample_bylevel': 0.8, 'n_estimators': 300}",0.7270803270803271,repeated_stratified,7,1,full,sep
8,5,0.625,8,1,0.125,8,4,0.5,0.4166666666666667,0.393387314439946,0.6822916666666666,5,1,2,5,1,2,1,3,4,P06,xgb,22,"{'subsample': 0.8, 'reg_lambda': 3, 'reg_alpha': 0.1, 'min_child_weight': 1, 'max_depth': 2, 'learning_rate': 0.05, 'gamma': 2, 'colsample_bytree': 0.7, 'colsample_bylevel': 0.6, 'n_estimators': 300}",0.5994468494468496,repeated_stratified,7,2,full,sep
8,4,0.5,8,4,0.5,8,3,0.375,0.4583333333333333,0.4629629629629629,0.6015625,4,4,0,3,4,1,3,2,3,P06,xgb,26,"{'subsample': 0.6, 'reg_lambda': 5, 'reg_alpha': 0, 'min_child_weight': 1, 'max_depth': 2, 'learning_rate': 0.01, 'gamma': 0.3, 'colsample_bytree': 0.7, 'colsample_bylevel': 0.6, 'n_estimators': 300}",0.5901154401154401,repeated_stratified,7,3,full,sep
8,6,0.75,8,0,0.0,8,3,0.375,0.375,0.3015873015873015,0.6015625,6,0,2,3,0,5,4,1,3,P06,xgb,31,"{'subsample': 0.6, 'reg_lambda': 5, 'reg_alpha': 0, 'min_child_weight': 1, 'max_depth': 2, 'learning_rate': 0.01, 'gamma': 0.3, 'colsample_bytree': 0.7, 'colsample_bylevel': 0.6, 'n_estimators': 300}",0.6084175084175084,repeated_stratified,7,4,full,sep
8,1,0.125,8,4,0.5,8,5,0.625,0.4166666666666667,0.3841928052454368,0.6119791666666666,1,4,3,1,4,3,1,2,5,P06,xgb,24,"{'subsample': 0.8, 'reg_lambda': 10, 'reg_alpha': 0.5, 'min_child_weight': 1, 'max_depth': 8, 'learning_rate': 0.01, 'gamma': 0.3, 'colsample_bytree': 0.7, 'colsample_bylevel': 0.6, 'n_estimators': 300}",0.6110630110630112,repeated_stratified,8,0,full,sep
8,5,0.625,8,1,0.125,8,3,0.375,0.375,0.3697089947089947,0.5677083333333334,5,3,0,4,1,3,1,4,3,P06,xgb,30,"{'subsample': 0.6, 'reg_lambda': 3, 'reg_alpha': 0.1, 'min_child_weight': 1, 'max_depth': 2, 'learning_rate': 0.05, 'gamma': 0, 'colsample_bytree': 0.7, 'colsample_bylevel': 0.6, 'n_estimators': 300}",0.6245791245791246,repeated_stratified,8,1,full,sep
8,4,0.5,8,3,0.375,8,2,0.25,0.375,0.3782790309106098,0.5885416666666666,4,4,0,1,3,4,2,4,2,P06,xgb,29,"{'subsample': 0.8, 'reg_lambda': 10, 'reg_alpha': 0.5, 'min_child_weight': 1, 'max_depth': 2, 'learning_rate': 0.05, 'gamma': 0.5, 'colsample_bytree': 0.7, 'colsample_bylevel': 0.8, 'n_estimators': 300}",0.6133237133237133,repeated_stratified,8,2,full,sep
8,3,0.375,8,3,0.375,8,1,0.125,0.2916666666666667,0.2870915032679739,0.4635416666666667,3,1,4,3,3,2,3,4,1,P06,xgb,26,"{'subsample': 0.6, 'reg_lambda': 1, 'reg_alpha': 0.1, 'min_child_weight': 1, 'max_depth': 2, 'learning_rate': 0.01, 'gamma': 2, 'colsample_bytree': 0.7, 'colsample_bylevel': 0.6, 'n_estimators': 300}",0.6683261183261183,repeated_stratified,8,3,full,sep
8,4,0.5,8,4,0.5,8,3,0.375,0.4583333333333333,0.4576719576719577,0.6197916666666666,4,2,2,3,4,1,3,2,3,P06,xgb,26,"{'subsample': 0.6, 'reg_lambda': 3, 'reg_alpha': 0.1, 'min_child_weight': 1, 'max_depth': 8, 'learning_rate': 0.05, 'gamma': 0, 'colsample_bytree': 0.7, 'colsample_bylevel': 0.8, 'n_estimators': 300}",0.5728475228475228,repeated_stratified,8,4,full,sep
8,3,0.375,8,1,0.125,8,2,0.25,0.25,0.2649572649572649,0.5859375,3,1,4,1,1,6,1,5,2,P06,xgb,26,"{'subsample': 0.6, 'reg_lambda': 5, 'reg_alpha': 0.5, 'min_child_weight': 1, 'max_depth': 8, 'learning_rate': 0.03, 'gamma': 0.3, 'colsample_bytree': 0.6, 'colsample_bylevel': 0.6, 'n_estimators': 300}",0.611038961038961,repeated_stratified,9,0,full,sep
8,3,0.375,8,1,0.125,8,3,0.375,0.2916666666666667,0.2815452091767881,0.5,3,3,2,4,1,3,4,1,3,P06,xgb,17,"{'subsample': 1.0, 'reg_lambda': 10, 'reg_alpha': 0.5, 'min_child_weight': 1, 'max_depth': 4, 'learning_rate': 0.03, 'gamma': 1, 'colsample_bytree': 0.7, 'colsample_bylevel': 0.8, 'n_estimators': 300}",0.6382395382395383,repeated_stratified,9,1,full,sep
8,4,0.5,8,3,0.375,8,3,0.375,0.4166666666666667,0.416005291005291,0.625,4,3,1,3,3,2,3,2,3,P06,xgb,30,"{'subsample': 0.6, 'reg_lambda': 1, 'reg_alpha': 0.1, 'min_child_weight': 1, 'max_depth': 2, 'learning_rate': 0.01, 'gamma': 2, 'colsample_bytree': 0.7, 'colsample_bylevel': 0.6, 'n_estimators': 300}",0.566113516113516,repeated_stratified,9,2,full,sep
8,4,0.5,8,3,0.375,8,3,0.375,0.4166666666666667,0.4204248366013072,0.5182291666666666,4,1,3,2,3,3,1,4,3,P06,xgb,26,"{'subsample': 0.6, 'reg_lambda': 1, 'reg_alpha': 0, 'min_child_weight': 1, 'max_depth': 2, 'learning_rate': 0.03, 'gamma': 0, 'colsample_bytree': 0.6, 'colsample_bylevel': 0.6, 'n_estimators': 300}",0.6573593073593074,repeated_stratified,9,3,full,sep
8,6,0.75,8,1,0.125,8,2,0.25,0.375,0.3451417004048583,0.5963541666666666,6,1,1,2,1,5,3,3,2,P06,xgb,26,"{'subsample': 0.6, 'reg_lambda': 1, 'reg_alpha': 0, 'min_child_weight': 1, 'max_depth': 2, 'learning_rate': 0.03, 'gamma': 0, 'colsample_bytree': 0.6, 'colsample_bylevel': 0.6, 'n_estimators': 300}",0.6202260702260701,repeated_stratified,9,4,full,sep
9,9,1.0,8,4,0.5,9,3,0.3333333333333333,0.6153846153846154,0.5901960784313726,0.8036492374727668,9,0,0,1,4,3,1,5,3,P07,xgb,11,"{'subsample': 0.8, 'reg_lambda': 10, 'reg_alpha': 0.5, 'min_child_weight': 1, 'max_depth': 8, 'learning_rate': 0.01, 'gamma': 0.3, 'colsample_bytree': 0.7, 'colsample_bylevel': 0.6, 'n_estimators': 300}",0.8274703517704176,repeated_stratified,0,0,full,sep
9,9,1.0,8,1,0.125,9,6,0.6666666666666666,0.6153846153846154,0.5484848484848485,0.8705746187363834,9,0,0,0,1,7,2,1,6,P07,xgb,6,"{'subsample': 1.0, 'reg_lambda': 5, 'reg_alpha': 0.5, 'min_child_weight': 1, 'max_depth': 4, 'learning_rate': 0.05, 'gamma': 2, 'colsample_bytree': 0.6, 'colsample_bylevel': 0.6, 'n_estimators': 300}",0.7645042954166801,repeated_stratified,0,1,full,sep
8,7,0.875,8,0,0.0,9,8,0.8888888888888888,0.6,0.5138888888888888,0.804125816993464,7,1,0,1,0,7,0,1,8,P07,xgb,9,"{'subsample': 1.0, 'reg_lambda': 5, 'reg_alpha': 0.5, 'min_child_weight': 1, 'max_depth': 4, 'learning_rate': 0.05, 'gamma': 2, 'colsample_bytree': 0.6, 'colsample_bylevel': 0.6, 'n_estimators': 300}",0.7878037622602839,repeated_stratified,0,2,full,sep
9,7,0.7777777777777778,8,1,0.125,8,6,0.75,0.56,0.5148148148148147,0.7129629629629629,7,1,1,2,1,5,0,2,6,P07,xgb,10,"{'subsample': 0.6, 'reg_lambda': 5, 'reg_alpha': 0, 'min_child_weight': 1, 'max_depth': 2, 'learning_rate': 0.01, 'gamma': 0.3, 'colsample_bytree': 0.7, 'colsample_bylevel': 0.6, 'n_estimators': 300}",0.7907809983896942,repeated_stratified,0,3,full,sep
9,8,0.8888888888888888,7,2,0.2857142857142857,9,3,0.3333333333333333,0.52,0.5046296296296297,0.789351851851852,8,1,0,1,2,4,0,6,3,P07,xgb,10,"{'subsample': 0.6, 'reg_lambda': 1, 'reg_alpha': 0.1, 'min_child_weight': 1, 'max_depth': 2, 'learning_rate': 0.01, 'gamma': 2, 'colsample_bytree': 0.7, 'colsample_bylevel': 0.6, 'n_estimators': 300}",0.7879812618943053,repeated_stratified,0,4,full,sep
9,9,1.0,8,2,0.25,9,6,0.6666666666666666,0.6538461538461539,0.6105854929384341,0.8427968409586057,9,0,0,4,2,2,0,3,6,P07,xgb,8,"{'subsample': 1.0, 'reg_lambda': 5, 'reg_alpha': 0.1, 'min_child_weight': 1, 'max_depth': 8, 'learning_rate': 0.03, 'gamma': 0.1, 'colsample_bytree': 0.7, 'colsample_bylevel': 0.8, 'n_estimators': 300}",0.7764098019532802,repeated_stratified,1,0,full,sep
9,6,0.6666666666666666,8,1,0.125,9,5,0.5555555555555556,0.4615384615384615,0.4380913204442616,0.6840277777777777,6,2,1,0,1,7,2,2,5,P07,xgb,8,"{'subsample': 1.0, 'reg_lambda': 5, 'reg_alpha': 0, 'min_child_weight': 1, 'max_depth': 2, 'learning_rate': 0.01, 'gamma': 0, 'colsample_bytree': 0.6, 'colsample_bylevel': 0.8, 'n_estimators': 300}",0.7954625225211523,repeated_stratified,1,1,full,sep
8,8,1.0,8,1,0.125,9,8,0.8888888888888888,0.68,0.6022544283413849,0.8613834422657952,8,0,0,1,1,6,1,0,8,P07,xgb,9,"{'subsample': 0.6, 'reg_lambda': 1, 'reg_alpha': 0.1, 'min_child_weight': 1, 'max_depth': 2, 'learning_rate': 0.01, 'gamma': 2, 'colsample_bytree': 0.7, 'colsample_bylevel': 0.6, 'n_estimators': 300}",0.7798162787293221,repeated_stratified,1,2,full,sep
9,8,0.8888888888888888,8,5,0.625,8,4,0.5,0.68,0.676470588235294,0.7791394335511983,8,0,1,0,5,3,0,4,4,P07,xgb,10,"{'subsample': 1.0, 'reg_lambda': 3, 'reg_alpha': 0.5, 'min_child_weight': 1, 'max_depth': 2, 'learning_rate': 0.05, 'gamma': 0, 'colsample_bytree': 0.7, 'colsample_bylevel': 0.8, 'n_estimators': 300}",0.8075391597130728,repeated_stratified,1,3,full,sep
9,8,0.8888888888888888,7,3,0.4285714285714285,9,7,0.7777777777777778,0.72,0.6957564852301695,0.8625992063492064,8,1,0,1,3,3,0,2,7,P07,xgb,9,"{'subsample': 1.0, 'reg_lambda': 1, 'reg_alpha': 0.5, 'min_child_weight': 1, 'max_depth': 4, 'learning_rate': 0.01, 'gamma': 0.5, 'colsample_bytree': 0.6, 'colsample_bylevel': 0.8, 'n_estimators': 300}",0.7836261162348119,repeated_stratified,1,4,full,sep
9,8,0.8888888888888888,8,2,0.25,9,6,0.6666666666666666,0.6153846153846154,0.5832658569500674,0.7691993464052288,8,0,1,2,2,4,0,3,6,P07,xgb,10,"{'subsample': 0.8, 'reg_lambda': 1, 'reg_alpha': 0.5, 'min_child_weight': 1, 'max_depth': 2, 'learning_rate': 0.01, 'gamma': 0.1, 'colsample_bytree': 0.7, 'colsample_bylevel': 0.6, 'n_estimators': 300}",0.8138749151595001,repeated_stratified,2,0,full,sep
9,6,0.6666666666666666,8,1,0.125,9,8,0.8888888888888888,0.5769230769230769,0.5355555555555556,0.8402096949891068,6,2,1,0,1,7,0,1,8,P07,xgb,9,"{'subsample': 0.8, 'reg_lambda': 1, 'reg_alpha': 0.1, 'min_child_weight': 1, 'max_depth': 4, 'learning_rate': 0.05, 'gamma': 0.5, 'colsample_bytree': 0.7, 'colsample_bylevel': 0.6, 'n_estimators': 300}",0.7685161816420051,repeated_stratified,2,1,full,sep
8,8,1.0,8,4,0.5,9,4,0.4444444444444444,0.64,0.6296296296296297,0.806917211328976,8,0,0,1,4,3,1,4,4,P07,xgb,10,"{'subsample': 0.8, 'reg_lambda': 3, 'reg_alpha': 0.1, 'min_child_weight': 1, 'max_depth': 2, 'learning_rate': 0.03, 'gamma': 1, 'colsample_bytree': 0.6, 'colsample_bylevel': 0.6, 'n_estimators': 300}",0.7862593324549847,repeated_stratified,2,2,full,sep
9,7,0.7777777777777778,8,2,0.25,8,3,0.375,0.48,0.4710239651416121,0.7799564270152505,7,2,0,2,2,4,0,5,3,P07,xgb,10,"{'subsample': 0.6, 'reg_lambda': 5, 'reg_alpha': 0.5, 'min_child_weight': 1, 'max_depth': 8, 'learning_rate': 0.03, 'gamma': 0.3, 'colsample_bytree': 0.6, 'colsample_bylevel': 0.6, 'n_estimators': 300}",0.7906556507099985,repeated_stratified,2,3,full,sep
9,8,0.8888888888888888,7,4,0.5714285714285714,9,2,0.2222222222222222,0.56,0.5392112760533813,0.7615740740740741,8,1,0,1,4,2,0,7,2,P07,xgb,9,"{'subsample': 1.0, 'reg_lambda': 3, 'reg_alpha': 0.5, 'min_child_weight': 1, 'max_depth': 2, 'learning_rate': 0.05, 'gamma': 0, 'colsample_bytree': 0.7, 'colsample_bylevel': 0.8, 'n_estimators': 300}",0.7919704289269506,repeated_stratified,2,4,full,sep
9,8,0.8888888888888888,8,4,0.5,9,3,0.3333333333333333,0.5769230769230769,0.579520697167756,0.7763480392156863,8,0,1,0,4,4,0,6,3,P07,xgb,9,"{'subsample': 1.0, 'reg_lambda': 10, 'reg_alpha': 0.5, 'min_child_weight': 1, 'max_depth': 4, 'learning_rate': 0.03, 'gamma': 1, 'colsample_bytree': 0.7, 'colsample_bylevel': 0.8, 'n_estimators': 300}",0.7943509971095611,repeated_stratified,3,0,full,sep
9,9,1.0,8,2,0.25,9,4,0.4444444444444444,0.5769230769230769,0.5528265107212476,0.8029684095860565,9,0,0,1,2,5,0,5,4,P07,xgb,9,"{'subsample': 0.8, 'reg_lambda': 10, 'reg_alpha': 0.1, 'min_child_weight': 1, 'max_depth': 16, 'learning_rate': 0.01, 'gamma': 0.1, 'colsample_bytree': 0.6, 'colsample_bylevel': 0.6, 'n_estimators': 300}",0.7900574934995225,repeated_stratified,3,1,full,sep
8,7,0.875,8,2,0.25,9,7,0.7777777777777778,0.64,0.61489898989899,0.7963643790849674,7,1,0,0,2,6,1,1,7,P07,xgb,10,"{'subsample': 0.8, 'reg_lambda': 3, 'reg_alpha': 0.1, 'min_child_weight': 1, 'max_depth': 2, 'learning_rate': 0.03, 'gamma': 1, 'colsample_bytree': 0.6, 'colsample_bylevel': 0.6, 'n_estimators': 300}",0.7963640023422632,repeated_stratified,3,2,full,sep
9,8,0.8888888888888888,8,0,0.0,8,7,0.875,0.6,0.4787878787878788,0.8037854030501089,8,0,1,2,0,6,1,0,7,P07,xgb,11,"{'subsample': 1.0, 'reg_lambda': 5, 'reg_alpha': 0, 'min_child_weight': 1, 'max_depth': 2, 'learning_rate': 0.01, 'gamma': 0, 'colsample_bytree': 0.6, 'colsample_bylevel': 0.8, 'n_estimators': 300}",0.7933821914800175,repeated_stratified,3,3,full,sep
9,8,0.8888888888888888,7,4,0.5714285714285714,9,5,0.5555555555555556,0.68,0.666812865497076,0.871031746031746,8,1,0,1,4,2,1,3,5,P07,xgb,10,"{'subsample': 1.0, 'reg_lambda': 10, 'reg_alpha': 0.1, 'min_child_weight': 1, 'max_depth': 2, 'learning_rate': 0.03, 'gamma': 0.3, 'colsample_bytree': 0.6, 'colsample_bylevel': 0.6, 'n_estimators': 300}",0.7872767530376227,repeated_stratified,3,4,full,sep
9,9,1.0,8,0,0.0,9,7,0.7777777777777778,0.6153846153846154,0.4886128364389234,0.7977941176470588,9,0,0,1,0,7,2,0,7,P07,xgb,8,"{'subsample': 1.0, 'reg_lambda': 10, 'reg_alpha': 0, 'min_child_weight': 1, 'max_depth': 16, 'learning_rate': 0.05, 'gamma': 2, 'colsample_bytree': 0.6, 'colsample_bylevel': 0.8, 'n_estimators': 300}",0.7819949011730962,repeated_stratified,4,0,full,sep
9,7,0.7777777777777778,8,1,0.125,9,6,0.6666666666666666,0.5384615384615384,0.5037593984962406,0.7152096949891068,7,2,0,3,1,4,0,3,6,P07,xgb,10,"{'subsample': 1.0, 'reg_lambda': 10, 'reg_alpha': 0.5, 'min_child_weight': 1, 'max_depth': 4, 'learning_rate': 0.03, 'gamma': 1, 'colsample_bytree': 0.7, 'colsample_bylevel': 0.8, 'n_estimators': 300}",0.8434433384285162,repeated_stratified,4,1,full,sep
8,7,0.875,8,4,0.5,9,6,0.6666666666666666,0.68,0.6799707602339181,0.8741830065359477,7,1,0,0,4,4,1,2,6,P07,xgb,10,"{'subsample': 0.8, 'reg_lambda': 10, 'reg_alpha': 0.5, 'min_child_weight': 1, 'max_depth': 2, 'learning_rate': 0.05, 'gamma': 0.5, 'colsample_bytree': 0.7, 'colsample_bylevel': 0.8, 'n_estimators': 300}",0.7982588566827697,repeated_stratified,4,2,full,sep
9,8,0.8888888888888888,8,2,0.25,8,3,0.375,0.52,0.4973684210526315,0.7766884531590413,8,1,0,2,2,4,0,5,3,P07,xgb,9,"{'subsample': 0.8, 'reg_lambda': 1, 'reg_alpha': 0.5, 'min_child_weight': 1, 'max_depth': 2, 'learning_rate': 0.01, 'gamma': 0.1, 'colsample_bytree': 0.7, 'colsample_bylevel': 0.6, 'n_estimators': 300}",0.8183309544722587,repeated_stratified,4,3,full,sep
9,8,0.8888888888888888,7,2,0.2857142857142857,9,5,0.5555555555555556,0.6,0.5844021819254017,0.8257275132275131,8,1,0,0,2,5,0,4,5,P07,xgb,9,"{'subsample': 0.8, 'reg_lambda': 10, 'reg_alpha': 0.5, 'min_child_weight': 1, 'max_depth': 2, 'learning_rate': 0.05, 'gamma': 0.5, 'colsample_bytree': 0.7, 'colsample_bylevel': 0.8, 'n_estimators': 300}",0.8267676767676767,repeated_stratified,4,4,full,sep
9,6,0.6666666666666666,8,2,0.25,9,7,0.7777777777777778,0.5769230769230769,0.5573593073593073,0.7122821350762526,6,2,1,1,2,5,0,2,7,P07,xgb,10,"{'subsample': 0.6, 'reg_lambda': 1, 'reg_alpha': 0.1, 'min_child_weight': 1, 'max_depth': 2, 'learning_rate': 0.01, 'gamma': 2, 'colsample_bytree': 0.7, 'colsample_bylevel': 0.6, 'n_estimators': 300}",0.8327123103802946,repeated_stratified,5,0,full,sep
9,8,0.8888888888888888,8,2,0.25,9,8,0.8888888888888888,0.6923076923076923,0.6459191456903127,0.8899101307189543,8,0,1,1,2,5,1,0,8,P07,xgb,10,"{'subsample': 0.6, 'reg_lambda': 1, 'reg_alpha': 0.1, 'min_child_weight': 1, 'max_depth': 2, 'learning_rate': 0.01, 'gamma': 2, 'colsample_bytree': 0.7, 'colsample_bylevel': 0.6, 'n_estimators': 300}",0.8109282406219166,repeated_stratified,5,1,full,sep
8,8,1.0,8,0,0.0,9,7,0.7777777777777778,0.6,0.5166240409207161,0.8268654684095861,8,0,0,1,0,7,0,2,7,P07,xgb,8,"{'subsample': 1.0, 'reg_lambda': 5, 'reg_alpha': 0.5, 'min_child_weight': 1, 'max_depth': 4, 'learning_rate': 0.05, 'gamma': 2, 'colsample_bytree': 0.6, 'colsample_bylevel': 0.6, 'n_estimators': 300}",0.7940894451764017,repeated_stratified,5,2,full,sep
9,8,0.8888888888888888,8,1,0.125,8,5,0.625,0.56,0.5156325156325156,0.7764842047930283,8,0,1,0,1,7,1,2,5,P07,xgb,7,"{'subsample': 1.0, 'reg_lambda': 5, 'reg_alpha': 0.5, 'min_child_weight': 1, 'max_depth': 4, 'learning_rate': 0.05, 'gamma': 2, 'colsample_bytree': 0.6, 'colsample_bylevel': 0.6, 'n_estimators': 300}",0.7558071658615136,repeated_stratified,5,3,full,sep
9,9,1.0,7,1,0.1428571428571428,9,3,0.3333333333333333,0.52,0.4810555801267875,0.7723214285714287,9,0,0,1,1,5,0,6,3,P07,xgb,9,"{'subsample': 0.6, 'reg_lambda': 1, 'reg_alpha': 0.1, 'min_child_weight': 1, 'max_depth': 2, 'learning_rate': 0.01, 'gamma': 2, 'colsample_bytree': 0.7, 'colsample_bylevel': 0.6, 'n_estimators': 300}",0.8048400673400673,repeated_stratified,5,4,full,sep
9,9,1.0,8,4,0.5,9,6,0.6666666666666666,0.7307692307692307,0.7167919799498748,0.9129901960784316,9,0,0,0,4,4,1,2,6,P07,xgb,9,"{'subsample': 0.8, 'reg_lambda': 10, 'reg_alpha': 0.5, 'min_child_weight': 1, 'max_depth': 8, 'learning_rate': 0.01, 'gamma': 0.3, 'colsample_bytree': 0.7, 'colsample_bylevel': 0.6, 'n_estimators': 300}",0.7661303376636052,repeated_stratified,6,0,full,sep
9,8,0.8888888888888888,8,2,0.25,9,4,0.4444444444444444,0.5384615384615384,0.5162907268170426,0.7290305010893245,8,0,1,1,2,5,1,4,4,P07,xgb,9,"{'subsample': 1.0, 'reg_lambda': 5, 'reg_alpha': 0.1, 'min_child_weight': 1, 'max_depth': 8, 'learning_rate': 0.03, 'gamma': 0.1, 'colsample_bytree': 0.7, 'colsample_bylevel': 0.8, 'n_estimators': 300}",0.8370175498633996,repeated_stratified,6,1,full,sep
8,8,1.0,8,4,0.5,9,5,0.5555555555555556,0.68,0.676470588235294,0.7892156862745098,8,0,0,1,4,3,0,4,5,P07,xgb,10,"{'subsample': 0.6, 'reg_lambda': 5, 'reg_alpha': 0.5, 'min_child_weight': 1, 'max_depth': 8, 'learning_rate': 0.03, 'gamma': 0.3, 'colsample_bytree': 0.6, 'colsample_bylevel': 0.6, 'n_estimators': 300}",0.8323378714683063,repeated_stratified,6,2,full,sep
9,9,1.0,8,1,0.125,8,7,0.875,0.68,0.6,0.8261165577342048,9,0,0,2,1,5,0,1,7,P07,xgb,7,"{'subsample': 1.0, 'reg_lambda': 10, 'reg_alpha': 0.1, 'min_child_weight': 1, 'max_depth': 2, 'learning_rate': 0.03, 'gamma': 0.3, 'colsample_bytree': 0.6, 'colsample_bylevel': 0.6, 'n_estimators': 300}",0.7592409603279168,repeated_stratified,6,3,full,sep
9,3,0.3333333333333333,7,5,0.7142857142857143,9,4,0.4444444444444444,0.48,0.4831390831390831,0.6994047619047619,3,6,0,0,5,2,1,4,4,P07,xgb,11,"{'subsample': 0.8, 'reg_lambda': 3, 'reg_alpha': 0.1, 'min_child_weight': 1, 'max_depth': 2, 'learning_rate': 0.03, 'gamma': 1, 'colsample_bytree': 0.6, 'colsample_bylevel': 0.6, 'n_estimators': 300}",0.8194828722002635,repeated_stratified,6,4,full,sep
9,7,0.7777777777777778,8,2,0.25,9,3,0.3333333333333333,0.4615384615384615,0.4456140350877193,0.6588371459694989,7,1,1,1,2,5,2,4,3,P07,xgb,11,"{'subsample': 1.0, 'reg_lambda': 5, 'reg_alpha': 0.1, 'min_child_weight': 1, 'max_depth': 8, 'learning_rate': 0.03, 'gamma': 0.1, 'colsample_bytree': 0.7, 'colsample_bylevel': 0.8, 'n_estimators': 300}",0.8658256446135234,repeated_stratified,7,0,full,sep
9,7,0.7777777777777778,8,6,0.75,9,3,0.3333333333333333,0.6153846153846154,0.6154761904761905,0.8444989106753812,7,1,1,0,6,2,0,6,3,P07,xgb,8,"{'subsample': 0.8, 'reg_lambda': 1, 'reg_alpha': 0.1, 'min_child_weight': 1, 'max_depth': 4, 'learning_rate': 0.05, 'gamma': 0.5, 'colsample_bytree': 0.7, 'colsample_bylevel': 0.6, 'n_estimators': 300}",0.7818381838968137,repeated_stratified,7,1,full,sep
8,8,1.0,8,3,0.375,9,7,0.7777777777777778,0.72,0.7009049773755655,0.8819444444444445,8,0,0,1,3,4,0,2,7,P07,xgb,9,"{'subsample': 0.8, 'reg_lambda': 10, 'reg_alpha': 0.5, 'min_child_weight': 1, 'max_depth': 8, 'learning_rate': 0.01, 'gamma': 0.3, 'colsample_bytree': 0.7, 'colsample_bylevel': 0.6, 'n_estimators': 300}",0.7891926511491728,repeated_stratified,7,2,full,sep
9,8,0.8888888888888888,8,2,0.25,8,5,0.625,0.6,0.5720182809966091,0.8293845315904139,8,1,0,2,2,4,0,3,5,P07,xgb,9,"{'subsample': 0.8, 'reg_lambda': 1, 'reg_alpha': 0.1, 'min_child_weight': 1, 'max_depth': 4, 'learning_rate': 0.05, 'gamma': 0.5, 'colsample_bytree': 0.7, 'colsample_bylevel': 0.6, 'n_estimators': 300}",0.8103068730786122,repeated_stratified,7,3,full,sep
9,8,0.8888888888888888,7,3,0.4285714285714285,9,7,0.7777777777777778,0.72,0.6962962962962962,0.8505291005291006,8,0,1,1,3,3,0,2,7,P07,xgb,9,"{'subsample': 1.0, 'reg_lambda': 5, 'reg_alpha': 0, 'min_child_weight': 1, 'max_depth': 2, 'learning_rate': 0.01, 'gamma': 0, 'colsample_bytree': 0.6, 'colsample_bylevel': 0.8, 'n_estimators': 300}",0.8206649831649832,repeated_stratified,7,4,full,sep
9,8,0.8888888888888888,8,4,0.5,9,4,0.4444444444444444,0.6153846153846154,0.6100217864923748,0.8073937908496732,8,1,0,0,4,4,1,4,4,P07,xgb,9,"{'subsample': 1.0, 'reg_lambda': 5, 'reg_alpha': 0, 'min_child_weight': 1, 'max_depth': 2, 'learning_rate': 0.01, 'gamma': 0, 'colsample_bytree': 0.6, 'colsample_bylevel': 0.8, 'n_estimators': 300}",0.806360613475238,repeated_stratified,8,0,full,sep
9,8,0.8888888888888888,8,1,0.125,9,6,0.6666666666666666,0.5769230769230769,0.5267335004177109,0.7393790849673202,8,0,1,2,1,5,0,3,6,P07,xgb,11,"{'subsample': 1.0, 'reg_lambda': 3, 'reg_alpha': 0, 'min_child_weight': 1, 'max_depth': 4, 'learning_rate': 0.01, 'gamma': 0.3, 'colsample_bytree': 0.6, 'colsample_bylevel': 0.6, 'n_estimators': 300}",0.8246166809572606,repeated_stratified,8,1,full,sep
8,7,0.875,8,2,0.25,9,3,0.3333333333333333,0.48,0.4754901960784314,0.7223583877995643,7,0,1,2,2,4,0,6,3,P07,xgb,9,"{'subsample': 1.0, 'reg_lambda': 3, 'reg_alpha': 0.5, 'min_child_weight': 1, 'max_depth': 2, 'learning_rate': 0.05, 'gamma': 0, 'colsample_bytree': 0.7, 'colsample_bylevel': 0.8, 'n_estimators': 300}",0.857989313424096,repeated_stratified,8,2,full,sep
9,8,0.8888888888888888,8,2,0.25,8,5,0.625,0.6,0.5844021819254017,0.7436002178649237,8,1,0,0,2,6,0,3,5,P07,xgb,10,"{'subsample': 0.8, 'reg_lambda': 1, 'reg_alpha': 0.1, 'min_child_weight': 1, 'max_depth': 4, 'learning_rate': 0.05, 'gamma': 0.5, 'colsample_bytree': 0.7, 'colsample_bylevel': 0.6, 'n_estimators': 300}",0.8193355658029571,repeated_stratified,8,3,full,sep
9,8,0.8888888888888888,7,3,0.4285714285714285,9,6,0.6666666666666666,0.68,0.6558069381598793,0.8138227513227513,8,1,0,2,3,2,1,2,6,P07,xgb,9,"{'subsample': 0.8, 'reg_lambda': 1, 'reg_alpha': 0, 'min_child_weight': 1, 'max_depth': 4, 'learning_rate': 0.01, 'gamma': 0, 'colsample_bytree': 0.7, 'colsample_bylevel': 0.8, 'n_estimators': 300}",0.7696786707656272,repeated_stratified,8,4,full,sep
9,6,0.6666666666666666,8,1,0.125,9,6,0.6666666666666666,0.5,0.4794372294372294,0.6928104575163397,6,2,1,1,1,6,0,3,6,P07,xgb,10,"{'subsample': 0.8, 'reg_lambda': 10, 'reg_alpha': 0.5, 'min_child_weight': 1, 'max_depth': 8, 'learning_rate': 0.01, 'gamma': 0.3, 'colsample_bytree': 0.7, 'colsample_bylevel': 0.6, 'n_estimators': 300}",0.8363906490718085,repeated_stratified,9,0,full,sep
9,8,0.8888888888888888,8,2,0.25,9,6,0.6666666666666666,0.6153846153846154,0.5994397759103641,0.8397331154684095,8,1,0,0,2,6,0,3,6,P07,xgb,9,"{'subsample': 1.0, 'reg_lambda': 1, 'reg_alpha': 0.5, 'min_child_weight': 1, 'max_depth': 4, 'learning_rate': 0.01, 'gamma': 0.5, 'colsample_bytree': 0.6, 'colsample_bylevel': 0.8, 'n_estimators': 300}",0.7768576781999048,repeated_stratified,9,1,full,sep
8,7,0.875,8,3,0.375,9,6,0.6666666666666666,0.64,0.6444444444444445,0.7731481481481483,7,1,0,0,3,5,0,3,6,P07,xgb,10,"{'subsample': 1.0, 'reg_lambda': 5, 'reg_alpha': 0.1, 'min_child_weight': 1, 'max_depth': 8, 'learning_rate': 0.03, 'gamma': 0.1, 'colsample_bytree': 0.7, 'colsample_bylevel': 0.8, 'n_estimators': 300}",0.8101037549407114,repeated_stratified,9,2,full,sep
9,9,1.0,8,3,0.375,8,5,0.625,0.68,0.6484593837535014,0.8872549019607843,9,0,0,1,3,4,2,1,5,P07,xgb,10,"{'subsample': 1.0, 'reg_lambda': 1, 'reg_alpha': 0.5, 'min_child_weight': 1, 'max_depth': 4, 'learning_rate': 0.01, 'gamma': 0.5, 'colsample_bytree': 0.6, 'colsample_bylevel': 0.8, 'n_estimators': 300}",0.7772434489825794,repeated_stratified,9,3,full,sep
9,9,1.0,7,1,0.1428571428571428,9,4,0.4444444444444444,0.56,0.4942028985507247,0.7757936507936508,9,0,0,4,1,2,1,4,4,P07,xgb,10,"{'subsample': 0.8, 'reg_lambda': 3, 'reg_alpha': 0.1, 'min_child_weight': 1, 'max_depth': 2, 'learning_rate': 0.03, 'gamma': 1, 'colsample_bytree': 0.6, 'colsample_bylevel': 0.6, 'n_estimators': 300}",0.7825336700336699,repeated_stratified,9,4,full,sep
8,2,0.25,8,2,0.25,8,3,0.375,0.2916666666666667,0.2943121693121693,0.5130208333333334,2,4,2,3,2,3,1,4,3,P08,xgb,17,"{'subsample': 1.0, 'reg_lambda': 10, 'reg_alpha': 0.5, 'min_child_weight': 1, 'max_depth': 4, 'learning_rate': 0.03, 'gamma': 1, 'colsample_bytree': 0.7, 'colsample_bylevel': 0.8, 'n_estimators': 300}",0.5861071027737695,repeated_stratified,0,0,full,sep
8,0,0.0,8,3,0.375,8,3,0.375,0.25,0.2229102167182662,0.3932291666666667,0,3,5,2,3,3,2,3,3,P08,xgb,21,"{'subsample': 0.8, 'reg_lambda': 10, 'reg_alpha': 0.5, 'min_child_weight': 1, 'max_depth': 2, 'learning_rate': 0.05, 'gamma': 0.5, 'colsample_bytree': 0.7, 'colsample_bylevel': 0.8, 'n_estimators': 300}",0.6359948693282026,repeated_stratified,0,1,full,sep
7,2,0.2857142857142857,8,4,0.5,8,3,0.375,0.391304347826087,0.3886087768440709,0.5531746031746031,2,4,1,2,4,2,4,1,3,P08,xgb,15,"{'subsample': 0.6, 'reg_lambda': 1, 'reg_alpha': 0.1, 'min_child_weight': 1, 'max_depth': 2, 'learning_rate': 0.01, 'gamma': 2, 'colsample_bytree': 0.7, 'colsample_bylevel': 0.6, 'n_estimators': 300}",0.60494227994228,repeated_stratified,0,2,full,sep
7,5,0.7142857142857143,8,2,0.25,8,2,0.25,0.391304347826087,0.373015873015873,0.5847222222222223,5,2,0,4,2,2,4,2,2,P08,xgb,21,"{'subsample': 0.6, 'reg_lambda': 1, 'reg_alpha': 0.1, 'min_child_weight': 1, 'max_depth': 2, 'learning_rate': 0.01, 'gamma': 2, 'colsample_bytree': 0.7, 'colsample_bylevel': 0.6, 'n_estimators': 300}",0.5752765752765753,repeated_stratified,0,3,full,sep
7,2,0.2857142857142857,8,5,0.625,8,5,0.625,0.5217391304347826,0.5108932461873638,0.6003968253968254,2,4,1,0,5,3,0,3,5,P08,xgb,21,"{'subsample': 0.8, 'reg_lambda': 3, 'reg_alpha': 0.1, 'min_child_weight': 1, 'max_depth': 2, 'learning_rate': 0.05, 'gamma': 2, 'colsample_bytree': 0.7, 'colsample_bylevel': 0.6, 'n_estimators': 300}",0.5439514189514191,repeated_stratified,0,4,full,sep
8,3,0.375,8,4,0.5,8,4,0.5,0.4583333333333333,0.4638802889576883,0.5208333333333334,3,2,3,0,4,4,1,3,4,P08,xgb,20,"{'subsample': 0.6, 'reg_lambda': 1, 'reg_alpha': 0, 'min_child_weight': 1, 'max_depth': 2, 'learning_rate': 0.03, 'gamma': 0, 'colsample_bytree': 0.6, 'colsample_bylevel': 0.6, 'n_estimators': 300}",0.5007736091069425,repeated_stratified,1,0,full,sep
8,2,0.25,8,3,0.375,8,2,0.25,0.2916666666666667,0.3073549257759784,0.40625,2,2,4,3,3,2,6,0,2,P08,xgb,16,"{'subsample': 0.8, 'reg_lambda': 10, 'reg_alpha': 0.1, 'min_child_weight': 1, 'max_depth': 16, 'learning_rate': 0.01, 'gamma': 0.1, 'colsample_bytree': 0.6, 'colsample_bylevel': 0.6, 'n_estimators': 300}",0.6652076318742987,repeated_stratified,1,1,full,sep
7,2,0.2857142857142857,8,3,0.375,8,3,0.375,0.3478260869565217,0.3470085470085469,0.5575396825396824,2,3,2,3,3,2,1,4,3,P08,xgb,16,"{'subsample': 1.0, 'reg_lambda': 10, 'reg_alpha': 0.5, 'min_child_weight': 1, 'max_depth': 4, 'learning_rate': 0.03, 'gamma': 1, 'colsample_bytree': 0.7, 'colsample_bylevel': 0.8, 'n_estimators': 300}",0.5997354497354497,repeated_stratified,1,2,full,sep
7,1,0.1428571428571428,8,4,0.5,8,2,0.25,0.3043478260869565,0.2851037851037851,0.4755952380952381,1,6,0,1,4,3,3,3,2,P08,xgb,20,"{'subsample': 0.6, 'reg_lambda': 5, 'reg_alpha': 0.5, 'min_child_weight': 1, 'max_depth': 8, 'learning_rate': 0.03, 'gamma': 0.3, 'colsample_bytree': 0.6, 'colsample_bylevel': 0.6, 'n_estimators': 300}",0.5734247234247234,repeated_stratified,1,3,full,sep
7,2,0.2857142857142857,8,5,0.625,8,3,0.375,0.4347826086956521,0.4227994227994228,0.5712301587301586,2,4,1,1,5,2,1,4,3,P08,xgb,21,"{'subsample': 1.0, 'reg_lambda': 3, 'reg_alpha': 0, 'min_child_weight': 1, 'max_depth': 4, 'learning_rate': 0.01, 'gamma': 0.3, 'colsample_bytree': 0.6, 'colsample_bylevel': 0.6, 'n_estimators': 300}",0.5147667147667148,repeated_stratified,1,4,full,sep
8,0,0.0,8,5,0.625,8,4,0.5,0.375,0.3155929038281979,0.4401041666666667,0,4,4,2,5,1,0,4,4,P08,xgb,8,"{'subsample': 1.0, 'reg_lambda': 5, 'reg_alpha': 0.5, 'min_child_weight': 1, 'max_depth': 4, 'learning_rate': 0.05, 'gamma': 2, 'colsample_bytree': 0.6, 'colsample_bylevel': 0.6, 'n_estimators': 300}",0.6558962642295976,repeated_stratified,2,0,full,sep
8,3,0.375,8,2,0.25,8,3,0.375,0.3333333333333333,0.3367647058823529,0.5416666666666666,3,4,1,2,2,4,2,3,3,P08,xgb,21,"{'subsample': 0.8, 'reg_lambda': 10, 'reg_alpha': 0.5, 'min_child_weight': 1, 'max_depth': 8, 'learning_rate': 0.01, 'gamma': 0.3, 'colsample_bytree': 0.7, 'colsample_bylevel': 0.6, 'n_estimators': 300}",0.6052429052429052,repeated_stratified,2,1,full,sep
7,3,0.4285714285714285,8,4,0.5,8,4,0.5,0.4782608695652174,0.4847953216374268,0.611111111111111,3,3,1,2,4,2,0,4,4,P08,xgb,21,"{'subsample': 1.0, 'reg_lambda': 1, 'reg_alpha': 0.5, 'min_child_weight': 1, 'max_depth': 4, 'learning_rate': 0.01, 'gamma': 0.5, 'colsample_bytree': 0.6, 'colsample_bylevel': 0.8, 'n_estimators': 300}",0.5778379028379029,repeated_stratified,2,2,full,sep
7,2,0.2857142857142857,8,4,0.5,8,3,0.375,0.391304347826087,0.3873015873015873,0.6134920634920635,2,4,1,2,4,2,1,4,3,P08,xgb,19,"{'subsample': 0.8, 'reg_lambda': 3, 'reg_alpha': 0.1, 'min_child_weight': 1, 'max_depth': 2, 'learning_rate': 0.05, 'gamma': 2, 'colsample_bytree': 0.7, 'colsample_bylevel': 0.6, 'n_estimators': 300}",0.5193963443963444,repeated_stratified,2,3,full,sep
7,2,0.2857142857142857,8,3,0.375,8,2,0.25,0.3043478260869565,0.3121693121693121,0.4156746031746032,2,2,3,4,3,1,5,1,2,P08,xgb,21,"{'subsample': 0.8, 'reg_lambda': 1, 'reg_alpha': 0.1, 'min_child_weight': 1, 'max_depth': 4, 'learning_rate': 0.05, 'gamma': 0.5, 'colsample_bytree': 0.7, 'colsample_bylevel': 0.6, 'n_estimators': 300}",0.5883597883597883,repeated_stratified,2,4,full,sep
8,5,0.625,8,7,0.875,8,4,0.5,0.6666666666666666,0.6592592592592593,0.7005208333333334,5,0,3,1,7,0,1,3,4,P08,xgb,21,"{'subsample': 0.6, 'reg_lambda': 5, 'reg_alpha': 0, 'min_child_weight': 1, 'max_depth': 2, 'learning_rate': 0.01, 'gamma': 0.3, 'colsample_bytree': 0.7, 'colsample_bylevel': 0.6, 'n_estimators': 300}",0.5013107263107264,repeated_stratified,3,0,full,sep
8,1,0.125,8,5,0.625,8,2,0.25,0.3333333333333333,0.3068376068376068,0.4739583333333333,1,5,2,0,5,3,4,2,2,P08,xgb,20,"{'subsample': 1.0, 'reg_lambda': 5, 'reg_alpha': 0.5, 'min_child_weight': 1, 'max_depth': 4, 'learning_rate': 0.03, 'gamma': 0, 'colsample_bytree': 0.6, 'colsample_bylevel': 0.8, 'n_estimators': 300}",0.5710998877665544,repeated_stratified,3,1,full,sep
7,2,0.2857142857142857,8,3,0.375,8,2,0.25,0.3043478260869565,0.3030653556969346,0.4261904761904762,2,4,1,3,3,2,2,4,2,P08,xgb,6,"{'subsample': 1.0, 'reg_lambda': 10, 'reg_alpha': 0.5, 'min_child_weight': 1, 'max_depth': 4, 'learning_rate': 0.03, 'gamma': 1, 'colsample_bytree': 0.7, 'colsample_bylevel': 0.8, 'n_estimators': 300}",0.6469576719576718,repeated_stratified,3,2,full,sep
7,0,0.0,8,4,0.5,8,4,0.5,0.3478260869565217,0.3111111111111111,0.4736111111111111,0,1,6,2,4,2,2,2,4,P08,xgb,8,"{'subsample': 1.0, 'reg_lambda': 10, 'reg_alpha': 0.1, 'min_child_weight': 1, 'max_depth': 2, 'learning_rate': 0.03, 'gamma': 0.3, 'colsample_bytree': 0.6, 'colsample_bylevel': 0.6, 'n_estimators': 300}",0.6197931697931698,repeated_stratified,3,3,full,sep
7,3,0.4285714285714285,8,0,0.0,8,6,0.75,0.391304347826087,0.3428571428571428,0.5632936507936508,3,3,1,3,0,5,1,1,6,P08,xgb,7,"{'subsample': 0.8, 'reg_lambda': 1, 'reg_alpha': 0, 'min_child_weight': 1, 'max_depth': 8, 'learning_rate': 0.01, 'gamma': 0.3, 'colsample_bytree': 0.6, 'colsample_bylevel': 0.8, 'n_estimators': 300}",0.5767556517556519,repeated_stratified,3,4,full,sep
8,6,0.75,8,3,0.375,8,2,0.25,0.4583333333333333,0.4427350427350427,0.5442708333333334,6,1,1,1,3,4,5,1,2,P08,xgb,21,"{'subsample': 0.8, 'reg_lambda': 3, 'reg_alpha': 0.1, 'min_child_weight': 1, 'max_depth': 2, 'learning_rate': 0.03, 'gamma': 1, 'colsample_bytree': 0.6, 'colsample_bylevel': 0.6, 'n_estimators': 300}",0.5396745230078563,repeated_stratified,4,0,full,sep
8,2,0.25,8,3,0.375,8,5,0.625,0.4166666666666667,0.4079254079254079,0.5625,2,1,5,1,3,4,2,1,5,P08,xgb,20,"{'subsample': 0.6, 'reg_lambda': 5, 'reg_alpha': 0, 'min_child_weight': 1, 'max_depth': 2, 'learning_rate': 0.01, 'gamma': 0.3, 'colsample_bytree': 0.7, 'colsample_bylevel': 0.6, 'n_estimators': 300}",0.552372935706269,repeated_stratified,4,1,full,sep
7,2,0.2857142857142857,8,3,0.375,8,4,0.5,0.391304347826087,0.3989441930618401,0.5674603174603174,2,2,3,4,3,1,4,0,4,P08,xgb,21,"{'subsample': 0.6, 'reg_lambda': 1, 'reg_alpha': 0.1, 'min_child_weight': 1, 'max_depth': 2, 'learning_rate': 0.01, 'gamma': 2, 'colsample_bytree': 0.7, 'colsample_bylevel': 0.6, 'n_estimators': 300}",0.542003367003367,repeated_stratified,4,2,full,sep
7,2,0.2857142857142857,8,3,0.375,8,4,0.5,0.391304347826087,0.3983034509350299,0.5091269841269841,2,5,0,3,3,2,1,3,4,P08,xgb,17,"{'subsample': 0.6, 'reg_lambda': 1, 'reg_alpha': 0.1, 'min_child_weight': 1, 'max_depth': 2, 'learning_rate': 0.01, 'gamma': 2, 'colsample_bytree': 0.7, 'colsample_bylevel': 0.6, 'n_estimators': 300}",0.5750000000000001,repeated_stratified,4,3,full,sep
7,2,0.2857142857142857,8,2,0.25,8,5,0.625,0.391304347826087,0.3802054154995331,0.4985119047619048,2,3,2,4,2,2,2,1,5,P08,xgb,21,"{'subsample': 0.6, 'reg_lambda': 1, 'reg_alpha': 0, 'min_child_weight': 1, 'max_depth': 2, 'learning_rate': 0.03, 'gamma': 0, 'colsample_bytree': 0.6, 'colsample_bylevel': 0.6, 'n_estimators': 300}",0.6245069745069746,repeated_stratified,4,4,full,sep
8,4,0.5,8,3,0.375,8,4,0.5,0.4583333333333333,0.4620915032679738,0.5677083333333334,4,3,1,3,3,2,1,3,4,P08,xgb,21,"{'subsample': 0.8, 'reg_lambda': 10, 'reg_alpha': 0.1, 'min_child_weight': 1, 'max_depth': 16, 'learning_rate': 0.01, 'gamma': 0.1, 'colsample_bytree': 0.6, 'colsample_bylevel': 0.6, 'n_estimators': 300}",0.6074635241301909,repeated_stratified,5,0,full,sep
8,5,0.625,8,3,0.375,8,3,0.375,0.4583333333333333,0.4530423280423281,0.6276041666666666,5,2,1,3,3,2,2,3,3,P08,xgb,5,"{'subsample': 0.8, 'reg_lambda': 10, 'reg_alpha': 0.5, 'min_child_weight': 1, 'max_depth': 2, 'learning_rate': 0.05, 'gamma': 0.5, 'colsample_bytree': 0.7, 'colsample_bylevel': 0.8, 'n_estimators': 300}",0.6393899310565977,repeated_stratified,5,1,full,sep
7,3,0.4285714285714285,8,4,0.5,8,3,0.375,0.4347826086956521,0.43828197945845,0.5478174603174603,3,1,3,4,4,0,3,2,3,P08,xgb,21,"{'subsample': 0.6, 'reg_lambda': 1, 'reg_alpha': 0.1, 'min_child_weight': 1, 'max_depth': 2, 'learning_rate': 0.01, 'gamma': 2, 'colsample_bytree': 0.7, 'colsample_bylevel': 0.6, 'n_estimators': 300}",0.5211038961038961,repeated_stratified,5,2,full,sep
7,2,0.2857142857142857,8,4,0.5,8,4,0.5,0.4347826086956521,0.4292397660818713,0.5835317460317461,2,4,1,2,4,2,1,3,4,P08,xgb,21,"{'subsample': 0.6, 'reg_lambda': 1, 'reg_alpha': 0.1, 'min_child_weight': 1, 'max_depth': 2, 'learning_rate': 0.01, 'gamma': 2, 'colsample_bytree': 0.7, 'colsample_bylevel': 0.6, 'n_estimators': 300}",0.5625060125060126,repeated_stratified,5,3,full,sep
7,2,0.2857142857142857,8,2,0.25,8,3,0.375,0.3043478260869565,0.3107546048722518,0.4309523809523809,2,3,2,1,2,5,1,4,3,P08,xgb,21,"{'subsample': 0.8, 'reg_lambda': 10, 'reg_alpha': 0.1, 'min_child_weight': 1, 'max_depth': 16, 'learning_rate': 0.01, 'gamma': 0.1, 'colsample_bytree': 0.6, 'colsample_bylevel': 0.6, 'n_estimators': 300}",0.6178811928811929,repeated_stratified,5,4,full,sep
8,1,0.125,8,2,0.25,8,4,0.5,0.2916666666666667,0.2822188704541645,0.4088541666666667,1,5,2,3,2,3,1,3,4,P08,xgb,20,"{'subsample': 0.6, 'reg_lambda': 10, 'reg_alpha': 0.1, 'min_child_weight': 1, 'max_depth': 8, 'learning_rate': 0.03, 'gamma': 0.3, 'colsample_bytree': 0.6, 'colsample_bylevel': 0.8, 'n_estimators': 300}",0.5963764630431297,repeated_stratified,6,0,full,sep
8,4,0.5,8,4,0.5,8,2,0.25,0.4166666666666667,0.4197159565580617,0.5,4,2,2,1,4,3,1,5,2,P08,xgb,21,"{'subsample': 1.0, 'reg_lambda': 1, 'reg_alpha': 0.5, 'min_child_weight': 1, 'max_depth': 4, 'learning_rate': 0.01, 'gamma': 0.5, 'colsample_bytree': 0.6, 'colsample_bylevel': 0.8, 'n_estimators': 300}",0.5063251563251563,repeated_stratified,6,1,full,sep
7,4,0.5714285714285714,8,2,0.25,8,2,0.25,0.3478260869565217,0.3403508771929824,0.5692460317460317,4,2,1,5,2,1,3,3,2,P08,xgb,5,"{'subsample': 0.6, 'reg_lambda': 1, 'reg_alpha': 0, 'min_child_weight': 1, 'max_depth': 2, 'learning_rate': 0.03, 'gamma': 0, 'colsample_bytree': 0.6, 'colsample_bylevel': 0.6, 'n_estimators': 300}",0.6419672919672919,repeated_stratified,6,2,full,sep
7,1,0.1428571428571428,8,1,0.125,8,3,0.375,0.217391304347826,0.2068376068376068,0.4632936507936508,1,3,3,3,1,4,4,1,3,P08,xgb,21,"{'subsample': 0.8, 'reg_lambda': 1, 'reg_alpha': 0, 'min_child_weight': 1, 'max_depth': 8, 'learning_rate': 0.01, 'gamma': 0.3, 'colsample_bytree': 0.6, 'colsample_bylevel': 0.8, 'n_estimators': 300}",0.6014790764790764,repeated_stratified,6,3,full,sep
7,1,0.1428571428571428,8,6,0.75,8,5,0.625,0.5217391304347826,0.4891774891774892,0.5025793650793651,1,5,1,2,6,0,1,2,5,P08,xgb,21,"{'subsample': 0.8, 'reg_lambda': 3, 'reg_alpha': 0.1, 'min_child_weight': 1, 'max_depth': 2, 'learning_rate': 0.05, 'gamma': 2, 'colsample_bytree': 0.7, 'colsample_bylevel': 0.6, 'n_estimators': 300}",0.605050505050505,repeated_stratified,6,4,full,sep
8,2,0.25,8,3,0.375,8,3,0.375,0.3333333333333333,0.3313492063492063,0.5052083333333334,2,5,1,1,3,4,3,2,3,P08,xgb,20,"{'subsample': 0.6, 'reg_lambda': 1, 'reg_alpha': 0.1, 'min_child_weight': 1, 'max_depth': 2, 'learning_rate': 0.01, 'gamma': 2, 'colsample_bytree': 0.7, 'colsample_bylevel': 0.6, 'n_estimators': 300}",0.5450096200096199,repeated_stratified,7,0,full,sep
8,4,0.5,8,4,0.5,8,5,0.625,0.5416666666666666,0.5436925647451963,0.65625,4,1,3,1,4,3,2,1,5,P08,xgb,1,"{'subsample': 0.8, 'reg_lambda': 1, 'reg_alpha': 0.1, 'min_child_weight': 1, 'max_depth': 4, 'learning_rate': 0.05, 'gamma': 0.5, 'colsample_bytree': 0.7, 'colsample_bylevel': 0.6, 'n_estimators': 300}",0.5926326759660093,repeated_stratified,7,1,full,sep
7,2,0.2857142857142857,8,5,0.625,8,3,0.375,0.4347826086956521,0.4236425339366516,0.5704365079365079,2,2,3,1,5,2,3,2,3,P08,xgb,20,"{'subsample': 0.6, 'reg_lambda': 1, 'reg_alpha': 0.1, 'min_child_weight': 1, 'max_depth': 2, 'learning_rate': 0.01, 'gamma': 2, 'colsample_bytree': 0.7, 'colsample_bylevel': 0.6, 'n_estimators': 300}",0.5745069745069745,repeated_stratified,7,2,full,sep
7,3,0.4285714285714285,8,3,0.375,8,1,0.125,0.3043478260869565,0.2985994397759103,0.494345238095238,3,1,3,3,3,2,4,3,1,P08,xgb,21,"{'subsample': 1.0, 'reg_lambda': 1, 'reg_alpha': 0.5, 'min_child_weight': 1, 'max_depth': 4, 'learning_rate': 0.01, 'gamma': 0.5, 'colsample_bytree': 0.6, 'colsample_bylevel': 0.8, 'n_estimators': 300}",0.5894059644059645,repeated_stratified,7,3,full,sep
7,0,0.0,8,3,0.375,8,5,0.625,0.3478260869565217,0.2930856553147574,0.4162698412698413,0,3,4,3,3,2,0,3,5,P08,xgb,20,"{'subsample': 1.0, 'reg_lambda': 3, 'reg_alpha': 0, 'min_child_weight': 1, 'max_depth': 4, 'learning_rate': 0.01, 'gamma': 0.3, 'colsample_bytree': 0.6, 'colsample_bylevel': 0.6, 'n_estimators': 300}",0.6566017316017316,repeated_stratified,7,4,full,sep
8,1,0.125,8,5,0.625,8,4,0.5,0.4166666666666667,0.3888888888888888,0.6640625,1,5,2,1,5,2,2,2,4,P08,xgb,20,"{'subsample': 1.0, 'reg_lambda': 3, 'reg_alpha': 0, 'min_child_weight': 1, 'max_depth': 4, 'learning_rate': 0.01, 'gamma': 0.3, 'colsample_bytree': 0.6, 'colsample_bylevel': 0.6, 'n_estimators': 300}",0.555379188712522,repeated_stratified,8,0,full,sep
8,2,0.25,8,4,0.5,8,4,0.5,0.4166666666666667,0.4089635854341737,0.5859375,2,3,3,2,4,2,2,2,4,P08,xgb,7,"{'subsample': 0.8, 'reg_lambda': 10, 'reg_alpha': 0.1, 'min_child_weight': 1, 'max_depth': 16, 'learning_rate': 0.01, 'gamma': 0.1, 'colsample_bytree': 0.6, 'colsample_bylevel': 0.6, 'n_estimators': 300}",0.6110189193522526,repeated_stratified,8,1,full,sep
7,5,0.7142857142857143,8,2,0.25,8,1,0.125,0.3478260869565217,0.3145743145743145,0.6569444444444444,5,1,1,5,2,1,4,3,1,P08,xgb,21,"{'subsample': 0.8, 'reg_lambda': 10, 'reg_alpha': 0.1, 'min_child_weight': 1, 'max_depth': 16, 'learning_rate': 0.01, 'gamma': 0.1, 'colsample_bytree': 0.6, 'colsample_bylevel': 0.6, 'n_estimators': 300}",0.4803751803751804,repeated_stratified,8,2,full,sep
7,2,0.2857142857142857,8,4,0.5,8,5,0.625,0.4782608695652174,0.4632600514953456,0.5198412698412698,2,3,2,1,4,3,1,2,5,P08,xgb,21,"{'subsample': 0.6, 'reg_lambda': 5, 'reg_alpha': 0.5, 'min_child_weight': 1, 'max_depth': 8, 'learning_rate': 0.03, 'gamma': 0.3, 'colsample_bytree': 0.6, 'colsample_bylevel': 0.6, 'n_estimators': 300}",0.5284030784030784,repeated_stratified,8,3,full,sep
7,0,0.0,8,3,0.375,8,2,0.25,0.217391304347826,0.1941520467836257,0.4188492063492063,0,4,3,3,3,2,2,4,2,P08,xgb,21,"{'subsample': 1.0, 'reg_lambda': 5, 'reg_alpha': 0, 'min_child_weight': 1, 'max_depth': 2, 'learning_rate': 0.01, 'gamma': 0, 'colsample_bytree': 0.6, 'colsample_bylevel': 0.8, 'n_estimators': 300}",0.6124218374218374,repeated_stratified,8,4,full,sep
8,0,0.0,8,7,0.875,8,3,0.375,0.4166666666666667,0.3266856600189933,0.5833333333333334,0,7,1,0,7,1,0,5,3,P08,xgb,3,"{'subsample': 1.0, 'reg_lambda': 10, 'reg_alpha': 0.5, 'min_child_weight': 1, 'max_depth': 4, 'learning_rate': 0.03, 'gamma': 1, 'colsample_bytree': 0.7, 'colsample_bylevel': 0.8, 'n_estimators': 300}",0.5452861952861954,repeated_stratified,9,0,full,sep
8,1,0.125,8,1,0.125,8,7,0.875,0.375,0.3046153846153847,0.5208333333333334,1,3,4,1,1,6,0,1,7,P08,xgb,21,"{'subsample': 0.6, 'reg_lambda': 1, 'reg_alpha': 0.1, 'min_child_weight': 1, 'max_depth': 2, 'learning_rate': 0.01, 'gamma': 2, 'colsample_bytree': 0.7, 'colsample_bylevel': 0.6, 'n_estimators': 300}",0.5807800224466891,repeated_stratified,9,1,full,sep
7,2,0.2857142857142857,8,6,0.75,8,2,0.25,0.4347826086956521,0.4126984126984127,0.5779761904761904,2,2,3,0,6,2,1,5,2,P08,xgb,17,"{'subsample': 1.0, 'reg_lambda': 10, 'reg_alpha': 0.5, 'min_child_weight': 1, 'max_depth': 4, 'learning_rate': 0.03, 'gamma': 1, 'colsample_bytree': 0.7, 'colsample_bylevel': 0.8, 'n_estimators': 300}",0.6189393939393939,repeated_stratified,9,2,full,sep
7,1,0.1428571428571428,8,2,0.25,8,3,0.375,0.2608695652173913,0.255446308077887,0.464781746031746,1,2,4,2,2,4,4,1,3,P08,xgb,9,"{'subsample': 0.8, 'reg_lambda': 1, 'reg_alpha': 0, 'min_child_weight': 1, 'max_depth': 8, 'learning_rate': 0.01, 'gamma': 0.3, 'colsample_bytree': 0.6, 'colsample_bylevel': 0.8, 'n_estimators': 300}",0.5851370851370851,repeated_stratified,9,3,full,sep
7,3,0.4285714285714285,8,2,0.25,8,2,0.25,0.3043478260869565,0.3121693121693121,0.5293650793650794,3,3,1,3,2,3,1,5,2,P08,xgb,21,"{'subsample': 0.6, 'reg_lambda': 1, 'reg_alpha': 0.1, 'min_child_weight': 1, 'max_depth': 2, 'learning_rate': 0.01, 'gamma': 2, 'colsample_bytree': 0.7, 'colsample_bylevel': 0.6, 'n_estimators': 300}",0.5956830206830207,repeated_stratified,9,4,full,sep
8,6,0.75,8,5,0.625,8,4,0.5,0.625,0.62140522875817,0.734375,6,0,2,2,5,1,1,3,4,P09,xgb,20,"{'subsample': 1.0, 'reg_lambda': 10, 'reg_alpha': 0.5, 'min_child_weight': 1, 'max_depth': 4, 'learning_rate': 0.03, 'gamma': 1, 'colsample_bytree': 0.7, 'colsample_bylevel': 0.8, 'n_estimators': 300}",0.5804473304473305,repeated_stratified,0,0,full,sep
8,4,0.5,8,3,0.375,8,4,0.5,0.4583333333333333,0.4596405228758169,0.5911458333333334,4,3,1,1,3,4,2,2,4,P09,xgb,31,"{'subsample': 0.8, 'reg_lambda': 10, 'reg_alpha': 0.5, 'min_child_weight': 1, 'max_depth': 8, 'learning_rate': 0.01, 'gamma': 0.3, 'colsample_bytree': 0.7, 'colsample_bylevel': 0.6, 'n_estimators': 300}",0.5751082251082251,repeated_stratified,0,1,full,sep
8,5,0.625,8,2,0.25,8,2,0.25,0.375,0.3683006535947712,0.6458333333333334,5,2,1,2,2,4,2,4,2,P09,xgb,21,"{'subsample': 1.0, 'reg_lambda': 10, 'reg_alpha': 0.5, 'min_child_weight': 1, 'max_depth': 4, 'learning_rate': 0.03, 'gamma': 1, 'colsample_bytree': 0.7, 'colsample_bylevel': 0.8, 'n_estimators': 300}",0.614021164021164,repeated_stratified,0,2,full,sep
8,4,0.5,8,4,0.5,8,1,0.125,0.375,0.3623931623931624,0.625,4,0,4,4,4,0,4,3,1,P09,xgb,12,"{'subsample': 1.0, 'reg_lambda': 5, 'reg_alpha': 0, 'min_child_weight': 1, 'max_depth': 2, 'learning_rate': 0.01, 'gamma': 0, 'colsample_bytree': 0.6, 'colsample_bylevel': 0.8, 'n_estimators': 300}",0.6368446368446369,repeated_stratified,0,3,full,sep
8,3,0.375,8,3,0.375,8,5,0.625,0.4583333333333333,0.4554334554334554,0.6223958333333334,3,1,4,1,3,4,2,1,5,P09,xgb,14,"{'subsample': 1.0, 'reg_lambda': 1, 'reg_alpha': 0.5, 'min_child_weight': 1, 'max_depth': 4, 'learning_rate': 0.01, 'gamma': 0.5, 'colsample_bytree': 0.6, 'colsample_bylevel': 0.8, 'n_estimators': 300}",0.6459114959114959,repeated_stratified,0,4,full,sep
8,4,0.5,8,6,0.75,8,2,0.25,0.5,0.4908496732026144,0.640625,4,1,3,0,6,2,4,2,2,P09,xgb,22,"{'subsample': 0.8, 'reg_lambda': 10, 'reg_alpha': 0.5, 'min_child_weight': 1, 'max_depth': 8, 'learning_rate': 0.01, 'gamma': 0.3, 'colsample_bytree': 0.7, 'colsample_bylevel': 0.6, 'n_estimators': 300}",0.621091871091871,repeated_stratified,1,0,full,sep
8,3,0.375,8,2,0.25,8,4,0.5,0.375,0.3692307692307692,0.5260416666666666,3,1,4,2,2,4,2,2,4,P09,xgb,28,"{'subsample': 1.0, 'reg_lambda': 3, 'reg_alpha': 0, 'min_child_weight': 1, 'max_depth': 4, 'learning_rate': 0.01, 'gamma': 0.3, 'colsample_bytree': 0.6, 'colsample_bylevel': 0.6, 'n_estimators': 300}",0.5535353535353534,repeated_stratified,1,1,full,sep
8,3,0.375,8,3,0.375,8,3,0.375,0.375,0.3952380952380952,0.5651041666666666,3,5,0,1,3,4,0,5,3,P09,xgb,22,"{'subsample': 1.0, 'reg_lambda': 10, 'reg_alpha': 0.5, 'min_child_weight': 1, 'max_depth': 4, 'learning_rate': 0.03, 'gamma': 1, 'colsample_bytree': 0.7, 'colsample_bylevel': 0.8, 'n_estimators': 300}",0.6976310726310726,repeated_stratified,1,2,full,sep
8,4,0.5,8,0,0.0,8,2,0.25,0.25,0.2164502164502164,0.4947916666666667,4,2,2,6,0,2,4,2,2,P09,xgb,11,"{'subsample': 1.0, 'reg_lambda': 5, 'reg_alpha': 0.5, 'min_child_weight': 1, 'max_depth': 4, 'learning_rate': 0.05, 'gamma': 2, 'colsample_bytree': 0.6, 'colsample_bylevel': 0.6, 'n_estimators': 300}",0.6528379028379029,repeated_stratified,1,3,full,sep
8,4,0.5,8,2,0.25,8,5,0.625,0.4583333333333333,0.4590964590964591,0.6223958333333334,4,1,3,1,2,5,0,3,5,P09,xgb,11,"{'subsample': 0.8, 'reg_lambda': 1, 'reg_alpha': 0.1, 'min_child_weight': 1, 'max_depth': 4, 'learning_rate': 0.05, 'gamma': 0.5, 'colsample_bytree': 0.7, 'colsample_bylevel': 0.6, 'n_estimators': 300}",0.6387926887926888,repeated_stratified,1,4,full,sep
8,6,0.75,8,2,0.25,8,4,0.5,0.5,0.4783549783549783,0.71875,6,1,1,3,2,3,4,0,4,P09,xgb,12,"{'subsample': 1.0, 'reg_lambda': 5, 'reg_alpha': 0, 'min_child_weight': 1, 'max_depth': 2, 'learning_rate': 0.01, 'gamma': 0, 'colsample_bytree': 0.6, 'colsample_bylevel': 0.8, 'n_estimators': 300}",0.5762145262145263,repeated_stratified,2,0,full,sep
8,4,0.5,8,1,0.125,8,2,0.25,0.2916666666666667,0.2829131652661065,0.4791666666666667,4,1,3,3,1,4,2,4,2,P09,xgb,27,"{'subsample': 0.6, 'reg_lambda': 1, 'reg_alpha': 0, 'min_child_weight': 1, 'max_depth': 2, 'learning_rate': 0.03, 'gamma': 0, 'colsample_bytree': 0.6, 'colsample_bylevel': 0.6, 'n_estimators': 300}",0.6352092352092352,repeated_stratified,2,1,full,sep
8,5,0.625,8,2,0.25,8,3,0.375,0.4166666666666667,0.4148692810457516,0.6692708333333334,5,1,2,2,2,4,1,4,3,P09,xgb,28,"{'subsample': 1.0, 'reg_lambda': 3, 'reg_alpha': 0, 'min_child_weight': 1, 'max_depth': 4, 'learning_rate': 0.01, 'gamma': 0.3, 'colsample_bytree': 0.6, 'colsample_bylevel': 0.6, 'n_estimators': 300}",0.5861952861952863,repeated_stratified,2,2,full,sep
8,3,0.375,8,1,0.125,8,4,0.5,0.3333333333333333,0.3148148148148148,0.5703125,3,2,3,4,1,3,3,1,4,P09,xgb,29,"{'subsample': 0.8, 'reg_lambda': 10, 'reg_alpha': 0.5, 'min_child_weight': 1, 'max_depth': 2, 'learning_rate': 0.05, 'gamma': 0.5, 'colsample_bytree': 0.7, 'colsample_bylevel': 0.8, 'n_estimators': 300}",0.6205627705627705,repeated_stratified,2,3,full,sep
8,2,0.25,8,5,0.625,8,2,0.25,0.375,0.361336032388664,0.5182291666666666,2,5,1,1,5,2,5,1,2,P09,xgb,16,"{'subsample': 0.8, 'reg_lambda': 1, 'reg_alpha': 0, 'min_child_weight': 1, 'max_depth': 8, 'learning_rate': 0.01, 'gamma': 0.3, 'colsample_bytree': 0.6, 'colsample_bylevel': 0.8, 'n_estimators': 300}",0.6412457912457913,repeated_stratified,2,4,full,sep
8,6,0.75,8,2,0.25,8,2,0.25,0.4166666666666667,0.4284313725490196,0.5963541666666666,6,1,1,1,2,5,0,6,2,P09,xgb,14,"{'subsample': 0.6, 'reg_lambda': 10, 'reg_alpha': 0.5, 'min_child_weight': 1, 'max_depth': 2, 'learning_rate': 0.05, 'gamma': 0.1, 'colsample_bytree': 0.6, 'colsample_bylevel': 0.6, 'n_estimators': 300}",0.617989417989418,repeated_stratified,3,0,full,sep
8,4,0.5,8,2,0.25,8,2,0.25,0.3333333333333333,0.3267195767195767,0.4401041666666667,4,3,1,3,2,3,3,3,2,P09,xgb,21,"{'subsample': 1.0, 'reg_lambda': 3, 'reg_alpha': 0, 'min_child_weight': 1, 'max_depth': 4, 'learning_rate': 0.01, 'gamma': 0.3, 'colsample_bytree': 0.6, 'colsample_bylevel': 0.6, 'n_estimators': 300}",0.7380711880711881,repeated_stratified,3,1,full,sep
8,7,0.875,8,2,0.25,8,4,0.5,0.5416666666666666,0.5111111111111111,0.65625,7,1,0,2,2,4,3,1,4,P09,xgb,9,"{'subsample': 1.0, 'reg_lambda': 1, 'reg_alpha': 0.5, 'min_child_weight': 1, 'max_depth': 4, 'learning_rate': 0.01, 'gamma': 0.5, 'colsample_bytree': 0.6, 'colsample_bylevel': 0.8, 'n_estimators': 300}",0.6465127465127466,repeated_stratified,3,2,full,sep
8,4,0.5,8,3,0.375,8,3,0.375,0.4166666666666667,0.416005291005291,0.6145833333333334,4,2,2,2,3,3,4,1,3,P09,xgb,28,"{'subsample': 1.0, 'reg_lambda': 3, 'reg_alpha': 0.5, 'min_child_weight': 1, 'max_depth': 2, 'learning_rate': 0.05, 'gamma': 0, 'colsample_bytree': 0.7, 'colsample_bylevel': 0.8, 'n_estimators': 300}",0.5866281866281867,repeated_stratified,3,3,full,sep
8,6,0.75,8,2,0.25,8,3,0.375,0.4583333333333333,0.4357864357864358,0.5859375,6,0,2,5,2,1,3,2,3,P09,xgb,28,"{'subsample': 1.0, 'reg_lambda': 1, 'reg_alpha': 0.5, 'min_child_weight': 1, 'max_depth': 4, 'learning_rate': 0.01, 'gamma': 0.5, 'colsample_bytree': 0.6, 'colsample_bylevel': 0.8, 'n_estimators': 300}",0.6026455026455028,repeated_stratified,3,4,full,sep
8,3,0.375,8,2,0.25,8,3,0.375,0.3333333333333333,0.338095238095238,0.5390625,3,1,4,1,2,5,2,3,3,P09,xgb,28,"{'subsample': 0.8, 'reg_lambda': 5, 'reg_alpha': 0.1, 'min_child_weight': 1, 'max_depth': 8, 'learning_rate': 0.03, 'gamma': 0, 'colsample_bytree': 0.6, 'colsample_bylevel': 0.6, 'n_estimators': 300}",0.6194805194805194,repeated_stratified,4,0,full,sep
8,3,0.375,8,5,0.625,8,3,0.375,0.4583333333333333,0.4565826330532213,0.6848958333333334,3,1,4,1,5,2,2,3,3,P09,xgb,23,"{'subsample': 1.0, 'reg_lambda': 10, 'reg_alpha': 0.5, 'min_child_weight': 1, 'max_depth': 4, 'learning_rate': 0.03, 'gamma': 1, 'colsample_bytree': 0.7, 'colsample_bylevel': 0.8, 'n_estimators': 300}",0.6706709956709956,repeated_stratified,4,1,full,sep
8,5,0.625,8,2,0.25,8,2,0.25,0.375,0.3566433566433566,0.4947916666666667,5,1,2,5,2,1,4,2,2,P09,xgb,27,"{'subsample': 0.8, 'reg_lambda': 10, 'reg_alpha': 0.5, 'min_child_weight': 1, 'max_depth': 2, 'learning_rate': 0.05, 'gamma': 0.5, 'colsample_bytree': 0.7, 'colsample_bylevel': 0.8, 'n_estimators': 300}",0.6874939874939875,repeated_stratified,4,2,full,sep
8,4,0.5,8,1,0.125,8,4,0.5,0.375,0.3657477025898079,0.6223958333333334,4,3,1,1,1,6,2,2,4,P09,xgb,25,"{'subsample': 1.0, 'reg_lambda': 5, 'reg_alpha': 0.5, 'min_child_weight': 1, 'max_depth': 4, 'learning_rate': 0.05, 'gamma': 2, 'colsample_bytree': 0.6, 'colsample_bylevel': 0.6, 'n_estimators': 300}",0.6035473785473786,repeated_stratified,4,3,full,sep
8,5,0.625,8,3,0.375,8,3,0.375,0.4583333333333333,0.459313725490196,0.6796875,5,2,1,2,3,3,1,4,3,P09,xgb,29,"{'subsample': 0.6, 'reg_lambda': 10, 'reg_alpha': 0.5, 'min_child_weight': 1, 'max_depth': 2, 'learning_rate': 0.05, 'gamma': 0.1, 'colsample_bytree': 0.6, 'colsample_bylevel': 0.6, 'n_estimators': 300}",0.5772005772005772,repeated_stratified,4,4,full,sep
8,3,0.375,8,3,0.375,8,3,0.375,0.375,0.3759803921568627,0.5963541666666666,3,2,3,3,3,2,1,4,3,P09,xgb,27,"{'subsample': 1.0, 'reg_lambda': 3, 'reg_alpha': 0, 'min_child_weight': 1, 'max_depth': 4, 'learning_rate': 0.01, 'gamma': 0.3, 'colsample_bytree': 0.6, 'colsample_bylevel': 0.6, 'n_estimators': 300}",0.663059163059163,repeated_stratified,5,0,full,sep
8,6,0.75,8,3,0.375,8,4,0.5,0.5416666666666666,0.5311612364243943,0.6822916666666666,6,2,0,2,3,3,3,1,4,P09,xgb,27,"{'subsample': 1.0, 'reg_lambda': 1, 'reg_alpha': 0.5, 'min_child_weight': 1, 'max_depth': 4, 'learning_rate': 0.01, 'gamma': 0.5, 'colsample_bytree': 0.6, 'colsample_bylevel': 0.8, 'n_estimators': 300}",0.6025733525733524,repeated_stratified,5,1,full,sep
8,4,0.5,8,4,0.5,8,2,0.25,0.4166666666666667,0.41005291005291,0.5390625,4,2,2,2,4,2,4,2,2,P09,xgb,14,"{'subsample': 1.0, 'reg_lambda': 10, 'reg_alpha': 0, 'min_child_weight': 1, 'max_depth': 16, 'learning_rate': 0.05, 'gamma': 2, 'colsample_bytree': 0.6, 'colsample_bylevel': 0.8, 'n_estimators': 300}",0.6785233285233286,repeated_stratified,5,2,full,sep
8,1,0.125,8,2,0.25,8,3,0.375,0.25,0.2518518518518518,0.4322916666666667,1,5,2,4,2,2,2,3,3,P09,xgb,12,"{'subsample': 0.6, 'reg_lambda': 10, 'reg_alpha': 0.5, 'min_child_weight': 1, 'max_depth': 2, 'learning_rate': 0.05, 'gamma': 0.1, 'colsample_bytree': 0.6, 'colsample_bylevel': 0.6, 'n_estimators': 300}",0.7015873015873016,repeated_stratified,5,3,full,sep
8,6,0.75,8,3,0.375,8,1,0.125,0.4166666666666667,0.3904761904761904,0.6328125,6,0,2,2,3,3,4,3,1,P09,xgb,23,"{'subsample': 1.0, 'reg_lambda': 3, 'reg_alpha': 0, 'min_child_weight': 1, 'max_depth': 4, 'learning_rate': 0.01, 'gamma': 0.3, 'colsample_bytree': 0.6, 'colsample_bylevel': 0.6, 'n_estimators': 300}",0.6239297739297739,repeated_stratified,5,4,full,sep
8,4,0.5,8,7,0.875,8,4,0.5,0.625,0.6164021164021164,0.6848958333333334,4,1,3,0,7,1,2,2,4,P09,xgb,8,"{'subsample': 1.0, 'reg_lambda': 3, 'reg_alpha': 0, 'min_child_weight': 1, 'max_depth': 4, 'learning_rate': 0.01, 'gamma': 0.3, 'colsample_bytree': 0.6, 'colsample_bylevel': 0.6, 'n_estimators': 300}",0.6502164502164502,repeated_stratified,6,0,full,sep
8,3,0.375,8,2,0.25,8,3,0.375,0.3333333333333333,0.3333333333333333,0.5208333333333334,3,2,3,4,2,2,1,4,3,P09,xgb,28,"{'subsample': 0.8, 'reg_lambda': 3, 'reg_alpha': 0.1, 'min_child_weight': 1, 'max_depth': 2, 'learning_rate': 0.03, 'gamma': 1, 'colsample_bytree': 0.6, 'colsample_bylevel': 0.6, 'n_estimators': 300}",0.6715247715247715,repeated_stratified,6,1,full,sep
8,7,0.875,8,2,0.25,8,2,0.25,0.4583333333333333,0.4193487671748541,0.65625,7,0,1,6,2,0,2,4,2,P09,xgb,28,"{'subsample': 0.8, 'reg_lambda': 10, 'reg_alpha': 0.1, 'min_child_weight': 1, 'max_depth': 16, 'learning_rate': 0.01, 'gamma': 0.1, 'colsample_bytree': 0.6, 'colsample_bylevel': 0.6, 'n_estimators': 300}",0.5984367484367484,repeated_stratified,6,2,full,sep
8,5,0.625,8,5,0.625,8,2,0.25,0.5,0.4887566137566138,0.6302083333333334,5,1,2,1,5,2,4,2,2,P09,xgb,28,"{'subsample': 1.0, 'reg_lambda': 5, 'reg_alpha': 0, 'min_child_weight': 1, 'max_depth': 2, 'learning_rate': 0.01, 'gamma': 0, 'colsample_bytree': 0.6, 'colsample_bylevel': 0.8, 'n_estimators': 300}",0.6076960076960077,repeated_stratified,6,3,full,sep
8,5,0.625,8,2,0.25,8,4,0.5,0.4583333333333333,0.4446693657219973,0.5651041666666666,5,2,1,3,2,3,3,1,4,P09,xgb,28,"{'subsample': 0.8, 'reg_lambda': 1, 'reg_alpha': 0, 'min_child_weight': 1, 'max_depth': 4, 'learning_rate': 0.01, 'gamma': 0, 'colsample_bytree': 0.7, 'colsample_bylevel': 0.8, 'n_estimators': 300}",0.602044252044252,repeated_stratified,6,4,full,sep
8,1,0.125,8,3,0.375,8,2,0.25,0.25,0.2407407407407407,0.484375,1,3,4,1,3,4,2,4,2,P09,xgb,28,"{'subsample': 0.6, 'reg_lambda': 5, 'reg_alpha': 0.5, 'min_child_weight': 1, 'max_depth': 8, 'learning_rate': 0.03, 'gamma': 0.3, 'colsample_bytree': 0.6, 'colsample_bylevel': 0.6, 'n_estimators': 300}",0.5953583453583454,repeated_stratified,7,0,full,sep
8,5,0.625,8,2,0.25,8,2,0.25,0.375,0.3629629629629629,0.5416666666666666,5,1,2,3,2,3,2,4,2,P09,xgb,28,"{'subsample': 1.0, 'reg_lambda': 5, 'reg_alpha': 0.5, 'min_child_weight': 1, 'max_depth': 4, 'learning_rate': 0.03, 'gamma': 0, 'colsample_bytree': 0.6, 'colsample_bylevel': 0.8, 'n_estimators': 300}",0.6435305435305435,repeated_stratified,7,1,full,sep
8,4,0.5,8,3,0.375,8,4,0.5,0.4583333333333333,0.4609857978279031,0.6067708333333334,4,2,2,4,3,1,3,1,4,P09,xgb,14,"{'subsample': 0.8, 'reg_lambda': 10, 'reg_alpha': 0.5, 'min_child_weight': 1, 'max_depth': 8, 'learning_rate': 0.01, 'gamma': 0.3, 'colsample_bytree': 0.7, 'colsample_bylevel': 0.6, 'n_estimators': 300}",0.6381673881673882,repeated_stratified,7,2,full,sep
8,5,0.625,8,3,0.375,8,3,0.375,0.4583333333333333,0.4583333333333333,0.6432291666666666,5,0,3,3,3,2,4,1,3,P09,xgb,10,"{'subsample': 1.0, 'reg_lambda': 10, 'reg_alpha': 0.5, 'min_child_weight': 1, 'max_depth': 4, 'learning_rate': 0.03, 'gamma': 1, 'colsample_bytree': 0.7, 'colsample_bylevel': 0.8, 'n_estimators': 300}",0.6072270322270322,repeated_stratified,7,3,full,sep
8,4,0.5,8,3,0.375,8,5,0.625,0.5,0.4959514170040486,0.6067708333333334,4,2,2,1,3,4,3,0,5,P09,xgb,13,"{'subsample': 1.0, 'reg_lambda': 5, 'reg_alpha': 0.5, 'min_child_weight': 1, 'max_depth': 4, 'learning_rate': 0.03, 'gamma': 0, 'colsample_bytree': 0.6, 'colsample_bylevel': 0.8, 'n_estimators': 300}",0.6242424242424243,repeated_stratified,7,4,full,sep
8,6,0.75,8,4,0.5,8,2,0.25,0.5,0.4835421888053466,0.578125,6,0,2,2,4,2,3,3,2,P09,xgb,30,"{'subsample': 1.0, 'reg_lambda': 10, 'reg_alpha': 0.1, 'min_child_weight': 1, 'max_depth': 2, 'learning_rate': 0.03, 'gamma': 0.3, 'colsample_bytree': 0.6, 'colsample_bylevel': 0.6, 'n_estimators': 300}",0.6063973063973064,repeated_stratified,8,0,full,sep
8,3,0.375,8,1,0.125,8,3,0.375,0.2916666666666667,0.2784657722738218,0.5,3,3,2,1,1,6,5,0,3,P09,xgb,11,"{'subsample': 1.0, 'reg_lambda': 10, 'reg_alpha': 0.1, 'min_child_weight': 1, 'max_depth': 2, 'learning_rate': 0.03, 'gamma': 0.3, 'colsample_bytree': 0.6, 'colsample_bylevel': 0.6, 'n_estimators': 300}",0.6727753727753728,repeated_stratified,8,1,full,sep
8,6,0.75,8,2,0.25,8,3,0.375,0.4583333333333333,0.4366883116883116,0.6432291666666666,6,1,1,2,2,4,5,0,3,P09,xgb,27,"{'subsample': 0.8, 'reg_lambda': 1, 'reg_alpha': 0.1, 'min_child_weight': 1, 'max_depth': 4, 'learning_rate': 0.05, 'gamma': 0.5, 'colsample_bytree': 0.7, 'colsample_bylevel': 0.6, 'n_estimators': 300}",0.5394179894179895,repeated_stratified,8,2,full,sep
8,5,0.625,8,2,0.25,8,2,0.25,0.375,0.3637566137566138,0.546875,5,3,0,2,2,4,3,3,2,P09,xgb,20,"{'subsample': 0.8, 'reg_lambda': 10, 'reg_alpha': 0.1, 'min_child_weight': 1, 'max_depth': 16, 'learning_rate': 0.01, 'gamma': 0.1, 'colsample_bytree': 0.6, 'colsample_bylevel': 0.6, 'n_estimators': 300}",0.6566378066378067,repeated_stratified,8,3,full,sep
8,1,0.125,8,4,0.5,8,4,0.5,0.375,0.3679738562091503,0.53125,1,2,5,4,4,0,2,2,4,P09,xgb,14,"{'subsample': 0.8, 'reg_lambda': 5, 'reg_alpha': 0.1, 'min_child_weight': 1, 'max_depth': 8, 'learning_rate': 0.03, 'gamma': 0, 'colsample_bytree': 0.6, 'colsample_bylevel': 0.6, 'n_estimators': 300}",0.6592592592592593,repeated_stratified,8,4,full,sep
8,2,0.25,8,2,0.25,8,2,0.25,0.25,0.2663101604278075,0.6067708333333334,2,4,2,1,2,5,0,6,2,P09,xgb,24,"{'subsample': 1.0, 'reg_lambda': 10, 'reg_alpha': 0.5, 'min_child_weight': 1, 'max_depth': 4, 'learning_rate': 0.03, 'gamma': 1, 'colsample_bytree': 0.7, 'colsample_bylevel': 0.8, 'n_estimators': 300}",0.603006253006253,repeated_stratified,9,0,full,sep
8,4,0.5,8,3,0.375,8,2,0.25,0.375,0.3831168831168831,0.5390625,4,1,3,4,3,1,6,0,2,P09,xgb,22,"{'subsample': 1.0, 'reg_lambda': 10, 'reg_alpha': 0.5, 'min_child_weight': 1, 'max_depth': 4, 'learning_rate': 0.03, 'gamma': 1, 'colsample_bytree': 0.7, 'colsample_bylevel': 0.8, 'n_estimators': 300}",0.6513347763347763,repeated_stratified,9,1,full,sep
8,5,0.625,8,2,0.25,8,1,0.125,0.3333333333333333,0.3089133089133089,0.5286458333333334,5,1,2,3,2,3,5,2,1,P09,xgb,27,"{'subsample': 1.0, 'reg_lambda': 5, 'reg_alpha': 0.5, 'min_child_weight': 1, 'max_depth': 4, 'learning_rate': 0.03, 'gamma': 0, 'colsample_bytree': 0.6, 'colsample_bylevel': 0.8, 'n_estimators': 300}",0.6067580567580567,repeated_stratified,9,2,full,sep
8,5,0.625,8,4,0.5,8,1,0.125,0.4166666666666667,0.399966261808367,0.6588541666666666,5,1,2,2,4,2,1,6,1,P09,xgb,26,"{'subsample': 0.8, 'reg_lambda': 10, 'reg_alpha': 0.5, 'min_child_weight': 1, 'max_depth': 2, 'learning_rate': 0.05, 'gamma': 0.5, 'colsample_bytree': 0.7, 'colsample_bylevel': 0.8, 'n_estimators': 300}",0.5813612313612314,repeated_stratified,9,3,full,sep
8,3,0.375,8,2,0.25,8,3,0.375,0.3333333333333333,0.330532212885154,0.5026041666666666,3,2,3,3,2,3,3,2,3,P09,xgb,29,"{'subsample': 0.6, 'reg_lambda': 1, 'reg_alpha': 0, 'min_child_weight': 1, 'max_depth': 2, 'learning_rate': 0.03, 'gamma': 0, 'colsample_bytree': 0.6, 'colsample_bylevel': 0.6, 'n_estimators': 300}",0.6533910533910534,repeated_stratified,9,4,full,sep
8,3,0.375,8,3,0.375,9,3,0.3333333333333333,0.36,0.3678571428571429,0.5803376906318083,3,5,0,1,3,4,2,4,3,P10,xgb,24,"{'subsample': 0.8, 'reg_lambda': 10, 'reg_alpha': 0.5, 'min_child_weight': 1, 'max_depth': 8, 'learning_rate': 0.01, 'gamma': 0.3, 'colsample_bytree': 0.7, 'colsample_bylevel': 0.6, 'n_estimators': 300}",0.5379050242686606,repeated_stratified,0,0,full,sep
9,3,0.3333333333333333,8,2,0.25,8,4,0.5,0.36,0.3627450980392157,0.5228758169934641,3,5,1,3,2,3,2,2,4,P10,xgb,9,"{'subsample': 0.6, 'reg_lambda': 1, 'reg_alpha': 0.1, 'min_child_weight': 1, 'max_depth': 2, 'learning_rate': 0.01, 'gamma': 2, 'colsample_bytree': 0.7, 'colsample_bylevel': 0.6, 'n_estimators': 300}",0.6336612882067426,repeated_stratified,0,1,full,sep
8,3,0.375,8,3,0.375,8,3,0.375,0.375,0.3841093117408907,0.6145833333333334,3,2,3,0,3,5,2,3,3,P10,xgb,21,"{'subsample': 1.0, 'reg_lambda': 1, 'reg_alpha': 0.5, 'min_child_weight': 1, 'max_depth': 4, 'learning_rate': 0.01, 'gamma': 0.5, 'colsample_bytree': 0.6, 'colsample_bylevel': 0.8, 'n_estimators': 300}",0.5216974944247671,repeated_stratified,0,2,full,sep
8,4,0.5,8,4,0.5,8,3,0.375,0.4583333333333333,0.4568627450980392,0.5234375,4,2,2,2,4,2,2,3,3,P10,xgb,21,"{'subsample': 0.6, 'reg_lambda': 1, 'reg_alpha': 0, 'min_child_weight': 1, 'max_depth': 2, 'learning_rate': 0.03, 'gamma': 0, 'colsample_bytree': 0.6, 'colsample_bylevel': 0.6, 'n_estimators': 300}",0.528260964624601,repeated_stratified,0,3,full,sep
8,2,0.25,8,1,0.125,8,1,0.125,0.1666666666666666,0.1631241565452091,0.453125,2,4,2,5,1,2,4,3,1,P10,xgb,10,"{'subsample': 0.8, 'reg_lambda': 10, 'reg_alpha': 0.5, 'min_child_weight': 1, 'max_depth': 8, 'learning_rate': 0.01, 'gamma': 0.3, 'colsample_bytree': 0.7, 'colsample_bylevel': 0.6, 'n_estimators': 300}",0.5963028553937645,repeated_stratified,0,4,full,sep
8,5,0.625,8,3,0.375,9,2,0.2222222222222222,0.4,0.3940117853161332,0.6717047930283225,5,1,2,4,3,1,6,1,2,P10,xgb,28,"{'subsample': 0.6, 'reg_lambda': 5, 'reg_alpha': 0, 'min_child_weight': 1, 'max_depth': 2, 'learning_rate': 0.01, 'gamma': 0.3, 'colsample_bytree': 0.7, 'colsample_bylevel': 0.6, 'n_estimators': 300}",0.5082032445668809,repeated_stratified,1,0,full,sep
9,3,0.3333333333333333,8,2,0.25,8,3,0.375,0.32,0.3181483119563614,0.5573257080610022,3,1,5,3,2,3,2,3,3,P10,xgb,20,"{'subsample': 0.6, 'reg_lambda': 5, 'reg_alpha': 0, 'min_child_weight': 1, 'max_depth': 2, 'learning_rate': 0.01, 'gamma': 0.3, 'colsample_bytree': 0.7, 'colsample_bylevel': 0.6, 'n_estimators': 300}",0.5391162709344527,repeated_stratified,1,1,full,sep
8,5,0.625,8,0,0.0,8,2,0.25,0.2916666666666667,0.2592592592592592,0.484375,5,1,2,2,0,6,3,3,2,P10,xgb,23,"{'subsample': 0.8, 'reg_lambda': 3, 'reg_alpha': 0.1, 'min_child_weight': 1, 'max_depth': 2, 'learning_rate': 0.03, 'gamma': 1, 'colsample_bytree': 0.6, 'colsample_bylevel': 0.6, 'n_estimators': 300}",0.6503279548734094,repeated_stratified,1,2,full,sep
8,1,0.125,8,4,0.5,8,1,0.125,0.25,0.2222222222222222,0.421875,1,5,2,3,4,1,0,7,1,P10,xgb,20,"{'subsample': 0.8, 'reg_lambda': 5, 'reg_alpha': 0.1, 'min_child_weight': 1, 'max_depth': 8, 'learning_rate': 0.03, 'gamma': 0, 'colsample_bytree': 0.6, 'colsample_bylevel': 0.6, 'n_estimators': 300}",0.6268398268398269,repeated_stratified,1,3,full,sep
8,1,0.125,8,1,0.125,8,4,0.5,0.25,0.222779635823114,0.5234375,1,2,5,1,1,6,2,2,4,P10,xgb,21,"{'subsample': 0.8, 'reg_lambda': 10, 'reg_alpha': 0.1, 'min_child_weight': 1, 'max_depth': 16, 'learning_rate': 0.01, 'gamma': 0.1, 'colsample_bytree': 0.6, 'colsample_bylevel': 0.6, 'n_estimators': 300}",0.5885040885040885,repeated_stratified,1,4,full,sep
8,2,0.25,8,2,0.25,9,3,0.3333333333333333,0.28,0.2823620823620823,0.4580610021786492,2,1,5,1,2,5,2,4,3,P10,xgb,20,"{'subsample': 0.8, 'reg_lambda': 5, 'reg_alpha': 0.1, 'min_child_weight': 1, 'max_depth': 8, 'learning_rate': 0.03, 'gamma': 0, 'colsample_bytree': 0.6, 'colsample_bylevel': 0.6, 'n_estimators': 300}",0.5990095762823036,repeated_stratified,2,0,full,sep
9,6,0.6666666666666666,8,3,0.375,8,3,0.375,0.48,0.4732026143790849,0.6203703703703703,6,1,2,3,3,2,0,5,3,P10,xgb,21,"{'subsample': 1.0, 'reg_lambda': 10, 'reg_alpha': 0.5, 'min_child_weight': 1, 'max_depth': 4, 'learning_rate': 0.03, 'gamma': 1, 'colsample_bytree': 0.7, 'colsample_bylevel': 0.8, 'n_estimators': 300}",0.5545356158992522,repeated_stratified,2,1,full,sep
8,4,0.5,8,2,0.25,8,2,0.25,0.3333333333333333,0.3262483130904183,0.578125,4,1,3,3,2,3,4,2,2,P10,xgb,21,"{'subsample': 0.6, 'reg_lambda': 10, 'reg_alpha': 0.1, 'min_child_weight': 1, 'max_depth': 8, 'learning_rate': 0.03, 'gamma': 0.3, 'colsample_bytree': 0.6, 'colsample_bylevel': 0.8, 'n_estimators': 300}",0.6218111854475491,repeated_stratified,2,2,full,sep
8,4,0.5,8,1,0.125,8,3,0.375,0.3333333333333333,0.3333333333333333,0.484375,4,3,1,3,1,4,1,4,3,P10,xgb,28,"{'subsample': 0.8, 'reg_lambda': 5, 'reg_alpha': 0.1, 'min_child_weight': 1, 'max_depth': 8, 'learning_rate': 0.03, 'gamma': 0, 'colsample_bytree': 0.6, 'colsample_bylevel': 0.6, 'n_estimators': 300}",0.5809108400017492,repeated_stratified,2,3,full,sep
8,3,0.375,8,2,0.25,8,4,0.5,0.375,0.3724053724053724,0.5520833333333334,3,1,4,1,2,5,2,2,4,P10,xgb,21,"{'subsample': 1.0, 'reg_lambda': 1, 'reg_alpha': 0.5, 'min_child_weight': 1, 'max_depth': 4, 'learning_rate': 0.01, 'gamma': 0.5, 'colsample_bytree': 0.6, 'colsample_bylevel': 0.8, 'n_estimators': 300}",0.5921137784774149,repeated_stratified,2,4,full,sep
8,2,0.25,8,3,0.375,9,3,0.3333333333333333,0.32,0.3176470588235294,0.5770697167755992,2,3,3,3,3,2,2,4,3,P10,xgb,24,"{'subsample': 0.8, 'reg_lambda': 10, 'reg_alpha': 0.1, 'min_child_weight': 1, 'max_depth': 16, 'learning_rate': 0.01, 'gamma': 0.1, 'colsample_bytree': 0.6, 'colsample_bylevel': 0.6, 'n_estimators': 300}",0.6404936814027723,repeated_stratified,3,0,full,sep
9,3,0.3333333333333333,8,2,0.25,8,4,0.5,0.36,0.3555555555555555,0.4889705882352941,3,1,5,3,2,3,3,1,4,P10,xgb,24,"{'subsample': 0.8, 'reg_lambda': 10, 'reg_alpha': 0, 'min_child_weight': 1, 'max_depth': 4, 'learning_rate': 0.03, 'gamma': 0, 'colsample_bytree': 0.6, 'colsample_bylevel': 0.8, 'n_estimators': 300}",0.5709738073374437,repeated_stratified,3,1,full,sep
8,3,0.375,8,2,0.25,8,2,0.25,0.2916666666666667,0.2898692810457516,0.5026041666666666,3,3,2,3,2,3,3,3,2,P10,xgb,18,"{'subsample': 0.8, 'reg_lambda': 10, 'reg_alpha': 0.1, 'min_child_weight': 1, 'max_depth': 16, 'learning_rate': 0.01, 'gamma': 0.1, 'colsample_bytree': 0.6, 'colsample_bylevel': 0.6, 'n_estimators': 300}",0.5707988980716253,repeated_stratified,3,2,full,sep
8,3,0.375,8,0,0.0,8,2,0.25,0.2083333333333333,0.224021592442645,0.4817708333333333,3,2,3,2,0,6,0,6,2,P10,xgb,21,"{'subsample': 0.8, 'reg_lambda': 10, 'reg_alpha': 0.5, 'min_child_weight': 1, 'max_depth': 2, 'learning_rate': 0.05, 'gamma': 0.5, 'colsample_bytree': 0.7, 'colsample_bylevel': 0.8, 'n_estimators': 300}",0.5744107744107744,repeated_stratified,3,3,full,sep
8,4,0.5,8,2,0.25,8,2,0.25,0.3333333333333333,0.3262483130904183,0.4765625,4,3,1,4,2,2,3,3,2,P10,xgb,22,"{'subsample': 0.6, 'reg_lambda': 3, 'reg_alpha': 0.1, 'min_child_weight': 1, 'max_depth': 8, 'learning_rate': 0.05, 'gamma': 0, 'colsample_bytree': 0.7, 'colsample_bylevel': 0.8, 'n_estimators': 300}",0.5249814158905068,repeated_stratified,3,4,full,sep
8,4,0.5,8,3,0.375,9,2,0.2222222222222222,0.36,0.3611111111111111,0.5614106753812637,4,3,1,1,3,4,3,4,2,P10,xgb,20,"{'subsample': 0.8, 'reg_lambda': 10, 'reg_alpha': 0, 'min_child_weight': 1, 'max_depth': 8, 'learning_rate': 0.05, 'gamma': 0, 'colsample_bytree': 0.7, 'colsample_bylevel': 0.6, 'n_estimators': 300}",0.6081398399580218,repeated_stratified,4,0,full,sep
9,2,0.2222222222222222,8,2,0.25,8,2,0.25,0.24,0.2423976608187134,0.4797113289760348,2,5,2,3,2,3,2,4,2,P10,xgb,20,"{'subsample': 1.0, 'reg_lambda': 1, 'reg_alpha': 0.5, 'min_child_weight': 1, 'max_depth': 4, 'learning_rate': 0.01, 'gamma': 0.5, 'colsample_bytree': 0.6, 'colsample_bylevel': 0.8, 'n_estimators': 300}",0.5348222484586121,repeated_stratified,4,1,full,sep
8,3,0.375,8,2,0.25,8,5,0.625,0.4166666666666667,0.4055258467023173,0.6354166666666666,3,0,5,4,2,2,2,1,5,P10,xgb,24,"{'subsample': 0.8, 'reg_lambda': 1, 'reg_alpha': 0, 'min_child_weight': 1, 'max_depth': 4, 'learning_rate': 0.01, 'gamma': 0, 'colsample_bytree': 0.7, 'colsample_bylevel': 0.8, 'n_estimators': 300}",0.5702020202020202,repeated_stratified,4,2,full,sep
8,2,0.25,8,1,0.125,8,6,0.75,0.375,0.3298368298368299,0.6510416666666666,2,1,5,2,1,5,1,1,6,P10,xgb,23,"{'subsample': 0.8, 'reg_lambda': 10, 'reg_alpha': 0.1, 'min_child_weight': 1, 'max_depth': 16, 'learning_rate': 0.01, 'gamma': 0.1, 'colsample_bytree': 0.6, 'colsample_bylevel': 0.6, 'n_estimators': 300}",0.5619725392452665,repeated_stratified,4,3,full,sep
8,6,0.75,8,3,0.375,8,2,0.25,0.4583333333333333,0.4358974358974359,0.7057291666666666,6,2,0,2,3,3,4,2,2,P10,xgb,28,"{'subsample': 0.6, 'reg_lambda': 3, 'reg_alpha': 0.1, 'min_child_weight': 1, 'max_depth': 8, 'learning_rate': 0.05, 'gamma': 0, 'colsample_bytree': 0.7, 'colsample_bylevel': 0.8, 'n_estimators': 300}",0.5914709869255325,repeated_stratified,4,4,full,sep
8,7,0.875,8,2,0.25,9,2,0.2222222222222222,0.44,0.4063492063492063,0.6067538126361656,7,0,1,3,2,3,3,4,2,P10,xgb,21,"{'subsample': 0.8, 'reg_lambda': 3, 'reg_alpha': 0.1, 'min_child_weight': 1, 'max_depth': 2, 'learning_rate': 0.05, 'gamma': 2, 'colsample_bytree': 0.7, 'colsample_bylevel': 0.6, 'n_estimators': 300}",0.53997113997114,repeated_stratified,5,0,full,sep
9,4,0.4444444444444444,8,2,0.25,8,3,0.375,0.36,0.3564814814814814,0.5122549019607844,4,2,3,4,2,2,1,4,3,P10,xgb,23,"{'subsample': 1.0, 'reg_lambda': 3, 'reg_alpha': 0, 'min_child_weight': 1, 'max_depth': 4, 'learning_rate': 0.01, 'gamma': 0.3, 'colsample_bytree': 0.6, 'colsample_bylevel': 0.6, 'n_estimators': 300}",0.5397612488521579,repeated_stratified,5,1,full,sep
8,1,0.125,8,1,0.125,8,4,0.5,0.25,0.2451818334171275,0.4973958333333333,1,7,0,2,1,5,2,2,4,P10,xgb,21,"{'subsample': 0.8, 'reg_lambda': 10, 'reg_alpha': 0, 'min_child_weight': 1, 'max_depth': 8, 'learning_rate': 0.05, 'gamma': 0, 'colsample_bytree': 0.7, 'colsample_bylevel': 0.6, 'n_estimators': 300}",0.59899864445319,repeated_stratified,5,2,full,sep
8,5,0.625,8,2,0.25,8,4,0.5,0.4583333333333333,0.4505050505050505,0.609375,5,0,3,6,2,0,3,1,4,P10,xgb,23,"{'subsample': 0.8, 'reg_lambda': 10, 'reg_alpha': 0, 'min_child_weight': 1, 'max_depth': 8, 'learning_rate': 0.05, 'gamma': 0, 'colsample_bytree': 0.7, 'colsample_bylevel': 0.6, 'n_estimators': 300}",0.5932310114128296,repeated_stratified,5,3,full,sep
8,2,0.25,8,2,0.25,8,5,0.625,0.375,0.3565323565323565,0.578125,2,2,4,2,2,4,1,2,5,P10,xgb,25,"{'subsample': 0.6, 'reg_lambda': 5, 'reg_alpha': 0.5, 'min_child_weight': 1, 'max_depth': 8, 'learning_rate': 0.03, 'gamma': 0.3, 'colsample_bytree': 0.6, 'colsample_bylevel': 0.6, 'n_estimators': 300}",0.5612772749136385,repeated_stratified,5,4,full,sep
8,2,0.25,8,1,0.125,9,4,0.4444444444444444,0.28,0.2748046587055875,0.4739923747276688,2,3,3,4,1,3,0,5,4,P10,xgb,21,"{'subsample': 0.8, 'reg_lambda': 10, 'reg_alpha': 0, 'min_child_weight': 1, 'max_depth': 8, 'learning_rate': 0.05, 'gamma': 0, 'colsample_bytree': 0.7, 'colsample_bylevel': 0.6, 'n_estimators': 300}",0.6007892780620053,repeated_stratified,6,0,full,sep
9,4,0.4444444444444444,8,0,0.0,8,2,0.25,0.24,0.2407407407407407,0.4227941176470589,4,3,2,2,0,6,1,5,2,P10,xgb,22,"{'subsample': 1.0, 'reg_lambda': 1, 'reg_alpha': 0.5, 'min_child_weight': 1, 'max_depth': 4, 'learning_rate': 0.01, 'gamma': 0.5, 'colsample_bytree': 0.6, 'colsample_bylevel': 0.8, 'n_estimators': 300}",0.576159867068958,repeated_stratified,6,1,full,sep
8,4,0.5,8,3,0.375,8,5,0.625,0.5,0.5,0.578125,4,4,0,2,3,3,2,1,5,P10,xgb,11,"{'subsample': 0.8, 'reg_lambda': 1, 'reg_alpha': 0.1, 'min_child_weight': 1, 'max_depth': 4, 'learning_rate': 0.05, 'gamma': 0.5, 'colsample_bytree': 0.7, 'colsample_bylevel': 0.6, 'n_estimators': 300}",0.5887402160129432,repeated_stratified,6,2,full,sep
8,4,0.5,8,3,0.375,8,3,0.375,0.4166666666666667,0.416005291005291,0.5963541666666666,4,3,1,3,3,2,3,2,3,P10,xgb,28,"{'subsample': 1.0, 'reg_lambda': 10, 'reg_alpha': 0.1, 'min_child_weight': 1, 'max_depth': 2, 'learning_rate': 0.03, 'gamma': 0.3, 'colsample_bytree': 0.6, 'colsample_bylevel': 0.6, 'n_estimators': 300}",0.5863111635838908,repeated_stratified,6,3,full,sep
8,3,0.375,8,3,0.375,8,2,0.25,0.3333333333333333,0.3315359477124183,0.5416666666666666,3,3,2,2,3,3,4,2,2,P10,xgb,24,"{'subsample': 0.6, 'reg_lambda': 1, 'reg_alpha': 0, 'min_child_weight': 1, 'max_depth': 2, 'learning_rate': 0.03, 'gamma': 0, 'colsample_bytree': 0.6, 'colsample_bylevel': 0.6, 'n_estimators': 300}",0.5513161922252832,repeated_stratified,6,4,full,sep
8,5,0.625,8,3,0.375,9,3,0.3333333333333333,0.44,0.4359427981719003,0.6215958605664488,5,1,2,2,3,3,4,2,3,P10,xgb,28,"{'subsample': 0.6, 'reg_lambda': 3, 'reg_alpha': 0.1, 'min_child_weight': 1, 'max_depth': 2, 'learning_rate': 0.05, 'gamma': 0, 'colsample_bytree': 0.7, 'colsample_bylevel': 0.6, 'n_estimators': 300}",0.5846866937776029,repeated_stratified,7,0,full,sep
9,6,0.6666666666666666,8,3,0.375,8,2,0.25,0.44,0.418040293040293,0.5209694989106753,6,2,1,3,3,2,3,3,2,P10,xgb,18,"{'subsample': 0.8, 'reg_lambda': 10, 'reg_alpha': 0.1, 'min_child_weight': 1, 'max_depth': 16, 'learning_rate': 0.01, 'gamma': 0.1, 'colsample_bytree': 0.6, 'colsample_bylevel': 0.6, 'n_estimators': 300}",0.6105841969478333,repeated_stratified,7,1,full,sep
8,3,0.375,8,4,0.5,8,3,0.375,0.4166666666666667,0.416005291005291,0.5677083333333334,3,2,3,2,4,2,1,4,3,P10,xgb,24,"{'subsample': 0.8, 'reg_lambda': 5, 'reg_alpha': 0.1, 'min_child_weight': 1, 'max_depth': 8, 'learning_rate': 0.03, 'gamma': 0, 'colsample_bytree': 0.6, 'colsample_bylevel': 0.6, 'n_estimators': 300}",0.5766102584284402,repeated_stratified,7,2,full,sep
8,1,0.125,8,3,0.375,8,3,0.375,0.2916666666666667,0.2846153846153846,0.4583333333333333,1,5,2,3,3,2,1,4,3,P10,xgb,20,"{'subsample': 0.6, 'reg_lambda': 10, 'reg_alpha': 0.1, 'min_child_weight': 1, 'max_depth': 8, 'learning_rate': 0.03, 'gamma': 0.3, 'colsample_bytree': 0.6, 'colsample_bylevel': 0.8, 'n_estimators': 300}",0.5564279155188246,repeated_stratified,7,3,full,sep
8,1,0.125,8,2,0.25,8,5,0.625,0.3333333333333333,0.3052503052503052,0.484375,1,3,4,2,2,4,2,1,5,P10,xgb,12,"{'subsample': 0.8, 'reg_lambda': 5, 'reg_alpha': 0.1, 'min_child_weight': 1, 'max_depth': 8, 'learning_rate': 0.03, 'gamma': 0, 'colsample_bytree': 0.6, 'colsample_bylevel': 0.6, 'n_estimators': 300}",0.6110083519174427,repeated_stratified,7,4,full,sep
8,2,0.25,8,3,0.375,9,3,0.3333333333333333,0.32,0.3189383715699505,0.4576525054466231,2,3,3,1,3,4,2,4,3,P10,xgb,22,"{'subsample': 0.8, 'reg_lambda': 1, 'reg_alpha': 0.5, 'min_child_weight': 1, 'max_depth': 2, 'learning_rate': 0.01, 'gamma': 0.1, 'colsample_bytree': 0.7, 'colsample_bylevel': 0.6, 'n_estimators': 300}",0.6101359919541739,repeated_stratified,8,0,full,sep
9,3,0.3333333333333333,8,1,0.125,8,5,0.625,0.36,0.3444444444444444,0.5276416122004357,3,5,1,1,1,6,2,1,5,P10,xgb,21,"{'subsample': 0.8, 'reg_lambda': 10, 'reg_alpha': 0.1, 'min_child_weight': 1, 'max_depth': 16, 'learning_rate': 0.01, 'gamma': 0.1, 'colsample_bytree': 0.6, 'colsample_bylevel': 0.6, 'n_estimators': 300}",0.5481940618304256,repeated_stratified,8,1,full,sep
8,4,0.5,8,3,0.375,8,2,0.25,0.375,0.367914979757085,0.6067708333333334,4,2,2,4,3,1,3,3,2,P10,xgb,24,"{'subsample': 0.6, 'reg_lambda': 10, 'reg_alpha': 0.5, 'min_child_weight': 1, 'max_depth': 2, 'learning_rate': 0.05, 'gamma': 0.1, 'colsample_bytree': 0.6, 'colsample_bylevel': 0.6, 'n_estimators': 300}",0.5138484411211685,repeated_stratified,8,2,full,sep
8,3,0.375,8,3,0.375,8,1,0.125,0.2916666666666667,0.2888888888888889,0.4895833333333333,3,1,4,3,3,2,4,3,1,P10,xgb,20,"{'subsample': 0.6, 'reg_lambda': 1, 'reg_alpha': 0.1, 'min_child_weight': 1, 'max_depth': 2, 'learning_rate': 0.01, 'gamma': 2, 'colsample_bytree': 0.7, 'colsample_bylevel': 0.6, 'n_estimators': 300}",0.5879859198041016,repeated_stratified,8,3,full,sep
8,5,0.625,8,1,0.125,8,2,0.25,0.3333333333333333,0.3136752136752136,0.6458333333333334,5,2,1,5,1,2,2,4,2,P10,xgb,28,"{'subsample': 0.6, 'reg_lambda': 5, 'reg_alpha': 0, 'min_child_weight': 1, 'max_depth': 2, 'learning_rate': 0.01, 'gamma': 0.3, 'colsample_bytree': 0.7, 'colsample_bylevel': 0.6, 'n_estimators': 300}",0.5574314574314574,repeated_stratified,8,4,full,sep
8,3,0.375,8,2,0.25,9,4,0.4444444444444444,0.36,0.3540260908681961,0.491557734204793,3,1,4,4,2,2,3,2,4,P10,xgb,24,"{'subsample': 0.6, 'reg_lambda': 10, 'reg_alpha': 0.1, 'min_child_weight': 1, 'max_depth': 8, 'learning_rate': 0.03, 'gamma': 0.3, 'colsample_bytree': 0.6, 'colsample_bylevel': 0.8, 'n_estimators': 300}",0.5675499584590494,repeated_stratified,9,0,full,sep
9,4,0.4444444444444444,8,2,0.25,8,6,0.75,0.48,0.4597069597069597,0.6191448801742919,4,2,3,2,2,4,1,1,6,P10,xgb,24,"{'subsample': 0.6, 'reg_lambda': 5, 'reg_alpha': 0.5, 'min_child_weight': 1, 'max_depth': 8, 'learning_rate': 0.03, 'gamma': 0.3, 'colsample_bytree': 0.6, 'colsample_bylevel': 0.6, 'n_estimators': 300}",0.5177532904805632,repeated_stratified,9,1,full,sep
8,3,0.375,8,3,0.375,8,4,0.5,0.4166666666666667,0.4204248366013072,0.6432291666666666,3,4,1,3,3,2,2,2,4,P10,xgb,9,"{'subsample': 1.0, 'reg_lambda': 3, 'reg_alpha': 0.5, 'min_child_weight': 1, 'max_depth': 2, 'learning_rate': 0.05, 'gamma': 0, 'colsample_bytree': 0.7, 'colsample_bylevel': 0.8, 'n_estimators': 300}",0.6103436967073331,repeated_stratified,9,2,full,sep
8,3,0.375,8,4,0.5,8,3,0.375,0.4166666666666667,0.4176470588235294,0.4635416666666667,3,1,4,2,4,2,2,3,3,P10,xgb,21,"{'subsample': 0.8, 'reg_lambda': 5, 'reg_alpha': 0.1, 'min_child_weight': 1, 'max_depth': 8, 'learning_rate': 0.03, 'gamma': 0, 'colsample_bytree': 0.6, 'colsample_bylevel': 0.6, 'n_estimators': 300}",0.6250470068651888,repeated_stratified,9,3,full,sep
8,5,0.625,8,3,0.375,8,3,0.375,0.4583333333333333,0.4544117647058823,0.6640625,5,1,2,2,3,3,2,3,3,P10,xgb,22,"{'subsample': 0.8, 'reg_lambda': 5, 'reg_alpha': 0.1, 'min_child_weight': 1, 'max_depth': 8, 'learning_rate': 0.03, 'gamma': 0, 'colsample_bytree': 0.6, 'colsample_bylevel': 0.6, 'n_estimators': 300}",0.5617954436136254,repeated_stratified,9,4,full,sep
8,5,0.625,8,5,0.625,8,1,0.125,0.4583333333333333,0.425925925925926,0.6015625,5,2,1,1,5,2,4,3,1,P11,xgb,30,"{'subsample': 0.6, 'reg_lambda': 3, 'reg_alpha': 0.1, 'min_child_weight': 1, 'max_depth': 8, 'learning_rate': 0.05, 'gamma': 0, 'colsample_bytree': 0.7, 'colsample_bylevel': 0.8, 'n_estimators': 300}",0.531986531986532,repeated_stratified,0,0,full,sep
8,2,0.25,8,4,0.5,8,2,0.25,0.3333333333333333,0.3247863247863248,0.4010416666666667,2,4,2,3,4,1,1,5,2,P11,xgb,30,"{'subsample': 0.8, 'reg_lambda': 3, 'reg_alpha': 0.1, 'min_child_weight': 1, 'max_depth': 2, 'learning_rate': 0.03, 'gamma': 1, 'colsample_bytree': 0.6, 'colsample_bylevel': 0.6, 'n_estimators': 300}",0.59001924001924,repeated_stratified,0,1,full,sep
8,3,0.375,8,5,0.625,8,3,0.375,0.4583333333333333,0.4554334554334554,0.5729166666666666,3,4,1,2,5,1,1,4,3,P11,xgb,20,"{'subsample': 0.8, 'reg_lambda': 5, 'reg_alpha': 0.1, 'min_child_weight': 1, 'max_depth': 8, 'learning_rate': 0.03, 'gamma': 0, 'colsample_bytree': 0.6, 'colsample_bylevel': 0.6, 'n_estimators': 300}",0.5538961038961039,repeated_stratified,0,2,full,sep
8,3,0.375,8,1,0.125,8,0,0.0,0.1666666666666666,0.1497076023391812,0.3515625,3,4,1,2,1,5,6,2,0,P11,xgb,30,"{'subsample': 1.0, 'reg_lambda': 3, 'reg_alpha': 0.5, 'min_child_weight': 1, 'max_depth': 2, 'learning_rate': 0.05, 'gamma': 0, 'colsample_bytree': 0.7, 'colsample_bylevel': 0.8, 'n_estimators': 300}",0.6386964886964887,repeated_stratified,0,3,full,sep
8,4,0.5,8,2,0.25,8,2,0.25,0.3333333333333333,0.3290849673202614,0.5598958333333334,4,1,3,4,2,2,1,5,2,P11,xgb,9,"{'subsample': 1.0, 'reg_lambda': 5, 'reg_alpha': 0.5, 'min_child_weight': 1, 'max_depth': 4, 'learning_rate': 0.03, 'gamma': 0, 'colsample_bytree': 0.6, 'colsample_bylevel': 0.8, 'n_estimators': 300}",0.5747715247715247,repeated_stratified,0,4,full,sep
8,3,0.375,8,1,0.125,8,3,0.375,0.2916666666666667,0.2862155388471178,0.3619791666666667,3,3,2,1,1,6,3,2,3,P11,xgb,30,"{'subsample': 1.0, 'reg_lambda': 3, 'reg_alpha': 0, 'min_child_weight': 1, 'max_depth': 4, 'learning_rate': 0.01, 'gamma': 0.3, 'colsample_bytree': 0.6, 'colsample_bylevel': 0.6, 'n_estimators': 300}",0.6361471861471862,repeated_stratified,1,0,full,sep
8,3,0.375,8,1,0.125,8,3,0.375,0.2916666666666667,0.2904761904761905,0.5026041666666666,3,1,4,2,1,5,1,4,3,P11,xgb,25,"{'subsample': 0.8, 'reg_lambda': 1, 'reg_alpha': 0.5, 'min_child_weight': 1, 'max_depth': 2, 'learning_rate': 0.01, 'gamma': 0.1, 'colsample_bytree': 0.7, 'colsample_bylevel': 0.6, 'n_estimators': 300}",0.5284752284752284,repeated_stratified,1,1,full,sep
8,2,0.25,8,4,0.5,8,3,0.375,0.375,0.3777777777777777,0.4817708333333333,2,2,4,1,4,3,4,1,3,P11,xgb,30,"{'subsample': 0.8, 'reg_lambda': 1, 'reg_alpha': 0, 'min_child_weight': 1, 'max_depth': 8, 'learning_rate': 0.01, 'gamma': 0.3, 'colsample_bytree': 0.6, 'colsample_bylevel': 0.8, 'n_estimators': 300}",0.5364357864357864,repeated_stratified,1,2,full,sep
8,3,0.375,8,2,0.25,8,4,0.5,0.375,0.373202614379085,0.5364583333333334,3,3,2,4,2,2,2,2,4,P11,xgb,30,"{'subsample': 0.6, 'reg_lambda': 3, 'reg_alpha': 0.1, 'min_child_weight': 1, 'max_depth': 8, 'learning_rate': 0.05, 'gamma': 0, 'colsample_bytree': 0.7, 'colsample_bylevel': 0.8, 'n_estimators': 300}",0.5534391534391534,repeated_stratified,1,3,full,sep
8,5,0.625,8,4,0.5,8,3,0.375,0.5,0.5,0.6901041666666666,5,1,2,3,4,1,4,1,3,P11,xgb,30,"{'subsample': 1.0, 'reg_lambda': 5, 'reg_alpha': 0.1, 'min_child_weight': 1, 'max_depth': 8, 'learning_rate': 0.03, 'gamma': 0.1, 'colsample_bytree': 0.7, 'colsample_bylevel': 0.8, 'n_estimators': 300}",0.567965367965368,repeated_stratified,1,4,full,sep
8,2,0.25,8,2,0.25,8,0,0.0,0.1666666666666666,0.1481481481481481,0.4375,2,3,3,5,2,1,3,5,0,P11,xgb,29,"{'subsample': 0.6, 'reg_lambda': 3, 'reg_alpha': 0.1, 'min_child_weight': 1, 'max_depth': 8, 'learning_rate': 0.05, 'gamma': 0, 'colsample_bytree': 0.7, 'colsample_bylevel': 0.8, 'n_estimators': 300}",0.584030784030784,repeated_stratified,2,0,full,sep
8,3,0.375,8,4,0.5,8,1,0.125,0.3333333333333333,0.3276524644945697,0.515625,3,2,3,1,4,3,2,5,1,P11,xgb,30,"{'subsample': 0.8, 'reg_lambda': 10, 'reg_alpha': 0.5, 'min_child_weight': 1, 'max_depth': 8, 'learning_rate': 0.01, 'gamma': 0.3, 'colsample_bytree': 0.7, 'colsample_bylevel': 0.6, 'n_estimators': 300}",0.5269360269360269,repeated_stratified,2,1,full,sep
8,5,0.625,8,3,0.375,8,1,0.125,0.375,0.364957264957265,0.6041666666666666,5,0,3,2,3,3,5,2,1,P11,xgb,10,"{'subsample': 0.6, 'reg_lambda': 5, 'reg_alpha': 0, 'min_child_weight': 1, 'max_depth': 2, 'learning_rate': 0.01, 'gamma': 0.3, 'colsample_bytree': 0.7, 'colsample_bylevel': 0.6, 'n_estimators': 300}",0.5635161135161134,repeated_stratified,2,2,full,sep
8,3,0.375,8,4,0.5,8,3,0.375,0.4166666666666667,0.4218200100553042,0.5703125,3,4,1,3,4,1,4,1,3,P11,xgb,30,"{'subsample': 1.0, 'reg_lambda': 5, 'reg_alpha': 0.1, 'min_child_weight': 1, 'max_depth': 8, 'learning_rate': 0.03, 'gamma': 0.1, 'colsample_bytree': 0.7, 'colsample_bylevel': 0.8, 'n_estimators': 300}",0.4608946608946609,repeated_stratified,2,3,full,sep
8,5,0.625,8,3,0.375,8,3,0.375,0.4583333333333333,0.4538461538461538,0.5625,5,1,2,5,3,0,2,3,3,P11,xgb,30,"{'subsample': 0.6, 'reg_lambda': 3, 'reg_alpha': 0.1, 'min_child_weight': 1, 'max_depth': 2, 'learning_rate': 0.05, 'gamma': 0, 'colsample_bytree': 0.7, 'colsample_bylevel': 0.6, 'n_estimators': 300}",0.5782828282828283,repeated_stratified,2,4,full,sep
8,2,0.25,8,5,0.625,8,1,0.125,0.3333333333333333,0.3119465329991646,0.5703125,2,3,3,1,5,2,4,3,1,P11,xgb,30,"{'subsample': 1.0, 'reg_lambda': 5, 'reg_alpha': 0.1, 'min_child_weight': 1, 'max_depth': 8, 'learning_rate': 0.03, 'gamma': 0.1, 'colsample_bytree': 0.7, 'colsample_bylevel': 0.8, 'n_estimators': 300}",0.5466329966329967,repeated_stratified,3,0,full,sep
8,3,0.375,8,2,0.25,8,1,0.125,0.25,0.2466931216931217,0.4427083333333333,3,3,2,3,2,3,2,5,1,P11,xgb,30,"{'subsample': 0.6, 'reg_lambda': 1, 'reg_alpha': 0, 'min_child_weight': 1, 'max_depth': 2, 'learning_rate': 0.03, 'gamma': 0, 'colsample_bytree': 0.6, 'colsample_bylevel': 0.6, 'n_estimators': 300}",0.5688792688792689,repeated_stratified,3,1,full,sep
8,4,0.5,8,3,0.375,8,0,0.0,0.2916666666666667,0.2583333333333333,0.5364583333333334,4,1,3,4,3,1,4,4,0,P11,xgb,30,"{'subsample': 1.0, 'reg_lambda': 1, 'reg_alpha': 0.5, 'min_child_weight': 1, 'max_depth': 4, 'learning_rate': 0.01, 'gamma': 0.5, 'colsample_bytree': 0.6, 'colsample_bylevel': 0.8, 'n_estimators': 300}",0.5856180856180857,repeated_stratified,3,2,full,sep
8,2,0.25,8,5,0.625,8,3,0.375,0.4166666666666667,0.4031746031746032,0.5520833333333334,2,4,2,1,5,2,1,4,3,P11,xgb,8,"{'subsample': 0.6, 'reg_lambda': 10, 'reg_alpha': 0.5, 'min_child_weight': 1, 'max_depth': 2, 'learning_rate': 0.05, 'gamma': 0.1, 'colsample_bytree': 0.6, 'colsample_bylevel': 0.6, 'n_estimators': 300}",0.647931697931698,repeated_stratified,3,3,full,sep
8,4,0.5,8,4,0.5,8,3,0.375,0.4583333333333333,0.4583333333333333,0.5729166666666666,4,1,3,2,4,2,2,3,3,P11,xgb,30,"{'subsample': 0.6, 'reg_lambda': 1, 'reg_alpha': 0, 'min_child_weight': 1, 'max_depth': 2, 'learning_rate': 0.03, 'gamma': 0, 'colsample_bytree': 0.6, 'colsample_bylevel': 0.6, 'n_estimators': 300}",0.5724146224146224,repeated_stratified,3,4,full,sep
8,2,0.25,8,2,0.25,8,1,0.125,0.2083333333333333,0.2148148148148148,0.3645833333333333,2,1,5,2,2,4,3,4,1,P11,xgb,30,"{'subsample': 1.0, 'reg_lambda': 3, 'reg_alpha': 0.5, 'min_child_weight': 1, 'max_depth': 2, 'learning_rate': 0.05, 'gamma': 0, 'colsample_bytree': 0.7, 'colsample_bylevel': 0.8, 'n_estimators': 300}",0.5594997594997596,repeated_stratified,4,0,full,sep
8,6,0.75,8,3,0.375,8,5,0.625,0.5833333333333334,0.5727058029689608,0.6588541666666666,6,1,1,3,3,2,2,1,5,P11,xgb,10,"{'subsample': 0.6, 'reg_lambda': 10, 'reg_alpha': 0.5, 'min_child_weight': 1, 'max_depth': 2, 'learning_rate': 0.05, 'gamma': 0.1, 'colsample_bytree': 0.6, 'colsample_bylevel': 0.6, 'n_estimators': 300}",0.6029341029341029,repeated_stratified,4,1,full,sep
8,5,0.625,8,3,0.375,8,2,0.25,0.4166666666666667,0.4256535947712418,0.5494791666666666,5,0,3,1,3,4,1,5,2,P11,xgb,30,"{'subsample': 1.0, 'reg_lambda': 3, 'reg_alpha': 0.5, 'min_child_weight': 1, 'max_depth': 2, 'learning_rate': 0.05, 'gamma': 0, 'colsample_bytree': 0.7, 'colsample_bylevel': 0.8, 'n_estimators': 300}",0.5637325637325638,repeated_stratified,4,2,full,sep
8,6,0.75,8,4,0.5,8,3,0.375,0.5416666666666666,0.5343358395989974,0.5833333333333334,6,1,1,1,4,3,4,1,3,P11,xgb,30,"{'subsample': 0.8, 'reg_lambda': 5, 'reg_alpha': 0.1, 'min_child_weight': 1, 'max_depth': 8, 'learning_rate': 0.03, 'gamma': 0, 'colsample_bytree': 0.6, 'colsample_bylevel': 0.6, 'n_estimators': 300}",0.5262385762385763,repeated_stratified,4,3,full,sep
8,4,0.5,8,1,0.125,8,2,0.25,0.2916666666666667,0.2916666666666667,0.4401041666666667,4,3,1,2,1,5,2,4,2,P11,xgb,30,"{'subsample': 0.6, 'reg_lambda': 3, 'reg_alpha': 0.1, 'min_child_weight': 1, 'max_depth': 8, 'learning_rate': 0.05, 'gamma': 0, 'colsample_bytree': 0.7, 'colsample_bylevel': 0.8, 'n_estimators': 300}",0.6099086099086098,repeated_stratified,4,4,full,sep
8,2,0.25,8,1,0.125,8,2,0.25,0.2083333333333333,0.2066833751044277,0.4192708333333333,2,1,5,3,1,4,2,4,2,P11,xgb,30,"{'subsample': 0.6, 'reg_lambda': 3, 'reg_alpha': 0.1, 'min_child_weight': 1, 'max_depth': 8, 'learning_rate': 0.05, 'gamma': 0, 'colsample_bytree': 0.7, 'colsample_bylevel': 0.8, 'n_estimators': 300}",0.5590909090909091,repeated_stratified,5,0,full,sep
8,4,0.5,8,3,0.375,8,3,0.375,0.4166666666666667,0.4151960784313726,0.6041666666666666,4,2,2,2,3,3,3,2,3,P11,xgb,30,"{'subsample': 0.8, 'reg_lambda': 1, 'reg_alpha': 0.1, 'min_child_weight': 1, 'max_depth': 4, 'learning_rate': 0.05, 'gamma': 0.5, 'colsample_bytree': 0.7, 'colsample_bylevel': 0.6, 'n_estimators': 300}",0.5536315536315537,repeated_stratified,5,1,full,sep
8,4,0.5,8,4,0.5,8,1,0.125,0.375,0.3518518518518518,0.4010416666666667,4,2,2,3,4,1,3,4,1,P11,xgb,28,"{'subsample': 0.8, 'reg_lambda': 5, 'reg_alpha': 0.1, 'min_child_weight': 1, 'max_depth': 8, 'learning_rate': 0.03, 'gamma': 0, 'colsample_bytree': 0.6, 'colsample_bylevel': 0.6, 'n_estimators': 300}",0.6113997113997113,repeated_stratified,5,2,full,sep
8,6,0.75,8,1,0.125,8,2,0.25,0.375,0.3369963369963369,0.5494791666666666,6,1,1,4,1,3,3,3,2,P11,xgb,30,"{'subsample': 0.6, 'reg_lambda': 3, 'reg_alpha': 0.1, 'min_child_weight': 1, 'max_depth': 2, 'learning_rate': 0.05, 'gamma': 0, 'colsample_bytree': 0.7, 'colsample_bylevel': 0.6, 'n_estimators': 300}",0.5156565656565656,repeated_stratified,5,3,full,sep
8,2,0.25,8,3,0.375,8,4,0.5,0.375,0.3726741095162147,0.5989583333333334,2,3,3,1,3,4,0,4,4,P11,xgb,15,"{'subsample': 0.6, 'reg_lambda': 10, 'reg_alpha': 0.5, 'min_child_weight': 1, 'max_depth': 2, 'learning_rate': 0.05, 'gamma': 0.1, 'colsample_bytree': 0.6, 'colsample_bylevel': 0.6, 'n_estimators': 300}",0.5686147186147187,repeated_stratified,5,4,full,sep
8,2,0.25,8,3,0.375,8,3,0.375,0.3333333333333333,0.3313492063492063,0.5364583333333334,2,3,3,3,3,2,1,4,3,P11,xgb,30,"{'subsample': 0.6, 'reg_lambda': 5, 'reg_alpha': 0.5, 'min_child_weight': 1, 'max_depth': 8, 'learning_rate': 0.03, 'gamma': 0.3, 'colsample_bytree': 0.6, 'colsample_bylevel': 0.6, 'n_estimators': 300}",0.4765031265031265,repeated_stratified,6,0,full,sep
8,3,0.375,8,2,0.25,8,1,0.125,0.25,0.2430031841796547,0.546875,3,4,1,3,2,3,3,4,1,P11,xgb,30,"{'subsample': 0.6, 'reg_lambda': 1, 'reg_alpha': 0, 'min_child_weight': 1, 'max_depth': 2, 'learning_rate': 0.03, 'gamma': 0, 'colsample_bytree': 0.6, 'colsample_bylevel': 0.6, 'n_estimators': 300}",0.5843674843674843,repeated_stratified,6,1,full,sep
8,4,0.5,8,2,0.25,8,2,0.25,0.3333333333333333,0.3395424836601307,0.484375,4,1,3,2,2,4,1,5,2,P11,xgb,30,"{'subsample': 0.6, 'reg_lambda': 3, 'reg_alpha': 0.1, 'min_child_weight': 1, 'max_depth': 8, 'learning_rate': 0.05, 'gamma': 0, 'colsample_bytree': 0.7, 'colsample_bylevel': 0.8, 'n_estimators': 300}",0.5423520923520924,repeated_stratified,6,2,full,sep
8,3,0.375,8,3,0.375,8,3,0.375,0.375,0.3781512605042016,0.5416666666666666,3,3,2,1,3,4,2,3,3,P11,xgb,29,"{'subsample': 1.0, 'reg_lambda': 10, 'reg_alpha': 0, 'min_child_weight': 1, 'max_depth': 16, 'learning_rate': 0.05, 'gamma': 2, 'colsample_bytree': 0.6, 'colsample_bylevel': 0.8, 'n_estimators': 300}",0.5108946608946608,repeated_stratified,6,3,full,sep
8,6,0.75,8,4,0.5,8,2,0.25,0.5,0.4814814814814814,0.6380208333333334,6,1,1,3,4,1,1,5,2,P11,xgb,30,"{'subsample': 0.6, 'reg_lambda': 3, 'reg_alpha': 0.1, 'min_child_weight': 1, 'max_depth': 2, 'learning_rate': 0.05, 'gamma': 0, 'colsample_bytree': 0.7, 'colsample_bylevel': 0.6, 'n_estimators': 300}",0.5216690716690716,repeated_stratified,6,4,full,sep
8,4,0.5,8,3,0.375,8,1,0.125,0.3333333333333333,0.3115864527629233,0.4895833333333333,4,3,1,4,3,1,4,3,1,P11,xgb,30,"{'subsample': 0.6, 'reg_lambda': 1, 'reg_alpha': 0.1, 'min_child_weight': 1, 'max_depth': 2, 'learning_rate': 0.01, 'gamma': 2, 'colsample_bytree': 0.7, 'colsample_bylevel': 0.6, 'n_estimators': 300}",0.5927128427128427,repeated_stratified,7,0,full,sep
8,3,0.375,8,3,0.375,8,2,0.25,0.3333333333333333,0.3407407407407407,0.5130208333333334,3,2,3,0,3,5,4,2,2,P11,xgb,23,"{'subsample': 1.0, 'reg_lambda': 10, 'reg_alpha': 0.5, 'min_child_weight': 1, 'max_depth': 4, 'learning_rate': 0.03, 'gamma': 1, 'colsample_bytree': 0.7, 'colsample_bylevel': 0.8, 'n_estimators': 300}",0.5641414141414142,repeated_stratified,7,1,full,sep
8,1,0.125,8,5,0.625,8,0,0.0,0.25,0.1865079365079365,0.4895833333333333,1,6,1,2,5,1,3,5,0,P11,xgb,30,"{'subsample': 0.6, 'reg_lambda': 10, 'reg_alpha': 0.5, 'min_child_weight': 1, 'max_depth': 2, 'learning_rate': 0.05, 'gamma': 0.1, 'colsample_bytree': 0.6, 'colsample_bylevel': 0.6, 'n_estimators': 300}",0.5733766233766234,repeated_stratified,7,2,full,sep
8,3,0.375,8,2,0.25,8,3,0.375,0.3333333333333333,0.330532212885154,0.5963541666666666,3,1,4,4,2,2,2,3,3,P11,xgb,30,"{'subsample': 0.6, 'reg_lambda': 3, 'reg_alpha': 0.1, 'min_child_weight': 1, 'max_depth': 8, 'learning_rate': 0.05, 'gamma': 0, 'colsample_bytree': 0.7, 'colsample_bylevel': 0.8, 'n_estimators': 300}",0.5686387686387686,repeated_stratified,7,3,full,sep
8,4,0.5,8,2,0.25,8,5,0.625,0.4583333333333333,0.4516339869281046,0.5859375,4,3,1,3,2,3,1,2,5,P11,xgb,30,"{'subsample': 0.6, 'reg_lambda': 1, 'reg_alpha': 0, 'min_child_weight': 1, 'max_depth': 2, 'learning_rate': 0.03, 'gamma': 0, 'colsample_bytree': 0.6, 'colsample_bylevel': 0.6, 'n_estimators': 300}",0.4922318422318423,repeated_stratified,7,4,full,sep
8,5,0.625,8,3,0.375,8,3,0.375,0.4583333333333333,0.4518518518518519,0.5104166666666666,5,1,2,3,3,2,2,3,3,P11,xgb,30,"{'subsample': 0.8, 'reg_lambda': 10, 'reg_alpha': 0, 'min_child_weight': 1, 'max_depth': 8, 'learning_rate': 0.05, 'gamma': 0, 'colsample_bytree': 0.7, 'colsample_bylevel': 0.6, 'n_estimators': 300}",0.5527176527176527,repeated_stratified,8,0,full,sep
8,3,0.375,8,5,0.625,8,2,0.25,0.4166666666666667,0.4053963465728172,0.5234375,3,2,3,3,5,0,3,3,2,P11,xgb,30,"{'subsample': 0.6, 'reg_lambda': 10, 'reg_alpha': 0.5, 'min_child_weight': 1, 'max_depth': 2, 'learning_rate': 0.05, 'gamma': 0.1, 'colsample_bytree': 0.6, 'colsample_bylevel': 0.6, 'n_estimators': 300}",0.5573352573352574,repeated_stratified,8,1,full,sep
8,4,0.5,8,3,0.375,8,2,0.25,0.375,0.3720969089390142,0.5833333333333334,4,1,3,3,3,2,4,2,2,P11,xgb,30,"{'subsample': 0.6, 'reg_lambda': 3, 'reg_alpha': 0.1, 'min_child_weight': 1, 'max_depth': 2, 'learning_rate': 0.05, 'gamma': 0, 'colsample_bytree': 0.7, 'colsample_bylevel': 0.6, 'n_estimators': 300}",0.5592592592592592,repeated_stratified,8,2,full,sep
8,3,0.375,8,5,0.625,8,3,0.375,0.4583333333333333,0.4566783978548684,0.625,3,1,4,1,5,2,1,4,3,P11,xgb,29,"{'subsample': 0.8, 'reg_lambda': 1, 'reg_alpha': 0.1, 'min_child_weight': 1, 'max_depth': 4, 'learning_rate': 0.05, 'gamma': 0.5, 'colsample_bytree': 0.7, 'colsample_bylevel': 0.6, 'n_estimators': 300}",0.5122895622895624,repeated_stratified,8,3,full,sep
8,3,0.375,8,2,0.25,8,1,0.125,0.25,0.2454248366013072,0.4817708333333333,3,3,2,2,2,4,4,3,1,P11,xgb,30,"{'subsample': 1.0, 'reg_lambda': 1, 'reg_alpha': 0.5, 'min_child_weight': 1, 'max_depth': 4, 'learning_rate': 0.01, 'gamma': 0.5, 'colsample_bytree': 0.6, 'colsample_bylevel': 0.8, 'n_estimators': 300}",0.5687830687830687,repeated_stratified,8,4,full,sep
8,2,0.25,8,2,0.25,8,3,0.375,0.2916666666666667,0.2914529914529915,0.4557291666666667,2,1,5,2,2,4,1,4,3,P11,xgb,30,"{'subsample': 0.8, 'reg_lambda': 3, 'reg_alpha': 0.1, 'min_child_weight': 1, 'max_depth': 2, 'learning_rate': 0.03, 'gamma': 1, 'colsample_bytree': 0.6, 'colsample_bylevel': 0.6, 'n_estimators': 300}",0.572029822029822,repeated_stratified,9,0,full,sep
8,4,0.5,8,5,0.625,8,3,0.375,0.5,0.4988562091503268,0.6119791666666666,4,1,3,1,5,2,2,3,3,P11,xgb,12,"{'subsample': 0.6, 'reg_lambda': 1, 'reg_alpha': 0, 'min_child_weight': 1, 'max_depth': 2, 'learning_rate': 0.03, 'gamma': 0, 'colsample_bytree': 0.6, 'colsample_bylevel': 0.6, 'n_estimators': 300}",0.6037999037999038,repeated_stratified,9,1,full,sep
8,3,0.375,8,4,0.5,8,2,0.25,0.375,0.3787581699346405,0.5130208333333334,3,1,4,2,4,2,4,2,2,P11,xgb,30,"{'subsample': 1.0, 'reg_lambda': 5, 'reg_alpha': 0.1, 'min_child_weight': 1, 'max_depth': 8, 'learning_rate': 0.03, 'gamma': 0.1, 'colsample_bytree': 0.7, 'colsample_bylevel': 0.8, 'n_estimators': 300}",0.5764309764309764,repeated_stratified,9,2,full,sep
8,3,0.375,8,5,0.625,8,5,0.625,0.5416666666666666,0.5427350427350427,0.6276041666666666,3,1,4,0,5,3,2,1,5,P11,xgb,30,"{'subsample': 0.6, 'reg_lambda': 3, 'reg_alpha': 0.1, 'min_child_weight': 1, 'max_depth': 8, 'learning_rate': 0.05, 'gamma': 0, 'colsample_bytree': 0.7, 'colsample_bylevel': 0.8, 'n_estimators': 300}",0.517941317941318,repeated_stratified,9,3,full,sep
8,2,0.25,8,4,0.5,8,3,0.375,0.375,0.3703703703703703,0.53125,2,2,4,1,4,3,1,4,3,P11,xgb,25,"{'subsample': 0.8, 'reg_lambda': 1, 'reg_alpha': 0, 'min_child_weight': 1, 'max_depth': 8, 'learning_rate': 0.01, 'gamma': 0.3, 'colsample_bytree': 0.6, 'colsample_bylevel': 0.8, 'n_estimators': 300}",0.5578162578162579,repeated_stratified,9,4,full,sep
8,3,0.375,8,6,0.75,8,4,0.5,0.5416666666666666,0.5329311211664153,0.6927083333333334,3,2,3,0,6,2,2,2,4,P12,xgb,30,"{'subsample': 0.6, 'reg_lambda': 10, 'reg_alpha': 0.5, 'min_child_weight': 1, 'max_depth': 2, 'learning_rate': 0.05, 'gamma': 0.1, 'colsample_bytree': 0.6, 'colsample_bylevel': 0.6, 'n_estimators': 300}",0.6158970658970659,repeated_stratified,0,0,full,sep
8,3,0.375,8,3,0.375,8,4,0.5,0.4166666666666667,0.4165413533834586,0.6484375,3,2,3,1,3,4,3,1,4,P12,xgb,30,"{'subsample': 1.0, 'reg_lambda': 5, 'reg_alpha': 0, 'min_child_weight': 1, 'max_depth': 2, 'learning_rate': 0.01, 'gamma': 0, 'colsample_bytree': 0.6, 'colsample_bylevel': 0.8, 'n_estimators': 300}",0.6885040885040885,repeated_stratified,0,1,full,sep
8,4,0.5,8,5,0.625,8,5,0.625,0.5833333333333334,0.583994708994709,0.71875,4,2,2,0,5,3,2,1,5,P12,xgb,26,"{'subsample': 0.6, 'reg_lambda': 1, 'reg_alpha': 0.1, 'min_child_weight': 1, 'max_depth': 2, 'learning_rate': 0.01, 'gamma': 2, 'colsample_bytree': 0.7, 'colsample_bylevel': 0.6, 'n_estimators': 300}",0.6019240019240019,repeated_stratified,0,2,full,sep
8,2,0.25,8,5,0.625,8,3,0.375,0.4166666666666667,0.4047619047619047,0.546875,2,3,3,3,5,0,1,4,3,P12,xgb,30,"{'subsample': 0.6, 'reg_lambda': 5, 'reg_alpha': 0, 'min_child_weight': 1, 'max_depth': 2, 'learning_rate': 0.01, 'gamma': 0.3, 'colsample_bytree': 0.7, 'colsample_bylevel': 0.6, 'n_estimators': 300}",0.648917748917749,repeated_stratified,0,3,full,sep
8,4,0.5,8,3,0.375,8,4,0.5,0.4583333333333333,0.4754689754689754,0.65625,4,0,4,5,3,0,4,0,4,P12,xgb,30,"{'subsample': 0.6, 'reg_lambda': 10, 'reg_alpha': 0.1, 'min_child_weight': 1, 'max_depth': 8, 'learning_rate': 0.03, 'gamma': 0.3, 'colsample_bytree': 0.6, 'colsample_bylevel': 0.8, 'n_estimators': 300}",0.6780904280904281,repeated_stratified,0,4,full,sep
8,5,0.625,8,2,0.25,8,5,0.625,0.5,0.4826281389748882,0.6354166666666666,5,0,3,5,2,1,1,2,5,P12,xgb,29,"{'subsample': 1.0, 'reg_lambda': 10, 'reg_alpha': 0.1, 'min_child_weight': 1, 'max_depth': 2, 'learning_rate': 0.03, 'gamma': 0.3, 'colsample_bytree': 0.6, 'colsample_bylevel': 0.6, 'n_estimators': 300}",0.6739057239057239,repeated_stratified,1,0,full,sep
8,0,0.0,8,7,0.875,8,4,0.5,0.4583333333333333,0.3787878787878787,0.6458333333333334,0,5,3,0,7,1,2,2,4,P12,xgb,30,"{'subsample': 0.6, 'reg_lambda': 1, 'reg_alpha': 0, 'min_child_weight': 1, 'max_depth': 2, 'learning_rate': 0.03, 'gamma': 0, 'colsample_bytree': 0.6, 'colsample_bylevel': 0.6, 'n_estimators': 300}",0.6463684463684464,repeated_stratified,1,1,full,sep
8,4,0.5,8,3,0.375,8,5,0.625,0.5,0.4957983193277311,0.6380208333333334,4,2,2,3,3,2,2,1,5,P12,xgb,32,"{'subsample': 0.6, 'reg_lambda': 10, 'reg_alpha': 0.5, 'min_child_weight': 1, 'max_depth': 2, 'learning_rate': 0.05, 'gamma': 0.1, 'colsample_bytree': 0.6, 'colsample_bylevel': 0.6, 'n_estimators': 300}",0.7112313612313611,repeated_stratified,1,2,full,sep
8,3,0.375,8,5,0.625,8,7,0.875,0.625,0.6091838444779621,0.7604166666666666,3,3,2,2,5,1,0,1,7,P12,xgb,30,"{'subsample': 0.6, 'reg_lambda': 5, 'reg_alpha': 0, 'min_child_weight': 1, 'max_depth': 2, 'learning_rate': 0.01, 'gamma': 0.3, 'colsample_bytree': 0.7, 'colsample_bylevel': 0.6, 'n_estimators': 300}",0.6542087542087542,repeated_stratified,1,3,full,sep
8,4,0.5,8,5,0.625,8,1,0.125,0.4166666666666667,0.4074074074074074,0.6119791666666666,4,1,3,0,5,3,3,4,1,P12,xgb,29,"{'subsample': 0.6, 'reg_lambda': 5, 'reg_alpha': 0, 'min_child_weight': 1, 'max_depth': 2, 'learning_rate': 0.01, 'gamma': 0.3, 'colsample_bytree': 0.7, 'colsample_bylevel': 0.6, 'n_estimators': 300}",0.6929292929292928,repeated_stratified,1,4,full,sep
8,1,0.125,8,5,0.625,8,3,0.375,0.375,0.3578042328042328,0.609375,1,3,4,2,5,1,3,2,3,P12,xgb,30,"{'subsample': 0.6, 'reg_lambda': 10, 'reg_alpha': 0.5, 'min_child_weight': 1, 'max_depth': 2, 'learning_rate': 0.05, 'gamma': 0.1, 'colsample_bytree': 0.6, 'colsample_bylevel': 0.6, 'n_estimators': 300}",0.6005531505531505,repeated_stratified,2,0,full,sep
8,2,0.25,8,3,0.375,8,4,0.5,0.375,0.376068376068376,0.6848958333333334,2,1,5,2,3,3,3,1,4,P12,xgb,29,"{'subsample': 0.8, 'reg_lambda': 5, 'reg_alpha': 0.1, 'min_child_weight': 1, 'max_depth': 8, 'learning_rate': 0.03, 'gamma': 0, 'colsample_bytree': 0.6, 'colsample_bylevel': 0.6, 'n_estimators': 300}",0.6040885040885041,repeated_stratified,2,1,full,sep
8,1,0.125,8,2,0.25,8,3,0.375,0.25,0.2534313725490196,0.5130208333333334,1,5,2,4,2,2,3,2,3,P12,xgb,11,"{'subsample': 0.6, 'reg_lambda': 5, 'reg_alpha': 0, 'min_child_weight': 1, 'max_depth': 2, 'learning_rate': 0.01, 'gamma': 0.3, 'colsample_bytree': 0.7, 'colsample_bylevel': 0.6, 'n_estimators': 300}",0.7042328042328042,repeated_stratified,2,2,full,sep
8,3,0.375,8,5,0.625,8,3,0.375,0.4583333333333333,0.4583333333333333,0.671875,3,2,3,1,5,2,4,1,3,P12,xgb,31,"{'subsample': 1.0, 'reg_lambda': 5, 'reg_alpha': 0.5, 'min_child_weight': 1, 'max_depth': 4, 'learning_rate': 0.03, 'gamma': 0, 'colsample_bytree': 0.6, 'colsample_bylevel': 0.8, 'n_estimators': 300}",0.674939874939875,repeated_stratified,2,3,full,sep
8,0,0.0,8,4,0.5,8,4,0.5,0.3333333333333333,0.2814814814814815,0.578125,0,4,4,2,4,2,0,4,4,P12,xgb,30,"{'subsample': 0.6, 'reg_lambda': 5, 'reg_alpha': 0, 'min_child_weight': 1, 'max_depth': 2, 'learning_rate': 0.01, 'gamma': 0.3, 'colsample_bytree': 0.7, 'colsample_bylevel': 0.6, 'n_estimators': 300}",0.7011303511303512,repeated_stratified,2,4,full,sep
8,3,0.375,8,6,0.75,8,4,0.5,0.5416666666666666,0.5310391363022942,0.7473958333333334,3,2,3,1,6,1,1,3,4,P12,xgb,30,"{'subsample': 0.6, 'reg_lambda': 5, 'reg_alpha': 0.5, 'min_child_weight': 1, 'max_depth': 8, 'learning_rate': 0.03, 'gamma': 0.3, 'colsample_bytree': 0.6, 'colsample_bylevel': 0.6, 'n_estimators': 300}",0.5966570466570467,repeated_stratified,3,0,full,sep
8,6,0.75,8,2,0.25,8,4,0.5,0.5,0.4793650793650792,0.7395833333333334,6,1,1,4,2,2,3,1,4,P12,xgb,26,"{'subsample': 0.8, 'reg_lambda': 10, 'reg_alpha': 0.1, 'min_child_weight': 1, 'max_depth': 16, 'learning_rate': 0.01, 'gamma': 0.1, 'colsample_bytree': 0.6, 'colsample_bylevel': 0.6, 'n_estimators': 300}",0.6768157768157769,repeated_stratified,3,1,full,sep
8,2,0.25,8,4,0.5,8,3,0.375,0.375,0.3697478991596639,0.5520833333333334,2,3,3,1,4,3,3,2,3,P12,xgb,32,"{'subsample': 0.6, 'reg_lambda': 3, 'reg_alpha': 0.1, 'min_child_weight': 1, 'max_depth': 8, 'learning_rate': 0.05, 'gamma': 0, 'colsample_bytree': 0.7, 'colsample_bylevel': 0.8, 'n_estimators': 300}",0.6852813852813853,repeated_stratified,3,2,full,sep
8,2,0.25,8,3,0.375,8,3,0.375,0.3333333333333333,0.3313222724987431,0.6171875,2,3,3,1,3,4,2,3,3,P12,xgb,30,"{'subsample': 0.6, 'reg_lambda': 3, 'reg_alpha': 0.1, 'min_child_weight': 1, 'max_depth': 2, 'learning_rate': 0.05, 'gamma': 0, 'colsample_bytree': 0.7, 'colsample_bylevel': 0.6, 'n_estimators': 300}",0.6489898989898991,repeated_stratified,3,3,full,sep
8,0,0.0,8,4,0.5,8,5,0.625,0.375,0.3333333333333333,0.5572916666666666,0,4,4,3,4,1,1,2,5,P12,xgb,30,"{'subsample': 0.6, 'reg_lambda': 5, 'reg_alpha': 0.5, 'min_child_weight': 1, 'max_depth': 8, 'learning_rate': 0.03, 'gamma': 0.3, 'colsample_bytree': 0.6, 'colsample_bylevel': 0.6, 'n_estimators': 300}",0.6977873977873977,repeated_stratified,3,4,full,sep
8,2,0.25,8,4,0.5,8,5,0.625,0.4583333333333333,0.4484544695071011,0.7786458333333334,2,3,3,1,4,3,3,0,5,P12,xgb,30,"{'subsample': 0.8, 'reg_lambda': 10, 'reg_alpha': 0.1, 'min_child_weight': 1, 'max_depth': 16, 'learning_rate': 0.01, 'gamma': 0.1, 'colsample_bytree': 0.6, 'colsample_bylevel': 0.6, 'n_estimators': 300}",0.618061568061568,repeated_stratified,4,0,full,sep
8,2,0.25,8,5,0.625,8,2,0.25,0.375,0.3571428571428571,0.6276041666666666,2,3,3,2,5,1,2,4,2,P12,xgb,31,"{'subsample': 0.6, 'reg_lambda': 10, 'reg_alpha': 0.1, 'min_child_weight': 1, 'max_depth': 8, 'learning_rate': 0.03, 'gamma': 0.3, 'colsample_bytree': 0.6, 'colsample_bylevel': 0.8, 'n_estimators': 300}",0.6296777296777297,repeated_stratified,4,1,full,sep
8,2,0.25,8,2,0.25,8,5,0.625,0.375,0.3637566137566138,0.5078125,2,3,3,4,2,2,0,3,5,P12,xgb,30,"{'subsample': 0.6, 'reg_lambda': 5, 'reg_alpha': 0.5, 'min_child_weight': 1, 'max_depth': 8, 'learning_rate': 0.03, 'gamma': 0.3, 'colsample_bytree': 0.6, 'colsample_bylevel': 0.6, 'n_estimators': 300}",0.6645983645983645,repeated_stratified,4,2,full,sep
8,3,0.375,8,4,0.5,8,3,0.375,0.4166666666666667,0.4148148148148148,0.5807291666666666,3,3,2,2,4,2,2,3,3,P12,xgb,29,"{'subsample': 0.6, 'reg_lambda': 5, 'reg_alpha': 0, 'min_child_weight': 1, 'max_depth': 2, 'learning_rate': 0.01, 'gamma': 0.3, 'colsample_bytree': 0.7, 'colsample_bylevel': 0.6, 'n_estimators': 300}",0.6557239057239057,repeated_stratified,4,3,full,sep
8,3,0.375,8,6,0.75,8,4,0.5,0.5416666666666666,0.5352941176470588,0.7421875,3,1,4,2,6,0,2,2,4,P12,xgb,30,"{'subsample': 0.6, 'reg_lambda': 5, 'reg_alpha': 0, 'min_child_weight': 1, 'max_depth': 2, 'learning_rate': 0.01, 'gamma': 0.3, 'colsample_bytree': 0.7, 'colsample_bylevel': 0.6, 'n_estimators': 300}",0.5859788359788359,repeated_stratified,4,4,full,sep
8,1,0.125,8,7,0.875,8,3,0.375,0.4583333333333333,0.437037037037037,0.6484375,1,3,4,1,7,0,5,0,3,P12,xgb,30,"{'subsample': 0.8, 'reg_lambda': 10, 'reg_alpha': 0.5, 'min_child_weight': 1, 'max_depth': 2, 'learning_rate': 0.05, 'gamma': 0.5, 'colsample_bytree': 0.7, 'colsample_bylevel': 0.8, 'n_estimators': 300}",0.6089947089947091,repeated_stratified,5,0,full,sep
8,5,0.625,8,2,0.25,8,3,0.375,0.4166666666666667,0.4031746031746032,0.7005208333333334,5,0,3,5,2,1,3,2,3,P12,xgb,30,"{'subsample': 0.6, 'reg_lambda': 1, 'reg_alpha': 0.1, 'min_child_weight': 1, 'max_depth': 2, 'learning_rate': 0.01, 'gamma': 2, 'colsample_bytree': 0.7, 'colsample_bylevel': 0.6, 'n_estimators': 300}",0.6155844155844156,repeated_stratified,5,1,full,sep
8,3,0.375,8,3,0.375,8,5,0.625,0.4583333333333333,0.4610356963298139,0.5911458333333334,3,2,3,4,3,1,3,0,5,P12,xgb,32,"{'subsample': 1.0, 'reg_lambda': 3, 'reg_alpha': 0.5, 'min_child_weight': 1, 'max_depth': 2, 'learning_rate': 0.05, 'gamma': 0, 'colsample_bytree': 0.7, 'colsample_bylevel': 0.8, 'n_estimators': 300}",0.6878547378547378,repeated_stratified,5,2,full,sep
8,1,0.125,8,5,0.625,8,1,0.125,0.2916666666666667,0.2540792540792541,0.4583333333333333,1,4,3,2,5,1,2,5,1,P12,xgb,26,"{'subsample': 0.6, 'reg_lambda': 1, 'reg_alpha': 0.1, 'min_child_weight': 1, 'max_depth': 2, 'learning_rate': 0.01, 'gamma': 2, 'colsample_bytree': 0.7, 'colsample_bylevel': 0.6, 'n_estimators': 300}",0.7120250120250119,repeated_stratified,5,3,full,sep
8,3,0.375,8,3,0.375,8,4,0.5,0.4166666666666667,0.416005291005291,0.5182291666666666,3,3,2,1,3,4,2,2,4,P12,xgb,29,"{'subsample': 0.8, 'reg_lambda': 5, 'reg_alpha': 0.1, 'min_child_weight': 1, 'max_depth': 8, 'learning_rate': 0.03, 'gamma': 0, 'colsample_bytree': 0.6, 'colsample_bylevel': 0.6, 'n_estimators': 300}",0.6879990379990378,repeated_stratified,5,4,full,sep
8,5,0.625,8,5,0.625,8,1,0.125,0.4583333333333333,0.4325456678397854,0.59375,5,1,2,1,5,2,4,3,1,P12,xgb,24,"{'subsample': 1.0, 'reg_lambda': 10, 'reg_alpha': 0.5, 'min_child_weight': 1, 'max_depth': 4, 'learning_rate': 0.03, 'gamma': 1, 'colsample_bytree': 0.7, 'colsample_bylevel': 0.8, 'n_estimators': 300}",0.6615921115921116,repeated_stratified,6,0,full,sep
8,2,0.25,8,6,0.75,8,2,0.25,0.4166666666666667,0.3914529914529914,0.640625,2,3,3,0,6,2,3,3,2,P12,xgb,27,"{'subsample': 0.8, 'reg_lambda': 3, 'reg_alpha': 0.1, 'min_child_weight': 1, 'max_depth': 2, 'learning_rate': 0.05, 'gamma': 2, 'colsample_bytree': 0.7, 'colsample_bylevel': 0.6, 'n_estimators': 300}",0.7031265031265032,repeated_stratified,6,1,full,sep
8,2,0.25,8,2,0.25,8,4,0.5,0.3333333333333333,0.335978835978836,0.5546875,2,3,3,5,2,1,3,1,4,P12,xgb,30,"{'subsample': 0.8, 'reg_lambda': 1, 'reg_alpha': 0.1, 'min_child_weight': 1, 'max_depth': 4, 'learning_rate': 0.05, 'gamma': 0.5, 'colsample_bytree': 0.7, 'colsample_bylevel': 0.6, 'n_estimators': 300}",0.6976911976911978,repeated_stratified,6,2,full,sep
8,4,0.5,8,6,0.75,8,4,0.5,0.5833333333333334,0.5797385620915033,0.7708333333333334,4,3,1,0,6,2,4,0,4,P12,xgb,30,"{'subsample': 0.8, 'reg_lambda': 10, 'reg_alpha': 0.1, 'min_child_weight': 1, 'max_depth': 16, 'learning_rate': 0.01, 'gamma': 0.1, 'colsample_bytree': 0.6, 'colsample_bylevel': 0.6, 'n_estimators': 300}",0.6127946127946128,repeated_stratified,6,3,full,sep
8,5,0.625,8,3,0.375,8,6,0.75,0.5833333333333334,0.5734126984126985,0.6822916666666666,5,1,2,3,3,2,0,2,6,P12,xgb,32,"{'subsample': 0.6, 'reg_lambda': 1, 'reg_alpha': 0.1, 'min_child_weight': 1, 'max_depth': 2, 'learning_rate': 0.01, 'gamma': 2, 'colsample_bytree': 0.7, 'colsample_bylevel': 0.6, 'n_estimators': 300}",0.6351611351611351,repeated_stratified,6,4,full,sep
8,3,0.375,8,5,0.625,8,5,0.625,0.5416666666666666,0.5377450980392157,0.6692708333333334,3,2,3,2,5,1,2,1,5,P12,xgb,29,"{'subsample': 0.6, 'reg_lambda': 5, 'reg_alpha': 0.5, 'min_child_weight': 1, 'max_depth': 8, 'learning_rate': 0.03, 'gamma': 0.3, 'colsample_bytree': 0.6, 'colsample_bylevel': 0.6, 'n_estimators': 300}",0.6666666666666666,repeated_stratified,7,0,full,sep
8,3,0.375,8,6,0.75,8,4,0.5,0.5416666666666666,0.5311612364243943,0.6484375,3,2,3,2,6,0,1,3,4,P12,xgb,30,"{'subsample': 0.8, 'reg_lambda': 10, 'reg_alpha': 0.1, 'min_child_weight': 1, 'max_depth': 16, 'learning_rate': 0.01, 'gamma': 0.1, 'colsample_bytree': 0.6, 'colsample_bylevel': 0.6, 'n_estimators': 300}",0.661063011063011,repeated_stratified,7,1,full,sep
8,2,0.25,8,3,0.375,8,5,0.625,0.4166666666666667,0.4071846282372598,0.6510416666666666,2,2,4,3,3,2,2,1,5,P12,xgb,30,"{'subsample': 0.6, 'reg_lambda': 5, 'reg_alpha': 0, 'min_child_weight': 1, 'max_depth': 2, 'learning_rate': 0.01, 'gamma': 0.3, 'colsample_bytree': 0.7, 'colsample_bylevel': 0.6, 'n_estimators': 300}",0.6858826358826359,repeated_stratified,7,2,full,sep
8,2,0.25,8,6,0.75,8,4,0.5,0.5,0.4860063683593095,0.625,2,1,5,1,6,1,2,2,4,P12,xgb,24,"{'subsample': 0.6, 'reg_lambda': 1, 'reg_alpha': 0.1, 'min_child_weight': 1, 'max_depth': 2, 'learning_rate': 0.01, 'gamma': 2, 'colsample_bytree': 0.7, 'colsample_bylevel': 0.6, 'n_estimators': 300}",0.6274410774410774,repeated_stratified,7,3,full,sep
8,4,0.5,8,3,0.375,8,4,0.5,0.4583333333333333,0.4568627450980392,0.6692708333333334,4,3,1,2,3,3,3,1,4,P12,xgb,27,"{'subsample': 0.6, 'reg_lambda': 5, 'reg_alpha': 0.5, 'min_child_weight': 1, 'max_depth': 8, 'learning_rate': 0.03, 'gamma': 0.3, 'colsample_bytree': 0.6, 'colsample_bylevel': 0.6, 'n_estimators': 300}",0.6461519961519961,repeated_stratified,7,4,full,sep
8,2,0.25,8,5,0.625,8,4,0.5,0.4583333333333333,0.4446693657219973,0.6171875,2,5,1,0,5,3,3,1,4,P12,xgb,32,"{'subsample': 0.8, 'reg_lambda': 1, 'reg_alpha': 0, 'min_child_weight': 1, 'max_depth': 8, 'learning_rate': 0.01, 'gamma': 0.3, 'colsample_bytree': 0.6, 'colsample_bylevel': 0.8, 'n_estimators': 300}",0.6695045695045696,repeated_stratified,8,0,full,sep
8,4,0.5,8,3,0.375,8,5,0.625,0.5,0.5,0.625,4,1,3,3,3,2,3,0,5,P12,xgb,30,"{'subsample': 0.6, 'reg_lambda': 10, 'reg_alpha': 0.1, 'min_child_weight': 1, 'max_depth': 8, 'learning_rate': 0.03, 'gamma': 0.3, 'colsample_bytree': 0.6, 'colsample_bylevel': 0.8, 'n_estimators': 300}",0.7218133718133718,repeated_stratified,8,1,full,sep
8,5,0.625,8,5,0.625,8,5,0.625,0.625,0.6266339869281046,0.6458333333333334,5,1,2,2,5,1,0,3,5,P12,xgb,30,"{'subsample': 0.6, 'reg_lambda': 5, 'reg_alpha': 0.5, 'min_child_weight': 1, 'max_depth': 8, 'learning_rate': 0.03, 'gamma': 0.3, 'colsample_bytree': 0.6, 'colsample_bylevel': 0.6, 'n_estimators': 300}",0.5841269841269842,repeated_stratified,8,2,full,sep
8,2,0.25,8,4,0.5,8,2,0.25,0.3333333333333333,0.3290849673202614,0.5572916666666666,2,3,3,2,4,2,4,2,2,P12,xgb,30,"{'subsample': 0.8, 'reg_lambda': 5, 'reg_alpha': 0.1, 'min_child_weight': 1, 'max_depth': 8, 'learning_rate': 0.03, 'gamma': 0, 'colsample_bytree': 0.6, 'colsample_bylevel': 0.6, 'n_estimators': 300}",0.6372294372294371,repeated_stratified,8,3,full,sep
8,1,0.125,8,5,0.625,8,5,0.625,0.4583333333333333,0.4270725834193326,0.6588541666666666,1,3,4,3,5,0,0,3,5,P12,xgb,30,"{'subsample': 0.6, 'reg_lambda': 1, 'reg_alpha': 0.1, 'min_child_weight': 1, 'max_depth': 2, 'learning_rate': 0.01, 'gamma': 2, 'colsample_bytree': 0.7, 'colsample_bylevel': 0.6, 'n_estimators': 300}",0.6510341510341511,repeated_stratified,8,4,full,sep
8,1,0.125,8,4,0.5,8,6,0.75,0.4583333333333333,0.4222222222222222,0.6458333333333334,1,4,3,1,4,3,2,0,6,P12,xgb,31,"{'subsample': 0.6, 'reg_lambda': 5, 'reg_alpha': 0.5, 'min_child_weight': 1, 'max_depth': 8, 'learning_rate': 0.03, 'gamma': 0.3, 'colsample_bytree': 0.6, 'colsample_bylevel': 0.6, 'n_estimators': 300}",0.6586820586820586,repeated_stratified,9,0,full,sep
8,4,0.5,8,5,0.625,8,3,0.375,0.5,0.498072733366851,0.7005208333333334,4,3,1,2,5,1,4,1,3,P12,xgb,15,"{'subsample': 0.8, 'reg_lambda': 3, 'reg_alpha': 0.1, 'min_child_weight': 1, 'max_depth': 2, 'learning_rate': 0.05, 'gamma': 2, 'colsample_bytree': 0.7, 'colsample_bylevel': 0.6, 'n_estimators': 300}",0.6796296296296297,repeated_stratified,9,1,full,sep
8,2,0.25,8,3,0.375,8,4,0.5,0.375,0.3703703703703704,0.4791666666666667,2,1,5,4,3,1,1,3,4,P12,xgb,30,"{'subsample': 1.0, 'reg_lambda': 5, 'reg_alpha': 0.5, 'min_child_weight': 1, 'max_depth': 4, 'learning_rate': 0.03, 'gamma': 0, 'colsample_bytree': 0.6, 'colsample_bylevel': 0.8, 'n_estimators': 300}",0.6600288600288601,repeated_stratified,9,2,full,sep
8,2,0.25,8,4,0.5,8,7,0.875,0.5416666666666666,0.5111111111111111,0.7630208333333334,2,4,2,1,4,3,1,0,7,P12,xgb,30,"{'subsample': 0.6, 'reg_lambda': 3, 'reg_alpha': 0.1, 'min_child_weight': 1, 'max_depth': 2, 'learning_rate': 0.05, 'gamma': 0, 'colsample_bytree': 0.7, 'colsample_bylevel': 0.6, 'n_estimators': 300}",0.6502645502645502,repeated_stratified,9,3,full,sep
8,2,0.25,8,3,0.375,8,3,0.375,0.3333333333333333,0.334313725490196,0.5833333333333334,2,1,5,4,3,1,2,3,3,P12,xgb,30,"{'subsample': 0.8, 'reg_lambda': 10, 'reg_alpha': 0.5, 'min_child_weight': 1, 'max_depth': 2, 'learning_rate': 0.05, 'gamma': 0.5, 'colsample_bytree': 0.7, 'colsample_bylevel': 0.8, 'n_estimators': 300}",0.7139249639249639,repeated_stratified,9,4,full,sep
8,0,0.0,8,3,0.375,8,5,0.625,0.3333333333333333,0.2843137254901961,0.4296875,0,4,4,2,3,3,1,2,5,P13,xgb,20,"{'subsample': 0.8, 'reg_lambda': 10, 'reg_alpha': 0, 'min_child_weight': 1, 'max_depth': 8, 'learning_rate': 0.05, 'gamma': 0, 'colsample_bytree': 0.7, 'colsample_bylevel': 0.6, 'n_estimators': 300}",0.569059644059644,repeated_stratified,0,0,full,sep
8,4,0.5,8,4,0.5,8,2,0.25,0.4166666666666667,0.4219576719576719,0.6223958333333334,4,1,3,1,4,3,1,5,2,P13,xgb,22,"{'subsample': 1.0, 'reg_lambda': 3, 'reg_alpha': 0.5, 'min_child_weight': 1, 'max_depth': 2, 'learning_rate': 0.05, 'gamma': 0, 'colsample_bytree': 0.7, 'colsample_bylevel': 0.8, 'n_estimators': 300}",0.5437349687349687,repeated_stratified,0,1,full,sep
8,2,0.25,8,3,0.375,8,2,0.25,0.2916666666666667,0.2923202614379085,0.4322916666666667,2,2,4,2,3,3,3,3,2,P13,xgb,20,"{'subsample': 0.8, 'reg_lambda': 3, 'reg_alpha': 0.1, 'min_child_weight': 1, 'max_depth': 2, 'learning_rate': 0.05, 'gamma': 2, 'colsample_bytree': 0.7, 'colsample_bylevel': 0.6, 'n_estimators': 300}",0.5796416546416546,repeated_stratified,0,2,full,sep
8,4,0.5,8,3,0.375,8,5,0.625,0.5,0.4947089947089947,0.6276041666666666,4,2,2,2,3,3,2,1,5,P13,xgb,22,"{'subsample': 1.0, 'reg_lambda': 10, 'reg_alpha': 0.1, 'min_child_weight': 1, 'max_depth': 2, 'learning_rate': 0.03, 'gamma': 0.3, 'colsample_bytree': 0.6, 'colsample_bylevel': 0.6, 'n_estimators': 300}",0.507912457912458,repeated_stratified,0,3,full,sep
8,2,0.25,8,3,0.375,8,2,0.25,0.2916666666666667,0.2888888888888889,0.4921875,2,4,2,2,3,3,3,3,2,P13,xgb,22,"{'subsample': 0.6, 'reg_lambda': 3, 'reg_alpha': 0.1, 'min_child_weight': 1, 'max_depth': 8, 'learning_rate': 0.05, 'gamma': 0, 'colsample_bytree': 0.7, 'colsample_bylevel': 0.8, 'n_estimators': 300}",0.5705026455026455,repeated_stratified,0,4,full,sep
8,3,0.375,8,0,0.0,8,4,0.5,0.2916666666666667,0.2745098039215686,0.4453125,3,2,3,6,0,2,0,4,4,P13,xgb,21,"{'subsample': 1.0, 'reg_lambda': 10, 'reg_alpha': 0.5, 'min_child_weight': 1, 'max_depth': 4, 'learning_rate': 0.03, 'gamma': 1, 'colsample_bytree': 0.7, 'colsample_bylevel': 0.8, 'n_estimators': 300}",0.591931216931217,repeated_stratified,1,0,full,sep
8,4,0.5,8,5,0.625,8,3,0.375,0.5,0.4962962962962963,0.7291666666666666,4,2,2,1,5,2,2,3,3,P13,xgb,3,"{'subsample': 1.0, 'reg_lambda': 3, 'reg_alpha': 0, 'min_child_weight': 1, 'max_depth': 4, 'learning_rate': 0.01, 'gamma': 0.3, 'colsample_bytree': 0.6, 'colsample_bylevel': 0.6, 'n_estimators': 300}",0.5119288119288119,repeated_stratified,1,1,full,sep
8,1,0.125,8,4,0.5,8,3,0.375,0.3333333333333333,0.3211233211233211,0.5494791666666666,1,6,1,2,4,2,2,3,3,P13,xgb,21,"{'subsample': 0.6, 'reg_lambda': 3, 'reg_alpha': 0.1, 'min_child_weight': 1, 'max_depth': 8, 'learning_rate': 0.05, 'gamma': 0, 'colsample_bytree': 0.7, 'colsample_bylevel': 0.8, 'n_estimators': 300}",0.6061808561808562,repeated_stratified,1,2,full,sep
8,4,0.5,8,2,0.25,8,7,0.875,0.5416666666666666,0.5135878912968695,0.6432291666666666,4,2,2,4,2,2,1,0,7,P13,xgb,22,"{'subsample': 1.0, 'reg_lambda': 3, 'reg_alpha': 0.5, 'min_child_weight': 1, 'max_depth': 2, 'learning_rate': 0.05, 'gamma': 0, 'colsample_bytree': 0.7, 'colsample_bylevel': 0.8, 'n_estimators': 300}",0.4758056758056758,repeated_stratified,1,3,full,sep
8,1,0.125,8,3,0.375,8,3,0.375,0.2916666666666667,0.2815452091767881,0.4609375,1,4,3,0,3,5,4,1,3,P13,xgb,22,"{'subsample': 0.8, 'reg_lambda': 3, 'reg_alpha': 0.1, 'min_child_weight': 1, 'max_depth': 2, 'learning_rate': 0.03, 'gamma': 1, 'colsample_bytree': 0.6, 'colsample_bylevel': 0.6, 'n_estimators': 300}",0.5619288119288119,repeated_stratified,1,4,full,sep
8,2,0.25,8,1,0.125,8,5,0.625,0.3333333333333333,0.3119465329991646,0.5416666666666666,2,3,3,4,1,3,1,2,5,P13,xgb,20,"{'subsample': 0.8, 'reg_lambda': 10, 'reg_alpha': 0, 'min_child_weight': 1, 'max_depth': 8, 'learning_rate': 0.05, 'gamma': 0, 'colsample_bytree': 0.7, 'colsample_bylevel': 0.6, 'n_estimators': 300}",0.4895622895622896,repeated_stratified,2,0,full,sep
8,5,0.625,8,2,0.25,8,5,0.625,0.5,0.4838277191218368,0.65625,5,1,2,3,2,3,1,2,5,P13,xgb,7,"{'subsample': 1.0, 'reg_lambda': 3, 'reg_alpha': 0.5, 'min_child_weight': 1, 'max_depth': 2, 'learning_rate': 0.05, 'gamma': 0, 'colsample_bytree': 0.7, 'colsample_bylevel': 0.8, 'n_estimators': 300}",0.6502405002405003,repeated_stratified,2,1,full,sep
8,2,0.25,8,4,0.5,8,2,0.25,0.3333333333333333,0.3259259259259259,0.4869791666666667,2,3,3,2,4,2,3,3,2,P13,xgb,22,"{'subsample': 0.6, 'reg_lambda': 3, 'reg_alpha': 0.1, 'min_child_weight': 1, 'max_depth': 2, 'learning_rate': 0.05, 'gamma': 0, 'colsample_bytree': 0.7, 'colsample_bylevel': 0.6, 'n_estimators': 300}",0.6099326599326599,repeated_stratified,2,2,full,sep
8,2,0.25,8,1,0.125,8,4,0.5,0.2916666666666667,0.2916666666666667,0.4869791666666667,2,5,1,4,1,3,2,2,4,P13,xgb,22,"{'subsample': 1.0, 'reg_lambda': 5, 'reg_alpha': 0.1, 'min_child_weight': 1, 'max_depth': 8, 'learning_rate': 0.03, 'gamma': 0.1, 'colsample_bytree': 0.7, 'colsample_bylevel': 0.8, 'n_estimators': 300}",0.5586099086099087,repeated_stratified,2,3,full,sep
8,3,0.375,8,4,0.5,8,2,0.25,0.375,0.376068376068376,0.5442708333333334,3,3,2,1,4,3,1,5,2,P13,xgb,20,"{'subsample': 0.6, 'reg_lambda': 3, 'reg_alpha': 0.1, 'min_child_weight': 1, 'max_depth': 2, 'learning_rate': 0.05, 'gamma': 0, 'colsample_bytree': 0.7, 'colsample_bylevel': 0.6, 'n_estimators': 300}",0.5562890812890813,repeated_stratified,2,4,full,sep
8,0,0.0,8,4,0.5,8,5,0.625,0.375,0.3181818181818182,0.4661458333333333,0,3,5,0,4,4,2,1,5,P13,xgb,21,"{'subsample': 0.6, 'reg_lambda': 10, 'reg_alpha': 0.5, 'min_child_weight': 1, 'max_depth': 2, 'learning_rate': 0.05, 'gamma': 0.1, 'colsample_bytree': 0.6, 'colsample_bylevel': 0.6, 'n_estimators': 300}",0.5695646945646946,repeated_stratified,3,0,full,sep
8,3,0.375,8,4,0.5,8,4,0.5,0.4583333333333333,0.460863697705803,0.5833333333333334,3,3,2,2,4,2,0,4,4,P13,xgb,20,"{'subsample': 0.8, 'reg_lambda': 10, 'reg_alpha': 0.1, 'min_child_weight': 1, 'max_depth': 16, 'learning_rate': 0.01, 'gamma': 0.1, 'colsample_bytree': 0.6, 'colsample_bylevel': 0.6, 'n_estimators': 300}",0.5858225108225108,repeated_stratified,3,1,full,sep
8,5,0.625,8,5,0.625,8,5,0.625,0.625,0.6296296296296297,0.7161458333333334,5,1,2,0,5,3,2,1,5,P13,xgb,22,"{'subsample': 0.8, 'reg_lambda': 10, 'reg_alpha': 0.5, 'min_child_weight': 1, 'max_depth': 8, 'learning_rate': 0.01, 'gamma': 0.3, 'colsample_bytree': 0.7, 'colsample_bylevel': 0.6, 'n_estimators': 300}",0.5235209235209236,repeated_stratified,3,2,full,sep
8,2,0.25,8,3,0.375,8,3,0.375,0.3333333333333333,0.3389355742296918,0.4765625,2,3,3,5,3,0,2,3,3,P13,xgb,20,"{'subsample': 0.8, 'reg_lambda': 10, 'reg_alpha': 0, 'min_child_weight': 1, 'max_depth': 8, 'learning_rate': 0.05, 'gamma': 0, 'colsample_bytree': 0.7, 'colsample_bylevel': 0.6, 'n_estimators': 300}",0.5957671957671957,repeated_stratified,3,3,full,sep
8,2,0.25,8,1,0.125,8,4,0.5,0.2916666666666667,0.284640522875817,0.5598958333333334,2,4,2,4,1,3,2,2,4,P13,xgb,21,"{'subsample': 0.6, 'reg_lambda': 10, 'reg_alpha': 0.5, 'min_child_weight': 1, 'max_depth': 2, 'learning_rate': 0.05, 'gamma': 0.1, 'colsample_bytree': 0.6, 'colsample_bylevel': 0.6, 'n_estimators': 300}",0.5092472342472343,repeated_stratified,3,4,full,sep
8,1,0.125,8,3,0.375,8,2,0.25,0.25,0.2555899552803578,0.3723958333333333,1,5,2,5,3,0,3,3,2,P13,xgb,21,"{'subsample': 0.6, 'reg_lambda': 3, 'reg_alpha': 0.1, 'min_child_weight': 1, 'max_depth': 2, 'learning_rate': 0.05, 'gamma': 0, 'colsample_bytree': 0.7, 'colsample_bylevel': 0.6, 'n_estimators': 300}",0.561880711880712,repeated_stratified,4,0,full,sep
8,5,0.625,8,1,0.125,8,4,0.5,0.4166666666666667,0.391984864121087,0.6354166666666666,5,2,1,1,1,6,3,1,4,P13,xgb,23,"{'subsample': 0.6, 'reg_lambda': 10, 'reg_alpha': 0.1, 'min_child_weight': 1, 'max_depth': 8, 'learning_rate': 0.03, 'gamma': 0.3, 'colsample_bytree': 0.6, 'colsample_bylevel': 0.8, 'n_estimators': 300}",0.4828884078884079,repeated_stratified,4,1,full,sep
8,0,0.0,8,4,0.5,8,1,0.125,0.2083333333333333,0.1724941724941725,0.5104166666666666,0,5,3,3,4,1,2,5,1,P13,xgb,20,"{'subsample': 0.8, 'reg_lambda': 1, 'reg_alpha': 0.1, 'min_child_weight': 1, 'max_depth': 4, 'learning_rate': 0.05, 'gamma': 0.5, 'colsample_bytree': 0.7, 'colsample_bylevel': 0.6, 'n_estimators': 300}",0.5793169793169795,repeated_stratified,4,2,full,sep
8,1,0.125,8,1,0.125,8,2,0.25,0.1666666666666666,0.1633597883597883,0.4375,1,4,3,2,1,5,3,3,2,P13,xgb,21,"{'subsample': 0.8, 'reg_lambda': 3, 'reg_alpha': 0.1, 'min_child_weight': 1, 'max_depth': 2, 'learning_rate': 0.03, 'gamma': 1, 'colsample_bytree': 0.6, 'colsample_bylevel': 0.6, 'n_estimators': 300}",0.51996151996152,repeated_stratified,4,3,full,sep
8,1,0.125,8,2,0.25,8,5,0.625,0.3333333333333333,0.3238562091503268,0.5677083333333334,1,5,2,4,2,2,2,1,5,P13,xgb,21,"{'subsample': 0.8, 'reg_lambda': 1, 'reg_alpha': 0, 'min_child_weight': 1, 'max_depth': 8, 'learning_rate': 0.01, 'gamma': 0.3, 'colsample_bytree': 0.6, 'colsample_bylevel': 0.8, 'n_estimators': 300}",0.5605699855699856,repeated_stratified,4,4,full,sep
8,1,0.125,8,5,0.625,8,5,0.625,0.4583333333333333,0.4270725834193326,0.515625,1,4,3,2,5,1,1,2,5,P13,xgb,21,"{'subsample': 0.6, 'reg_lambda': 10, 'reg_alpha': 0.5, 'min_child_weight': 1, 'max_depth': 2, 'learning_rate': 0.05, 'gamma': 0.1, 'colsample_bytree': 0.6, 'colsample_bylevel': 0.6, 'n_estimators': 300}",0.602970177970178,repeated_stratified,5,0,full,sep
8,2,0.25,8,6,0.75,8,3,0.375,0.4583333333333333,0.4358974358974359,0.6145833333333334,2,3,3,1,6,1,2,3,3,P13,xgb,22,"{'subsample': 0.6, 'reg_lambda': 3, 'reg_alpha': 0.1, 'min_child_weight': 1, 'max_depth': 8, 'learning_rate': 0.05, 'gamma': 0, 'colsample_bytree': 0.7, 'colsample_bylevel': 0.8, 'n_estimators': 300}",0.5392977392977394,repeated_stratified,5,1,full,sep
8,2,0.25,8,4,0.5,8,4,0.5,0.4166666666666667,0.419047619047619,0.5338541666666666,2,5,1,3,4,1,1,3,4,P13,xgb,22,"{'subsample': 0.6, 'reg_lambda': 1, 'reg_alpha': 0.1, 'min_child_weight': 1, 'max_depth': 2, 'learning_rate': 0.01, 'gamma': 2, 'colsample_bytree': 0.7, 'colsample_bylevel': 0.6, 'n_estimators': 300}",0.5112193362193362,repeated_stratified,5,2,full,sep
8,3,0.375,8,1,0.125,8,1,0.125,0.2083333333333333,0.2096560846560846,0.4166666666666667,3,5,0,2,1,5,3,4,1,P13,xgb,21,"{'subsample': 0.6, 'reg_lambda': 3, 'reg_alpha': 0.1, 'min_child_weight': 1, 'max_depth': 8, 'learning_rate': 0.05, 'gamma': 0, 'colsample_bytree': 0.7, 'colsample_bylevel': 0.8, 'n_estimators': 300}",0.5865680615680616,repeated_stratified,5,3,full,sep
8,4,0.5,8,1,0.125,8,2,0.25,0.2916666666666667,0.2735042735042735,0.4322916666666667,4,1,3,6,1,1,3,3,2,P13,xgb,22,"{'subsample': 1.0, 'reg_lambda': 5, 'reg_alpha': 0.1, 'min_child_weight': 1, 'max_depth': 8, 'learning_rate': 0.03, 'gamma': 0.1, 'colsample_bytree': 0.7, 'colsample_bylevel': 0.8, 'n_estimators': 300}",0.5518999518999519,repeated_stratified,5,4,full,sep
8,0,0.0,8,6,0.75,8,1,0.125,0.2916666666666667,0.2179487179487179,0.4817708333333333,0,6,2,0,6,2,3,4,1,P13,xgb,22,"{'subsample': 1.0, 'reg_lambda': 3, 'reg_alpha': 0.5, 'min_child_weight': 1, 'max_depth': 2, 'learning_rate': 0.05, 'gamma': 0, 'colsample_bytree': 0.7, 'colsample_bylevel': 0.8, 'n_estimators': 300}",0.5990620490620492,repeated_stratified,6,0,full,sep
8,3,0.375,8,0,0.0,8,5,0.625,0.3333333333333333,0.2837301587301587,0.5364583333333334,3,1,4,4,0,4,1,2,5,P13,xgb,20,"{'subsample': 0.6, 'reg_lambda': 3, 'reg_alpha': 0.1, 'min_child_weight': 1, 'max_depth': 8, 'learning_rate': 0.05, 'gamma': 0, 'colsample_bytree': 0.7, 'colsample_bylevel': 0.8, 'n_estimators': 300}",0.5813131313131313,repeated_stratified,6,1,full,sep
8,3,0.375,8,3,0.375,8,2,0.25,0.3333333333333333,0.330532212885154,0.5572916666666666,3,2,3,4,3,1,2,4,2,P13,xgb,22,"{'subsample': 1.0, 'reg_lambda': 3, 'reg_alpha': 0.5, 'min_child_weight': 1, 'max_depth': 2, 'learning_rate': 0.05, 'gamma': 0, 'colsample_bytree': 0.7, 'colsample_bylevel': 0.8, 'n_estimators': 300}",0.4705627705627706,repeated_stratified,6,2,full,sep
8,2,0.25,8,2,0.25,8,5,0.625,0.375,0.3571428571428571,0.5859375,2,2,4,3,2,3,1,2,5,P13,xgb,21,"{'subsample': 1.0, 'reg_lambda': 1, 'reg_alpha': 0.5, 'min_child_weight': 1, 'max_depth': 4, 'learning_rate': 0.01, 'gamma': 0.5, 'colsample_bytree': 0.6, 'colsample_bylevel': 0.8, 'n_estimators': 300}",0.5491462241462242,repeated_stratified,6,3,full,sep
8,3,0.375,8,4,0.5,8,3,0.375,0.4166666666666667,0.4173669467787115,0.59375,3,3,2,0,4,4,3,2,3,P13,xgb,22,"{'subsample': 0.6, 'reg_lambda': 5, 'reg_alpha': 0.5, 'min_child_weight': 1, 'max_depth': 8, 'learning_rate': 0.03, 'gamma': 0.3, 'colsample_bytree': 0.6, 'colsample_bylevel': 0.6, 'n_estimators': 300}",0.5775613275613276,repeated_stratified,6,4,full,sep
8,2,0.25,8,5,0.625,8,4,0.5,0.4583333333333333,0.4470899470899471,0.6119791666666666,2,2,4,3,5,0,1,3,4,P13,xgb,21,"{'subsample': 0.8, 'reg_lambda': 10, 'reg_alpha': 0.1, 'min_child_weight': 1, 'max_depth': 16, 'learning_rate': 0.01, 'gamma': 0.1, 'colsample_bytree': 0.6, 'colsample_bylevel': 0.6, 'n_estimators': 300}",0.5176286676286677,repeated_stratified,7,0,full,sep
8,1,0.125,8,4,0.5,8,4,0.5,0.375,0.3491050859471912,0.5911458333333334,1,5,2,0,4,4,2,2,4,P13,xgb,22,"{'subsample': 0.6, 'reg_lambda': 3, 'reg_alpha': 0.1, 'min_child_weight': 1, 'max_depth': 2, 'learning_rate': 0.05, 'gamma': 0, 'colsample_bytree': 0.7, 'colsample_bylevel': 0.6, 'n_estimators': 300}",0.5087782587782588,repeated_stratified,7,1,full,sep
8,2,0.25,8,5,0.625,8,3,0.375,0.4166666666666667,0.4099673202614379,0.6197916666666666,2,2,4,2,5,1,3,2,3,P13,xgb,5,"{'subsample': 0.8, 'reg_lambda': 1, 'reg_alpha': 0, 'min_child_weight': 1, 'max_depth': 8, 'learning_rate': 0.01, 'gamma': 0.3, 'colsample_bytree': 0.6, 'colsample_bylevel': 0.8, 'n_estimators': 300}",0.6198172198172198,repeated_stratified,7,2,full,sep
8,2,0.25,8,4,0.5,8,4,0.5,0.4166666666666667,0.4095816464237516,0.5546875,2,4,2,2,4,2,1,3,4,P13,xgb,21,"{'subsample': 1.0, 'reg_lambda': 3, 'reg_alpha': 0.5, 'min_child_weight': 1, 'max_depth': 2, 'learning_rate': 0.05, 'gamma': 0, 'colsample_bytree': 0.7, 'colsample_bylevel': 0.8, 'n_estimators': 300}",0.5368686868686868,repeated_stratified,7,3,full,sep
8,1,0.125,8,3,0.375,8,1,0.125,0.2083333333333333,0.1982118758434548,0.4375,1,5,2,3,3,2,4,3,1,P13,xgb,21,"{'subsample': 1.0, 'reg_lambda': 5, 'reg_alpha': 0, 'min_child_weight': 1, 'max_depth': 2, 'learning_rate': 0.01, 'gamma': 0, 'colsample_bytree': 0.6, 'colsample_bylevel': 0.8, 'n_estimators': 300}",0.6274050024050024,repeated_stratified,7,4,full,sep
8,1,0.125,8,2,0.25,8,4,0.5,0.2916666666666667,0.2720821661998132,0.46875,1,3,4,1,2,5,0,4,4,P13,xgb,12,"{'subsample': 0.8, 'reg_lambda': 3, 'reg_alpha': 0.1, 'min_child_weight': 1, 'max_depth': 2, 'learning_rate': 0.05, 'gamma': 2, 'colsample_bytree': 0.7, 'colsample_bylevel': 0.6, 'n_estimators': 300}",0.6473785473785473,repeated_stratified,8,0,full,sep
8,1,0.125,8,3,0.375,8,3,0.375,0.2916666666666667,0.2846153846153846,0.5182291666666666,1,2,5,1,3,4,3,2,3,P13,xgb,21,"{'subsample': 0.8, 'reg_lambda': 10, 'reg_alpha': 0, 'min_child_weight': 1, 'max_depth': 4, 'learning_rate': 0.03, 'gamma': 0, 'colsample_bytree': 0.6, 'colsample_bylevel': 0.8, 'n_estimators': 300}",0.5985569985569985,repeated_stratified,8,1,full,sep
8,4,0.5,8,3,0.375,8,5,0.625,0.5,0.4985294117647059,0.671875,4,3,1,3,3,2,2,1,5,P13,xgb,22,"{'subsample': 1.0, 'reg_lambda': 3, 'reg_alpha': 0, 'min_child_weight': 1, 'max_depth': 4, 'learning_rate': 0.01, 'gamma': 0.3, 'colsample_bytree': 0.6, 'colsample_bylevel': 0.6, 'n_estimators': 300}",0.4945406445406446,repeated_stratified,8,2,full,sep
8,2,0.25,8,2,0.25,8,2,0.25,0.25,0.2560728744939271,0.4348958333333333,2,4,2,2,2,4,1,5,2,P13,xgb,21,"{'subsample': 0.6, 'reg_lambda': 5, 'reg_alpha': 0.5, 'min_child_weight': 1, 'max_depth': 8, 'learning_rate': 0.03, 'gamma': 0.3, 'colsample_bytree': 0.6, 'colsample_bylevel': 0.6, 'n_estimators': 300}",0.5641654641654642,repeated_stratified,8,3,full,sep
8,2,0.25,8,4,0.5,8,1,0.125,0.2916666666666667,0.2735042735042735,0.5833333333333334,2,4,2,2,4,2,2,5,1,P13,xgb,22,"{'subsample': 0.8, 'reg_lambda': 10, 'reg_alpha': 0, 'min_child_weight': 1, 'max_depth': 4, 'learning_rate': 0.03, 'gamma': 0, 'colsample_bytree': 0.6, 'colsample_bylevel': 0.8, 'n_estimators': 300}",0.5680254930254932,repeated_stratified,8,4,full,sep
8,4,0.5,8,2,0.25,8,4,0.5,0.4166666666666667,0.4075749958102899,0.6614583333333334,4,1,3,3,2,3,2,2,4,P13,xgb,23,"{'subsample': 1.0, 'reg_lambda': 1, 'reg_alpha': 0.5, 'min_child_weight': 1, 'max_depth': 4, 'learning_rate': 0.01, 'gamma': 0.5, 'colsample_bytree': 0.6, 'colsample_bylevel': 0.8, 'n_estimators': 300}",0.4565656565656565,repeated_stratified,9,0,full,sep
8,2,0.25,8,4,0.5,8,5,0.625,0.4583333333333333,0.4540849673202614,0.5286458333333334,2,3,3,4,4,0,1,2,5,P13,xgb,20,"{'subsample': 0.6, 'reg_lambda': 1, 'reg_alpha': 0.1, 'min_child_weight': 1, 'max_depth': 2, 'learning_rate': 0.01, 'gamma': 2, 'colsample_bytree': 0.7, 'colsample_bylevel': 0.6, 'n_estimators': 300}",0.546055796055796,repeated_stratified,9,1,full,sep
8,3,0.375,8,5,0.625,8,5,0.625,0.5416666666666666,0.5351097704038881,0.7161458333333334,3,3,2,1,5,2,1,2,5,P13,xgb,22,"{'subsample': 0.8, 'reg_lambda': 3, 'reg_alpha': 0.1, 'min_child_weight': 1, 'max_depth': 2, 'learning_rate': 0.05, 'gamma': 2, 'colsample_bytree': 0.7, 'colsample_bylevel': 0.6, 'n_estimators': 300}",0.5193121693121693,repeated_stratified,9,2,full,sep
8,1,0.125,8,6,0.75,8,5,0.625,0.5,0.4563175615807195,0.6588541666666666,1,4,3,0,6,2,2,1,5,P13,xgb,21,"{'subsample': 0.8, 'reg_lambda': 1, 'reg_alpha': 0, 'min_child_weight': 1, 'max_depth': 4, 'learning_rate': 0.01, 'gamma': 0, 'colsample_bytree': 0.7, 'colsample_bylevel': 0.8, 'n_estimators': 300}",0.5126623376623377,repeated_stratified,9,3,full,sep
8,1,0.125,8,3,0.375,8,4,0.5,0.3333333333333333,0.3148148148148148,0.4322916666666667,1,4,3,2,3,3,1,3,4,P13,xgb,20,"{'subsample': 0.8, 'reg_lambda': 1, 'reg_alpha': 0, 'min_child_weight': 1, 'max_depth': 8, 'learning_rate': 0.01, 'gamma': 0.3, 'colsample_bytree': 0.6, 'colsample_bylevel': 0.8, 'n_estimators': 300}",0.632960557960558,repeated_stratified,9,4,full,sep
8,2,0.25,8,3,0.375,8,2,0.25,0.2916666666666667,0.2911605937921727,0.4114583333333333,2,4,2,4,3,1,2,4,2,P14,xgb,6,"{'subsample': 0.6, 'reg_lambda': 5, 'reg_alpha': 0, 'min_child_weight': 1, 'max_depth': 2, 'learning_rate': 0.01, 'gamma': 0.3, 'colsample_bytree': 0.7, 'colsample_bylevel': 0.6, 'n_estimators': 300}",0.5787397787397787,repeated_stratified,0,0,full,sep
8,1,0.125,8,3,0.375,8,2,0.25,0.25,0.2428571428571428,0.4192708333333333,1,4,3,4,3,1,1,5,2,P14,xgb,32,"{'subsample': 0.6, 'reg_lambda': 5, 'reg_alpha': 0.5, 'min_child_weight': 1, 'max_depth': 8, 'learning_rate': 0.03, 'gamma': 0.3, 'colsample_bytree': 0.6, 'colsample_bylevel': 0.6, 'n_estimators': 300}",0.5381673881673882,repeated_stratified,0,1,full,sep
8,5,0.625,8,1,0.125,8,2,0.25,0.3333333333333333,0.3148148148148148,0.4270833333333333,5,1,2,1,1,6,4,2,2,P14,xgb,30,"{'subsample': 0.6, 'reg_lambda': 3, 'reg_alpha': 0.1, 'min_child_weight': 1, 'max_depth': 2, 'learning_rate': 0.05, 'gamma': 0, 'colsample_bytree': 0.7, 'colsample_bylevel': 0.6, 'n_estimators': 300}",0.5604136604136604,repeated_stratified,0,2,full,sep
8,2,0.25,8,3,0.375,8,4,0.5,0.375,0.367914979757085,0.4375,2,2,4,2,3,3,1,3,4,P14,xgb,30,"{'subsample': 0.6, 'reg_lambda': 3, 'reg_alpha': 0.1, 'min_child_weight': 1, 'max_depth': 2, 'learning_rate': 0.05, 'gamma': 0, 'colsample_bytree': 0.7, 'colsample_bylevel': 0.6, 'n_estimators': 300}",0.5027417027417028,repeated_stratified,0,3,full,sep
8,3,0.375,8,4,0.5,8,3,0.375,0.4166666666666667,0.4151960784313726,0.5416666666666666,3,3,2,2,4,2,3,2,3,P14,xgb,8,"{'subsample': 0.8, 'reg_lambda': 10, 'reg_alpha': 0, 'min_child_weight': 1, 'max_depth': 8, 'learning_rate': 0.05, 'gamma': 0, 'colsample_bytree': 0.7, 'colsample_bylevel': 0.6, 'n_estimators': 300}",0.5787397787397787,repeated_stratified,0,4,full,sep
8,1,0.125,8,2,0.25,8,4,0.5,0.2916666666666667,0.277861571979219,0.3828125,1,3,4,4,2,2,0,4,4,P14,xgb,1,"{'subsample': 0.6, 'reg_lambda': 1, 'reg_alpha': 0.1, 'min_child_weight': 1, 'max_depth': 2, 'learning_rate': 0.01, 'gamma': 2, 'colsample_bytree': 0.7, 'colsample_bylevel': 0.6, 'n_estimators': 300}",0.5903559403559404,repeated_stratified,1,0,full,sep
8,3,0.375,8,4,0.5,8,1,0.125,0.3333333333333333,0.3192559074912016,0.4036458333333333,3,2,3,3,4,1,4,3,1,P14,xgb,6,"{'subsample': 1.0, 'reg_lambda': 10, 'reg_alpha': 0.1, 'min_child_weight': 1, 'max_depth': 2, 'learning_rate': 0.03, 'gamma': 0.3, 'colsample_bytree': 0.6, 'colsample_bylevel': 0.6, 'n_estimators': 300}",0.5897306397306398,repeated_stratified,1,1,full,sep
8,1,0.125,8,1,0.125,8,3,0.375,0.2083333333333333,0.2142156862745098,0.3463541666666667,1,4,3,6,1,1,2,3,3,P14,xgb,32,"{'subsample': 0.6, 'reg_lambda': 3, 'reg_alpha': 0.1, 'min_child_weight': 1, 'max_depth': 8, 'learning_rate': 0.05, 'gamma': 0, 'colsample_bytree': 0.7, 'colsample_bylevel': 0.8, 'n_estimators': 300}",0.5741221741221741,repeated_stratified,1,2,full,sep
8,2,0.25,8,2,0.25,8,4,0.5,0.3333333333333333,0.3262483130904183,0.5625,2,2,4,3,2,3,3,1,4,P14,xgb,30,"{'subsample': 0.6, 'reg_lambda': 3, 'reg_alpha': 0.1, 'min_child_weight': 1, 'max_depth': 2, 'learning_rate': 0.05, 'gamma': 0, 'colsample_bytree': 0.7, 'colsample_bylevel': 0.6, 'n_estimators': 300}",0.5578884078884078,repeated_stratified,1,3,full,sep
8,5,0.625,8,2,0.25,8,2,0.25,0.375,0.3578643578643578,0.4947916666666667,5,2,1,5,2,1,4,2,2,P14,xgb,4,"{'subsample': 1.0, 'reg_lambda': 10, 'reg_alpha': 0.5, 'min_child_weight': 1, 'max_depth': 4, 'learning_rate': 0.03, 'gamma': 1, 'colsample_bytree': 0.7, 'colsample_bylevel': 0.8, 'n_estimators': 300}",0.5238816738816738,repeated_stratified,1,4,full,sep
8,1,0.125,8,2,0.25,8,3,0.375,0.25,0.2668337510442773,0.4010416666666667,1,5,2,5,2,1,5,0,3,P14,xgb,31,"{'subsample': 0.6, 'reg_lambda': 5, 'reg_alpha': 0, 'min_child_weight': 1, 'max_depth': 2, 'learning_rate': 0.01, 'gamma': 0.3, 'colsample_bytree': 0.7, 'colsample_bylevel': 0.6, 'n_estimators': 300}",0.5143578643578645,repeated_stratified,2,0,full,sep
8,2,0.25,8,4,0.5,8,0,0.0,0.25,0.2450980392156863,0.3697916666666667,2,2,4,1,4,3,6,2,0,P14,xgb,4,"{'subsample': 0.6, 'reg_lambda': 5, 'reg_alpha': 0.5, 'min_child_weight': 1, 'max_depth': 8, 'learning_rate': 0.03, 'gamma': 0.3, 'colsample_bytree': 0.6, 'colsample_bylevel': 0.6, 'n_estimators': 300}",0.6055555555555555,repeated_stratified,2,1,full,sep
8,3,0.375,8,3,0.375,8,3,0.375,0.375,0.3759803921568627,0.4817708333333333,3,2,3,3,3,2,3,2,3,P14,xgb,30,"{'subsample': 0.6, 'reg_lambda': 5, 'reg_alpha': 0.5, 'min_child_weight': 1, 'max_depth': 8, 'learning_rate': 0.03, 'gamma': 0.3, 'colsample_bytree': 0.6, 'colsample_bylevel': 0.6, 'n_estimators': 300}",0.4756613756613757,repeated_stratified,2,2,full,sep
8,4,0.5,8,2,0.25,8,1,0.125,0.2916666666666667,0.2722222222222222,0.3541666666666667,4,2,2,5,2,1,3,4,1,P14,xgb,6,"{'subsample': 0.6, 'reg_lambda': 3, 'reg_alpha': 0.1, 'min_child_weight': 1, 'max_depth': 8, 'learning_rate': 0.05, 'gamma': 0, 'colsample_bytree': 0.7, 'colsample_bylevel': 0.8, 'n_estimators': 300}",0.655988455988456,repeated_stratified,2,3,full,sep
8,1,0.125,8,2,0.25,8,1,0.125,0.1666666666666666,0.165266106442577,0.3958333333333333,1,4,3,4,2,2,4,3,1,P14,xgb,5,"{'subsample': 0.6, 'reg_lambda': 1, 'reg_alpha': 0.1, 'min_child_weight': 1, 'max_depth': 2, 'learning_rate': 0.01, 'gamma': 2, 'colsample_bytree': 0.7, 'colsample_bylevel': 0.6, 'n_estimators': 300}",0.5963924963924964,repeated_stratified,2,4,full,sep
8,4,0.5,8,4,0.5,8,0,0.0,0.3333333333333333,0.3070175438596491,0.4479166666666667,4,1,3,2,4,2,5,3,0,P14,xgb,32,"{'subsample': 0.6, 'reg_lambda': 1, 'reg_alpha': 0, 'min_child_weight': 1, 'max_depth': 2, 'learning_rate': 0.03, 'gamma': 0, 'colsample_bytree': 0.6, 'colsample_bylevel': 0.6, 'n_estimators': 300}",0.47996632996633,repeated_stratified,3,0,full,sep
8,1,0.125,8,4,0.5,8,3,0.375,0.3333333333333333,0.3221288515406162,0.5052083333333334,1,3,4,2,4,2,3,2,3,P14,xgb,30,"{'subsample': 0.6, 'reg_lambda': 3, 'reg_alpha': 0.1, 'min_child_weight': 1, 'max_depth': 8, 'learning_rate': 0.05, 'gamma': 0, 'colsample_bytree': 0.7, 'colsample_bylevel': 0.8, 'n_estimators': 300}",0.4952140452140452,repeated_stratified,3,1,full,sep
8,1,0.125,8,1,0.125,8,1,0.125,0.125,0.1275347745935981,0.3489583333333333,1,3,4,3,1,4,1,6,1,P14,xgb,25,"{'subsample': 0.6, 'reg_lambda': 1, 'reg_alpha': 0.1, 'min_child_weight': 1, 'max_depth': 2, 'learning_rate': 0.01, 'gamma': 2, 'colsample_bytree': 0.7, 'colsample_bylevel': 0.6, 'n_estimators': 300}",0.5487012987012987,repeated_stratified,3,2,full,sep
8,1,0.125,8,1,0.125,8,2,0.25,0.1666666666666666,0.1645424836601307,0.3489583333333333,1,3,4,4,1,3,3,3,2,P14,xgb,30,"{'subsample': 0.6, 'reg_lambda': 3, 'reg_alpha': 0.1, 'min_child_weight': 1, 'max_depth': 2, 'learning_rate': 0.05, 'gamma': 0, 'colsample_bytree': 0.7, 'colsample_bylevel': 0.6, 'n_estimators': 300}",0.5781866281866282,repeated_stratified,3,3,full,sep
8,1,0.125,8,5,0.625,8,3,0.375,0.375,0.3578042328042328,0.4583333333333333,1,3,4,2,5,1,3,2,3,P14,xgb,30,"{'subsample': 0.8, 'reg_lambda': 10, 'reg_alpha': 0.5, 'min_child_weight': 1, 'max_depth': 8, 'learning_rate': 0.01, 'gamma': 0.3, 'colsample_bytree': 0.7, 'colsample_bylevel': 0.6, 'n_estimators': 300}",0.4672198172198172,repeated_stratified,3,4,full,sep
8,2,0.25,8,0,0.0,8,1,0.125,0.125,0.1111111111111111,0.2734375,2,1,5,4,0,4,4,3,1,P14,xgb,32,"{'subsample': 0.6, 'reg_lambda': 10, 'reg_alpha': 0.1, 'min_child_weight': 1, 'max_depth': 8, 'learning_rate': 0.03, 'gamma': 0.3, 'colsample_bytree': 0.6, 'colsample_bylevel': 0.8, 'n_estimators': 300}",0.574074074074074,repeated_stratified,4,0,full,sep
8,0,0.0,8,3,0.375,8,3,0.375,0.25,0.2302631578947368,0.4505208333333333,0,4,4,1,3,4,4,1,3,P14,xgb,29,"{'subsample': 0.8, 'reg_lambda': 1, 'reg_alpha': 0.1, 'min_child_weight': 1, 'max_depth': 4, 'learning_rate': 0.05, 'gamma': 0.5, 'colsample_bytree': 0.7, 'colsample_bylevel': 0.6, 'n_estimators': 300}",0.4978114478114477,repeated_stratified,4,1,full,sep
8,3,0.375,8,5,0.625,8,1,0.125,0.375,0.3568971448228414,0.5598958333333334,3,2,3,3,5,0,5,2,1,P14,xgb,6,"{'subsample': 1.0, 'reg_lambda': 10, 'reg_alpha': 0.1, 'min_child_weight': 1, 'max_depth': 2, 'learning_rate': 0.03, 'gamma': 0.3, 'colsample_bytree': 0.6, 'colsample_bylevel': 0.6, 'n_estimators': 300}",0.5583213083213083,repeated_stratified,4,2,full,sep
8,2,0.25,8,2,0.25,8,3,0.375,0.2916666666666667,0.2898692810457516,0.421875,2,4,2,2,2,4,3,2,3,P14,xgb,7,"{'subsample': 1.0, 'reg_lambda': 5, 'reg_alpha': 0.5, 'min_child_weight': 1, 'max_depth': 4, 'learning_rate': 0.05, 'gamma': 2, 'colsample_bytree': 0.6, 'colsample_bylevel': 0.6, 'n_estimators': 300}",0.5391414141414141,repeated_stratified,4,3,full,sep
8,3,0.375,8,5,0.625,8,1,0.125,0.375,0.3571428571428571,0.4791666666666667,3,3,2,0,5,3,3,4,1,P14,xgb,22,"{'subsample': 1.0, 'reg_lambda': 1, 'reg_alpha': 0.5, 'min_child_weight': 1, 'max_depth': 4, 'learning_rate': 0.01, 'gamma': 0.5, 'colsample_bytree': 0.6, 'colsample_bylevel': 0.8, 'n_estimators': 300}",0.5285233285233285,repeated_stratified,4,4,full,sep
8,2,0.25,8,2,0.25,8,3,0.375,0.2916666666666667,0.2923202614379085,0.4296875,2,3,3,4,2,2,1,4,3,P14,xgb,30,"{'subsample': 0.6, 'reg_lambda': 3, 'reg_alpha': 0.1, 'min_child_weight': 1, 'max_depth': 2, 'learning_rate': 0.05, 'gamma': 0, 'colsample_bytree': 0.7, 'colsample_bylevel': 0.6, 'n_estimators': 300}",0.4800625300625301,repeated_stratified,5,0,full,sep
8,2,0.25,8,2,0.25,8,2,0.25,0.25,0.2506535947712418,0.5286458333333334,2,2,4,3,2,3,3,3,2,P14,xgb,32,"{'subsample': 0.6, 'reg_lambda': 5, 'reg_alpha': 0.5, 'min_child_weight': 1, 'max_depth': 8, 'learning_rate': 0.03, 'gamma': 0.3, 'colsample_bytree': 0.6, 'colsample_bylevel': 0.6, 'n_estimators': 300}",0.5221019721019721,repeated_stratified,5,1,full,sep
8,2,0.25,8,0,0.0,8,0,0.0,0.0833333333333333,0.0666666666666666,0.2890625,2,5,1,4,0,4,6,2,0,P14,xgb,20,"{'subsample': 1.0, 'reg_lambda': 10, 'reg_alpha': 0.5, 'min_child_weight': 1, 'max_depth': 4, 'learning_rate': 0.03, 'gamma': 1, 'colsample_bytree': 0.7, 'colsample_bylevel': 0.8, 'n_estimators': 300}",0.5215007215007216,repeated_stratified,5,2,full,sep
8,2,0.25,8,2,0.25,8,3,0.375,0.2916666666666667,0.2921065862242333,0.5052083333333334,2,2,4,3,2,3,4,1,3,P14,xgb,30,"{'subsample': 0.8, 'reg_lambda': 10, 'reg_alpha': 0, 'min_child_weight': 1, 'max_depth': 4, 'learning_rate': 0.03, 'gamma': 0, 'colsample_bytree': 0.6, 'colsample_bylevel': 0.8, 'n_estimators': 300}",0.4147907647907647,repeated_stratified,5,3,full,sep
8,4,0.5,8,2,0.25,8,2,0.25,0.3333333333333333,0.3290849673202614,0.484375,4,2,2,3,2,3,2,4,2,P14,xgb,30,"{'subsample': 0.6, 'reg_lambda': 3, 'reg_alpha': 0.1, 'min_child_weight': 1, 'max_depth': 2, 'learning_rate': 0.05, 'gamma': 0, 'colsample_bytree': 0.7, 'colsample_bylevel': 0.6, 'n_estimators': 300}",0.5108225108225108,repeated_stratified,5,4,full,sep
8,3,0.375,8,1,0.125,8,4,0.5,0.3333333333333333,0.3115864527629233,0.5390625,3,1,4,3,1,4,3,1,4,P14,xgb,30,"{'subsample': 0.6, 'reg_lambda': 3, 'reg_alpha': 0.1, 'min_child_weight': 1, 'max_depth': 2, 'learning_rate': 0.05, 'gamma': 0, 'colsample_bytree': 0.7, 'colsample_bylevel': 0.6, 'n_estimators': 300}",0.3905723905723906,repeated_stratified,6,0,full,sep
8,2,0.25,8,4,0.5,8,1,0.125,0.2916666666666667,0.2722222222222222,0.4453125,2,5,1,2,4,2,4,3,1,P14,xgb,2,"{'subsample': 0.6, 'reg_lambda': 1, 'reg_alpha': 0.1, 'min_child_weight': 1, 'max_depth': 2, 'learning_rate': 0.01, 'gamma': 2, 'colsample_bytree': 0.7, 'colsample_bylevel': 0.6, 'n_estimators': 300}",0.5956830206830207,repeated_stratified,6,1,full,sep
8,1,0.125,8,3,0.375,8,3,0.375,0.2916666666666667,0.2888888888888889,0.40625,1,2,5,3,3,2,3,2,3,P14,xgb,9,"{'subsample': 0.6, 'reg_lambda': 5, 'reg_alpha': 0.5, 'min_child_weight': 1, 'max_depth': 8, 'learning_rate': 0.03, 'gamma': 0.3, 'colsample_bytree': 0.6, 'colsample_bylevel': 0.6, 'n_estimators': 300}",0.6213323713323713,repeated_stratified,6,2,full,sep
8,3,0.375,8,2,0.25,8,3,0.375,0.3333333333333333,0.3455672867437573,0.4322916666666667,3,4,1,5,2,1,1,4,3,P14,xgb,4,"{'subsample': 0.8, 'reg_lambda': 1, 'reg_alpha': 0.1, 'min_child_weight': 1, 'max_depth': 4, 'learning_rate': 0.05, 'gamma': 0.5, 'colsample_bytree': 0.7, 'colsample_bylevel': 0.6, 'n_estimators': 300}",0.6127705627705627,repeated_stratified,6,3,full,sep
8,1,0.125,8,2,0.25,8,1,0.125,0.1666666666666666,0.1703703703703703,0.296875,1,4,3,3,2,3,6,1,1,P14,xgb,32,"{'subsample': 0.6, 'reg_lambda': 3, 'reg_alpha': 0.1, 'min_child_weight': 1, 'max_depth': 2, 'learning_rate': 0.05, 'gamma': 0, 'colsample_bytree': 0.7, 'colsample_bylevel': 0.6, 'n_estimators': 300}",0.6157527657527658,repeated_stratified,6,4,full,sep
8,3,0.375,8,2,0.25,8,3,0.375,0.3333333333333333,0.3367647058823529,0.5208333333333334,3,3,2,4,2,2,1,4,3,P14,xgb,30,"{'subsample': 0.6, 'reg_lambda': 5, 'reg_alpha': 0.5, 'min_child_weight': 1, 'max_depth': 8, 'learning_rate': 0.03, 'gamma': 0.3, 'colsample_bytree': 0.6, 'colsample_bylevel': 0.6, 'n_estimators': 300}",0.4881914381914381,repeated_stratified,7,0,full,sep
8,1,0.125,8,2,0.25,8,2,0.25,0.2083333333333333,0.2037874979051449,0.4791666666666667,1,4,3,1,2,5,3,3,2,P14,xgb,30,"{'subsample': 0.6, 'reg_lambda': 3, 'reg_alpha': 0.1, 'min_child_weight': 1, 'max_depth': 8, 'learning_rate': 0.05, 'gamma': 0, 'colsample_bytree': 0.7, 'colsample_bylevel': 0.8, 'n_estimators': 300}",0.3989177489177489,repeated_stratified,7,1,full,sep
8,3,0.375,8,2,0.25,8,3,0.375,0.3333333333333333,0.330532212885154,0.4348958333333333,3,3,2,2,2,4,4,1,3,P14,xgb,30,"{'subsample': 0.6, 'reg_lambda': 10, 'reg_alpha': 0.5, 'min_child_weight': 1, 'max_depth': 2, 'learning_rate': 0.05, 'gamma': 0.1, 'colsample_bytree': 0.6, 'colsample_bylevel': 0.6, 'n_estimators': 300}",0.5343915343915343,repeated_stratified,7,2,full,sep
8,4,0.5,8,5,0.625,8,3,0.375,0.5,0.4958940841293782,0.609375,4,3,1,2,5,1,3,2,3,P14,xgb,4,"{'subsample': 0.8, 'reg_lambda': 1, 'reg_alpha': 0.1, 'min_child_weight': 1, 'max_depth': 4, 'learning_rate': 0.05, 'gamma': 0.5, 'colsample_bytree': 0.7, 'colsample_bylevel': 0.6, 'n_estimators': 300}",0.5483285233285232,repeated_stratified,7,3,full,sep
8,1,0.125,8,2,0.25,8,1,0.125,0.1666666666666666,0.1793184885290148,0.3359375,1,3,4,3,2,3,7,0,1,P14,xgb,32,"{'subsample': 0.6, 'reg_lambda': 5, 'reg_alpha': 0.5, 'min_child_weight': 1, 'max_depth': 8, 'learning_rate': 0.03, 'gamma': 0.3, 'colsample_bytree': 0.6, 'colsample_bylevel': 0.6, 'n_estimators': 300}",0.5567099567099567,repeated_stratified,7,4,full,sep
8,3,0.375,8,5,0.625,8,3,0.375,0.4583333333333333,0.4518518518518519,0.5572916666666666,3,3,2,1,5,2,3,2,3,P14,xgb,29,"{'subsample': 0.6, 'reg_lambda': 3, 'reg_alpha': 0.1, 'min_child_weight': 1, 'max_depth': 2, 'learning_rate': 0.05, 'gamma': 0, 'colsample_bytree': 0.7, 'colsample_bylevel': 0.6, 'n_estimators': 300}",0.478042328042328,repeated_stratified,8,0,full,sep
8,1,0.125,8,3,0.375,8,3,0.375,0.2916666666666667,0.2800402212166918,0.3984375,1,3,4,3,3,2,1,4,3,P14,xgb,4,"{'subsample': 1.0, 'reg_lambda': 10, 'reg_alpha': 0.5, 'min_child_weight': 1, 'max_depth': 4, 'learning_rate': 0.03, 'gamma': 1, 'colsample_bytree': 0.7, 'colsample_bylevel': 0.8, 'n_estimators': 300}",0.6174001924001924,repeated_stratified,8,1,full,sep
8,2,0.25,8,3,0.375,8,1,0.125,0.25,0.2388888888888889,0.3880208333333333,2,5,1,3,3,2,3,4,1,P14,xgb,30,"{'subsample': 1.0, 'reg_lambda': 10, 'reg_alpha': 0.1, 'min_child_weight': 1, 'max_depth': 2, 'learning_rate': 0.03, 'gamma': 0.3, 'colsample_bytree': 0.6, 'colsample_bylevel': 0.6, 'n_estimators': 300}",0.5548340548340548,repeated_stratified,8,2,full,sep
8,3,0.375,8,0,0.0,8,1,0.125,0.1666666666666666,0.152734778121775,0.4713541666666667,3,1,4,2,0,6,4,3,1,P14,xgb,30,"{'subsample': 0.8, 'reg_lambda': 5, 'reg_alpha': 0.1, 'min_child_weight': 1, 'max_depth': 8, 'learning_rate': 0.03, 'gamma': 0, 'colsample_bytree': 0.6, 'colsample_bylevel': 0.6, 'n_estimators': 300}",0.4678691678691679,repeated_stratified,8,3,full,sep
8,1,0.125,8,4,0.5,8,3,0.375,0.3333333333333333,0.3520580296896087,0.546875,1,1,6,2,4,2,5,0,3,P14,xgb,30,"{'subsample': 0.6, 'reg_lambda': 5, 'reg_alpha': 0, 'min_child_weight': 1, 'max_depth': 2, 'learning_rate': 0.01, 'gamma': 0.3, 'colsample_bytree': 0.7, 'colsample_bylevel': 0.6, 'n_estimators': 300}",0.4955988455988455,repeated_stratified,8,4,full,sep
8,4,0.5,8,1,0.125,8,2,0.25,0.2916666666666667,0.2761904761904762,0.4375,4,2,2,5,1,2,3,3,2,P14,xgb,28,"{'subsample': 0.6, 'reg_lambda': 3, 'reg_alpha': 0.1, 'min_child_weight': 1, 'max_depth': 8, 'learning_rate': 0.05, 'gamma': 0, 'colsample_bytree': 0.7, 'colsample_bylevel': 0.8, 'n_estimators': 300}",0.5128186628186627,repeated_stratified,9,0,full,sep
8,3,0.375,8,2,0.25,8,1,0.125,0.25,0.2409090909090908,0.4244791666666667,3,4,1,6,2,0,5,2,1,P14,xgb,5,"{'subsample': 0.6, 'reg_lambda': 5, 'reg_alpha': 0, 'min_child_weight': 1, 'max_depth': 2, 'learning_rate': 0.01, 'gamma': 0.3, 'colsample_bytree': 0.7, 'colsample_bylevel': 0.6, 'n_estimators': 300}",0.6056036556036556,repeated_stratified,9,1,full,sep
8,3,0.375,8,3,0.375,8,2,0.25,0.3333333333333333,0.3389355742296918,0.4635416666666667,3,2,3,1,3,4,5,1,2,P14,xgb,30,"{'subsample': 0.6, 'reg_lambda': 5, 'reg_alpha': 0, 'min_child_weight': 1, 'max_depth': 2, 'learning_rate': 0.01, 'gamma': 0.3, 'colsample_bytree': 0.7, 'colsample_bylevel': 0.6, 'n_estimators': 300}",0.5177008177008177,repeated_stratified,9,2,full,sep
8,2,0.25,8,3,0.375,8,3,0.375,0.3333333333333333,0.3313492063492063,0.4895833333333333,2,4,2,2,3,3,2,3,3,P14,xgb,30,"{'subsample': 0.6, 'reg_lambda': 10, 'reg_alpha': 0.5, 'min_child_weight': 1, 'max_depth': 2, 'learning_rate': 0.05, 'gamma': 0.1, 'colsample_bytree': 0.6, 'colsample_bylevel': 0.6, 'n_estimators': 300}",0.5131553631553631,repeated_stratified,9,3,full,sep
8,3,0.375,8,4,0.5,8,2,0.25,0.375,0.3703703703703704,0.4869791666666667,3,2,3,2,4,2,2,4,2,P14,xgb,5,"{'subsample': 1.0, 'reg_lambda': 10, 'reg_alpha': 0.5, 'min_child_weight': 1, 'max_depth': 4, 'learning_rate': 0.03, 'gamma': 1, 'colsample_bytree': 0.7, 'colsample_bylevel': 0.8, 'n_estimators': 300}",0.593951418951419,repeated_stratified,9,4,full,sep
8,3,0.375,8,3,0.375,8,2,0.25,0.3333333333333333,0.3407407407407407,0.5755208333333334,3,0,5,2,3,3,2,4,2,P15,xgb,24,"{'subsample': 0.6, 'reg_lambda': 3, 'reg_alpha': 0.1, 'min_child_weight': 1, 'max_depth': 8, 'learning_rate': 0.05, 'gamma': 0, 'colsample_bytree': 0.7, 'colsample_bylevel': 0.8, 'n_estimators': 300}",0.5907166907166908,repeated_stratified,0,0,full,sep
8,3,0.375,8,5,0.625,8,4,0.5,0.5,0.4947089947089947,0.7213541666666666,3,2,3,2,5,1,1,3,4,P15,xgb,10,"{'subsample': 1.0, 'reg_lambda': 1, 'reg_alpha': 0.5, 'min_child_weight': 1, 'max_depth': 4, 'learning_rate': 0.01, 'gamma': 0.5, 'colsample_bytree': 0.6, 'colsample_bylevel': 0.8, 'n_estimators': 300}",0.6090668590668591,repeated_stratified,0,1,full,sep
8,3,0.375,8,3,0.375,8,2,0.25,0.3333333333333333,0.3367647058823529,0.4921875,3,1,4,2,3,3,3,3,2,P15,xgb,25,"{'subsample': 1.0, 'reg_lambda': 1, 'reg_alpha': 0.5, 'min_child_weight': 1, 'max_depth': 4, 'learning_rate': 0.01, 'gamma': 0.5, 'colsample_bytree': 0.6, 'colsample_bylevel': 0.8, 'n_estimators': 300}",0.6904761904761904,repeated_stratified,0,2,full,sep
8,4,0.5,8,6,0.75,8,2,0.25,0.5,0.4777777777777778,0.6276041666666666,4,4,0,0,6,2,4,2,2,P15,xgb,25,"{'subsample': 0.6, 'reg_lambda': 3, 'reg_alpha': 0.1, 'min_child_weight': 1, 'max_depth': 8, 'learning_rate': 0.05, 'gamma': 0, 'colsample_bytree': 0.7, 'colsample_bylevel': 0.8, 'n_estimators': 300}",0.6422077922077922,repeated_stratified,0,3,full,sep
8,4,0.5,8,2,0.25,8,2,0.25,0.3333333333333333,0.3262483130904183,0.5755208333333334,4,0,4,4,2,2,3,3,2,P15,xgb,30,"{'subsample': 0.8, 'reg_lambda': 1, 'reg_alpha': 0, 'min_child_weight': 1, 'max_depth': 4, 'learning_rate': 0.01, 'gamma': 0, 'colsample_bytree': 0.7, 'colsample_bylevel': 0.8, 'n_estimators': 300}",0.5995911495911496,repeated_stratified,0,4,full,sep
8,6,0.75,8,1,0.125,8,3,0.375,0.4166666666666667,0.3846153846153846,0.5911458333333334,6,1,1,5,1,2,2,3,3,P15,xgb,7,"{'subsample': 0.6, 'reg_lambda': 5, 'reg_alpha': 0.5, 'min_child_weight': 1, 'max_depth': 8, 'learning_rate': 0.03, 'gamma': 0.3, 'colsample_bytree': 0.6, 'colsample_bylevel': 0.6, 'n_estimators': 300}",0.6284752284752285,repeated_stratified,1,0,full,sep
8,4,0.5,8,3,0.375,8,0,0.0,0.2916666666666667,0.2777777777777777,0.5182291666666666,4,2,2,1,3,4,3,5,0,P15,xgb,24,"{'subsample': 0.8, 'reg_lambda': 5, 'reg_alpha': 0.1, 'min_child_weight': 1, 'max_depth': 8, 'learning_rate': 0.03, 'gamma': 0, 'colsample_bytree': 0.6, 'colsample_bylevel': 0.6, 'n_estimators': 300}",0.5666426166426167,repeated_stratified,1,1,full,sep
8,6,0.75,8,3,0.375,8,2,0.25,0.4583333333333333,0.4390977443609022,0.6041666666666666,6,1,1,2,3,3,3,3,2,P15,xgb,30,"{'subsample': 0.6, 'reg_lambda': 1, 'reg_alpha': 0.1, 'min_child_weight': 1, 'max_depth': 2, 'learning_rate': 0.01, 'gamma': 2, 'colsample_bytree': 0.7, 'colsample_bylevel': 0.6, 'n_estimators': 300}",0.5319384319384319,repeated_stratified,1,2,full,sep
8,6,0.75,8,2,0.25,8,2,0.25,0.4166666666666667,0.4007936507936507,0.6484375,6,1,1,1,2,5,3,3,2,P15,xgb,29,"{'subsample': 0.6, 'reg_lambda': 1, 'reg_alpha': 0, 'min_child_weight': 1, 'max_depth': 2, 'learning_rate': 0.03, 'gamma': 0, 'colsample_bytree': 0.6, 'colsample_bylevel': 0.6, 'n_estimators': 300}",0.588936988936989,repeated_stratified,1,3,full,sep
8,2,0.25,8,3,0.375,8,2,0.25,0.2916666666666667,0.2962962962962963,0.4973958333333333,2,2,4,1,3,4,1,5,2,P15,xgb,25,"{'subsample': 0.6, 'reg_lambda': 1, 'reg_alpha': 0, 'min_child_weight': 1, 'max_depth': 2, 'learning_rate': 0.03, 'gamma': 0, 'colsample_bytree': 0.6, 'colsample_bylevel': 0.6, 'n_estimators': 300}",0.6351130351130352,repeated_stratified,1,4,full,sep
8,6,0.75,8,4,0.5,8,3,0.375,0.5416666666666666,0.5333333333333333,0.6484375,6,1,1,1,4,3,3,2,3,P15,xgb,30,"{'subsample': 0.6, 'reg_lambda': 5, 'reg_alpha': 0.5, 'min_child_weight': 1, 'max_depth': 8, 'learning_rate': 0.03, 'gamma': 0.3, 'colsample_bytree': 0.6, 'colsample_bylevel': 0.6, 'n_estimators': 300}",0.5976671476671477,repeated_stratified,2,0,full,sep
8,4,0.5,8,5,0.625,8,2,0.25,0.4583333333333333,0.4434124527003784,0.578125,4,3,1,2,5,1,3,3,2,P15,xgb,12,"{'subsample': 1.0, 'reg_lambda': 5, 'reg_alpha': 0.5, 'min_child_weight': 1, 'max_depth': 4, 'learning_rate': 0.03, 'gamma': 0, 'colsample_bytree': 0.6, 'colsample_bylevel': 0.8, 'n_estimators': 300}",0.6053631553631553,repeated_stratified,2,1,full,sep
8,2,0.25,8,2,0.25,8,2,0.25,0.25,0.2518518518518518,0.4296875,2,2,4,2,2,4,3,3,2,P15,xgb,26,"{'subsample': 0.6, 'reg_lambda': 10, 'reg_alpha': 0.1, 'min_child_weight': 1, 'max_depth': 8, 'learning_rate': 0.03, 'gamma': 0.3, 'colsample_bytree': 0.6, 'colsample_bylevel': 0.8, 'n_estimators': 300}",0.6582251082251083,repeated_stratified,2,2,full,sep
8,8,1.0,8,2,0.25,8,4,0.5,0.5833333333333334,0.5444444444444444,0.7291666666666666,8,0,0,2,2,4,2,2,4,P15,xgb,30,"{'subsample': 0.8, 'reg_lambda': 1, 'reg_alpha': 0, 'min_child_weight': 1, 'max_depth': 8, 'learning_rate': 0.01, 'gamma': 0.3, 'colsample_bytree': 0.6, 'colsample_bylevel': 0.8, 'n_estimators': 300}",0.5372053872053871,repeated_stratified,2,3,full,sep
8,4,0.5,8,2,0.25,8,4,0.5,0.4166666666666667,0.4075749958102899,0.5911458333333334,4,1,3,3,2,3,2,2,4,P15,xgb,25,"{'subsample': 1.0, 'reg_lambda': 1, 'reg_alpha': 0.5, 'min_child_weight': 1, 'max_depth': 4, 'learning_rate': 0.01, 'gamma': 0.5, 'colsample_bytree': 0.6, 'colsample_bylevel': 0.8, 'n_estimators': 300}",0.6510341510341511,repeated_stratified,2,4,full,sep
8,4,0.5,8,5,0.625,8,2,0.25,0.4583333333333333,0.4446120328473269,0.6197916666666666,4,3,1,1,5,2,4,2,2,P15,xgb,30,"{'subsample': 1.0, 'reg_lambda': 5, 'reg_alpha': 0.5, 'min_child_weight': 1, 'max_depth': 4, 'learning_rate': 0.03, 'gamma': 0, 'colsample_bytree': 0.6, 'colsample_bylevel': 0.8, 'n_estimators': 300}",0.5634920634920635,repeated_stratified,3,0,full,sep
8,5,0.625,8,2,0.25,8,3,0.375,0.4166666666666667,0.4040100250626566,0.5494791666666666,5,2,1,3,2,3,3,2,3,P15,xgb,27,"{'subsample': 0.6, 'reg_lambda': 10, 'reg_alpha': 0.5, 'min_child_weight': 1, 'max_depth': 2, 'learning_rate': 0.05, 'gamma': 0.1, 'colsample_bytree': 0.6, 'colsample_bylevel': 0.6, 'n_estimators': 300}",0.6228715728715728,repeated_stratified,3,1,full,sep
8,6,0.75,8,3,0.375,8,2,0.25,0.4583333333333333,0.4424333836098542,0.6848958333333334,6,1,1,3,3,2,1,5,2,P15,xgb,30,"{'subsample': 0.6, 'reg_lambda': 10, 'reg_alpha': 0.5, 'min_child_weight': 1, 'max_depth': 2, 'learning_rate': 0.05, 'gamma': 0.1, 'colsample_bytree': 0.6, 'colsample_bylevel': 0.6, 'n_estimators': 300}",0.5684944684944685,repeated_stratified,3,2,full,sep
8,6,0.75,8,3,0.375,8,1,0.125,0.4166666666666667,0.3948412698412697,0.5182291666666666,6,1,1,1,3,4,3,4,1,P15,xgb,25,"{'subsample': 0.6, 'reg_lambda': 3, 'reg_alpha': 0.1, 'min_child_weight': 1, 'max_depth': 2, 'learning_rate': 0.05, 'gamma': 0, 'colsample_bytree': 0.7, 'colsample_bylevel': 0.6, 'n_estimators': 300}",0.5760702260702262,repeated_stratified,3,3,full,sep
8,1,0.125,8,4,0.5,8,4,0.5,0.375,0.3562929445282386,0.5520833333333334,1,3,4,3,4,1,1,3,4,P15,xgb,24,"{'subsample': 1.0, 'reg_lambda': 5, 'reg_alpha': 0.1, 'min_child_weight': 1, 'max_depth': 8, 'learning_rate': 0.03, 'gamma': 0.1, 'colsample_bytree': 0.7, 'colsample_bylevel': 0.8, 'n_estimators': 300}",0.6235930735930736,repeated_stratified,3,4,full,sep
8,3,0.375,8,4,0.5,8,3,0.375,0.4166666666666667,0.4222222222222222,0.546875,3,1,4,1,4,3,3,2,3,P15,xgb,10,"{'subsample': 1.0, 'reg_lambda': 10, 'reg_alpha': 0.1, 'min_child_weight': 1, 'max_depth': 2, 'learning_rate': 0.03, 'gamma': 0.3, 'colsample_bytree': 0.6, 'colsample_bylevel': 0.6, 'n_estimators': 300}",0.7175565175565176,repeated_stratified,4,0,full,sep
8,6,0.75,8,2,0.25,8,2,0.25,0.4166666666666667,0.3914529914529914,0.6328125,6,2,0,3,2,3,3,3,2,P15,xgb,29,"{'subsample': 0.6, 'reg_lambda': 1, 'reg_alpha': 0.1, 'min_child_weight': 1, 'max_depth': 2, 'learning_rate': 0.01, 'gamma': 2, 'colsample_bytree': 0.7, 'colsample_bylevel': 0.6, 'n_estimators': 300}",0.5246993746993747,repeated_stratified,4,1,full,sep
8,5,0.625,8,3,0.375,8,4,0.5,0.5,0.4985294117647059,0.625,5,1,2,2,3,3,1,3,4,P15,xgb,12,"{'subsample': 0.8, 'reg_lambda': 10, 'reg_alpha': 0, 'min_child_weight': 1, 'max_depth': 4, 'learning_rate': 0.03, 'gamma': 0, 'colsample_bytree': 0.6, 'colsample_bylevel': 0.8, 'n_estimators': 300}",0.6978835978835979,repeated_stratified,4,2,full,sep
8,3,0.375,8,4,0.5,8,2,0.25,0.375,0.3804256745433216,0.5885416666666666,3,1,4,1,4,3,1,5,2,P15,xgb,25,"{'subsample': 0.8, 'reg_lambda': 1, 'reg_alpha': 0.1, 'min_child_weight': 1, 'max_depth': 4, 'learning_rate': 0.05, 'gamma': 0.5, 'colsample_bytree': 0.7, 'colsample_bylevel': 0.6, 'n_estimators': 300}",0.647017797017797,repeated_stratified,4,3,full,sep
8,7,0.875,8,2,0.25,8,1,0.125,0.4166666666666667,0.3803418803418803,0.6302083333333334,7,0,1,1,2,5,4,3,1,P15,xgb,7,"{'subsample': 0.8, 'reg_lambda': 3, 'reg_alpha': 0.1, 'min_child_weight': 1, 'max_depth': 2, 'learning_rate': 0.05, 'gamma': 2, 'colsample_bytree': 0.7, 'colsample_bylevel': 0.6, 'n_estimators': 300}",0.6222703222703223,repeated_stratified,4,4,full,sep
8,6,0.75,8,3,0.375,8,2,0.25,0.4583333333333333,0.4395604395604395,0.5026041666666666,6,1,1,2,3,3,5,1,2,P15,xgb,25,"{'subsample': 0.8, 'reg_lambda': 10, 'reg_alpha': 0, 'min_child_weight': 1, 'max_depth': 8, 'learning_rate': 0.05, 'gamma': 0, 'colsample_bytree': 0.7, 'colsample_bylevel': 0.6, 'n_estimators': 300}",0.626984126984127,repeated_stratified,5,0,full,sep
8,5,0.625,8,5,0.625,8,0,0.0,0.4166666666666667,0.3968253968253968,0.6796875,5,1,2,0,5,3,1,7,0,P15,xgb,30,"{'subsample': 0.6, 'reg_lambda': 1, 'reg_alpha': 0, 'min_child_weight': 1, 'max_depth': 2, 'learning_rate': 0.03, 'gamma': 0, 'colsample_bytree': 0.6, 'colsample_bylevel': 0.6, 'n_estimators': 300}",0.5800865800865801,repeated_stratified,5,1,full,sep
8,4,0.5,8,4,0.5,8,1,0.125,0.375,0.3624338624338624,0.6302083333333334,4,0,4,3,4,1,3,4,1,P15,xgb,21,"{'subsample': 0.8, 'reg_lambda': 3, 'reg_alpha': 0.1, 'min_child_weight': 1, 'max_depth': 2, 'learning_rate': 0.05, 'gamma': 2, 'colsample_bytree': 0.7, 'colsample_bylevel': 0.6, 'n_estimators': 300}",0.6042328042328043,repeated_stratified,5,2,full,sep
8,2,0.25,8,5,0.625,8,2,0.25,0.375,0.3649810801513588,0.6770833333333334,2,1,5,1,5,2,1,5,2,P15,xgb,24,"{'subsample': 0.6, 'reg_lambda': 3, 'reg_alpha': 0.1, 'min_child_weight': 1, 'max_depth': 8, 'learning_rate': 0.05, 'gamma': 0, 'colsample_bytree': 0.7, 'colsample_bylevel': 0.8, 'n_estimators': 300}",0.5766233766233766,repeated_stratified,5,3,full,sep
8,4,0.5,8,1,0.125,8,1,0.125,0.25,0.2324143692564745,0.546875,4,2,2,3,1,4,4,3,1,P15,xgb,30,"{'subsample': 0.6, 'reg_lambda': 3, 'reg_alpha': 0.1, 'min_child_weight': 1, 'max_depth': 8, 'learning_rate': 0.05, 'gamma': 0, 'colsample_bytree': 0.7, 'colsample_bylevel': 0.8, 'n_estimators': 300}",0.5415584415584416,repeated_stratified,5,4,full,sep
8,2,0.25,8,5,0.625,8,4,0.5,0.4583333333333333,0.4540849673202614,0.6432291666666666,2,2,4,2,5,1,3,1,4,P15,xgb,12,"{'subsample': 0.8, 'reg_lambda': 1, 'reg_alpha': 0, 'min_child_weight': 1, 'max_depth': 8, 'learning_rate': 0.01, 'gamma': 0.3, 'colsample_bytree': 0.6, 'colsample_bylevel': 0.8, 'n_estimators': 300}",0.5993987493987495,repeated_stratified,6,0,full,sep
8,3,0.375,8,2,0.25,8,2,0.25,0.2916666666666667,0.2950980392156863,0.5572916666666666,3,2,3,3,2,3,1,5,2,P15,xgb,24,"{'subsample': 0.6, 'reg_lambda': 3, 'reg_alpha': 0.1, 'min_child_weight': 1, 'max_depth': 2, 'learning_rate': 0.05, 'gamma': 0, 'colsample_bytree': 0.7, 'colsample_bylevel': 0.6, 'n_estimators': 300}",0.5976190476190477,repeated_stratified,6,1,full,sep
8,5,0.625,8,1,0.125,8,4,0.5,0.4166666666666667,0.3861421229842283,0.5911458333333334,5,1,2,2,1,5,3,1,4,P15,xgb,26,"{'subsample': 0.8, 'reg_lambda': 1, 'reg_alpha': 0.1, 'min_child_weight': 1, 'max_depth': 4, 'learning_rate': 0.05, 'gamma': 0.5, 'colsample_bytree': 0.7, 'colsample_bylevel': 0.6, 'n_estimators': 300}",0.6649831649831649,repeated_stratified,6,2,full,sep
8,6,0.75,8,1,0.125,8,1,0.125,0.3333333333333333,0.2777777777777777,0.4505208333333333,6,2,0,4,1,3,6,1,1,P15,xgb,6,"{'subsample': 0.8, 'reg_lambda': 3, 'reg_alpha': 0.1, 'min_child_weight': 1, 'max_depth': 2, 'learning_rate': 0.05, 'gamma': 2, 'colsample_bytree': 0.7, 'colsample_bylevel': 0.6, 'n_estimators': 300}",0.6945646945646945,repeated_stratified,6,3,full,sep
8,7,0.875,8,5,0.625,8,1,0.125,0.5416666666666666,0.491405280878965,0.6927083333333334,7,0,1,2,5,1,2,5,1,P15,xgb,31,"{'subsample': 0.6, 'reg_lambda': 3, 'reg_alpha': 0.1, 'min_child_weight': 1, 'max_depth': 8, 'learning_rate': 0.05, 'gamma': 0, 'colsample_bytree': 0.7, 'colsample_bylevel': 0.8, 'n_estimators': 300}",0.5240500240500241,repeated_stratified,6,4,full,sep
8,4,0.5,8,2,0.25,8,6,0.75,0.5,0.480672268907563,0.6197916666666666,4,0,4,3,2,3,2,0,6,P15,xgb,29,"{'subsample': 1.0, 'reg_lambda': 3, 'reg_alpha': 0.5, 'min_child_weight': 1, 'max_depth': 2, 'learning_rate': 0.05, 'gamma': 0, 'colsample_bytree': 0.7, 'colsample_bylevel': 0.8, 'n_estimators': 300}",0.5918951418951418,repeated_stratified,7,0,full,sep
8,2,0.25,8,3,0.375,8,3,0.375,0.3333333333333333,0.3315359477124183,0.5416666666666666,2,3,3,3,3,2,2,3,3,P15,xgb,24,"{'subsample': 0.6, 'reg_lambda': 3, 'reg_alpha': 0.1, 'min_child_weight': 1, 'max_depth': 8, 'learning_rate': 0.05, 'gamma': 0, 'colsample_bytree': 0.7, 'colsample_bylevel': 0.8, 'n_estimators': 300}",0.6153920153920155,repeated_stratified,7,1,full,sep
8,4,0.5,8,2,0.25,8,3,0.375,0.375,0.3697478991596639,0.6067708333333334,4,2,2,2,2,4,3,2,3,P15,xgb,25,"{'subsample': 0.8, 'reg_lambda': 1, 'reg_alpha': 0.1, 'min_child_weight': 1, 'max_depth': 4, 'learning_rate': 0.05, 'gamma': 0.5, 'colsample_bytree': 0.7, 'colsample_bylevel': 0.6, 'n_estimators': 300}",0.6186147186147185,repeated_stratified,7,2,full,sep
8,3,0.375,8,5,0.625,8,1,0.125,0.375,0.343236284412755,0.5338541666666666,3,5,0,3,5,0,3,4,1,P15,xgb,26,"{'subsample': 0.6, 'reg_lambda': 3, 'reg_alpha': 0.1, 'min_child_weight': 1, 'max_depth': 2, 'learning_rate': 0.05, 'gamma': 0, 'colsample_bytree': 0.7, 'colsample_bylevel': 0.6, 'n_estimators': 300}",0.5437710437710438,repeated_stratified,7,3,full,sep
8,3,0.375,8,2,0.25,8,3,0.375,0.3333333333333333,0.3338345864661654,0.53125,3,1,4,2,2,4,2,3,3,P15,xgb,30,"{'subsample': 0.6, 'reg_lambda': 3, 'reg_alpha': 0.1, 'min_child_weight': 1, 'max_depth': 2, 'learning_rate': 0.05, 'gamma': 0, 'colsample_bytree': 0.7, 'colsample_bylevel': 0.6, 'n_estimators': 300}",0.5735209235209237,repeated_stratified,7,4,full,sep
8,4,0.5,8,4,0.5,8,3,0.375,0.4583333333333333,0.4731020613373555,0.6640625,4,0,4,1,4,3,4,1,3,P15,xgb,25,"{'subsample': 0.6, 'reg_lambda': 3, 'reg_alpha': 0.1, 'min_child_weight': 1, 'max_depth': 2, 'learning_rate': 0.05, 'gamma': 0, 'colsample_bytree': 0.7, 'colsample_bylevel': 0.6, 'n_estimators': 300}",0.607912457912458,repeated_stratified,8,0,full,sep
8,6,0.75,8,2,0.25,8,2,0.25,0.4166666666666667,0.3946532999164578,0.59375,6,1,1,3,2,3,2,4,2,P15,xgb,30,"{'subsample': 0.8, 'reg_lambda': 1, 'reg_alpha': 0, 'min_child_weight': 1, 'max_depth': 4, 'learning_rate': 0.01, 'gamma': 0, 'colsample_bytree': 0.7, 'colsample_bylevel': 0.8, 'n_estimators': 300}",0.5999037999037999,repeated_stratified,8,1,full,sep
8,5,0.625,8,4,0.5,8,2,0.25,0.4583333333333333,0.4467906820847997,0.6614583333333334,5,2,1,2,4,2,2,4,2,P15,xgb,30,"{'subsample': 0.6, 'reg_lambda': 10, 'reg_alpha': 0.5, 'min_child_weight': 1, 'max_depth': 2, 'learning_rate': 0.05, 'gamma': 0.1, 'colsample_bytree': 0.6, 'colsample_bylevel': 0.6, 'n_estimators': 300}",0.5106541606541607,repeated_stratified,8,2,full,sep
8,2,0.25,8,2,0.25,8,2,0.25,0.25,0.2560728744939271,0.5338541666666666,2,2,4,1,2,5,2,4,2,P15,xgb,25,"{'subsample': 1.0, 'reg_lambda': 5, 'reg_alpha': 0.1, 'min_child_weight': 1, 'max_depth': 8, 'learning_rate': 0.03, 'gamma': 0.1, 'colsample_bytree': 0.7, 'colsample_bylevel': 0.8, 'n_estimators': 300}",0.5772246272246272,repeated_stratified,8,3,full,sep
8,3,0.375,8,2,0.25,8,3,0.375,0.3333333333333333,0.3367647058823529,0.5546875,3,3,2,3,2,3,1,4,3,P15,xgb,25,"{'subsample': 0.8, 'reg_lambda': 10, 'reg_alpha': 0.5, 'min_child_weight': 1, 'max_depth': 2, 'learning_rate': 0.05, 'gamma': 0.5, 'colsample_bytree': 0.7, 'colsample_bylevel': 0.8, 'n_estimators': 300}",0.5725108225108225,repeated_stratified,8,4,full,sep
8,4,0.5,8,4,0.5,8,2,0.25,0.4166666666666667,0.4179738562091503,0.6223958333333334,4,1,3,1,4,3,2,4,2,P15,xgb,25,"{'subsample': 1.0, 'reg_lambda': 3, 'reg_alpha': 0, 'min_child_weight': 1, 'max_depth': 4, 'learning_rate': 0.01, 'gamma': 0.3, 'colsample_bytree': 0.6, 'colsample_bylevel': 0.6, 'n_estimators': 300}",0.6308321308321309,repeated_stratified,9,0,full,sep
8,4,0.5,8,2,0.25,8,2,0.25,0.3333333333333333,0.3395424836601307,0.6067708333333334,4,2,2,2,2,4,1,5,2,P15,xgb,30,"{'subsample': 0.6, 'reg_lambda': 3, 'reg_alpha': 0.1, 'min_child_weight': 1, 'max_depth': 8, 'learning_rate': 0.05, 'gamma': 0, 'colsample_bytree': 0.7, 'colsample_bylevel': 0.8, 'n_estimators': 300}",0.6238095238095238,repeated_stratified,9,1,full,sep
8,4,0.5,8,1,0.125,8,4,0.5,0.375,0.3555555555555555,0.609375,4,1,3,2,1,5,2,2,4,P15,xgb,30,"{'subsample': 0.6, 'reg_lambda': 3, 'reg_alpha': 0.1, 'min_child_weight': 1, 'max_depth': 8, 'learning_rate': 0.05, 'gamma': 0, 'colsample_bytree': 0.7, 'colsample_bylevel': 0.8, 'n_estimators': 300}",0.5854978354978355,repeated_stratified,9,2,full,sep
8,5,0.625,8,5,0.625,8,1,0.125,0.4583333333333333,0.4270725834193327,0.625,5,1,2,2,5,1,4,3,1,P15,xgb,25,"{'subsample': 1.0, 'reg_lambda': 5, 'reg_alpha': 0.5, 'min_child_weight': 1, 'max_depth': 4, 'learning_rate': 0.03, 'gamma': 0, 'colsample_bytree': 0.6, 'colsample_bylevel': 0.8, 'n_estimators': 300}",0.5378066378066378,repeated_stratified,9,3,full,sep
8,3,0.375,8,3,0.375,8,3,0.375,0.375,0.3759803921568627,0.6015625,3,3,2,2,3,3,2,3,3,P15,xgb,25,"{'subsample': 0.6, 'reg_lambda': 1, 'reg_alpha': 0.1, 'min_child_weight': 1, 'max_depth': 2, 'learning_rate': 0.01, 'gamma': 2, 'colsample_bytree': 0.7, 'colsample_bylevel': 0.6, 'n_estimators': 300}",0.5622895622895623,repeated_stratified,9,4,full,sep
8,3,0.375,8,4,0.5,8,3,0.375,0.4166666666666667,0.4257759784075574,0.6796875,3,1,4,0,4,4,2,3,3,P16,xgb,4,"{'subsample': 0.8, 'reg_lambda': 10, 'reg_alpha': 0.5, 'min_child_weight': 1, 'max_depth': 2, 'learning_rate': 0.05, 'gamma': 0.5, 'colsample_bytree': 0.7, 'colsample_bylevel': 0.8, 'n_estimators': 300}",0.5366161616161617,repeated_stratified,0,0,full,sep
8,4,0.5,8,2,0.25,8,2,0.25,0.3333333333333333,0.3395424836601307,0.5052083333333334,4,2,2,2,2,4,1,5,2,P16,xgb,31,"{'subsample': 0.8, 'reg_lambda': 5, 'reg_alpha': 0.1, 'min_child_weight': 1, 'max_depth': 8, 'learning_rate': 0.03, 'gamma': 0, 'colsample_bytree': 0.6, 'colsample_bylevel': 0.6, 'n_estimators': 300}",0.4803511303511303,repeated_stratified,0,1,full,sep
8,6,0.75,8,3,0.375,8,3,0.375,0.5,0.4893724696356274,0.5963541666666666,6,0,2,2,3,3,3,2,3,P16,xgb,29,"{'subsample': 1.0, 'reg_lambda': 5, 'reg_alpha': 0.1, 'min_child_weight': 1, 'max_depth': 8, 'learning_rate': 0.03, 'gamma': 0.1, 'colsample_bytree': 0.7, 'colsample_bylevel': 0.8, 'n_estimators': 300}",0.5507455507455506,repeated_stratified,0,2,full,sep
8,1,0.125,8,3,0.375,8,2,0.25,0.25,0.2444444444444444,0.5104166666666666,1,4,3,3,3,2,3,3,2,P16,xgb,28,"{'subsample': 0.6, 'reg_lambda': 1, 'reg_alpha': 0, 'min_child_weight': 1, 'max_depth': 2, 'learning_rate': 0.03, 'gamma': 0, 'colsample_bytree': 0.6, 'colsample_bylevel': 0.6, 'n_estimators': 300}",0.5286676286676286,repeated_stratified,0,3,full,sep
8,2,0.25,8,2,0.25,8,5,0.625,0.375,0.3565323565323565,0.3932291666666667,2,1,5,3,2,3,0,3,5,P16,xgb,28,"{'subsample': 0.8, 'reg_lambda': 3, 'reg_alpha': 0.1, 'min_child_weight': 1, 'max_depth': 2, 'learning_rate': 0.05, 'gamma': 2, 'colsample_bytree': 0.7, 'colsample_bylevel': 0.6, 'n_estimators': 300}",0.5106060606060606,repeated_stratified,0,4,full,sep
8,5,0.625,8,2,0.25,8,1,0.125,0.3333333333333333,0.3185185185185185,0.4869791666666667,5,1,2,2,2,4,3,4,1,P16,xgb,29,"{'subsample': 1.0, 'reg_lambda': 1, 'reg_alpha': 0.5, 'min_child_weight': 1, 'max_depth': 4, 'learning_rate': 0.01, 'gamma': 0.5, 'colsample_bytree': 0.6, 'colsample_bylevel': 0.8, 'n_estimators': 300}",0.4968253968253969,repeated_stratified,1,0,full,sep
8,2,0.25,8,5,0.625,8,2,0.25,0.375,0.3637566137566138,0.5078125,2,1,5,2,5,1,2,4,2,P16,xgb,30,"{'subsample': 0.6, 'reg_lambda': 3, 'reg_alpha': 0.1, 'min_child_weight': 1, 'max_depth': 2, 'learning_rate': 0.05, 'gamma': 0, 'colsample_bytree': 0.7, 'colsample_bylevel': 0.6, 'n_estimators': 300}",0.4918710918710919,repeated_stratified,1,1,full,sep
8,3,0.375,8,1,0.125,8,3,0.375,0.2916666666666667,0.2870915032679739,0.5052083333333334,3,3,2,4,1,3,2,3,3,P16,xgb,2,"{'subsample': 0.8, 'reg_lambda': 10, 'reg_alpha': 0.5, 'min_child_weight': 1, 'max_depth': 2, 'learning_rate': 0.05, 'gamma': 0.5, 'colsample_bytree': 0.7, 'colsample_bylevel': 0.8, 'n_estimators': 300}",0.6046416546416546,repeated_stratified,1,2,full,sep
8,3,0.375,8,3,0.375,8,2,0.25,0.3333333333333333,0.3463659147869674,0.4791666666666667,3,1,4,0,3,5,4,2,2,P16,xgb,29,"{'subsample': 0.8, 'reg_lambda': 1, 'reg_alpha': 0.1, 'min_child_weight': 1, 'max_depth': 4, 'learning_rate': 0.05, 'gamma': 0.5, 'colsample_bytree': 0.7, 'colsample_bylevel': 0.6, 'n_estimators': 300}",0.517003367003367,repeated_stratified,1,3,full,sep
8,0,0.0,8,5,0.625,8,1,0.125,0.25,0.1809523809523809,0.4661458333333333,0,5,3,1,5,2,0,7,1,P16,xgb,1,"{'subsample': 1.0, 'reg_lambda': 10, 'reg_alpha': 0.1, 'min_child_weight': 1, 'max_depth': 2, 'learning_rate': 0.03, 'gamma': 0.3, 'colsample_bytree': 0.6, 'colsample_bylevel': 0.6, 'n_estimators': 300}",0.5553270803270803,repeated_stratified,1,4,full,sep
8,3,0.375,8,1,0.125,8,1,0.125,0.2083333333333333,0.2003968253968253,0.3020833333333333,3,1,4,4,1,3,3,4,1,P16,xgb,28,"{'subsample': 0.6, 'reg_lambda': 3, 'reg_alpha': 0.1, 'min_child_weight': 1, 'max_depth': 8, 'learning_rate': 0.05, 'gamma': 0, 'colsample_bytree': 0.7, 'colsample_bylevel': 0.8, 'n_estimators': 300}",0.4943722943722944,repeated_stratified,2,0,full,sep
8,4,0.5,8,1,0.125,8,3,0.375,0.3333333333333333,0.3192559074912016,0.3932291666666667,4,1,3,3,1,4,2,3,3,P16,xgb,29,"{'subsample': 0.6, 'reg_lambda': 1, 'reg_alpha': 0, 'min_child_weight': 1, 'max_depth': 2, 'learning_rate': 0.03, 'gamma': 0, 'colsample_bytree': 0.6, 'colsample_bylevel': 0.6, 'n_estimators': 300}",0.5241702741702742,repeated_stratified,2,1,full,sep
8,3,0.375,8,2,0.25,8,2,0.25,0.2916666666666667,0.2893901420217209,0.4609375,3,2,3,4,2,2,4,2,2,P16,xgb,30,"{'subsample': 0.6, 'reg_lambda': 3, 'reg_alpha': 0.1, 'min_child_weight': 1, 'max_depth': 2, 'learning_rate': 0.05, 'gamma': 0, 'colsample_bytree': 0.7, 'colsample_bylevel': 0.6, 'n_estimators': 300}",0.5250360750360751,repeated_stratified,2,2,full,sep
8,3,0.375,8,1,0.125,8,3,0.375,0.2916666666666667,0.2800402212166917,0.4609375,3,3,2,2,1,5,4,1,3,P16,xgb,31,"{'subsample': 0.6, 'reg_lambda': 3, 'reg_alpha': 0.1, 'min_child_weight': 1, 'max_depth': 8, 'learning_rate': 0.05, 'gamma': 0, 'colsample_bytree': 0.7, 'colsample_bylevel': 0.8, 'n_estimators': 300}",0.4774891774891776,repeated_stratified,2,3,full,sep
8,1,0.125,8,2,0.25,8,4,0.5,0.2916666666666667,0.2800334168755221,0.515625,1,3,4,3,2,3,3,1,4,P16,xgb,3,"{'subsample': 1.0, 'reg_lambda': 5, 'reg_alpha': 0, 'min_child_weight': 1, 'max_depth': 2, 'learning_rate': 0.01, 'gamma': 0, 'colsample_bytree': 0.6, 'colsample_bylevel': 0.8, 'n_estimators': 300}",0.6018759018759018,repeated_stratified,2,4,full,sep
8,4,0.5,8,2,0.25,8,2,0.25,0.3333333333333333,0.3262483130904183,0.4765625,4,1,3,3,2,3,4,2,2,P16,xgb,22,"{'subsample': 0.6, 'reg_lambda': 1, 'reg_alpha': 0, 'min_child_weight': 1, 'max_depth': 2, 'learning_rate': 0.03, 'gamma': 0, 'colsample_bytree': 0.6, 'colsample_bylevel': 0.6, 'n_estimators': 300}",0.5089225589225589,repeated_stratified,3,0,full,sep
8,3,0.375,8,3,0.375,8,4,0.5,0.4166666666666667,0.416005291005291,0.5104166666666666,3,3,2,1,3,4,2,2,4,P16,xgb,28,"{'subsample': 1.0, 'reg_lambda': 3, 'reg_alpha': 0.5, 'min_child_weight': 1, 'max_depth': 2, 'learning_rate': 0.05, 'gamma': 0, 'colsample_bytree': 0.7, 'colsample_bylevel': 0.8, 'n_estimators': 300}",0.4452621452621452,repeated_stratified,3,1,full,sep
8,1,0.125,8,5,0.625,8,2,0.25,0.3333333333333333,0.3136752136752136,0.3776041666666667,1,5,2,2,5,1,4,2,2,P16,xgb,31,"{'subsample': 1.0, 'reg_lambda': 5, 'reg_alpha': 0.5, 'min_child_weight': 1, 'max_depth': 4, 'learning_rate': 0.03, 'gamma': 0, 'colsample_bytree': 0.6, 'colsample_bylevel': 0.8, 'n_estimators': 300}",0.5167388167388167,repeated_stratified,3,2,full,sep
8,3,0.375,8,3,0.375,8,2,0.25,0.3333333333333333,0.3333333333333333,0.4635416666666667,3,3,2,5,3,0,2,4,2,P16,xgb,6,"{'subsample': 0.6, 'reg_lambda': 1, 'reg_alpha': 0.1, 'min_child_weight': 1, 'max_depth': 2, 'learning_rate': 0.01, 'gamma': 2, 'colsample_bytree': 0.7, 'colsample_bylevel': 0.6, 'n_estimators': 300}",0.6050745550745552,repeated_stratified,3,3,full,sep
8,1,0.125,8,1,0.125,8,2,0.25,0.1666666666666666,0.1619047619047619,0.3307291666666667,1,1,6,3,1,4,2,4,2,P16,xgb,29,"{'subsample': 0.6, 'reg_lambda': 1, 'reg_alpha': 0, 'min_child_weight': 1, 'max_depth': 2, 'learning_rate': 0.03, 'gamma': 0, 'colsample_bytree': 0.6, 'colsample_bylevel': 0.6, 'n_estimators': 300}",0.4984607984607985,repeated_stratified,3,4,full,sep
8,0,0.0,8,3,0.375,8,4,0.5,0.2916666666666667,0.2830409356725146,0.4609375,0,6,2,4,3,1,2,2,4,P16,xgb,9,"{'subsample': 1.0, 'reg_lambda': 10, 'reg_alpha': 0.1, 'min_child_weight': 1, 'max_depth': 2, 'learning_rate': 0.03, 'gamma': 0.3, 'colsample_bytree': 0.6, 'colsample_bylevel': 0.6, 'n_estimators': 300}",0.5703703703703704,repeated_stratified,4,0,full,sep
8,2,0.25,8,5,0.625,8,1,0.125,0.3333333333333333,0.3094255245958032,0.4583333333333333,2,5,1,1,5,2,6,1,1,P16,xgb,2,"{'subsample': 0.8, 'reg_lambda': 3, 'reg_alpha': 0.1, 'min_child_weight': 1, 'max_depth': 2, 'learning_rate': 0.05, 'gamma': 2, 'colsample_bytree': 0.7, 'colsample_bylevel': 0.6, 'n_estimators': 300}",0.5226310726310727,repeated_stratified,4,1,full,sep
8,3,0.375,8,4,0.5,8,3,0.375,0.4166666666666667,0.4148148148148148,0.5859375,3,3,2,2,4,2,2,3,3,P16,xgb,4,"{'subsample': 0.8, 'reg_lambda': 1, 'reg_alpha': 0.1, 'min_child_weight': 1, 'max_depth': 4, 'learning_rate': 0.05, 'gamma': 0.5, 'colsample_bytree': 0.7, 'colsample_bylevel': 0.6, 'n_estimators': 300}",0.6298701298701298,repeated_stratified,4,2,full,sep
8,4,0.5,8,2,0.25,8,3,0.375,0.375,0.369109047127623,0.4427083333333333,4,1,3,3,2,3,4,1,3,P16,xgb,29,"{'subsample': 0.8, 'reg_lambda': 1, 'reg_alpha': 0, 'min_child_weight': 1, 'max_depth': 8, 'learning_rate': 0.01, 'gamma': 0.3, 'colsample_bytree': 0.6, 'colsample_bylevel': 0.8, 'n_estimators': 300}",0.4918470418470418,repeated_stratified,4,3,full,sep
8,3,0.375,8,0,0.0,8,2,0.25,0.2083333333333333,0.1917211328976034,0.3802083333333333,3,2,3,3,0,5,3,3,2,P16,xgb,29,"{'subsample': 0.8, 'reg_lambda': 10, 'reg_alpha': 0.5, 'min_child_weight': 1, 'max_depth': 2, 'learning_rate': 0.05, 'gamma': 0.5, 'colsample_bytree': 0.7, 'colsample_bylevel': 0.8, 'n_estimators': 300}",0.5270322270322271,repeated_stratified,4,4,full,sep
8,1,0.125,8,2,0.25,8,2,0.25,0.2083333333333333,0.2263708513708513,0.3880208333333333,1,6,1,6,2,0,1,5,2,P16,xgb,27,"{'subsample': 1.0, 'reg_lambda': 10, 'reg_alpha': 0.5, 'min_child_weight': 1, 'max_depth': 4, 'learning_rate': 0.03, 'gamma': 1, 'colsample_bytree': 0.7, 'colsample_bylevel': 0.8, 'n_estimators': 300}",0.4744468494468494,repeated_stratified,5,0,full,sep
8,3,0.375,8,0,0.0,8,1,0.125,0.1666666666666666,0.1497076023391812,0.3671875,3,3,2,4,0,4,4,3,1,P16,xgb,30,"{'subsample': 1.0, 'reg_lambda': 5, 'reg_alpha': 0, 'min_child_weight': 1, 'max_depth': 2, 'learning_rate': 0.01, 'gamma': 0, 'colsample_bytree': 0.6, 'colsample_bylevel': 0.8, 'n_estimators': 300}",0.5186868686868688,repeated_stratified,5,1,full,sep
8,3,0.375,8,4,0.5,8,2,0.25,0.375,0.373015873015873,0.4895833333333333,3,1,4,4,4,0,3,3,2,P16,xgb,29,"{'subsample': 0.6, 'reg_lambda': 10, 'reg_alpha': 0.5, 'min_child_weight': 1, 'max_depth': 2, 'learning_rate': 0.05, 'gamma': 0.1, 'colsample_bytree': 0.6, 'colsample_bylevel': 0.6, 'n_estimators': 300}",0.4727513227513227,repeated_stratified,5,2,full,sep
8,4,0.5,8,3,0.375,8,2,0.25,0.375,0.375,0.4140625,4,1,3,2,3,3,2,4,2,P16,xgb,28,"{'subsample': 1.0, 'reg_lambda': 3, 'reg_alpha': 0.5, 'min_child_weight': 1, 'max_depth': 2, 'learning_rate': 0.05, 'gamma': 0, 'colsample_bytree': 0.7, 'colsample_bylevel': 0.8, 'n_estimators': 300}",0.4671236171236172,repeated_stratified,5,3,full,sep
8,3,0.375,8,3,0.375,8,3,0.375,0.375,0.381453634085213,0.46875,3,2,3,0,3,5,3,2,3,P16,xgb,29,"{'subsample': 1.0, 'reg_lambda': 3, 'reg_alpha': 0.5, 'min_child_weight': 1, 'max_depth': 2, 'learning_rate': 0.05, 'gamma': 0, 'colsample_bytree': 0.7, 'colsample_bylevel': 0.8, 'n_estimators': 300}",0.4839345839345839,repeated_stratified,5,4,full,sep
8,3,0.375,8,3,0.375,8,4,0.5,0.4166666666666667,0.4173669467787115,0.5963541666666666,3,2,3,3,3,2,0,4,4,P16,xgb,21,"{'subsample': 1.0, 'reg_lambda': 5, 'reg_alpha': 0, 'min_child_weight': 1, 'max_depth': 2, 'learning_rate': 0.01, 'gamma': 0, 'colsample_bytree': 0.6, 'colsample_bylevel': 0.8, 'n_estimators': 300}",0.5371091871091872,repeated_stratified,6,0,full,sep
8,1,0.125,8,3,0.375,8,2,0.25,0.25,0.240824534942182,0.4010416666666667,1,3,4,2,3,3,2,4,2,P16,xgb,28,"{'subsample': 1.0, 'reg_lambda': 5, 'reg_alpha': 0.1, 'min_child_weight': 1, 'max_depth': 8, 'learning_rate': 0.03, 'gamma': 0.1, 'colsample_bytree': 0.7, 'colsample_bylevel': 0.8, 'n_estimators': 300}",0.493049543049543,repeated_stratified,6,1,full,sep
8,4,0.5,8,3,0.375,8,2,0.25,0.375,0.3854489164086687,0.578125,4,1,3,1,3,4,6,0,2,P16,xgb,3,"{'subsample': 0.8, 'reg_lambda': 3, 'reg_alpha': 0.1, 'min_child_weight': 1, 'max_depth': 2, 'learning_rate': 0.05, 'gamma': 2, 'colsample_bytree': 0.7, 'colsample_bylevel': 0.6, 'n_estimators': 300}",0.6232683982683983,repeated_stratified,6,2,full,sep
8,2,0.25,8,2,0.25,8,2,0.25,0.25,0.2506535947712418,0.4505208333333333,2,3,3,4,2,2,3,3,2,P16,xgb,26,"{'subsample': 0.8, 'reg_lambda': 10, 'reg_alpha': 0, 'min_child_weight': 1, 'max_depth': 4, 'learning_rate': 0.03, 'gamma': 0, 'colsample_bytree': 0.6, 'colsample_bylevel': 0.8, 'n_estimators': 300}",0.4888167388167388,repeated_stratified,6,3,full,sep
8,3,0.375,8,5,0.625,8,2,0.25,0.4166666666666667,0.4030026990553306,0.4583333333333333,3,4,1,1,5,2,4,2,2,P16,xgb,31,"{'subsample': 0.8, 'reg_lambda': 5, 'reg_alpha': 0.1, 'min_child_weight': 1, 'max_depth': 8, 'learning_rate': 0.03, 'gamma': 0, 'colsample_bytree': 0.6, 'colsample_bylevel': 0.6, 'n_estimators': 300}",0.5106541606541607,repeated_stratified,6,4,full,sep
8,3,0.375,8,2,0.25,8,3,0.375,0.3333333333333333,0.3406593406593406,0.4895833333333333,3,1,4,0,2,6,3,2,3,P16,xgb,30,"{'subsample': 1.0, 'reg_lambda': 3, 'reg_alpha': 0.5, 'min_child_weight': 1, 'max_depth': 2, 'learning_rate': 0.05, 'gamma': 0, 'colsample_bytree': 0.7, 'colsample_bylevel': 0.8, 'n_estimators': 300}",0.5339105339105339,repeated_stratified,7,0,full,sep
8,8,1.0,8,0,0.0,8,0,0.0,0.3333333333333333,0.1666666666666666,0.5,8,0,0,8,0,0,8,0,0,P16,xgb,29,"{'subsample': 1.0, 'reg_lambda': 10, 'reg_alpha': 0, 'min_child_weight': 1, 'max_depth': 16, 'learning_rate': 0.05, 'gamma': 2, 'colsample_bytree': 0.6, 'colsample_bylevel': 0.8, 'n_estimators': 300}",0.4274771524771525,repeated_stratified,7,1,full,sep
8,1,0.125,8,1,0.125,8,3,0.375,0.2083333333333333,0.1952380952380952,0.3307291666666667,1,1,6,3,1,4,0,5,3,P16,xgb,27,"{'subsample': 1.0, 'reg_lambda': 10, 'reg_alpha': 0.5, 'min_child_weight': 1, 'max_depth': 4, 'learning_rate': 0.03, 'gamma': 1, 'colsample_bytree': 0.7, 'colsample_bylevel': 0.8, 'n_estimators': 300}",0.4814574314574314,repeated_stratified,7,2,full,sep
8,2,0.25,8,4,0.5,8,3,0.375,0.375,0.373202614379085,0.6067708333333334,2,3,3,1,4,3,4,1,3,P16,xgb,1,"{'subsample': 0.6, 'reg_lambda': 5, 'reg_alpha': 0.5, 'min_child_weight': 1, 'max_depth': 8, 'learning_rate': 0.03, 'gamma': 0.3, 'colsample_bytree': 0.6, 'colsample_bylevel': 0.6, 'n_estimators': 300}",0.5956349206349206,repeated_stratified,7,3,full,sep
8,4,0.5,8,5,0.625,8,4,0.5,0.5416666666666666,0.5405228758169934,0.5546875,4,2,2,2,5,1,2,2,4,P16,xgb,31,"{'subsample': 0.6, 'reg_lambda': 3, 'reg_alpha': 0.1, 'min_child_weight': 1, 'max_depth': 2, 'learning_rate': 0.05, 'gamma': 0, 'colsample_bytree': 0.7, 'colsample_bylevel': 0.6, 'n_estimators': 300}",0.4126984126984127,repeated_stratified,7,4,full,sep
8,2,0.25,8,3,0.375,8,4,0.5,0.375,0.3703703703703704,0.4973958333333333,2,3,3,2,3,3,0,4,4,P16,xgb,31,"{'subsample': 1.0, 'reg_lambda': 5, 'reg_alpha': 0, 'min_child_weight': 1, 'max_depth': 2, 'learning_rate': 0.01, 'gamma': 0, 'colsample_bytree': 0.6, 'colsample_bylevel': 0.8, 'n_estimators': 300}",0.5195526695526697,repeated_stratified,8,0,full,sep
8,2,0.25,8,3,0.375,8,2,0.25,0.2916666666666667,0.2913165266106443,0.4427083333333333,2,3,3,4,3,1,3,3,2,P16,xgb,26,"{'subsample': 0.8, 'reg_lambda': 3, 'reg_alpha': 0.1, 'min_child_weight': 1, 'max_depth': 2, 'learning_rate': 0.05, 'gamma': 2, 'colsample_bytree': 0.7, 'colsample_bylevel': 0.6, 'n_estimators': 300}",0.5691438191438191,repeated_stratified,8,1,full,sep
8,2,0.25,8,1,0.125,8,3,0.375,0.25,0.2430031841796548,0.4036458333333333,2,3,3,4,1,3,4,1,3,P16,xgb,30,"{'subsample': 0.6, 'reg_lambda': 3, 'reg_alpha': 0.1, 'min_child_weight': 1, 'max_depth': 2, 'learning_rate': 0.05, 'gamma': 0, 'colsample_bytree': 0.7, 'colsample_bylevel': 0.6, 'n_estimators': 300}",0.5195526695526695,repeated_stratified,8,2,full,sep
8,3,0.375,8,1,0.125,8,1,0.125,0.2083333333333333,0.2044817927170868,0.4010416666666667,3,3,2,4,1,3,2,5,1,P16,xgb,3,"{'subsample': 0.8, 'reg_lambda': 10, 'reg_alpha': 0, 'min_child_weight': 1, 'max_depth': 8, 'learning_rate': 0.05, 'gamma': 0, 'colsample_bytree': 0.7, 'colsample_bylevel': 0.6, 'n_estimators': 300}",0.650986050986051,repeated_stratified,8,3,full,sep
8,3,0.375,8,3,0.375,8,3,0.375,0.375,0.3759803921568627,0.4609375,3,2,3,2,3,3,2,3,3,P16,xgb,6,"{'subsample': 1.0, 'reg_lambda': 10, 'reg_alpha': 0.1, 'min_child_weight': 1, 'max_depth': 2, 'learning_rate': 0.03, 'gamma': 0.3, 'colsample_bytree': 0.6, 'colsample_bylevel': 0.6, 'n_estimators': 300}",0.5593314093314093,repeated_stratified,8,4,full,sep
8,3,0.375,8,0,0.0,8,2,0.25,0.2083333333333333,0.1895424836601307,0.4609375,3,3,2,3,0,5,4,2,2,P16,xgb,31,"{'subsample': 1.0, 'reg_lambda': 1, 'reg_alpha': 0.5, 'min_child_weight': 1, 'max_depth': 4, 'learning_rate': 0.01, 'gamma': 0.5, 'colsample_bytree': 0.6, 'colsample_bylevel': 0.8, 'n_estimators': 300}",0.5307840307840308,repeated_stratified,9,0,full,sep
8,1,0.125,8,2,0.25,8,3,0.375,0.25,0.242063492063492,0.4739583333333333,1,2,5,4,2,2,1,4,3,P16,xgb,30,"{'subsample': 0.6, 'reg_lambda': 3, 'reg_alpha': 0.1, 'min_child_weight': 1, 'max_depth': 8, 'learning_rate': 0.05, 'gamma': 0, 'colsample_bytree': 0.7, 'colsample_bylevel': 0.8, 'n_estimators': 300}",0.4994468494468494,repeated_stratified,9,1,full,sep
8,0,0.0,8,2,0.25,8,2,0.25,0.1666666666666666,0.1442495126705653,0.3619791666666667,0,6,2,0,2,6,3,3,2,P16,xgb,6,"{'subsample': 1.0, 'reg_lambda': 10, 'reg_alpha': 0.1, 'min_child_weight': 1, 'max_depth': 2, 'learning_rate': 0.03, 'gamma': 0.3, 'colsample_bytree': 0.6, 'colsample_bylevel': 0.6, 'n_estimators': 300}",0.6228715728715729,repeated_stratified,9,2,full,sep
8,5,0.625,8,1,0.125,8,2,0.25,0.3333333333333333,0.3194444444444444,0.3854166666666667,5,2,1,6,1,1,1,5,2,P16,xgb,2,"{'subsample': 0.6, 'reg_lambda': 10, 'reg_alpha': 0.1, 'min_child_weight': 1, 'max_depth': 8, 'learning_rate': 0.03, 'gamma': 0.3, 'colsample_bytree': 0.6, 'colsample_bylevel': 0.8, 'n_estimators': 300}",0.5727753727753728,repeated_stratified,9,3,full,sep
8,1,0.125,8,5,0.625,8,2,0.25,0.3333333333333333,0.3026695526695526,0.4296875,1,3,4,1,5,2,1,5,2,P16,xgb,1,"{'subsample': 0.6, 'reg_lambda': 1, 'reg_alpha': 0.1, 'min_child_weight': 1, 'max_depth': 2, 'learning_rate': 0.01, 'gamma': 2, 'colsample_bytree': 0.7, 'colsample_bylevel': 0.6, 'n_estimators': 300}",0.5433020683020683,repeated_stratified,9,4,full,sep
8,4,0.5,8,1,0.125,8,4,0.5,0.375,0.3505135387488328,0.53125,4,0,4,6,1,1,3,1,4,P17,xgb,25,"{'subsample': 1.0, 'reg_lambda': 5, 'reg_alpha': 0.5, 'min_child_weight': 1, 'max_depth': 4, 'learning_rate': 0.03, 'gamma': 0, 'colsample_bytree': 0.6, 'colsample_bylevel': 0.8, 'n_estimators': 300}",0.5892736892736893,repeated_stratified,0,0,full,sep
8,5,0.625,8,4,0.5,8,1,0.125,0.4166666666666667,0.4101921470342522,0.5104166666666666,5,1,2,1,4,3,1,6,1,P17,xgb,26,"{'subsample': 1.0, 'reg_lambda': 1, 'reg_alpha': 0.5, 'min_child_weight': 1, 'max_depth': 4, 'learning_rate': 0.01, 'gamma': 0.5, 'colsample_bytree': 0.6, 'colsample_bylevel': 0.8, 'n_estimators': 300}",0.5536556036556036,repeated_stratified,0,1,full,sep
8,5,0.625,8,2,0.25,8,5,0.625,0.5,0.4839572192513369,0.5755208333333334,5,1,2,4,2,2,3,0,5,P17,xgb,22,"{'subsample': 0.8, 'reg_lambda': 1, 'reg_alpha': 0.1, 'min_child_weight': 1, 'max_depth': 4, 'learning_rate': 0.05, 'gamma': 0.5, 'colsample_bytree': 0.7, 'colsample_bylevel': 0.6, 'n_estimators': 300}",0.562025012025012,repeated_stratified,0,2,full,sep
8,4,0.5,8,2,0.25,8,3,0.375,0.375,0.3683862433862434,0.5052083333333334,4,3,1,2,2,4,4,1,3,P17,xgb,22,"{'subsample': 1.0, 'reg_lambda': 3, 'reg_alpha': 0, 'min_child_weight': 1, 'max_depth': 4, 'learning_rate': 0.01, 'gamma': 0.3, 'colsample_bytree': 0.6, 'colsample_bylevel': 0.6, 'n_estimators': 300}",0.6387445887445887,repeated_stratified,0,3,full,sep
8,2,0.25,8,4,0.5,8,3,0.375,0.375,0.3707516339869281,0.5572916666666666,2,3,3,2,4,2,3,2,3,P17,xgb,25,"{'subsample': 0.8, 'reg_lambda': 10, 'reg_alpha': 0.5, 'min_child_weight': 1, 'max_depth': 2, 'learning_rate': 0.05, 'gamma': 0.5, 'colsample_bytree': 0.7, 'colsample_bylevel': 0.8, 'n_estimators': 300}",0.5225829725829726,repeated_stratified,0,4,full,sep
8,6,0.75,8,5,0.625,8,0,0.0,0.4583333333333333,0.3865546218487394,0.5026041666666666,6,1,1,2,5,1,5,3,0,P17,xgb,25,"{'subsample': 1.0, 'reg_lambda': 3, 'reg_alpha': 0.5, 'min_child_weight': 1, 'max_depth': 2, 'learning_rate': 0.05, 'gamma': 0, 'colsample_bytree': 0.7, 'colsample_bylevel': 0.8, 'n_estimators': 300}",0.6618326118326118,repeated_stratified,1,0,full,sep
8,4,0.5,8,2,0.25,8,2,0.25,0.3333333333333333,0.3315295815295815,0.6380208333333334,4,0,4,4,2,2,5,1,2,P17,xgb,20,"{'subsample': 1.0, 'reg_lambda': 10, 'reg_alpha': 0.5, 'min_child_weight': 1, 'max_depth': 4, 'learning_rate': 0.03, 'gamma': 1, 'colsample_bytree': 0.7, 'colsample_bylevel': 0.8, 'n_estimators': 300}",0.5796536796536796,repeated_stratified,1,1,full,sep
8,3,0.375,8,3,0.375,8,1,0.125,0.2916666666666667,0.2888888888888889,0.53125,3,2,3,2,3,3,2,5,1,P17,xgb,23,"{'subsample': 0.8, 'reg_lambda': 5, 'reg_alpha': 0.1, 'min_child_weight': 1, 'max_depth': 8, 'learning_rate': 0.03, 'gamma': 0, 'colsample_bytree': 0.6, 'colsample_bylevel': 0.6, 'n_estimators': 300}",0.5916305916305916,repeated_stratified,1,2,full,sep
8,1,0.125,8,2,0.25,8,3,0.375,0.25,0.257248198424669,0.4661458333333333,1,2,5,5,2,1,4,1,3,P17,xgb,20,"{'subsample': 0.6, 'reg_lambda': 1, 'reg_alpha': 0.1, 'min_child_weight': 1, 'max_depth': 2, 'learning_rate': 0.01, 'gamma': 2, 'colsample_bytree': 0.7, 'colsample_bylevel': 0.6, 'n_estimators': 300}",0.6157046657046658,repeated_stratified,1,3,full,sep
8,2,0.25,8,2,0.25,8,5,0.625,0.375,0.3581196581196581,0.6484375,2,2,4,3,2,3,2,1,5,P17,xgb,27,"{'subsample': 0.8, 'reg_lambda': 10, 'reg_alpha': 0, 'min_child_weight': 1, 'max_depth': 8, 'learning_rate': 0.05, 'gamma': 0, 'colsample_bytree': 0.7, 'colsample_bylevel': 0.6, 'n_estimators': 300}",0.551996151996152,repeated_stratified,1,4,full,sep
8,4,0.5,8,2,0.25,8,4,0.5,0.4166666666666667,0.41005291005291,0.5442708333333334,4,2,2,2,2,4,2,2,4,P17,xgb,13,"{'subsample': 0.8, 'reg_lambda': 1, 'reg_alpha': 0.1, 'min_child_weight': 1, 'max_depth': 4, 'learning_rate': 0.05, 'gamma': 0.5, 'colsample_bytree': 0.7, 'colsample_bylevel': 0.6, 'n_estimators': 300}",0.573136123136123,repeated_stratified,2,0,full,sep
8,3,0.375,8,4,0.5,8,3,0.375,0.4166666666666667,0.4206349206349206,0.6015625,3,4,1,2,4,2,5,0,3,P17,xgb,26,"{'subsample': 1.0, 'reg_lambda': 3, 'reg_alpha': 0.5, 'min_child_weight': 1, 'max_depth': 2, 'learning_rate': 0.05, 'gamma': 0, 'colsample_bytree': 0.7, 'colsample_bylevel': 0.8, 'n_estimators': 300}",0.5281144781144781,repeated_stratified,2,1,full,sep
8,3,0.375,8,3,0.375,8,3,0.375,0.375,0.3895768833849329,0.5911458333333334,3,2,3,0,3,5,1,4,3,P17,xgb,26,"{'subsample': 0.6, 'reg_lambda': 1, 'reg_alpha': 0.1, 'min_child_weight': 1, 'max_depth': 2, 'learning_rate': 0.01, 'gamma': 2, 'colsample_bytree': 0.7, 'colsample_bylevel': 0.6, 'n_estimators': 300}",0.5185185185185185,repeated_stratified,2,2,full,sep
8,1,0.125,8,3,0.375,8,4,0.5,0.3333333333333333,0.3333333333333333,0.5104166666666666,1,4,3,4,3,1,3,1,4,P17,xgb,25,"{'subsample': 0.6, 'reg_lambda': 3, 'reg_alpha': 0.1, 'min_child_weight': 1, 'max_depth': 2, 'learning_rate': 0.05, 'gamma': 0, 'colsample_bytree': 0.7, 'colsample_bylevel': 0.6, 'n_estimators': 300}",0.563131313131313,repeated_stratified,2,3,full,sep
8,4,0.5,8,4,0.5,8,3,0.375,0.4583333333333333,0.4596405228758169,0.6041666666666666,4,3,1,0,4,4,3,2,3,P17,xgb,24,"{'subsample': 0.6, 'reg_lambda': 1, 'reg_alpha': 0, 'min_child_weight': 1, 'max_depth': 2, 'learning_rate': 0.03, 'gamma': 0, 'colsample_bytree': 0.6, 'colsample_bylevel': 0.6, 'n_estimators': 300}",0.5406926406926407,repeated_stratified,2,4,full,sep
8,2,0.25,8,3,0.375,8,4,0.5,0.375,0.3714285714285714,0.5885416666666666,2,1,5,2,3,3,2,2,4,P17,xgb,29,"{'subsample': 0.6, 'reg_lambda': 3, 'reg_alpha': 0.1, 'min_child_weight': 1, 'max_depth': 2, 'learning_rate': 0.05, 'gamma': 0, 'colsample_bytree': 0.7, 'colsample_bylevel': 0.6, 'n_estimators': 300}",0.5632996632996633,repeated_stratified,3,0,full,sep
8,3,0.375,8,1,0.125,8,1,0.125,0.2083333333333333,0.2000343997248022,0.46875,3,4,1,5,1,2,3,4,1,P17,xgb,24,"{'subsample': 0.6, 'reg_lambda': 1, 'reg_alpha': 0, 'min_child_weight': 1, 'max_depth': 2, 'learning_rate': 0.03, 'gamma': 0, 'colsample_bytree': 0.6, 'colsample_bylevel': 0.6, 'n_estimators': 300}",0.6043771043771043,repeated_stratified,3,1,full,sep
8,3,0.375,8,3,0.375,8,3,0.375,0.375,0.3759803921568627,0.546875,3,3,2,3,3,2,2,3,3,P17,xgb,26,"{'subsample': 0.8, 'reg_lambda': 10, 'reg_alpha': 0, 'min_child_weight': 1, 'max_depth': 4, 'learning_rate': 0.03, 'gamma': 0, 'colsample_bytree': 0.6, 'colsample_bylevel': 0.8, 'n_estimators': 300}",0.5735449735449736,repeated_stratified,3,2,full,sep
8,1,0.125,8,4,0.5,8,2,0.25,0.2916666666666667,0.2768588137009189,0.5182291666666666,1,4,3,2,4,2,3,3,2,P17,xgb,9,"{'subsample': 0.8, 'reg_lambda': 3, 'reg_alpha': 0.1, 'min_child_weight': 1, 'max_depth': 2, 'learning_rate': 0.05, 'gamma': 2, 'colsample_bytree': 0.7, 'colsample_bylevel': 0.6, 'n_estimators': 300}",0.6284151034151034,repeated_stratified,3,3,full,sep
8,3,0.375,8,5,0.625,8,4,0.5,0.5,0.5054302422723475,0.7526041666666666,3,0,5,1,5,2,2,2,4,P17,xgb,24,"{'subsample': 1.0, 'reg_lambda': 5, 'reg_alpha': 0.1, 'min_child_weight': 1, 'max_depth': 8, 'learning_rate': 0.03, 'gamma': 0.1, 'colsample_bytree': 0.7, 'colsample_bylevel': 0.8, 'n_estimators': 300}",0.5191678691678692,repeated_stratified,3,4,full,sep
8,0,0.0,8,3,0.375,8,5,0.625,0.3333333333333333,0.3333333333333333,0.5078125,0,5,3,5,3,0,3,0,5,P17,xgb,25,"{'subsample': 0.6, 'reg_lambda': 5, 'reg_alpha': 0, 'min_child_weight': 1, 'max_depth': 2, 'learning_rate': 0.01, 'gamma': 0.3, 'colsample_bytree': 0.7, 'colsample_bylevel': 0.6, 'n_estimators': 300}",0.5710678210678211,repeated_stratified,4,0,full,sep
8,5,0.625,8,3,0.375,8,3,0.375,0.4583333333333333,0.4629629629629629,0.5338541666666666,5,3,0,4,3,1,1,4,3,P17,xgb,29,"{'subsample': 0.8, 'reg_lambda': 1, 'reg_alpha': 0.1, 'min_child_weight': 1, 'max_depth': 4, 'learning_rate': 0.05, 'gamma': 0.5, 'colsample_bytree': 0.7, 'colsample_bylevel': 0.6, 'n_estimators': 300}",0.5345117845117845,repeated_stratified,4,1,full,sep
8,3,0.375,8,2,0.25,8,2,0.25,0.2916666666666667,0.2989336085311317,0.5052083333333334,3,0,5,2,2,4,4,2,2,P17,xgb,25,"{'subsample': 0.6, 'reg_lambda': 10, 'reg_alpha': 0.5, 'min_child_weight': 1, 'max_depth': 2, 'learning_rate': 0.05, 'gamma': 0.1, 'colsample_bytree': 0.6, 'colsample_bylevel': 0.6, 'n_estimators': 300}",0.6025733525733526,repeated_stratified,4,2,full,sep
8,2,0.25,8,3,0.375,8,4,0.5,0.375,0.367914979757085,0.5598958333333334,2,3,3,1,3,4,2,2,4,P17,xgb,25,"{'subsample': 0.6, 'reg_lambda': 3, 'reg_alpha': 0.1, 'min_child_weight': 1, 'max_depth': 2, 'learning_rate': 0.05, 'gamma': 0, 'colsample_bytree': 0.7, 'colsample_bylevel': 0.6, 'n_estimators': 300}",0.5796777296777297,repeated_stratified,4,3,full,sep
8,2,0.25,8,5,0.625,8,3,0.375,0.4166666666666667,0.4074074074074074,0.5885416666666666,2,2,4,0,5,3,2,3,3,P17,xgb,23,"{'subsample': 0.6, 'reg_lambda': 10, 'reg_alpha': 0.5, 'min_child_weight': 1, 'max_depth': 2, 'learning_rate': 0.05, 'gamma': 0.1, 'colsample_bytree': 0.6, 'colsample_bylevel': 0.6, 'n_estimators': 300}",0.5127705627705628,repeated_stratified,4,4,full,sep
8,2,0.25,8,4,0.5,8,3,0.375,0.375,0.3735294117647059,0.5677083333333334,2,3,3,3,4,1,3,2,3,P17,xgb,27,"{'subsample': 0.6, 'reg_lambda': 3, 'reg_alpha': 0.1, 'min_child_weight': 1, 'max_depth': 2, 'learning_rate': 0.05, 'gamma': 0, 'colsample_bytree': 0.7, 'colsample_bylevel': 0.6, 'n_estimators': 300}",0.574939874939875,repeated_stratified,5,0,full,sep
8,2,0.25,8,1,0.125,8,2,0.25,0.2083333333333333,0.2037874979051449,0.5208333333333334,2,2,4,4,1,3,4,2,2,P17,xgb,19,"{'subsample': 0.8, 'reg_lambda': 10, 'reg_alpha': 0.5, 'min_child_weight': 1, 'max_depth': 8, 'learning_rate': 0.01, 'gamma': 0.3, 'colsample_bytree': 0.7, 'colsample_bylevel': 0.6, 'n_estimators': 300}",0.5648388648388648,repeated_stratified,5,1,full,sep
8,3,0.375,8,6,0.75,8,4,0.5,0.5416666666666666,0.5401960784313725,0.6432291666666666,3,2,3,0,6,2,4,0,4,P17,xgb,21,"{'subsample': 0.8, 'reg_lambda': 1, 'reg_alpha': 0.1, 'min_child_weight': 1, 'max_depth': 4, 'learning_rate': 0.05, 'gamma': 0.5, 'colsample_bytree': 0.7, 'colsample_bylevel': 0.6, 'n_estimators': 300}",0.5797979797979798,repeated_stratified,5,2,full,sep
8,3,0.375,8,5,0.625,8,4,0.5,0.5,0.4985294117647059,0.640625,3,2,3,1,5,2,3,1,4,P17,xgb,25,"{'subsample': 1.0, 'reg_lambda': 5, 'reg_alpha': 0, 'min_child_weight': 1, 'max_depth': 2, 'learning_rate': 0.01, 'gamma': 0, 'colsample_bytree': 0.6, 'colsample_bylevel': 0.8, 'n_estimators': 300}",0.5826358826358827,repeated_stratified,5,3,full,sep
8,3,0.375,8,2,0.25,8,2,0.25,0.2916666666666667,0.3063516004692475,0.4557291666666667,3,2,3,1,2,5,1,5,2,P17,xgb,7,"{'subsample': 1.0, 'reg_lambda': 5, 'reg_alpha': 0.5, 'min_child_weight': 1, 'max_depth': 4, 'learning_rate': 0.05, 'gamma': 2, 'colsample_bytree': 0.6, 'colsample_bylevel': 0.6, 'n_estimators': 300}",0.6468133718133718,repeated_stratified,5,4,full,sep
8,2,0.25,8,4,0.5,8,2,0.25,0.3333333333333333,0.330532212885154,0.4348958333333333,2,1,5,2,4,2,2,4,2,P17,xgb,21,"{'subsample': 1.0, 'reg_lambda': 10, 'reg_alpha': 0.5, 'min_child_weight': 1, 'max_depth': 4, 'learning_rate': 0.03, 'gamma': 1, 'colsample_bytree': 0.7, 'colsample_bylevel': 0.8, 'n_estimators': 300}",0.6577801827801828,repeated_stratified,6,0,full,sep
8,5,0.625,8,2,0.25,8,3,0.375,0.4166666666666667,0.4134199134199134,0.6744791666666666,5,2,1,6,2,0,3,2,3,P17,xgb,24,"{'subsample': 0.6, 'reg_lambda': 3, 'reg_alpha': 0.1, 'min_child_weight': 1, 'max_depth': 8, 'learning_rate': 0.05, 'gamma': 0, 'colsample_bytree': 0.7, 'colsample_bylevel': 0.8, 'n_estimators': 300}",0.5148869648869648,repeated_stratified,6,1,full,sep
8,0,0.0,8,3,0.375,8,3,0.375,0.25,0.2302631578947368,0.4557291666666667,0,3,5,2,3,3,3,2,3,P17,xgb,24,"{'subsample': 0.8, 'reg_lambda': 3, 'reg_alpha': 0.1, 'min_child_weight': 1, 'max_depth': 2, 'learning_rate': 0.03, 'gamma': 1, 'colsample_bytree': 0.6, 'colsample_bylevel': 0.6, 'n_estimators': 300}",0.57996632996633,repeated_stratified,6,2,full,sep
8,2,0.25,8,3,0.375,8,3,0.375,0.3333333333333333,0.3328272604588394,0.390625,2,3,3,0,3,5,3,2,3,P17,xgb,27,"{'subsample': 0.6, 'reg_lambda': 1, 'reg_alpha': 0.1, 'min_child_weight': 1, 'max_depth': 2, 'learning_rate': 0.01, 'gamma': 2, 'colsample_bytree': 0.7, 'colsample_bylevel': 0.6, 'n_estimators': 300}",0.5206108706108706,repeated_stratified,6,3,full,sep
8,1,0.125,8,6,0.75,8,6,0.75,0.5416666666666666,0.4933545986177565,0.6927083333333334,1,3,4,1,6,1,1,1,6,P17,xgb,26,"{'subsample': 1.0, 'reg_lambda': 3, 'reg_alpha': 0.5, 'min_child_weight': 1, 'max_depth': 2, 'learning_rate': 0.05, 'gamma': 0, 'colsample_bytree': 0.7, 'colsample_bylevel': 0.8, 'n_estimators': 300}",0.5869408369408369,repeated_stratified,6,4,full,sep
8,3,0.375,8,5,0.625,8,1,0.125,0.375,0.3584715937657114,0.4869791666666667,3,2,3,2,5,1,5,2,1,P17,xgb,26,"{'subsample': 0.8, 'reg_lambda': 10, 'reg_alpha': 0, 'min_child_weight': 1, 'max_depth': 4, 'learning_rate': 0.03, 'gamma': 0, 'colsample_bytree': 0.6, 'colsample_bylevel': 0.8, 'n_estimators': 300}",0.5952861952861953,repeated_stratified,7,0,full,sep
8,4,0.5,8,3,0.375,8,2,0.25,0.375,0.3697478991596639,0.4739583333333333,4,2,2,3,3,2,2,4,2,P17,xgb,13,"{'subsample': 0.6, 'reg_lambda': 10, 'reg_alpha': 0.5, 'min_child_weight': 1, 'max_depth': 2, 'learning_rate': 0.05, 'gamma': 0.1, 'colsample_bytree': 0.6, 'colsample_bylevel': 0.6, 'n_estimators': 300}",0.6336219336219336,repeated_stratified,7,1,full,sep
8,4,0.5,8,3,0.375,8,6,0.75,0.5416666666666666,0.5404926457558036,0.6744791666666666,4,0,4,4,3,1,2,0,6,P17,xgb,25,"{'subsample': 0.8, 'reg_lambda': 3, 'reg_alpha': 0.1, 'min_child_weight': 1, 'max_depth': 2, 'learning_rate': 0.05, 'gamma': 2, 'colsample_bytree': 0.7, 'colsample_bylevel': 0.6, 'n_estimators': 300}",0.5575998075998075,repeated_stratified,7,2,full,sep
8,5,0.625,8,5,0.625,8,0,0.0,0.4166666666666667,0.3421052631578947,0.5911458333333334,5,2,1,3,5,0,4,4,0,P17,xgb,25,"{'subsample': 0.6, 'reg_lambda': 3, 'reg_alpha': 0.1, 'min_child_weight': 1, 'max_depth': 2, 'learning_rate': 0.05, 'gamma': 0, 'colsample_bytree': 0.7, 'colsample_bylevel': 0.6, 'n_estimators': 300}",0.5674843674843675,repeated_stratified,7,3,full,sep
8,2,0.25,8,1,0.125,8,1,0.125,0.1666666666666666,0.1645424836601307,0.453125,2,3,3,4,1,3,3,4,1,P17,xgb,26,"{'subsample': 0.6, 'reg_lambda': 3, 'reg_alpha': 0.1, 'min_child_weight': 1, 'max_depth': 2, 'learning_rate': 0.05, 'gamma': 0, 'colsample_bytree': 0.7, 'colsample_bylevel': 0.6, 'n_estimators': 300}",0.5810726310726311,repeated_stratified,7,4,full,sep
8,3,0.375,8,5,0.625,8,1,0.125,0.375,0.367063492063492,0.5677083333333334,3,1,4,2,5,1,5,2,1,P17,xgb,24,"{'subsample': 0.8, 'reg_lambda': 1, 'reg_alpha': 0, 'min_child_weight': 1, 'max_depth': 4, 'learning_rate': 0.01, 'gamma': 0, 'colsample_bytree': 0.7, 'colsample_bylevel': 0.8, 'n_estimators': 300}",0.612914862914863,repeated_stratified,8,0,full,sep
8,4,0.5,8,1,0.125,8,3,0.375,0.3333333333333333,0.3166329284750337,0.4895833333333333,4,3,1,3,1,4,4,1,3,P17,xgb,25,"{'subsample': 0.8, 'reg_lambda': 5, 'reg_alpha': 0.1, 'min_child_weight': 1, 'max_depth': 8, 'learning_rate': 0.03, 'gamma': 0, 'colsample_bytree': 0.6, 'colsample_bylevel': 0.6, 'n_estimators': 300}",0.5576479076479077,repeated_stratified,8,1,full,sep
8,1,0.125,8,4,0.5,8,2,0.25,0.2916666666666667,0.2751322751322751,0.5,1,3,4,0,4,4,0,6,2,P17,xgb,21,"{'subsample': 1.0, 'reg_lambda': 10, 'reg_alpha': 0, 'min_child_weight': 1, 'max_depth': 16, 'learning_rate': 0.05, 'gamma': 2, 'colsample_bytree': 0.6, 'colsample_bylevel': 0.8, 'n_estimators': 300}",0.6054473304473303,repeated_stratified,8,2,full,sep
8,2,0.25,8,4,0.5,8,6,0.75,0.5,0.4986993682645856,0.6432291666666666,2,0,6,1,4,3,2,0,6,P17,xgb,28,"{'subsample': 0.6, 'reg_lambda': 3, 'reg_alpha': 0.1, 'min_child_weight': 1, 'max_depth': 8, 'learning_rate': 0.05, 'gamma': 0, 'colsample_bytree': 0.7, 'colsample_bylevel': 0.8, 'n_estimators': 300}",0.4672919672919673,repeated_stratified,8,3,full,sep
8,4,0.5,8,5,0.625,8,3,0.375,0.5,0.496078431372549,0.5807291666666666,4,1,3,2,5,1,2,3,3,P17,xgb,18,"{'subsample': 1.0, 'reg_lambda': 10, 'reg_alpha': 0.5, 'min_child_weight': 1, 'max_depth': 4, 'learning_rate': 0.03, 'gamma': 1, 'colsample_bytree': 0.7, 'colsample_bylevel': 0.8, 'n_estimators': 300}",0.5221380471380471,repeated_stratified,8,4,full,sep
8,2,0.25,8,0,0.0,8,3,0.375,0.2083333333333333,0.1836945304437564,0.3984375,2,2,4,4,0,4,3,2,3,P17,xgb,28,"{'subsample': 0.6, 'reg_lambda': 1, 'reg_alpha': 0, 'min_child_weight': 1, 'max_depth': 2, 'learning_rate': 0.03, 'gamma': 0, 'colsample_bytree': 0.6, 'colsample_bylevel': 0.6, 'n_estimators': 300}",0.5414381914381915,repeated_stratified,9,0,full,sep
8,3,0.375,8,5,0.625,8,1,0.125,0.375,0.348641210870313,0.5052083333333334,3,3,2,2,5,1,4,3,1,P17,xgb,21,"{'subsample': 1.0, 'reg_lambda': 3, 'reg_alpha': 0.5, 'min_child_weight': 1, 'max_depth': 2, 'learning_rate': 0.05, 'gamma': 0, 'colsample_bytree': 0.7, 'colsample_bylevel': 0.8, 'n_estimators': 300}",0.5801106301106301,repeated_stratified,9,1,full,sep
8,2,0.25,8,4,0.5,8,3,0.375,0.375,0.373015873015873,0.5703125,2,2,4,1,4,3,3,2,3,P17,xgb,22,"{'subsample': 0.8, 'reg_lambda': 3, 'reg_alpha': 0.1, 'min_child_weight': 1, 'max_depth': 2, 'learning_rate': 0.05, 'gamma': 2, 'colsample_bytree': 0.7, 'colsample_bylevel': 0.6, 'n_estimators': 300}",0.5497835497835498,repeated_stratified,9,2,full,sep
8,2,0.25,8,2,0.25,8,3,0.375,0.2916666666666667,0.2916666666666667,0.5052083333333334,2,4,2,3,2,3,3,2,3,P17,xgb,19,"{'subsample': 1.0, 'reg_lambda': 10, 'reg_alpha': 0.5, 'min_child_weight': 1, 'max_depth': 4, 'learning_rate': 0.03, 'gamma': 1, 'colsample_bytree': 0.7, 'colsample_bylevel': 0.8, 'n_estimators': 300}",0.6325276575276576,repeated_stratified,9,3,full,sep
8,2,0.25,8,3,0.375,8,2,0.25,0.2916666666666667,0.2916666666666667,0.4947916666666667,2,2,4,3,3,2,3,3,2,P17,xgb,25,"{'subsample': 0.6, 'reg_lambda': 10, 'reg_alpha': 0.5, 'min_child_weight': 1, 'max_depth': 2, 'learning_rate': 0.05, 'gamma': 0.1, 'colsample_bytree': 0.6, 'colsample_bylevel': 0.6, 'n_estimators': 300}",0.5604617604617604,repeated_stratified,9,4,full,sep
8,1,0.125,8,5,0.625,8,2,0.25,0.3333333333333333,0.3025641025641026,0.4296875,1,6,1,1,5,2,0,6,2,P18,xgb,30,"{'subsample': 1.0, 'reg_lambda': 10, 'reg_alpha': 0.5, 'min_child_weight': 1, 'max_depth': 4, 'learning_rate': 0.03, 'gamma': 1, 'colsample_bytree': 0.7, 'colsample_bylevel': 0.8, 'n_estimators': 300}",0.5503126503126503,repeated_stratified,0,0,full,sep
8,1,0.125,8,3,0.375,8,3,0.375,0.2916666666666667,0.2800402212166918,0.4635416666666667,1,4,3,2,3,3,2,3,3,P18,xgb,31,"{'subsample': 0.8, 'reg_lambda': 1, 'reg_alpha': 0, 'min_child_weight': 1, 'max_depth': 4, 'learning_rate': 0.01, 'gamma': 0, 'colsample_bytree': 0.7, 'colsample_bylevel': 0.8, 'n_estimators': 300}",0.4748196248196248,repeated_stratified,0,1,full,sep
8,3,0.375,8,2,0.25,8,2,0.25,0.2916666666666667,0.2916666666666667,0.4427083333333333,3,3,2,2,2,4,3,3,2,P18,xgb,31,"{'subsample': 0.6, 'reg_lambda': 1, 'reg_alpha': 0.1, 'min_child_weight': 1, 'max_depth': 2, 'learning_rate': 0.01, 'gamma': 2, 'colsample_bytree': 0.7, 'colsample_bylevel': 0.6, 'n_estimators': 300}",0.4953342953342954,repeated_stratified,0,2,full,sep
8,2,0.25,8,2,0.25,8,2,0.25,0.25,0.2506535947712418,0.4453125,2,3,3,4,2,2,2,4,2,P18,xgb,31,"{'subsample': 0.6, 'reg_lambda': 3, 'reg_alpha': 0.1, 'min_child_weight': 1, 'max_depth': 8, 'learning_rate': 0.05, 'gamma': 0, 'colsample_bytree': 0.7, 'colsample_bylevel': 0.8, 'n_estimators': 300}",0.5351130351130351,repeated_stratified,0,3,full,sep
8,2,0.25,8,0,0.0,8,3,0.375,0.2083333333333333,0.1833333333333333,0.3098958333333333,2,0,6,5,0,3,1,4,3,P18,xgb,24,"{'subsample': 1.0, 'reg_lambda': 10, 'reg_alpha': 0.5, 'min_child_weight': 1, 'max_depth': 4, 'learning_rate': 0.03, 'gamma': 1, 'colsample_bytree': 0.7, 'colsample_bylevel': 0.8, 'n_estimators': 300}",0.5657287157287157,repeated_stratified,0,4,full,sep
8,2,0.25,8,3,0.375,8,0,0.0,0.2083333333333333,0.1888888888888888,0.4348958333333333,2,3,3,3,3,2,2,6,0,P18,xgb,31,"{'subsample': 0.6, 'reg_lambda': 10, 'reg_alpha': 0.5, 'min_child_weight': 1, 'max_depth': 2, 'learning_rate': 0.05, 'gamma': 0.1, 'colsample_bytree': 0.6, 'colsample_bylevel': 0.6, 'n_estimators': 300}",0.5297017797017798,repeated_stratified,1,0,full,sep
8,2,0.25,8,4,0.5,8,2,0.25,0.3333333333333333,0.330532212885154,0.4375,2,2,4,4,4,0,3,3,2,P18,xgb,10,"{'subsample': 0.6, 'reg_lambda': 3, 'reg_alpha': 0.1, 'min_child_weight': 1, 'max_depth': 2, 'learning_rate': 0.05, 'gamma': 0, 'colsample_bytree': 0.7, 'colsample_bylevel': 0.6, 'n_estimators': 300}",0.5943482443482444,repeated_stratified,1,1,full,sep
8,2,0.25,8,1,0.125,8,2,0.25,0.2083333333333333,0.2068376068376068,0.4505208333333333,2,3,3,0,1,7,5,1,2,P18,xgb,25,"{'subsample': 0.8, 'reg_lambda': 5, 'reg_alpha': 0.1, 'min_child_weight': 1, 'max_depth': 8, 'learning_rate': 0.03, 'gamma': 0, 'colsample_bytree': 0.6, 'colsample_bylevel': 0.6, 'n_estimators': 300}",0.4987253487253487,repeated_stratified,1,2,full,sep
8,3,0.375,8,4,0.5,8,1,0.125,0.3333333333333333,0.3151515151515152,0.5182291666666666,3,4,1,3,4,1,1,6,1,P18,xgb,31,"{'subsample': 1.0, 'reg_lambda': 3, 'reg_alpha': 0.5, 'min_child_weight': 1, 'max_depth': 2, 'learning_rate': 0.05, 'gamma': 0, 'colsample_bytree': 0.7, 'colsample_bylevel': 0.8, 'n_estimators': 300}",0.505026455026455,repeated_stratified,1,3,full,sep
8,1,0.125,8,1,0.125,8,3,0.375,0.2083333333333333,0.1957264957264957,0.4036458333333333,1,2,5,3,1,4,1,4,3,P18,xgb,31,"{'subsample': 1.0, 'reg_lambda': 3, 'reg_alpha': 0, 'min_child_weight': 1, 'max_depth': 4, 'learning_rate': 0.01, 'gamma': 0.3, 'colsample_bytree': 0.6, 'colsample_bylevel': 0.6, 'n_estimators': 300}",0.4913179413179413,repeated_stratified,1,4,full,sep
8,4,0.5,8,3,0.375,8,3,0.375,0.4166666666666667,0.4206349206349206,0.4765625,4,0,4,2,3,3,2,3,3,P18,xgb,31,"{'subsample': 0.8, 'reg_lambda': 10, 'reg_alpha': 0.5, 'min_child_weight': 1, 'max_depth': 8, 'learning_rate': 0.01, 'gamma': 0.3, 'colsample_bytree': 0.7, 'colsample_bylevel': 0.6, 'n_estimators': 300}",0.4371332371332371,repeated_stratified,2,0,full,sep
8,2,0.25,8,1,0.125,8,3,0.375,0.25,0.2396825396825397,0.4895833333333333,2,1,5,2,1,5,3,2,3,P18,xgb,1,"{'subsample': 0.6, 'reg_lambda': 3, 'reg_alpha': 0.1, 'min_child_weight': 1, 'max_depth': 8, 'learning_rate': 0.05, 'gamma': 0, 'colsample_bytree': 0.7, 'colsample_bylevel': 0.8, 'n_estimators': 300}",0.5611592111592111,repeated_stratified,2,1,full,sep
8,2,0.25,8,1,0.125,8,4,0.5,0.2916666666666667,0.2906776745786033,0.4921875,2,5,1,1,1,6,1,3,4,P18,xgb,31,"{'subsample': 0.6, 'reg_lambda': 10, 'reg_alpha': 0.5, 'min_child_weight': 1, 'max_depth': 2, 'learning_rate': 0.05, 'gamma': 0.1, 'colsample_bytree': 0.6, 'colsample_bylevel': 0.6, 'n_estimators': 300}",0.4931938431938432,repeated_stratified,2,2,full,sep
8,3,0.375,8,2,0.25,8,1,0.125,0.25,0.247875816993464,0.4583333333333333,3,3,2,2,2,4,3,4,1,P18,xgb,7,"{'subsample': 0.6, 'reg_lambda': 5, 'reg_alpha': 0, 'min_child_weight': 1, 'max_depth': 2, 'learning_rate': 0.01, 'gamma': 0.3, 'colsample_bytree': 0.7, 'colsample_bylevel': 0.6, 'n_estimators': 300}",0.5976430976430976,repeated_stratified,2,3,full,sep
8,3,0.375,8,1,0.125,8,2,0.25,0.25,0.2417710944026733,0.4088541666666667,3,2,3,5,1,2,3,3,2,P18,xgb,27,"{'subsample': 0.6, 'reg_lambda': 1, 'reg_alpha': 0.1, 'min_child_weight': 1, 'max_depth': 2, 'learning_rate': 0.01, 'gamma': 2, 'colsample_bytree': 0.7, 'colsample_bylevel': 0.6, 'n_estimators': 300}",0.4822751322751323,repeated_stratified,2,4,full,sep
8,2,0.25,8,3,0.375,8,2,0.25,0.2916666666666667,0.2923202614379085,0.5026041666666666,2,3,3,3,3,2,4,2,2,P18,xgb,31,"{'subsample': 0.6, 'reg_lambda': 1, 'reg_alpha': 0, 'min_child_weight': 1, 'max_depth': 2, 'learning_rate': 0.03, 'gamma': 0, 'colsample_bytree': 0.6, 'colsample_bylevel': 0.6, 'n_estimators': 300}",0.5301106301106301,repeated_stratified,3,0,full,sep
8,2,0.25,8,4,0.5,8,0,0.0,0.25,0.1992753623188405,0.4453125,2,6,0,3,4,1,3,5,0,P18,xgb,1,"{'subsample': 1.0, 'reg_lambda': 5, 'reg_alpha': 0, 'min_child_weight': 1, 'max_depth': 2, 'learning_rate': 0.01, 'gamma': 0, 'colsample_bytree': 0.6, 'colsample_bylevel': 0.8, 'n_estimators': 300}",0.5955026455026455,repeated_stratified,3,1,full,sep
8,3,0.375,8,4,0.5,8,3,0.375,0.4166666666666667,0.4176470588235294,0.5416666666666666,3,3,2,2,4,2,4,1,3,P18,xgb,31,"{'subsample': 0.6, 'reg_lambda': 10, 'reg_alpha': 0.5, 'min_child_weight': 1, 'max_depth': 2, 'learning_rate': 0.05, 'gamma': 0.1, 'colsample_bytree': 0.6, 'colsample_bylevel': 0.6, 'n_estimators': 300}",0.559139009139009,repeated_stratified,3,2,full,sep
8,2,0.25,8,1,0.125,8,2,0.25,0.2083333333333333,0.2074074074074074,0.4036458333333333,2,2,4,3,1,4,2,4,2,P18,xgb,31,"{'subsample': 1.0, 'reg_lambda': 3, 'reg_alpha': 0.5, 'min_child_weight': 1, 'max_depth': 2, 'learning_rate': 0.05, 'gamma': 0, 'colsample_bytree': 0.7, 'colsample_bylevel': 0.8, 'n_estimators': 300}",0.4987012987012987,repeated_stratified,3,3,full,sep
8,2,0.25,8,1,0.125,8,2,0.25,0.2083333333333333,0.211437908496732,0.390625,2,3,3,4,1,3,1,5,2,P18,xgb,30,"{'subsample': 0.6, 'reg_lambda': 1, 'reg_alpha': 0.1, 'min_child_weight': 1, 'max_depth': 2, 'learning_rate': 0.01, 'gamma': 2, 'colsample_bytree': 0.7, 'colsample_bylevel': 0.6, 'n_estimators': 300}",0.4684463684463684,repeated_stratified,3,4,full,sep
8,2,0.25,8,1,0.125,8,0,0.0,0.125,0.1142857142857142,0.3229166666666667,2,4,2,3,1,4,7,1,0,P18,xgb,31,"{'subsample': 0.8, 'reg_lambda': 3, 'reg_alpha': 0.1, 'min_child_weight': 1, 'max_depth': 2, 'learning_rate': 0.03, 'gamma': 1, 'colsample_bytree': 0.6, 'colsample_bylevel': 0.6, 'n_estimators': 300}",0.5928330928330928,repeated_stratified,4,0,full,sep
8,1,0.125,8,4,0.5,8,3,0.375,0.3333333333333333,0.3135534915720674,0.4348958333333333,1,3,4,2,4,2,1,4,3,P18,xgb,31,"{'subsample': 0.8, 'reg_lambda': 3, 'reg_alpha': 0.1, 'min_child_weight': 1, 'max_depth': 2, 'learning_rate': 0.03, 'gamma': 1, 'colsample_bytree': 0.6, 'colsample_bylevel': 0.6, 'n_estimators': 300}",0.5166426166426167,repeated_stratified,4,1,full,sep
8,4,0.5,8,3,0.375,8,1,0.125,0.3333333333333333,0.3318627450980392,0.546875,4,0,4,2,3,3,3,4,1,P18,xgb,31,"{'subsample': 0.8, 'reg_lambda': 10, 'reg_alpha': 0.5, 'min_child_weight': 1, 'max_depth': 2, 'learning_rate': 0.05, 'gamma': 0.5, 'colsample_bytree': 0.7, 'colsample_bylevel': 0.8, 'n_estimators': 300}",0.5108465608465609,repeated_stratified,4,2,full,sep
8,4,0.5,8,2,0.25,8,2,0.25,0.3333333333333333,0.3269841269841269,0.5494791666666666,4,2,2,6,2,0,3,3,2,P18,xgb,31,"{'subsample': 0.6, 'reg_lambda': 5, 'reg_alpha': 0, 'min_child_weight': 1, 'max_depth': 2, 'learning_rate': 0.01, 'gamma': 0.3, 'colsample_bytree': 0.7, 'colsample_bylevel': 0.6, 'n_estimators': 300}",0.4976671476671476,repeated_stratified,4,3,full,sep
8,3,0.375,8,2,0.25,8,4,0.5,0.375,0.368922305764411,0.578125,3,2,3,2,2,4,2,2,4,P18,xgb,31,"{'subsample': 0.8, 'reg_lambda': 1, 'reg_alpha': 0, 'min_child_weight': 1, 'max_depth': 4, 'learning_rate': 0.01, 'gamma': 0, 'colsample_bytree': 0.7, 'colsample_bylevel': 0.8, 'n_estimators': 300}",0.5008658008658009,repeated_stratified,4,4,full,sep
8,2,0.25,8,1,0.125,8,3,0.375,0.25,0.2398785425101214,0.4739583333333333,2,3,3,2,1,5,4,1,3,P18,xgb,31,"{'subsample': 0.6, 'reg_lambda': 10, 'reg_alpha': 0.1, 'min_child_weight': 1, 'max_depth': 8, 'learning_rate': 0.03, 'gamma': 0.3, 'colsample_bytree': 0.6, 'colsample_bylevel': 0.8, 'n_estimators': 300}",0.5022366522366523,repeated_stratified,5,0,full,sep
8,2,0.25,8,4,0.5,8,3,0.375,0.375,0.373015873015873,0.5390625,2,2,4,1,4,3,3,2,3,P18,xgb,31,"{'subsample': 0.8, 'reg_lambda': 10, 'reg_alpha': 0.5, 'min_child_weight': 1, 'max_depth': 2, 'learning_rate': 0.05, 'gamma': 0.5, 'colsample_bytree': 0.7, 'colsample_bylevel': 0.8, 'n_estimators': 300}",0.4502405002405003,repeated_stratified,5,1,full,sep
8,1,0.125,8,3,0.375,8,1,0.125,0.2083333333333333,0.1982118758434548,0.3828125,1,5,2,3,3,2,4,3,1,P18,xgb,28,"{'subsample': 0.8, 'reg_lambda': 3, 'reg_alpha': 0.1, 'min_child_weight': 1, 'max_depth': 2, 'learning_rate': 0.05, 'gamma': 2, 'colsample_bytree': 0.7, 'colsample_bylevel': 0.6, 'n_estimators': 300}",0.5852813852813853,repeated_stratified,5,2,full,sep
8,4,0.5,8,1,0.125,8,3,0.375,0.3333333333333333,0.3148148148148148,0.4947916666666667,4,1,3,3,1,4,3,2,3,P18,xgb,31,"{'subsample': 0.6, 'reg_lambda': 3, 'reg_alpha': 0.1, 'min_child_weight': 1, 'max_depth': 8, 'learning_rate': 0.05, 'gamma': 0, 'colsample_bytree': 0.7, 'colsample_bylevel': 0.8, 'n_estimators': 300}",0.5028860028860028,repeated_stratified,5,3,full,sep
8,0,0.0,8,2,0.25,8,1,0.125,0.125,0.1200980392156862,0.375,0,4,4,3,2,3,4,3,1,P18,xgb,31,"{'subsample': 0.6, 'reg_lambda': 10, 'reg_alpha': 0.5, 'min_child_weight': 1, 'max_depth': 2, 'learning_rate': 0.05, 'gamma': 0.1, 'colsample_bytree': 0.6, 'colsample_bylevel': 0.6, 'n_estimators': 300}",0.5242183742183743,repeated_stratified,5,4,full,sep
8,3,0.375,8,4,0.5,8,2,0.25,0.375,0.376068376068376,0.5963541666666666,3,4,1,1,4,3,1,5,2,P18,xgb,26,"{'subsample': 1.0, 'reg_lambda': 10, 'reg_alpha': 0.5, 'min_child_weight': 1, 'max_depth': 4, 'learning_rate': 0.03, 'gamma': 1, 'colsample_bytree': 0.7, 'colsample_bylevel': 0.8, 'n_estimators': 300}",0.5068662818662819,repeated_stratified,6,0,full,sep
8,4,0.5,8,2,0.25,8,2,0.25,0.3333333333333333,0.3244778613199666,0.4583333333333333,4,2,2,3,2,3,4,2,2,P18,xgb,31,"{'subsample': 0.6, 'reg_lambda': 1, 'reg_alpha': 0, 'min_child_weight': 1, 'max_depth': 2, 'learning_rate': 0.03, 'gamma': 0, 'colsample_bytree': 0.6, 'colsample_bylevel': 0.6, 'n_estimators': 300}",0.4973544973544974,repeated_stratified,6,1,full,sep
8,3,0.375,8,1,0.125,8,3,0.375,0.2916666666666667,0.2777777777777777,0.5234375,3,0,5,5,1,2,2,3,3,P18,xgb,31,"{'subsample': 0.6, 'reg_lambda': 10, 'reg_alpha': 0.1, 'min_child_weight': 1, 'max_depth': 8, 'learning_rate': 0.03, 'gamma': 0.3, 'colsample_bytree': 0.6, 'colsample_bylevel': 0.8, 'n_estimators': 300}",0.4758297258297259,repeated_stratified,6,2,full,sep
8,2,0.25,8,5,0.625,8,4,0.5,0.4583333333333333,0.4475404196766426,0.5729166666666666,2,2,4,0,5,3,2,2,4,P18,xgb,8,"{'subsample': 0.8, 'reg_lambda': 10, 'reg_alpha': 0.1, 'min_child_weight': 1, 'max_depth': 16, 'learning_rate': 0.01, 'gamma': 0.1, 'colsample_bytree': 0.6, 'colsample_bylevel': 0.6, 'n_estimators': 300}",0.5474025974025974,repeated_stratified,6,3,full,sep
8,2,0.25,8,1,0.125,8,3,0.375,0.25,0.247875816993464,0.4192708333333333,2,3,3,5,1,2,2,3,3,P18,xgb,31,"{'subsample': 1.0, 'reg_lambda': 10, 'reg_alpha': 0.1, 'min_child_weight': 1, 'max_depth': 2, 'learning_rate': 0.03, 'gamma': 0.3, 'colsample_bytree': 0.6, 'colsample_bylevel': 0.6, 'n_estimators': 300}",0.4659451659451659,repeated_stratified,6,4,full,sep
8,3,0.375,8,2,0.25,8,3,0.375,0.3333333333333333,0.3315359477124183,0.4973958333333333,3,2,3,4,2,2,2,3,3,P18,xgb,31,"{'subsample': 0.8, 'reg_lambda': 3, 'reg_alpha': 0.1, 'min_child_weight': 1, 'max_depth': 2, 'learning_rate': 0.03, 'gamma': 1, 'colsample_bytree': 0.6, 'colsample_bylevel': 0.6, 'n_estimators': 300}",0.4892977392977393,repeated_stratified,7,0,full,sep
8,3,0.375,8,2,0.25,8,1,0.125,0.25,0.2433780529755762,0.3932291666666667,3,3,2,5,2,1,1,6,1,P18,xgb,4,"{'subsample': 1.0, 'reg_lambda': 3, 'reg_alpha': 0, 'min_child_weight': 1, 'max_depth': 4, 'learning_rate': 0.01, 'gamma': 0.3, 'colsample_bytree': 0.6, 'colsample_bylevel': 0.6, 'n_estimators': 300}",0.577128427128427,repeated_stratified,7,1,full,sep
8,4,0.5,8,3,0.375,8,2,0.25,0.375,0.3714285714285714,0.5078125,4,2,2,5,3,0,4,2,2,P18,xgb,28,"{'subsample': 0.8, 'reg_lambda': 10, 'reg_alpha': 0.5, 'min_child_weight': 1, 'max_depth': 2, 'learning_rate': 0.05, 'gamma': 0.5, 'colsample_bytree': 0.7, 'colsample_bylevel': 0.8, 'n_estimators': 300}",0.5052669552669553,repeated_stratified,7,2,full,sep
8,0,0.0,8,4,0.5,8,4,0.5,0.3333333333333333,0.3263403263403263,0.5729166666666666,0,1,7,1,4,3,4,0,4,P18,xgb,31,"{'subsample': 1.0, 'reg_lambda': 5, 'reg_alpha': 0.1, 'min_child_weight': 1, 'max_depth': 8, 'learning_rate': 0.03, 'gamma': 0.1, 'colsample_bytree': 0.7, 'colsample_bylevel': 0.8, 'n_estimators': 300}",0.4774410774410775,repeated_stratified,7,3,full,sep
8,3,0.375,8,0,0.0,8,2,0.25,0.2083333333333333,0.199074074074074,0.4401041666666667,3,3,2,2,0,6,3,3,2,P18,xgb,31,"{'subsample': 1.0, 'reg_lambda': 10, 'reg_alpha': 0.1, 'min_child_weight': 1, 'max_depth': 2, 'learning_rate': 0.03, 'gamma': 0.3, 'colsample_bytree': 0.6, 'colsample_bylevel': 0.6, 'n_estimators': 300}",0.5662818662818663,repeated_stratified,7,4,full,sep
8,1,0.125,8,3,0.375,8,4,0.5,0.3333333333333333,0.3166329284750337,0.5338541666666666,1,4,3,1,3,4,3,1,4,P18,xgb,30,"{'subsample': 1.0, 'reg_lambda': 1, 'reg_alpha': 0.5, 'min_child_weight': 1, 'max_depth': 4, 'learning_rate': 0.01, 'gamma': 0.5, 'colsample_bytree': 0.6, 'colsample_bylevel': 0.8, 'n_estimators': 300}",0.5128186628186628,repeated_stratified,8,0,full,sep
8,3,0.375,8,2,0.25,8,3,0.375,0.3333333333333333,0.3406593406593406,0.5755208333333334,3,0,5,1,2,5,2,3,3,P18,xgb,26,"{'subsample': 1.0, 'reg_lambda': 10, 'reg_alpha': 0.5, 'min_child_weight': 1, 'max_depth': 4, 'learning_rate': 0.03, 'gamma': 1, 'colsample_bytree': 0.7, 'colsample_bylevel': 0.8, 'n_estimators': 300}",0.5071789321789321,repeated_stratified,8,1,full,sep
8,3,0.375,8,2,0.25,8,3,0.375,0.3333333333333333,0.334313725490196,0.4947916666666667,3,2,3,3,2,3,1,4,3,P18,xgb,6,"{'subsample': 0.8, 'reg_lambda': 1, 'reg_alpha': 0, 'min_child_weight': 1, 'max_depth': 4, 'learning_rate': 0.01, 'gamma': 0, 'colsample_bytree': 0.7, 'colsample_bylevel': 0.8, 'n_estimators': 300}",0.5462722462722464,repeated_stratified,8,2,full,sep
8,3,0.375,8,2,0.25,8,0,0.0,0.2083333333333333,0.174074074074074,0.3567708333333333,3,5,0,4,2,2,5,3,0,P18,xgb,6,"{'subsample': 0.6, 'reg_lambda': 10, 'reg_alpha': 0.5, 'min_child_weight': 1, 'max_depth': 2, 'learning_rate': 0.05, 'gamma': 0.1, 'colsample_bytree': 0.6, 'colsample_bylevel': 0.6, 'n_estimators': 300}",0.5596200096200096,repeated_stratified,8,3,full,sep
8,3,0.375,8,3,0.375,8,1,0.125,0.2916666666666667,0.2904761904761905,0.4114583333333333,3,1,4,4,3,1,5,2,1,P18,xgb,30,"{'subsample': 1.0, 'reg_lambda': 1, 'reg_alpha': 0.5, 'min_child_weight': 1, 'max_depth': 4, 'learning_rate': 0.01, 'gamma': 0.5, 'colsample_bytree': 0.6, 'colsample_bylevel': 0.8, 'n_estimators': 300}",0.544059644059644,repeated_stratified,8,4,full,sep
8,0,0.0,8,3,0.375,8,3,0.375,0.25,0.2222222222222222,0.4088541666666667,0,5,3,1,3,4,3,2,3,P18,xgb,31,"{'subsample': 0.6, 'reg_lambda': 3, 'reg_alpha': 0.1, 'min_child_weight': 1, 'max_depth': 2, 'learning_rate': 0.05, 'gamma': 0, 'colsample_bytree': 0.7, 'colsample_bylevel': 0.6, 'n_estimators': 300}",0.5713804713804714,repeated_stratified,9,0,full,sep
8,3,0.375,8,5,0.625,8,3,0.375,0.4583333333333333,0.4530423280423281,0.5520833333333334,3,2,3,1,5,2,2,3,3,P18,xgb,31,"{'subsample': 1.0, 'reg_lambda': 3, 'reg_alpha': 0.5, 'min_child_weight': 1, 'max_depth': 2, 'learning_rate': 0.05, 'gamma': 0, 'colsample_bytree': 0.7, 'colsample_bylevel': 0.8, 'n_estimators': 300}",0.4987493987493987,repeated_stratified,9,1,full,sep
8,4,0.5,8,5,0.625,8,1,0.125,0.4166666666666667,0.3919848641210871,0.6041666666666666,4,1,3,3,5,0,4,3,1,P18,xgb,31,"{'subsample': 0.6, 'reg_lambda': 10, 'reg_alpha': 0.1, 'min_child_weight': 1, 'max_depth': 8, 'learning_rate': 0.03, 'gamma': 0.3, 'colsample_bytree': 0.6, 'colsample_bylevel': 0.8, 'n_estimators': 300}",0.3844877344877345,repeated_stratified,9,2,full,sep
8,0,0.0,8,3,0.375,8,2,0.25,0.2083333333333333,0.1784313725490196,0.3645833333333333,0,4,4,2,3,3,1,5,2,P18,xgb,9,"{'subsample': 0.8, 'reg_lambda': 10, 'reg_alpha': 0.1, 'min_child_weight': 1, 'max_depth': 16, 'learning_rate': 0.01, 'gamma': 0.1, 'colsample_bytree': 0.6, 'colsample_bylevel': 0.6, 'n_estimators': 300}",0.5905723905723906,repeated_stratified,9,3,full,sep
8,3,0.375,8,2,0.25,8,2,0.25,0.2916666666666667,0.289390142021721,0.4947916666666667,3,3,2,4,2,2,4,2,2,P18,xgb,31,"{'subsample': 1.0, 'reg_lambda': 3, 'reg_alpha': 0.5, 'min_child_weight': 1, 'max_depth': 2, 'learning_rate': 0.05, 'gamma': 0, 'colsample_bytree': 0.7, 'colsample_bylevel': 0.8, 'n_estimators': 300}",0.4672919672919673,repeated_stratified,9,4,full,sep
8,3,0.375,8,5,0.625,8,1,0.125,0.375,0.3512820512820513,0.6432291666666666,3,3,2,1,5,2,3,4,1,P19,xgb,27,"{'subsample': 0.8, 'reg_lambda': 10, 'reg_alpha': 0.5, 'min_child_weight': 1, 'max_depth': 8, 'learning_rate': 0.01, 'gamma': 0.3, 'colsample_bytree': 0.7, 'colsample_bylevel': 0.6, 'n_estimators': 300}",0.5858345358345359,repeated_stratified,0,0,full,sep
8,3,0.375,8,3,0.375,8,3,0.375,0.375,0.3777777777777777,0.5911458333333334,3,2,3,1,3,4,3,2,3,P19,xgb,32,"{'subsample': 0.6, 'reg_lambda': 1, 'reg_alpha': 0.1, 'min_child_weight': 1, 'max_depth': 2, 'learning_rate': 0.01, 'gamma': 2, 'colsample_bytree': 0.7, 'colsample_bylevel': 0.6, 'n_estimators': 300}",0.5991341991341991,repeated_stratified,0,1,full,sep
8,4,0.5,8,3,0.375,8,1,0.125,0.3333333333333333,0.3135534915720674,0.5416666666666666,4,3,1,3,3,2,4,3,1,P19,xgb,29,"{'subsample': 0.6, 'reg_lambda': 1, 'reg_alpha': 0.1, 'min_child_weight': 1, 'max_depth': 2, 'learning_rate': 0.01, 'gamma': 2, 'colsample_bytree': 0.7, 'colsample_bylevel': 0.6, 'n_estimators': 300}",0.5742905242905243,repeated_stratified,0,2,full,sep
8,6,0.75,8,2,0.25,8,2,0.25,0.4166666666666667,0.3914529914529914,0.5755208333333334,6,1,1,2,2,4,4,2,2,P19,xgb,26,"{'subsample': 0.8, 'reg_lambda': 3, 'reg_alpha': 0.1, 'min_child_weight': 1, 'max_depth': 2, 'learning_rate': 0.03, 'gamma': 1, 'colsample_bytree': 0.6, 'colsample_bylevel': 0.6, 'n_estimators': 300}",0.593939393939394,repeated_stratified,0,3,full,sep
8,3,0.375,8,2,0.25,8,1,0.125,0.25,0.242063492063492,0.453125,3,3,2,3,2,3,4,3,1,P19,xgb,29,"{'subsample': 1.0, 'reg_lambda': 3, 'reg_alpha': 0.5, 'min_child_weight': 1, 'max_depth': 2, 'learning_rate': 0.05, 'gamma': 0, 'colsample_bytree': 0.7, 'colsample_bylevel': 0.8, 'n_estimators': 300}",0.6177248677248678,repeated_stratified,0,4,full,sep
8,3,0.375,8,2,0.25,8,2,0.25,0.2916666666666667,0.2916666666666667,0.5052083333333334,3,3,2,2,2,4,3,3,2,P19,xgb,15,"{'subsample': 0.8, 'reg_lambda': 3, 'reg_alpha': 0.1, 'min_child_weight': 1, 'max_depth': 2, 'learning_rate': 0.05, 'gamma': 2, 'colsample_bytree': 0.7, 'colsample_bylevel': 0.6, 'n_estimators': 300}",0.6572150072150073,repeated_stratified,1,0,full,sep
8,5,0.625,8,5,0.625,8,3,0.375,0.5416666666666666,0.5433006535947712,0.6640625,5,1,2,0,5,3,2,3,3,P19,xgb,23,"{'subsample': 0.6, 'reg_lambda': 3, 'reg_alpha': 0.1, 'min_child_weight': 1, 'max_depth': 2, 'learning_rate': 0.05, 'gamma': 0, 'colsample_bytree': 0.7, 'colsample_bylevel': 0.6, 'n_estimators': 300}",0.5333573833573834,repeated_stratified,1,1,full,sep
8,3,0.375,8,6,0.75,8,1,0.125,0.4166666666666667,0.3919413919413919,0.6510416666666666,3,2,3,0,6,2,2,5,1,P19,xgb,31,"{'subsample': 0.6, 'reg_lambda': 5, 'reg_alpha': 0, 'min_child_weight': 1, 'max_depth': 2, 'learning_rate': 0.01, 'gamma': 0.3, 'colsample_bytree': 0.7, 'colsample_bylevel': 0.6, 'n_estimators': 300}",0.5304232804232805,repeated_stratified,1,2,full,sep
8,5,0.625,8,1,0.125,8,2,0.25,0.3333333333333333,0.3068376068376068,0.546875,5,2,1,3,1,4,4,2,2,P19,xgb,21,"{'subsample': 0.6, 'reg_lambda': 5, 'reg_alpha': 0.5, 'min_child_weight': 1, 'max_depth': 8, 'learning_rate': 0.03, 'gamma': 0.3, 'colsample_bytree': 0.6, 'colsample_bylevel': 0.6, 'n_estimators': 300}",0.6263828763828765,repeated_stratified,1,3,full,sep
8,5,0.625,8,2,0.25,8,0,0.0,0.2916666666666667,0.25,0.5,5,1,2,4,2,2,7,1,0,P19,xgb,19,"{'subsample': 0.8, 'reg_lambda': 10, 'reg_alpha': 0.1, 'min_child_weight': 1, 'max_depth': 16, 'learning_rate': 0.01, 'gamma': 0.1, 'colsample_bytree': 0.6, 'colsample_bylevel': 0.6, 'n_estimators': 300}",0.6262145262145262,repeated_stratified,1,4,full,sep
8,4,0.5,8,4,0.5,8,1,0.125,0.375,0.361344537815126,0.5442708333333334,4,1,3,2,4,2,3,4,1,P19,xgb,31,"{'subsample': 0.6, 'reg_lambda': 5, 'reg_alpha': 0, 'min_child_weight': 1, 'max_depth': 2, 'learning_rate': 0.01, 'gamma': 0.3, 'colsample_bytree': 0.7, 'colsample_bylevel': 0.6, 'n_estimators': 300}",0.5766474266474267,repeated_stratified,2,0,full,sep
8,3,0.375,8,1,0.125,8,4,0.5,0.3333333333333333,0.317948717948718,0.4973958333333333,3,2,3,2,1,5,2,2,4,P19,xgb,26,"{'subsample': 1.0, 'reg_lambda': 1, 'reg_alpha': 0.5, 'min_child_weight': 1, 'max_depth': 4, 'learning_rate': 0.01, 'gamma': 0.5, 'colsample_bytree': 0.6, 'colsample_bylevel': 0.8, 'n_estimators': 300}",0.6490139490139489,repeated_stratified,2,1,full,sep
8,3,0.375,8,2,0.25,8,2,0.25,0.2916666666666667,0.289390142021721,0.4947916666666667,3,5,0,2,2,4,6,0,2,P19,xgb,21,"{'subsample': 0.8, 'reg_lambda': 3, 'reg_alpha': 0.1, 'min_child_weight': 1, 'max_depth': 2, 'learning_rate': 0.05, 'gamma': 2, 'colsample_bytree': 0.7, 'colsample_bylevel': 0.6, 'n_estimators': 300}",0.6012746512746513,repeated_stratified,2,2,full,sep
8,5,0.625,8,4,0.5,8,0,0.0,0.375,0.3364293085655315,0.6041666666666666,5,1,2,2,4,2,2,6,0,P19,xgb,11,"{'subsample': 0.8, 'reg_lambda': 3, 'reg_alpha': 0.1, 'min_child_weight': 1, 'max_depth': 2, 'learning_rate': 0.05, 'gamma': 2, 'colsample_bytree': 0.7, 'colsample_bylevel': 0.6, 'n_estimators': 300}",0.5852573352573353,repeated_stratified,2,3,full,sep
8,4,0.5,8,3,0.375,8,3,0.375,0.4166666666666667,0.4148148148148148,0.5494791666666666,4,3,1,2,3,3,4,1,3,P19,xgb,28,"{'subsample': 1.0, 'reg_lambda': 5, 'reg_alpha': 0.1, 'min_child_weight': 1, 'max_depth': 8, 'learning_rate': 0.03, 'gamma': 0.1, 'colsample_bytree': 0.7, 'colsample_bylevel': 0.8, 'n_estimators': 300}",0.5605579605579606,repeated_stratified,2,4,full,sep
8,5,0.625,8,3,0.375,8,2,0.25,0.4166666666666667,0.4127450980392157,0.5677083333333334,5,1,2,1,3,4,3,3,2,P19,xgb,31,"{'subsample': 0.6, 'reg_lambda': 1, 'reg_alpha': 0.1, 'min_child_weight': 1, 'max_depth': 2, 'learning_rate': 0.01, 'gamma': 2, 'colsample_bytree': 0.7, 'colsample_bylevel': 0.6, 'n_estimators': 300}",0.615055315055315,repeated_stratified,3,0,full,sep
8,3,0.375,8,6,0.75,8,2,0.25,0.4583333333333333,0.4427350427350427,0.6354166666666666,3,2,3,0,6,2,2,4,2,P19,xgb,29,"{'subsample': 0.6, 'reg_lambda': 5, 'reg_alpha': 0, 'min_child_weight': 1, 'max_depth': 2, 'learning_rate': 0.01, 'gamma': 0.3, 'colsample_bytree': 0.7, 'colsample_bylevel': 0.6, 'n_estimators': 300}",0.5432419432419433,repeated_stratified,3,1,full,sep
8,5,0.625,8,3,0.375,8,1,0.125,0.375,0.3518518518518518,0.6015625,5,3,0,2,3,3,3,4,1,P19,xgb,10,"{'subsample': 0.6, 'reg_lambda': 5, 'reg_alpha': 0, 'min_child_weight': 1, 'max_depth': 2, 'learning_rate': 0.01, 'gamma': 0.3, 'colsample_bytree': 0.7, 'colsample_bylevel': 0.6, 'n_estimators': 300}",0.6118085618085618,repeated_stratified,3,2,full,sep
8,4,0.5,8,2,0.25,8,2,0.25,0.3333333333333333,0.3244778613199666,0.5807291666666666,4,1,3,4,2,2,3,3,2,P19,xgb,20,"{'subsample': 1.0, 'reg_lambda': 10, 'reg_alpha': 0.5, 'min_child_weight': 1, 'max_depth': 4, 'learning_rate': 0.03, 'gamma': 1, 'colsample_bytree': 0.7, 'colsample_bylevel': 0.8, 'n_estimators': 300}",0.601022126022126,repeated_stratified,3,3,full,sep
8,1,0.125,8,3,0.375,8,2,0.25,0.25,0.2417710944026733,0.5,1,6,1,1,3,4,4,2,2,P19,xgb,13,"{'subsample': 0.6, 'reg_lambda': 5, 'reg_alpha': 0, 'min_child_weight': 1, 'max_depth': 2, 'learning_rate': 0.01, 'gamma': 0.3, 'colsample_bytree': 0.7, 'colsample_bylevel': 0.6, 'n_estimators': 300}",0.6063973063973064,repeated_stratified,3,4,full,sep
8,3,0.375,8,5,0.625,8,1,0.125,0.375,0.3655228758169935,0.4869791666666667,3,2,3,0,5,3,5,2,1,P19,xgb,27,"{'subsample': 0.8, 'reg_lambda': 10, 'reg_alpha': 0, 'min_child_weight': 1, 'max_depth': 4, 'learning_rate': 0.03, 'gamma': 0, 'colsample_bytree': 0.6, 'colsample_bylevel': 0.8, 'n_estimators': 300}",0.6558441558441559,repeated_stratified,4,0,full,sep
8,5,0.625,8,2,0.25,8,2,0.25,0.375,0.3565323565323565,0.5208333333333334,5,1,2,4,2,2,4,2,2,P19,xgb,29,"{'subsample': 1.0, 'reg_lambda': 3, 'reg_alpha': 0.5, 'min_child_weight': 1, 'max_depth': 2, 'learning_rate': 0.05, 'gamma': 0, 'colsample_bytree': 0.7, 'colsample_bylevel': 0.8, 'n_estimators': 300}",0.5816017316017316,repeated_stratified,4,1,full,sep
8,3,0.375,8,3,0.375,8,1,0.125,0.2916666666666667,0.2925647451963241,0.5338541666666666,3,1,4,3,3,2,5,2,1,P19,xgb,29,"{'subsample': 0.6, 'reg_lambda': 3, 'reg_alpha': 0.1, 'min_child_weight': 1, 'max_depth': 8, 'learning_rate': 0.05, 'gamma': 0, 'colsample_bytree': 0.7, 'colsample_bylevel': 0.8, 'n_estimators': 300}",0.5682539682539683,repeated_stratified,4,2,full,sep
8,5,0.625,8,4,0.5,8,2,0.25,0.4583333333333333,0.4446693657219973,0.7369791666666666,5,2,1,2,4,2,4,2,2,P19,xgb,29,"{'subsample': 0.6, 'reg_lambda': 1, 'reg_alpha': 0.1, 'min_child_weight': 1, 'max_depth': 2, 'learning_rate': 0.01, 'gamma': 2, 'colsample_bytree': 0.7, 'colsample_bylevel': 0.6, 'n_estimators': 300}",0.5254208754208755,repeated_stratified,4,3,full,sep
8,4,0.5,8,4,0.5,8,1,0.125,0.375,0.3582995951417003,0.65625,4,2,2,2,4,2,2,5,1,P19,xgb,24,"{'subsample': 0.6, 'reg_lambda': 10, 'reg_alpha': 0.5, 'min_child_weight': 1, 'max_depth': 2, 'learning_rate': 0.05, 'gamma': 0.1, 'colsample_bytree': 0.6, 'colsample_bylevel': 0.6, 'n_estimators': 300}",0.6292207792207792,repeated_stratified,4,4,full,sep
8,4,0.5,8,4,0.5,8,2,0.25,0.4166666666666667,0.4095816464237516,0.6145833333333334,4,3,1,2,4,2,2,4,2,P19,xgb,29,"{'subsample': 0.6, 'reg_lambda': 1, 'reg_alpha': 0.1, 'min_child_weight': 1, 'max_depth': 2, 'learning_rate': 0.01, 'gamma': 2, 'colsample_bytree': 0.7, 'colsample_bylevel': 0.6, 'n_estimators': 300}",0.5684944684944685,repeated_stratified,5,0,full,sep
8,5,0.625,8,2,0.25,8,3,0.375,0.4166666666666667,0.4074074074074074,0.671875,5,0,3,2,2,4,3,2,3,P19,xgb,32,"{'subsample': 0.6, 'reg_lambda': 1, 'reg_alpha': 0.1, 'min_child_weight': 1, 'max_depth': 2, 'learning_rate': 0.01, 'gamma': 2, 'colsample_bytree': 0.7, 'colsample_bylevel': 0.6, 'n_estimators': 300}",0.5593795093795094,repeated_stratified,5,1,full,sep
8,5,0.625,8,6,0.75,8,1,0.125,0.5,0.4518518518518518,0.5286458333333334,5,2,1,2,6,0,3,4,1,P19,xgb,27,"{'subsample': 0.6, 'reg_lambda': 1, 'reg_alpha': 0.1, 'min_child_weight': 1, 'max_depth': 2, 'learning_rate': 0.01, 'gamma': 2, 'colsample_bytree': 0.7, 'colsample_bylevel': 0.6, 'n_estimators': 300}",0.5877585377585378,repeated_stratified,5,2,full,sep
8,5,0.625,8,2,0.25,8,2,0.25,0.375,0.3629629629629629,0.5494791666666666,5,3,0,1,2,5,4,2,2,P19,xgb,29,"{'subsample': 0.6, 'reg_lambda': 3, 'reg_alpha': 0.1, 'min_child_weight': 1, 'max_depth': 8, 'learning_rate': 0.05, 'gamma': 0, 'colsample_bytree': 0.7, 'colsample_bylevel': 0.8, 'n_estimators': 300}",0.6054112554112555,repeated_stratified,5,3,full,sep
8,5,0.625,8,3,0.375,8,0,0.0,0.3333333333333333,0.3137254901960784,0.6145833333333334,5,2,1,0,3,5,4,4,0,P19,xgb,28,"{'subsample': 0.6, 'reg_lambda': 5, 'reg_alpha': 0, 'min_child_weight': 1, 'max_depth': 2, 'learning_rate': 0.01, 'gamma': 0.3, 'colsample_bytree': 0.7, 'colsample_bylevel': 0.6, 'n_estimators': 300}",0.5917748917748917,repeated_stratified,5,4,full,sep
8,4,0.5,8,4,0.5,8,1,0.125,0.375,0.3624338624338624,0.5520833333333334,4,1,3,2,4,2,2,5,1,P19,xgb,13,"{'subsample': 1.0, 'reg_lambda': 10, 'reg_alpha': 0, 'min_child_weight': 1, 'max_depth': 16, 'learning_rate': 0.05, 'gamma': 2, 'colsample_bytree': 0.6, 'colsample_bylevel': 0.8, 'n_estimators': 300}",0.6729437229437231,repeated_stratified,6,0,full,sep
8,4,0.5,8,4,0.5,8,0,0.0,0.3333333333333333,0.2972136222910216,0.6119791666666666,4,3,1,1,4,3,4,4,0,P19,xgb,28,"{'subsample': 0.6, 'reg_lambda': 5, 'reg_alpha': 0.5, 'min_child_weight': 1, 'max_depth': 8, 'learning_rate': 0.03, 'gamma': 0.3, 'colsample_bytree': 0.6, 'colsample_bylevel': 0.6, 'n_estimators': 300}",0.6050745550745551,repeated_stratified,6,1,full,sep
8,3,0.375,8,3,0.375,8,2,0.25,0.3333333333333333,0.3313492063492063,0.6510416666666666,3,2,3,4,3,1,3,3,2,P19,xgb,28,"{'subsample': 0.6, 'reg_lambda': 1, 'reg_alpha': 0, 'min_child_weight': 1, 'max_depth': 2, 'learning_rate': 0.03, 'gamma': 0, 'colsample_bytree': 0.6, 'colsample_bylevel': 0.6, 'n_estimators': 300}",0.5663540163540164,repeated_stratified,6,2,full,sep
8,3,0.375,8,2,0.25,8,3,0.375,0.3333333333333333,0.3340213278293774,0.5286458333333334,3,1,4,4,2,2,4,1,3,P19,xgb,28,"{'subsample': 0.6, 'reg_lambda': 1, 'reg_alpha': 0.1, 'min_child_weight': 1, 'max_depth': 2, 'learning_rate': 0.01, 'gamma': 2, 'colsample_bytree': 0.7, 'colsample_bylevel': 0.6, 'n_estimators': 300}",0.6357623857623858,repeated_stratified,6,3,full,sep
8,2,0.25,8,2,0.25,8,3,0.375,0.2916666666666667,0.2952380952380952,0.5052083333333334,2,2,4,0,2,6,2,3,3,P19,xgb,31,"{'subsample': 0.6, 'reg_lambda': 1, 'reg_alpha': 0.1, 'min_child_weight': 1, 'max_depth': 2, 'learning_rate': 0.01, 'gamma': 2, 'colsample_bytree': 0.7, 'colsample_bylevel': 0.6, 'n_estimators': 300}",0.595021645021645,repeated_stratified,6,4,full,sep
8,4,0.5,8,4,0.5,8,1,0.125,0.375,0.3555555555555555,0.6484375,4,2,2,3,4,1,5,2,1,P19,xgb,26,"{'subsample': 0.6, 'reg_lambda': 1, 'reg_alpha': 0.1, 'min_child_weight': 1, 'max_depth': 2, 'learning_rate': 0.01, 'gamma': 2, 'colsample_bytree': 0.7, 'colsample_bylevel': 0.6, 'n_estimators': 300}",0.5388888888888889,repeated_stratified,7,0,full,sep
8,6,0.75,8,4,0.5,8,1,0.125,0.4583333333333333,0.4151515151515151,0.53125,6,2,0,3,4,1,5,2,1,P19,xgb,29,"{'subsample': 0.8, 'reg_lambda': 1, 'reg_alpha': 0, 'min_child_weight': 1, 'max_depth': 8, 'learning_rate': 0.01, 'gamma': 0.3, 'colsample_bytree': 0.6, 'colsample_bylevel': 0.8, 'n_estimators': 300}",0.553872053872054,repeated_stratified,7,1,full,sep
8,5,0.625,8,2,0.25,8,2,0.25,0.375,0.3727166080107256,0.5651041666666666,5,1,2,0,2,6,4,2,2,P19,xgb,25,"{'subsample': 1.0, 'reg_lambda': 5, 'reg_alpha': 0.5, 'min_child_weight': 1, 'max_depth': 4, 'learning_rate': 0.05, 'gamma': 2, 'colsample_bytree': 0.6, 'colsample_bylevel': 0.6, 'n_estimators': 300}",0.6498797498797498,repeated_stratified,7,2,full,sep
8,3,0.375,8,4,0.5,8,3,0.375,0.4166666666666667,0.4236874236874237,0.5260416666666666,3,4,1,2,4,2,0,5,3,P19,xgb,25,"{'subsample': 0.6, 'reg_lambda': 10, 'reg_alpha': 0.5, 'min_child_weight': 1, 'max_depth': 2, 'learning_rate': 0.05, 'gamma': 0.1, 'colsample_bytree': 0.6, 'colsample_bylevel': 0.6, 'n_estimators': 300}",0.6446849446849447,repeated_stratified,7,3,full,sep
8,3,0.375,8,6,0.75,8,2,0.25,0.4583333333333333,0.4390977443609022,0.6510416666666666,3,2,3,1,6,1,3,3,2,P19,xgb,12,"{'subsample': 0.6, 'reg_lambda': 1, 'reg_alpha': 0.1, 'min_child_weight': 1, 'max_depth': 2, 'learning_rate': 0.01, 'gamma': 2, 'colsample_bytree': 0.7, 'colsample_bylevel': 0.6, 'n_estimators': 300}",0.6414141414141414,repeated_stratified,7,4,full,sep
8,6,0.75,8,3,0.375,8,4,0.5,0.5416666666666666,0.5401960784313725,0.6328125,6,1,1,1,3,4,1,3,4,P19,xgb,12,"{'subsample': 0.6, 'reg_lambda': 1, 'reg_alpha': 0.1, 'min_child_weight': 1, 'max_depth': 2, 'learning_rate': 0.01, 'gamma': 2, 'colsample_bytree': 0.7, 'colsample_bylevel': 0.6, 'n_estimators': 300}",0.6304473304473305,repeated_stratified,8,0,full,sep
8,3,0.375,8,5,0.625,8,0,0.0,0.3333333333333333,0.2930856553147574,0.4713541666666667,3,2,3,2,5,1,4,4,0,P19,xgb,32,"{'subsample': 0.6, 'reg_lambda': 1, 'reg_alpha': 0.1, 'min_child_weight': 1, 'max_depth': 2, 'learning_rate': 0.01, 'gamma': 2, 'colsample_bytree': 0.7, 'colsample_bylevel': 0.6, 'n_estimators': 300}",0.6558441558441558,repeated_stratified,8,1,full,sep
8,6,0.75,8,1,0.125,8,0,0.0,0.2916666666666667,0.2294685990338164,0.5364583333333334,6,1,1,3,1,4,6,2,0,P19,xgb,11,"{'subsample': 0.8, 'reg_lambda': 3, 'reg_alpha': 0.1, 'min_child_weight': 1, 'max_depth': 2, 'learning_rate': 0.05, 'gamma': 2, 'colsample_bytree': 0.7, 'colsample_bylevel': 0.6, 'n_estimators': 300}",0.6358946608946611,repeated_stratified,8,2,full,sep
8,3,0.375,8,4,0.5,8,4,0.5,0.4583333333333333,0.4641604010025063,0.6536458333333334,3,1,4,1,4,3,3,1,4,P19,xgb,12,"{'subsample': 0.6, 'reg_lambda': 5, 'reg_alpha': 0, 'min_child_weight': 1, 'max_depth': 2, 'learning_rate': 0.01, 'gamma': 0.3, 'colsample_bytree': 0.7, 'colsample_bylevel': 0.6, 'n_estimators': 300}",0.5783309283309283,repeated_stratified,8,3,full,sep
8,2,0.25,8,4,0.5,8,1,0.125,0.2916666666666667,0.2750310118731171,0.46875,2,4,2,4,4,0,4,3,1,P19,xgb,26,"{'subsample': 0.6, 'reg_lambda': 5, 'reg_alpha': 0.5, 'min_child_weight': 1, 'max_depth': 8, 'learning_rate': 0.03, 'gamma': 0.3, 'colsample_bytree': 0.6, 'colsample_bylevel': 0.6, 'n_estimators': 300}",0.5793650793650794,repeated_stratified,8,4,full,sep
8,5,0.625,8,5,0.625,8,3,0.375,0.5416666666666666,0.5377450980392157,0.7786458333333334,5,2,1,0,5,3,3,2,3,P19,xgb,11,"{'subsample': 0.8, 'reg_lambda': 3, 'reg_alpha': 0.1, 'min_child_weight': 1, 'max_depth': 2, 'learning_rate': 0.05, 'gamma': 2, 'colsample_bytree': 0.7, 'colsample_bylevel': 0.6, 'n_estimators': 300}",0.6342953342953344,repeated_stratified,9,0,full,sep
8,4,0.5,8,6,0.75,8,4,0.5,0.5833333333333334,0.5777777777777778,0.6875,4,2,2,1,6,1,2,2,4,P19,xgb,30,"{'subsample': 0.6, 'reg_lambda': 3, 'reg_alpha': 0.1, 'min_child_weight': 1, 'max_depth': 2, 'learning_rate': 0.05, 'gamma': 0, 'colsample_bytree': 0.7, 'colsample_bylevel': 0.6, 'n_estimators': 300}",0.5758297258297258,repeated_stratified,9,1,full,sep
8,4,0.5,8,4,0.5,8,3,0.375,0.4583333333333333,0.4636243386243386,0.5651041666666666,4,2,2,1,4,3,1,4,3,P19,xgb,29,"{'subsample': 0.6, 'reg_lambda': 1, 'reg_alpha': 0.1, 'min_child_weight': 1, 'max_depth': 2, 'learning_rate': 0.01, 'gamma': 2, 'colsample_bytree': 0.7, 'colsample_bylevel': 0.6, 'n_estimators': 300}",0.6255170755170756,repeated_stratified,9,2,full,sep
8,3,0.375,8,2,0.25,8,3,0.375,0.3333333333333333,0.330532212885154,0.5677083333333334,3,2,3,3,2,3,3,2,3,P19,xgb,15,"{'subsample': 0.8, 'reg_lambda': 1, 'reg_alpha': 0.5, 'min_child_weight': 1, 'max_depth': 2, 'learning_rate': 0.01, 'gamma': 0.1, 'colsample_bytree': 0.7, 'colsample_bylevel': 0.6, 'n_estimators': 300}",0.6626262626262628,repeated_stratified,9,3,full,sep
8,4,0.5,8,7,0.875,8,1,0.125,0.5,0.4580323357413141,0.6848958333333334,4,2,2,0,7,1,5,2,1,P19,xgb,27,"{'subsample': 0.6, 'reg_lambda': 1, 'reg_alpha': 0.1, 'min_child_weight': 1, 'max_depth': 2, 'learning_rate': 0.01, 'gamma': 2, 'colsample_bytree': 0.7, 'colsample_bylevel': 0.6, 'n_estimators': 300}",0.5834054834054835,repeated_stratified,9,4,full,sep
8,6,0.75,8,2,0.25,8,4,0.5,0.5,0.4873949579831933,0.7395833333333334,6,1,1,2,2,4,1,3,4,P21,xgb,8,"{'subsample': 1.0, 'reg_lambda': 10, 'reg_alpha': 0, 'min_child_weight': 1, 'max_depth': 16, 'learning_rate': 0.05, 'gamma': 2, 'colsample_bytree': 0.6, 'colsample_bylevel': 0.8, 'n_estimators': 300}",0.7197931697931699,repeated_stratified,0,0,full,sep
8,7,0.875,8,1,0.125,8,3,0.375,0.4583333333333333,0.41881664946680425,0.7317708333333334,7,0,1,2,1,5,2,3,3,P21,xgb,30,"{'subsample': 0.6, 'reg_lambda': 1, 'reg_alpha': 0.1, 'min_child_weight': 1, 'max_depth': 2, 'learning_rate': 0.01, 'gamma': 2, 'colsample_bytree': 0.7, 'colsample_bylevel': 0.6, 'n_estimators': 300}",0.729004329004329,repeated_stratified,0,1,full,sep
8,6,0.75,8,4,0.5,8,4,0.5,0.5833333333333334,0.584640522875817,0.6536458333333334,6,1,1,0,4,4,2,2,4,P21,xgb,27,"{'subsample': 0.8, 'reg_lambda': 1, 'reg_alpha': 0.1, 'min_child_weight': 1, 'max_depth': 4, 'learning_rate': 0.05, 'gamma': 0.5, 'colsample_bytree': 0.7, 'colsample_bylevel': 0.6, 'n_estimators': 300}",0.734030784030784,repeated_stratified,0,2,full,sep
8,6,0.75,8,2,0.25,8,3,0.375,0.4583333333333333,0.4491830065359477,0.6588541666666666,6,2,0,1,2,5,2,3,3,P21,xgb,10,"{'subsample': 0.6, 'reg_lambda': 1, 'reg_alpha': 0, 'min_child_weight': 1, 'max_depth': 2, 'learning_rate': 0.03, 'gamma': 0, 'colsample_bytree': 0.6, 'colsample_bylevel': 0.6, 'n_estimators': 300}",0.7928330928330928,repeated_stratified,0,3,full,sep
8,4,0.5,8,6,0.75,8,1,0.125,0.4583333333333333,0.4432234432234432,0.6614583333333334,4,0,4,1,6,1,0,7,1,P21,xgb,28,"{'subsample': 0.8, 'reg_lambda': 10, 'reg_alpha': 0.5, 'min_child_weight': 1, 'max_depth': 2, 'learning_rate': 0.05, 'gamma': 0.5, 'colsample_bytree': 0.7, 'colsample_bylevel': 0.8, 'n_estimators': 300}",0.7291726791726791,repeated_stratified,0,4,full,sep
8,6,0.75,8,3,0.375,8,1,0.125,0.4166666666666667,0.4005602240896358,0.6927083333333334,6,1,1,1,3,4,2,5,1,P21,xgb,25,"{'subsample': 1.0, 'reg_lambda': 5, 'reg_alpha': 0, 'min_child_weight': 1, 'max_depth': 2, 'learning_rate': 0.01, 'gamma': 0, 'colsample_bytree': 0.6, 'colsample_bylevel': 0.8, 'n_estimators': 300}",0.7428090428090428,repeated_stratified,1,0,full,sep
8,6,0.75,8,3,0.375,8,3,0.375,0.5,0.4957983193277311,0.6692708333333334,6,1,1,0,3,5,3,2,3,P21,xgb,27,"{'subsample': 1.0, 'reg_lambda': 1, 'reg_alpha': 0.5, 'min_child_weight': 1, 'max_depth': 4, 'learning_rate': 0.01, 'gamma': 0.5, 'colsample_bytree': 0.6, 'colsample_bylevel': 0.8, 'n_estimators': 300}",0.738912938912939,repeated_stratified,1,1,full,sep
8,5,0.625,8,3,0.375,8,4,0.5,0.5,0.5040849673202614,0.6432291666666666,5,1,2,2,3,3,0,4,4,P21,xgb,7,"{'subsample': 0.6, 'reg_lambda': 1, 'reg_alpha': 0.1, 'min_child_weight': 1, 'max_depth': 2, 'learning_rate': 0.01, 'gamma': 2, 'colsample_bytree': 0.7, 'colsample_bylevel': 0.6, 'n_estimators': 300}",0.7475468975468975,repeated_stratified,1,2,full,sep
8,5,0.625,8,3,0.375,8,3,0.375,0.4583333333333333,0.46103569632981395,0.703125,5,2,1,4,3,1,0,5,3,P21,xgb,23,"{'subsample': 0.8, 'reg_lambda': 3, 'reg_alpha': 0.1, 'min_child_weight': 1, 'max_depth': 2, 'learning_rate': 0.05, 'gamma': 2, 'colsample_bytree': 0.7, 'colsample_bylevel': 0.6, 'n_estimators': 300}",0.698027898027898,repeated_stratified,1,3,full,sep
8,4,0.5,8,5,0.625,8,3,0.375,0.5,0.5138888888888888,0.6145833333333334,4,2,2,0,5,3,0,5,3,P21,xgb,11,"{'subsample': 1.0, 'reg_lambda': 5, 'reg_alpha': 0.5, 'min_child_weight': 1, 'max_depth': 4, 'learning_rate': 0.05, 'gamma': 2, 'colsample_bytree': 0.6, 'colsample_bylevel': 0.6, 'n_estimators': 300}",0.737025012025012,repeated_stratified,1,4,full,sep
8,5,0.625,8,2,0.25,8,1,0.125,0.3333333333333333,0.3312091503267974,0.5572916666666666,5,1,2,2,2,4,1,6,1,P21,xgb,25,"{'subsample': 0.6, 'reg_lambda': 1, 'reg_alpha': 0.1, 'min_child_weight': 1, 'max_depth': 2, 'learning_rate': 0.01, 'gamma': 2, 'colsample_bytree': 0.7, 'colsample_bylevel': 0.6, 'n_estimators': 300}",0.7708032708032708,repeated_stratified,2,0,full,sep
8,6,0.75,8,3,0.375,8,1,0.125,0.4166666666666667,0.4120915032679739,0.6354166666666666,6,0,2,1,3,4,1,6,1,P21,xgb,27,"{'subsample': 0.8, 'reg_lambda': 1, 'reg_alpha': 0, 'min_child_weight': 1, 'max_depth': 4, 'learning_rate': 0.01, 'gamma': 0, 'colsample_bytree': 0.7, 'colsample_bylevel': 0.8, 'n_estimators': 300}",0.6994949494949495,repeated_stratified,2,1,full,sep
8,6,0.75,8,3,0.375,8,3,0.375,0.5,0.4867167919799498,0.7395833333333334,6,1,1,2,3,3,3,2,3,P21,xgb,28,"{'subsample': 0.8, 'reg_lambda': 1, 'reg_alpha': 0, 'min_child_weight': 1, 'max_depth': 4, 'learning_rate': 0.01, 'gamma': 0, 'colsample_bytree': 0.7, 'colsample_bylevel': 0.8, 'n_estimators': 300}",0.762962962962963,repeated_stratified,2,2,full,sep
8,5,0.625,8,2,0.25,8,3,0.375,0.4166666666666667,0.4459527400703871,0.6223958333333334,5,2,1,0,2,6,0,5,3,P21,xgb,27,"{'subsample': 0.8, 'reg_lambda': 10, 'reg_alpha': 0, 'min_child_weight': 1, 'max_depth': 8, 'learning_rate': 0.05, 'gamma': 0, 'colsample_bytree': 0.7, 'colsample_bylevel': 0.6, 'n_estimators': 300}",0.7369648869648872,repeated_stratified,2,3,full,sep
8,6,0.75,8,3,0.375,8,1,0.125,0.4166666666666667,0.4120915032679739,0.6328125,6,1,1,0,3,5,2,5,1,P21,xgb,27,"{'subsample': 0.8, 'reg_lambda': 1, 'reg_alpha': 0, 'min_child_weight': 1, 'max_depth': 4, 'learning_rate': 0.01, 'gamma': 0, 'colsample_bytree': 0.7, 'colsample_bylevel': 0.8, 'n_estimators': 300}",0.7193121693121692,repeated_stratified,2,4,full,sep
8,6,0.75,8,4,0.5,8,3,0.375,0.5416666666666666,0.5401960784313725,0.7630208333333334,6,1,1,1,4,3,1,4,3,P21,xgb,27,"{'subsample': 1.0, 'reg_lambda': 1, 'reg_alpha': 0.5, 'min_child_weight': 1, 'max_depth': 4, 'learning_rate': 0.01, 'gamma': 0.5, 'colsample_bytree': 0.6, 'colsample_bylevel': 0.8, 'n_estimators': 300}",0.6956709956709957,repeated_stratified,3,0,full,sep
8,5,0.625,8,3,0.375,8,3,0.375,0.4583333333333333,0.47669172932330833,0.6145833333333334,5,0,3,0,3,5,1,4,3,P21,xgb,30,"{'subsample': 0.6, 'reg_lambda': 1, 'reg_alpha': 0, 'min_child_weight': 1, 'max_depth': 2, 'learning_rate': 0.03, 'gamma': 0, 'colsample_bytree': 0.6, 'colsample_bylevel': 0.6, 'n_estimators': 300}",0.7986050986050985,repeated_stratified,3,1,full,sep
8,4,0.5,8,2,0.25,8,5,0.625,0.4583333333333333,0.44700854700854703,0.578125,4,2,2,1,2,5,2,1,5,P21,xgb,27,"{'subsample': 1.0, 'reg_lambda': 1, 'reg_alpha': 0.5, 'min_child_weight': 1, 'max_depth': 4, 'learning_rate': 0.01, 'gamma': 0.5, 'colsample_bytree': 0.6, 'colsample_bylevel': 0.8, 'n_estimators': 300}",0.806012506012506,repeated_stratified,3,2,full,sep
8,6,0.75,8,5,0.625,8,3,0.375,0.5833333333333334,0.5721468074409252,0.7395833333333334,6,1,1,2,5,1,2,3,3,P21,xgb,25,"{'subsample': 0.8, 'reg_lambda': 1, 'reg_alpha': 0.5, 'min_child_weight': 1, 'max_depth': 2, 'learning_rate': 0.01, 'gamma': 0.1, 'colsample_bytree': 0.7, 'colsample_bylevel': 0.6, 'n_estimators': 300}",0.7585858585858586,repeated_stratified,3,3,full,sep
8,5,0.625,8,6,0.75,8,3,0.375,0.5833333333333334,0.5793650793650794,0.7864583333333334,5,2,1,2,6,0,0,5,3,P21,xgb,24,"{'subsample': 1.0, 'reg_lambda': 10, 'reg_alpha': 0, 'min_child_weight': 1, 'max_depth': 16, 'learning_rate': 0.05, 'gamma': 2, 'colsample_bytree': 0.6, 'colsample_bylevel': 0.8, 'n_estimators': 300}",0.6905122655122655,repeated_stratified,3,4,full,sep
8,7,0.875,8,1,0.125,8,2,0.25,0.4166666666666667,0.3803418803418803,0.7005208333333334,7,1,0,4,1,3,1,5,2,P21,xgb,13,"{'subsample': 0.8, 'reg_lambda': 10, 'reg_alpha': 0.1, 'min_child_weight': 1, 'max_depth': 16, 'learning_rate': 0.01, 'gamma': 0.1, 'colsample_bytree': 0.6, 'colsample_bylevel': 0.6, 'n_estimators': 300}",0.711904761904762,repeated_stratified,4,0,full,sep
8,7,0.875,8,4,0.5,8,3,0.375,0.5833333333333334,0.5742296918767507,0.7083333333333334,7,1,0,1,4,3,1,4,3,P21,xgb,31,"{'subsample': 0.6, 'reg_lambda': 10, 'reg_alpha': 0.1, 'min_child_weight': 1, 'max_depth': 8, 'learning_rate': 0.03, 'gamma': 0.3, 'colsample_bytree': 0.6, 'colsample_bylevel': 0.8, 'n_estimators': 300}",0.688888888888889,repeated_stratified,4,1,full,sep
8,4,0.5,8,4,0.5,8,3,0.375,0.4583333333333333,0.45925925925925926,0.6901041666666666,4,3,1,1,4,3,2,3,3,P21,xgb,22,"{'subsample': 1.0, 'reg_lambda': 10, 'reg_alpha': 0.5, 'min_child_weight': 1, 'max_depth': 4, 'learning_rate': 0.03, 'gamma': 1, 'colsample_bytree': 0.7, 'colsample_bylevel': 0.8, 'n_estimators': 300}",0.726911976911977,repeated_stratified,4,2,full,sep
8,5,0.625,8,4,0.5,8,3,0.375,0.5,0.5222054633819341,0.6822916666666666,5,1,2,0,4,4,0,5,3,P21,xgb,8,"{'subsample': 0.8, 'reg_lambda': 1, 'reg_alpha': 0.5, 'min_child_weight': 1, 'max_depth': 2, 'learning_rate': 0.01, 'gamma': 0.1, 'colsample_bytree': 0.7, 'colsample_bylevel': 0.6, 'n_estimators': 300}",0.7366522366522367,repeated_stratified,4,3,full,sep
8,5,0.625,8,2,0.25,8,3,0.375,0.4166666666666667,0.4322472848788639,0.6145833333333334,5,1,2,0,2,6,1,4,3,P21,xgb,27,"{'subsample': 0.8, 'reg_lambda': 1, 'reg_alpha': 0.1, 'min_child_weight': 1, 'max_depth': 4, 'learning_rate': 0.05, 'gamma': 0.5, 'colsample_bytree': 0.7, 'colsample_bylevel': 0.6, 'n_estimators': 300}",0.766955266955267,repeated_stratified,4,4,full,sep
8,3,0.375,8,2,0.25,8,3,0.375,0.3333333333333333,0.33700918964076854,0.5729166666666666,3,1,4,2,2,4,1,4,3,P21,xgb,26,"{'subsample': 1.0, 'reg_lambda': 5, 'reg_alpha': 0.5, 'min_child_weight': 1, 'max_depth': 4, 'learning_rate': 0.05, 'gamma': 2, 'colsample_bytree': 0.6, 'colsample_bylevel': 0.6, 'n_estimators': 300}",0.7073112073112072,repeated_stratified,5,0,full,sep
8,6,0.75,8,2,0.25,8,5,0.625,0.5416666666666666,0.53734335839599,0.625,6,1,1,1,2,5,0,3,5,P21,xgb,28,"{'subsample': 0.8, 'reg_lambda': 10, 'reg_alpha': 0, 'min_child_weight': 1, 'max_depth': 8, 'learning_rate': 0.05, 'gamma': 0, 'colsample_bytree': 0.7, 'colsample_bylevel': 0.6, 'n_estimators': 300}",0.7169312169312171,repeated_stratified,5,1,full,sep
8,7,0.875,8,5,0.625,8,3,0.375,0.625,0.6111111111111112,0.8125,7,1,0,2,5,1,1,4,3,P21,xgb,12,"{'subsample': 0.8, 'reg_lambda': 1, 'reg_alpha': 0, 'min_child_weight': 1, 'max_depth': 8, 'learning_rate': 0.01, 'gamma': 0.3, 'colsample_bytree': 0.6, 'colsample_bylevel': 0.8, 'n_estimators': 300}",0.6752044252044253,repeated_stratified,5,2,full,sep
8,3,0.375,8,3,0.375,8,3,0.375,0.375,0.3841093117408907,0.6197916666666666,3,3,2,2,3,3,0,5,3,P21,xgb,22,"{'subsample': 1.0, 'reg_lambda': 5, 'reg_alpha': 0.5, 'min_child_weight': 1, 'max_depth': 4, 'learning_rate': 0.05, 'gamma': 2, 'colsample_bytree': 0.6, 'colsample_bylevel': 0.6, 'n_estimators': 300}",0.7547739297739299,repeated_stratified,5,3,full,sep
8,6,0.75,8,7,0.875,8,2,0.25,0.625,0.5934343434343434,0.7838541666666666,6,2,0,0,7,1,2,4,2,P21,xgb,28,"{'subsample': 0.6, 'reg_lambda': 1, 'reg_alpha': 0.1, 'min_child_weight': 1, 'max_depth': 2, 'learning_rate': 0.01, 'gamma': 2, 'colsample_bytree': 0.7, 'colsample_bylevel': 0.6, 'n_estimators': 300}",0.7145983645983646,repeated_stratified,5,4,full,sep
8,8,1.0,8,2,0.25,8,2,0.25,0.5,0.464828738512949,0.7239583333333334,8,0,0,1,2,5,2,4,2,P21,xgb,28,"{'subsample': 0.8, 'reg_lambda': 1, 'reg_alpha': 0, 'min_child_weight': 1, 'max_depth': 8, 'learning_rate': 0.01, 'gamma': 0.3, 'colsample_bytree': 0.6, 'colsample_bylevel': 0.8, 'n_estimators': 300}",0.7085377585377586,repeated_stratified,6,0,full,sep
8,6,0.75,8,4,0.5,8,0,0.0,0.4166666666666667,0.3790849673202614,0.7213541666666666,6,0,2,1,4,3,3,5,0,P21,xgb,15,"{'subsample': 0.6, 'reg_lambda': 1, 'reg_alpha': 0.1, 'min_child_weight': 1, 'max_depth': 2, 'learning_rate': 0.01, 'gamma': 2, 'colsample_bytree': 0.7, 'colsample_bylevel': 0.6, 'n_estimators': 300}",0.7011303511303512,repeated_stratified,6,1,full,sep
8,6,0.75,8,2,0.25,8,3,0.375,0.4583333333333333,0.4617647058823529,0.6770833333333334,6,2,0,2,2,4,0,5,3,P21,xgb,21,"{'subsample': 0.6, 'reg_lambda': 1, 'reg_alpha': 0.1, 'min_child_weight': 1, 'max_depth': 2, 'learning_rate': 0.01, 'gamma': 2, 'colsample_bytree': 0.7, 'colsample_bylevel': 0.6, 'n_estimators': 300}",0.7581048581048582,repeated_stratified,6,2,full,sep
8,4,0.5,8,2,0.25,8,5,0.625,0.4583333333333333,0.46068376068376066,0.6588541666666666,4,2,2,1,2,5,0,3,5,P21,xgb,5,"{'subsample': 0.8, 'reg_lambda': 10, 'reg_alpha': 0.5, 'min_child_weight': 1, 'max_depth': 8, 'learning_rate': 0.01, 'gamma': 0.3, 'colsample_bytree': 0.7, 'colsample_bylevel': 0.6, 'n_estimators': 300}",0.765079365079365,repeated_stratified,6,3,full,sep
8,6,0.75,8,7,0.875,8,2,0.25,0.625,0.6,0.6875,6,1,1,0,7,1,1,5,2,P21,xgb,30,"{'subsample': 0.8, 'reg_lambda': 1, 'reg_alpha': 0, 'min_child_weight': 1, 'max_depth': 4, 'learning_rate': 0.01, 'gamma': 0, 'colsample_bytree': 0.7, 'colsample_bylevel': 0.8, 'n_estimators': 300}",0.703968253968254,repeated_stratified,6,4,full,sep
8,5,0.625,8,4,0.5,8,3,0.375,0.5,0.49933862433862436,0.734375,5,2,1,2,4,2,1,4,3,P21,xgb,7,"{'subsample': 1.0, 'reg_lambda': 10, 'reg_alpha': 0.5, 'min_child_weight': 1, 'max_depth': 4, 'learning_rate': 0.03, 'gamma': 1, 'colsample_bytree': 0.7, 'colsample_bylevel': 0.8, 'n_estimators': 300}",0.7231120731120732,repeated_stratified,7,0,full,sep
8,4,0.5,8,4,0.5,8,5,0.625,0.5416666666666666,0.5405228758169934,0.7057291666666666,4,3,1,1,4,3,2,1,5,P21,xgb,11,"{'subsample': 0.8, 'reg_lambda': 10, 'reg_alpha': 0.5, 'min_child_weight': 1, 'max_depth': 2, 'learning_rate': 0.05, 'gamma': 0.5, 'colsample_bytree': 0.7, 'colsample_bylevel': 0.8, 'n_estimators': 300}",0.7604136604136604,repeated_stratified,7,1,full,sep
8,7,0.875,8,3,0.375,8,3,0.375,0.5416666666666666,0.525925925925926,0.7890625,7,1,0,1,3,4,2,3,3,P21,xgb,22,"{'subsample': 1.0, 'reg_lambda': 5, 'reg_alpha': 0.5, 'min_child_weight': 1, 'max_depth': 4, 'learning_rate': 0.05, 'gamma': 2, 'colsample_bytree': 0.6, 'colsample_bylevel': 0.6, 'n_estimators': 300}",0.6802910052910054,repeated_stratified,7,2,full,sep
8,5,0.625,8,3,0.375,8,2,0.25,0.4166666666666667,0.44595274007038715,0.6119791666666666,5,1,2,0,3,5,0,6,2,P21,xgb,13,"{'subsample': 0.8, 'reg_lambda': 3, 'reg_alpha': 0.1, 'min_child_weight': 1, 'max_depth': 2, 'learning_rate': 0.05, 'gamma': 2, 'colsample_bytree': 0.7, 'colsample_bylevel': 0.6, 'n_estimators': 300}",0.6928330928330929,repeated_stratified,7,3,full,sep
8,5,0.625,8,4,0.5,8,2,0.25,0.4583333333333333,0.46733500417710944,0.6067708333333334,5,1,2,1,4,3,0,6,2,P21,xgb,23,"{'subsample': 0.6, 'reg_lambda': 1, 'reg_alpha': 0.1, 'min_child_weight': 1, 'max_depth': 2, 'learning_rate': 0.01, 'gamma': 2, 'colsample_bytree': 0.7, 'colsample_bylevel': 0.6, 'n_estimators': 300}",0.7717893217893218,repeated_stratified,7,4,full,sep
8,7,0.875,8,3,0.375,8,2,0.25,0.5,0.4741854636591478,0.671875,7,0,1,2,3,3,2,4,2,P21,xgb,28,"{'subsample': 0.8, 'reg_lambda': 1, 'reg_alpha': 0, 'min_child_weight': 1, 'max_depth': 8, 'learning_rate': 0.01, 'gamma': 0.3, 'colsample_bytree': 0.6, 'colsample_bylevel': 0.8, 'n_estimators': 300}",0.7658489658489658,repeated_stratified,8,0,full,sep
8,5,0.625,8,6,0.75,8,1,0.125,0.5,0.4726143421795596,0.7552083333333334,5,2,1,1,6,1,0,7,1,P21,xgb,11,"{'subsample': 0.6, 'reg_lambda': 1, 'reg_alpha': 0.1, 'min_child_weight': 1, 'max_depth': 2, 'learning_rate': 0.01, 'gamma': 2, 'colsample_bytree': 0.7, 'colsample_bylevel': 0.6, 'n_estimators': 300}",0.7294853294853295,repeated_stratified,8,1,full,sep
8,4,0.5,8,5,0.625,8,3,0.375,0.5,0.5006613756613757,0.7369791666666666,4,1,3,1,5,2,1,4,3,P21,xgb,27,"{'subsample': 0.6, 'reg_lambda': 1, 'reg_alpha': 0.1, 'min_child_weight': 1, 'max_depth': 2, 'learning_rate': 0.01, 'gamma': 2, 'colsample_bytree': 0.7, 'colsample_bylevel': 0.6, 'n_estimators': 300}",0.7304232804232805,repeated_stratified,8,2,full,sep
8,5,0.625,8,2,0.25,8,4,0.5,0.4583333333333333,0.45925925925925926,0.6354166666666666,5,3,0,0,2,6,2,2,4,P21,xgb,10,"{'subsample': 0.8, 'reg_lambda': 10, 'reg_alpha': 0.5, 'min_child_weight': 1, 'max_depth': 2, 'learning_rate': 0.05, 'gamma': 0.5, 'colsample_bytree': 0.7, 'colsample_bylevel': 0.8, 'n_estimators': 300}",0.7432178932178933,repeated_stratified,8,3,full,sep
8,6,0.75,8,5,0.625,8,0,0.0,0.4583333333333333,0.39492753623188404,0.6484375,6,2,0,2,5,1,0,8,0,P21,xgb,9,"{'subsample': 1.0, 'reg_lambda': 10, 'reg_alpha': 0, 'min_child_weight': 1, 'max_depth': 16, 'learning_rate': 0.05, 'gamma': 2, 'colsample_bytree': 0.6, 'colsample_bylevel': 0.8, 'n_estimators': 300}",0.6912578162578162,repeated_stratified,8,4,full,sep
8,8,1.0,8,4,0.5,8,3,0.375,0.625,0.6137254901960785,0.828125,8,0,0,0,4,4,1,4,3,P21,xgb,22,"{'subsample': 0.8, 'reg_lambda': 1, 'reg_alpha': 0, 'min_child_weight': 1, 'max_depth': 4, 'learning_rate': 0.01, 'gamma': 0, 'colsample_bytree': 0.7, 'colsample_bylevel': 0.8, 'n_estimators': 300}",0.6866281866281866,repeated_stratified,9,0,full,sep
8,6,0.75,8,2,0.25,8,3,0.375,0.4583333333333333,0.4491830065359477,0.7083333333333334,6,1,1,2,2,4,1,4,3,P21,xgb,28,"{'subsample': 0.8, 'reg_lambda': 10, 'reg_alpha': 0.1, 'min_child_weight': 1, 'max_depth': 16, 'learning_rate': 0.01, 'gamma': 0.1, 'colsample_bytree': 0.6, 'colsample_bylevel': 0.6, 'n_estimators': 300}",0.7287397787397786,repeated_stratified,9,1,full,sep
8,4,0.5,8,4,0.5,8,4,0.5,0.5,0.5052910052910052,0.6458333333333334,4,1,3,1,4,3,1,3,4,P21,xgb,11,"{'subsample': 0.6, 'reg_lambda': 5, 'reg_alpha': 0.5, 'min_child_weight': 1, 'max_depth': 8, 'learning_rate': 0.03, 'gamma': 0.3, 'colsample_bytree': 0.6, 'colsample_bylevel': 0.6, 'n_estimators': 300}",0.7203463203463203,repeated_stratified,9,2,full,sep
8,5,0.625,8,3,0.375,8,3,0.375,0.4583333333333333,0.45931372549019606,0.6432291666666666,5,2,1,2,3,3,1,4,3,P21,xgb,11,"{'subsample': 1.0, 'reg_lambda': 10, 'reg_alpha': 0.5, 'min_child_weight': 1, 'max_depth': 4, 'learning_rate': 0.03, 'gamma': 1, 'colsample_bytree': 0.7, 'colsample_bylevel': 0.8, 'n_estimators': 300}",0.765885040885041,repeated_stratified,9,3,full,sep
8,4,0.5,8,3,0.375,8,3,0.375,0.4166666666666667,0.43388637506284566,0.5572916666666666,4,2,2,0,3,5,1,4,3,P21,xgb,30,"{'subsample': 0.6, 'reg_lambda': 1, 'reg_alpha': 0.1, 'min_child_weight': 1, 'max_depth': 2, 'learning_rate': 0.01, 'gamma': 2, 'colsample_bytree': 0.7, 'colsample_bylevel': 0.6, 'n_estimators': 300}",0.7915343915343915,repeated_stratified,9,4,full,sep
8,2,0.25,8,3,0.375,8,4,0.5,0.375,0.36892230576441104,0.5260416666666666,2,3,3,1,3,4,3,1,4,P22,xgb,8,"{'subsample': 1.0, 'reg_lambda': 5, 'reg_alpha': 0, 'min_child_weight': 1, 'max_depth': 2, 'learning_rate': 0.01, 'gamma': 0, 'colsample_bytree': 0.6, 'colsample_bylevel': 0.8, 'n_estimators': 300}",0.6130952380952381,repeated_stratified,0,0,full,sep
8,2,0.25,8,5,0.625,8,1,0.125,0.3333333333333333,0.31367521367521367,0.5651041666666666,2,2,4,1,5,2,2,5,1,P22,xgb,7,"{'subsample': 0.8, 'reg_lambda': 10, 'reg_alpha': 0.5, 'min_child_weight': 1, 'max_depth': 2, 'learning_rate': 0.05, 'gamma': 0.5, 'colsample_bytree': 0.7, 'colsample_bylevel': 0.8, 'n_estimators': 300}",0.5824555074555074,repeated_stratified,0,1,full,sep
8,5,0.625,8,0,0.0,8,2,0.25,0.2916666666666667,0.2404040404040404,0.4947916666666667,5,2,1,4,0,4,5,1,2,P22,xgb,12,"{'subsample': 0.6, 'reg_lambda': 10, 'reg_alpha': 0.1, 'min_child_weight': 1, 'max_depth': 8, 'learning_rate': 0.03, 'gamma': 0.3, 'colsample_bytree': 0.6, 'colsample_bylevel': 0.8, 'n_estimators': 300}",0.5896344396344396,repeated_stratified,0,2,full,sep
8,4,0.5,8,1,0.125,8,4,0.5,0.375,0.35425685425685427,0.5,4,0,4,2,1,5,2,2,4,P22,xgb,8,"{'subsample': 0.8, 'reg_lambda': 1, 'reg_alpha': 0.1, 'min_child_weight': 1, 'max_depth': 4, 'learning_rate': 0.05, 'gamma': 0.5, 'colsample_bytree': 0.7, 'colsample_bylevel': 0.6, 'n_estimators': 300}",0.5681577681577682,repeated_stratified,0,3,full,sep
8,5,0.625,8,4,0.5,8,1,0.125,0.4166666666666667,0.38413547237076645,0.5338541666666666,5,2,1,3,4,1,4,3,1,P22,xgb,7,"{'subsample': 0.8, 'reg_lambda': 10, 'reg_alpha': 0.1, 'min_child_weight': 1, 'max_depth': 16, 'learning_rate': 0.01, 'gamma': 0.1, 'colsample_bytree': 0.6, 'colsample_bylevel': 0.6, 'n_estimators': 300}",0.6222703222703223,repeated_stratified,0,4,full,sep
8,4,0.5,8,4,0.5,8,3,0.375,0.4583333333333333,0.4620915032679738,0.5859375,4,1,3,1,4,3,3,2,3,P22,xgb,8,"{'subsample': 0.8, 'reg_lambda': 5, 'reg_alpha': 0.1, 'min_child_weight': 1, 'max_depth': 8, 'learning_rate': 0.03, 'gamma': 0, 'colsample_bytree': 0.6, 'colsample_bylevel': 0.6, 'n_estimators': 300}",0.5294733044733045,repeated_stratified,1,0,full,sep
8,5,0.625,8,3,0.375,8,2,0.25,0.4166666666666667,0.41746271158035864,0.5963541666666666,5,0,3,1,3,4,4,2,2,P22,xgb,9,"{'subsample': 1.0, 'reg_lambda': 3, 'reg_alpha': 0, 'min_child_weight': 1, 'max_depth': 4, 'learning_rate': 0.01, 'gamma': 0.3, 'colsample_bytree': 0.6, 'colsample_bylevel': 0.6, 'n_estimators': 300}",0.5560004810004809,repeated_stratified,1,1,full,sep
8,4,0.5,8,2,0.25,8,3,0.375,0.375,0.373015873015873,0.4947916666666667,4,2,2,1,2,5,3,2,3,P22,xgb,8,"{'subsample': 0.8, 'reg_lambda': 1, 'reg_alpha': 0, 'min_child_weight': 1, 'max_depth': 8, 'learning_rate': 0.01, 'gamma': 0.3, 'colsample_bytree': 0.6, 'colsample_bylevel': 0.8, 'n_estimators': 300}",0.6103535353535353,repeated_stratified,1,2,full,sep
8,4,0.5,8,5,0.625,8,3,0.375,0.5,0.4959514170040486,0.609375,4,2,2,3,5,0,1,4,3,P22,xgb,10,"{'subsample': 0.8, 'reg_lambda': 10, 'reg_alpha': 0.1, 'min_child_weight': 1, 'max_depth': 16, 'learning_rate': 0.01, 'gamma': 0.1, 'colsample_bytree': 0.6, 'colsample_bylevel': 0.6, 'n_estimators': 300}",0.5819023569023569,repeated_stratified,1,3,full,sep
8,2,0.25,8,4,0.5,8,3,0.375,0.375,0.3735294117647059,0.5338541666666666,2,4,2,2,4,2,4,1,3,P22,xgb,10,"{'subsample': 0.8, 'reg_lambda': 10, 'reg_alpha': 0.5, 'min_child_weight': 1, 'max_depth': 8, 'learning_rate': 0.01, 'gamma': 0.3, 'colsample_bytree': 0.7, 'colsample_bylevel': 0.6, 'n_estimators': 300}",0.5806517556517558,repeated_stratified,1,4,full,sep
8,4,0.5,8,2,0.25,8,3,0.375,0.375,0.37323701410388715,0.5963541666666666,4,0,4,2,2,4,3,2,3,P22,xgb,9,"{'subsample': 0.8, 'reg_lambda': 10, 'reg_alpha': 0.1, 'min_child_weight': 1, 'max_depth': 16, 'learning_rate': 0.01, 'gamma': 0.1, 'colsample_bytree': 0.6, 'colsample_bylevel': 0.6, 'n_estimators': 300}",0.55513468013468,repeated_stratified,2,0,full,sep
8,5,0.625,8,3,0.375,8,2,0.25,0.4166666666666667,0.40740740740740744,0.5442708333333334,5,1,2,2,3,3,3,3,2,P22,xgb,10,"{'subsample': 1.0, 'reg_lambda': 5, 'reg_alpha': 0.5, 'min_child_weight': 1, 'max_depth': 4, 'learning_rate': 0.03, 'gamma': 0, 'colsample_bytree': 0.6, 'colsample_bylevel': 0.8, 'n_estimators': 300}",0.6091630591630592,repeated_stratified,2,1,full,sep
8,3,0.375,8,5,0.625,8,4,0.5,0.5,0.5067155067155067,0.6041666666666666,3,5,0,2,5,1,1,3,4,P22,xgb,7,"{'subsample': 1.0, 'reg_lambda': 5, 'reg_alpha': 0, 'min_child_weight': 1, 'max_depth': 2, 'learning_rate': 0.01, 'gamma': 0, 'colsample_bytree': 0.6, 'colsample_bylevel': 0.8, 'n_estimators': 300}",0.6261544011544011,repeated_stratified,2,2,full,sep
8,4,0.5,8,2,0.25,8,2,0.25,0.3333333333333333,0.33398692810457514,0.5026041666666666,4,3,1,2,2,4,2,4,2,P22,xgb,10,"{'subsample': 0.8, 'reg_lambda': 1, 'reg_alpha': 0, 'min_child_weight': 1, 'max_depth': 4, 'learning_rate': 0.01, 'gamma': 0, 'colsample_bytree': 0.7, 'colsample_bylevel': 0.8, 'n_estimators': 300}",0.6196608946608947,repeated_stratified,2,3,full,sep
8,5,0.625,8,2,0.25,8,3,0.375,0.4166666666666667,0.40401002506265665,0.5729166666666666,5,2,1,3,2,3,3,2,3,P22,xgb,9,"{'subsample': 1.0, 'reg_lambda': 3, 'reg_alpha': 0, 'min_child_weight': 1, 'max_depth': 4, 'learning_rate': 0.01, 'gamma': 0.3, 'colsample_bytree': 0.6, 'colsample_bylevel': 0.6, 'n_estimators': 300}",0.616991341991342,repeated_stratified,2,4,full,sep
8,1,0.125,8,2,0.25,8,1,0.125,0.16666666666666666,0.16494668042655658,0.453125,1,4,3,1,2,5,2,5,1,P22,xgb,10,"{'subsample': 0.8, 'reg_lambda': 10, 'reg_alpha': 0.1, 'min_child_weight': 1, 'max_depth': 16, 'learning_rate': 0.01, 'gamma': 0.1, 'colsample_bytree': 0.6, 'colsample_bylevel': 0.6, 'n_estimators': 300}",0.587085137085137,repeated_stratified,3,0,full,sep
8,5,0.625,8,3,0.375,8,4,0.5,0.5,0.4947089947089947,0.5442708333333334,5,1,2,3,3,2,2,2,4,P22,xgb,8,"{'subsample': 0.8, 'reg_lambda': 1, 'reg_alpha': 0.1, 'min_child_weight': 1, 'max_depth': 4, 'learning_rate': 0.05, 'gamma': 0.5, 'colsample_bytree': 0.7, 'colsample_bylevel': 0.6, 'n_estimators': 300}",0.583104858104858,repeated_stratified,3,1,full,sep
8,5,0.625,8,3,0.375,8,3,0.375,0.4583333333333333,0.45384615384615384,0.6796875,5,3,0,3,3,2,4,1,3,P22,xgb,8,"{'subsample': 1.0, 'reg_lambda': 3, 'reg_alpha': 0.5, 'min_child_weight': 1, 'max_depth': 2, 'learning_rate': 0.05, 'gamma': 0, 'colsample_bytree': 0.7, 'colsample_bylevel': 0.8, 'n_estimators': 300}",0.5474025974025974,repeated_stratified,3,2,full,sep
8,5,0.625,8,5,0.625,8,1,0.125,0.4583333333333333,0.4365079365079365,0.6432291666666666,5,1,2,2,5,1,0,7,1,P22,xgb,10,"{'subsample': 1.0, 'reg_lambda': 3, 'reg_alpha': 0, 'min_child_weight': 1, 'max_depth': 4, 'learning_rate': 0.01, 'gamma': 0.3, 'colsample_bytree': 0.6, 'colsample_bylevel': 0.6, 'n_estimators': 300}",0.5347763347763349,repeated_stratified,3,3,full,sep
8,5,0.625,8,3,0.375,8,2,0.25,0.4166666666666667,0.40542328042328046,0.5729166666666666,5,2,1,2,3,3,3,3,2,P22,xgb,7,"{'subsample': 1.0, 'reg_lambda': 5, 'reg_alpha': 0.1, 'min_child_weight': 1, 'max_depth': 8, 'learning_rate': 0.03, 'gamma': 0.1, 'colsample_bytree': 0.7, 'colsample_bylevel': 0.8, 'n_estimators': 300}",0.576058201058201,repeated_stratified,3,4,full,sep
8,6,0.75,8,5,0.625,8,3,0.375,0.5833333333333334,0.5727058029689608,0.7135416666666666,6,1,1,2,5,1,3,2,3,P22,xgb,7,"{'subsample': 0.8, 'reg_lambda': 10, 'reg_alpha': 0.1, 'min_child_weight': 1, 'max_depth': 16, 'learning_rate': 0.01, 'gamma': 0.1, 'colsample_bytree': 0.6, 'colsample_bylevel': 0.6, 'n_estimators': 300}",0.5523929773929774,repeated_stratified,4,0,full,sep
8,4,0.5,8,4,0.5,8,2,0.25,0.4166666666666667,0.42881241565452094,0.6692708333333334,4,2,2,0,4,4,1,5,2,P22,xgb,8,"{'subsample': 0.8, 'reg_lambda': 10, 'reg_alpha': 0.1, 'min_child_weight': 1, 'max_depth': 16, 'learning_rate': 0.01, 'gamma': 0.1, 'colsample_bytree': 0.6, 'colsample_bylevel': 0.6, 'n_estimators': 300}",0.5029581529581529,repeated_stratified,4,1,full,sep
8,5,0.625,8,2,0.25,8,1,0.125,0.3333333333333333,0.3055555555555555,0.5494791666666666,5,3,0,3,2,3,4,3,1,P22,xgb,10,"{'subsample': 1.0, 'reg_lambda': 3, 'reg_alpha': 0.5, 'min_child_weight': 1, 'max_depth': 2, 'learning_rate': 0.05, 'gamma': 0, 'colsample_bytree': 0.7, 'colsample_bylevel': 0.8, 'n_estimators': 300}",0.5512506012506012,repeated_stratified,4,2,full,sep
8,4,0.5,8,2,0.25,8,2,0.25,0.3333333333333333,0.33053221288515405,0.5286458333333334,4,1,3,2,2,4,3,3,2,P22,xgb,8,"{'subsample': 0.8, 'reg_lambda': 10, 'reg_alpha': 0.1, 'min_child_weight': 1, 'max_depth': 16, 'learning_rate': 0.01, 'gamma': 0.1, 'colsample_bytree': 0.6, 'colsample_bylevel': 0.6, 'n_estimators': 300}",0.6095478595478595,repeated_stratified,4,3,full,sep
8,3,0.375,8,6,0.75,8,2,0.25,0.4583333333333333,0.4424333836098542,0.6041666666666666,3,2,3,2,6,0,4,2,2,P22,xgb,11,"{'subsample': 0.8, 'reg_lambda': 10, 'reg_alpha': 0.1, 'min_child_weight': 1, 'max_depth': 16, 'learning_rate': 0.01, 'gamma': 0.1, 'colsample_bytree': 0.6, 'colsample_bylevel': 0.6, 'n_estimators': 300}",0.5052308802308803,repeated_stratified,4,4,full,sep
8,2,0.25,8,3,0.375,8,3,0.375,0.3333333333333333,0.33885918003565063,0.5963541666666666,2,2,4,0,3,5,1,4,3,P22,xgb,10,"{'subsample': 0.6, 'reg_lambda': 5, 'reg_alpha': 0, 'min_child_weight': 1, 'max_depth': 2, 'learning_rate': 0.01, 'gamma': 0.3, 'colsample_bytree': 0.7, 'colsample_bylevel': 0.6, 'n_estimators': 300}",0.5764670514670515,repeated_stratified,5,0,full,sep
8,4,0.5,8,2,0.25,8,1,0.125,0.2916666666666667,0.272005772005772,0.5130208333333334,4,2,2,5,2,1,5,2,1,P22,xgb,8,"{'subsample': 1.0, 'reg_lambda': 5, 'reg_alpha': 0, 'min_child_weight': 1, 'max_depth': 2, 'learning_rate': 0.01, 'gamma': 0, 'colsample_bytree': 0.6, 'colsample_bylevel': 0.8, 'n_estimators': 300}",0.5506253006253007,repeated_stratified,5,1,full,sep
8,1,0.125,8,4,0.5,8,4,0.5,0.375,0.3508021390374331,0.484375,1,5,2,1,4,3,1,3,4,P22,xgb,7,"{'subsample': 0.8, 'reg_lambda': 10, 'reg_alpha': 0.1, 'min_child_weight': 1, 'max_depth': 16, 'learning_rate': 0.01, 'gamma': 0.1, 'colsample_bytree': 0.6, 'colsample_bylevel': 0.6, 'n_estimators': 300}",0.5627585377585377,repeated_stratified,5,2,full,sep
8,7,0.875,8,1,0.125,8,1,0.125,0.375,0.3222222222222222,0.4583333333333333,7,0,1,2,1,5,4,3,1,P22,xgb,11,"{'subsample': 0.8, 'reg_lambda': 5, 'reg_alpha': 0.1, 'min_child_weight': 1, 'max_depth': 8, 'learning_rate': 0.03, 'gamma': 0, 'colsample_bytree': 0.6, 'colsample_bylevel': 0.6, 'n_estimators': 300}",0.6296897546897546,repeated_stratified,5,3,full,sep
8,5,0.625,8,3,0.375,8,4,0.5,0.5,0.4962962962962963,0.53125,5,2,1,3,3,2,2,2,4,P22,xgb,9,"{'subsample': 0.8, 'reg_lambda': 10, 'reg_alpha': 0, 'min_child_weight': 1, 'max_depth': 8, 'learning_rate': 0.05, 'gamma': 0, 'colsample_bytree': 0.7, 'colsample_bylevel': 0.6, 'n_estimators': 300}",0.6725829725829726,repeated_stratified,5,4,full,sep
8,4,0.5,8,7,0.875,8,3,0.375,0.5833333333333334,0.5666666666666667,0.6484375,4,3,1,1,7,0,2,3,3,P22,xgb,8,"{'subsample': 0.8, 'reg_lambda': 10, 'reg_alpha': 0.5, 'min_child_weight': 1, 'max_depth': 8, 'learning_rate': 0.01, 'gamma': 0.3, 'colsample_bytree': 0.7, 'colsample_bylevel': 0.6, 'n_estimators': 300}",0.5534151034151034,repeated_stratified,6,0,full,sep
8,6,0.75,8,1,0.125,8,4,0.5,0.4583333333333333,0.4192805245436824,0.5859375,6,1,1,2,1,5,3,1,4,P22,xgb,11,"{'subsample': 0.8, 'reg_lambda': 10, 'reg_alpha': 0.1, 'min_child_weight': 1, 'max_depth': 16, 'learning_rate': 0.01, 'gamma': 0.1, 'colsample_bytree': 0.6, 'colsample_bylevel': 0.6, 'n_estimators': 300}",0.6036315536315536,repeated_stratified,6,1,full,sep
8,2,0.25,8,2,0.25,8,3,0.375,0.2916666666666667,0.289390142021721,0.5338541666666666,2,2,4,2,2,4,3,2,3,P22,xgb,8,"{'subsample': 0.6, 'reg_lambda': 3, 'reg_alpha': 0.1, 'min_child_weight': 1, 'max_depth': 2, 'learning_rate': 0.05, 'gamma': 0, 'colsample_bytree': 0.7, 'colsample_bylevel': 0.6, 'n_estimators': 300}",0.5651034151034152,repeated_stratified,6,2,full,sep
8,6,0.75,8,5,0.625,8,2,0.25,0.5416666666666666,0.5188729399255715,0.59375,6,2,0,2,5,1,2,4,2,P22,xgb,8,"{'subsample': 0.6, 'reg_lambda': 3, 'reg_alpha': 0.1, 'min_child_weight': 1, 'max_depth': 8, 'learning_rate': 0.05, 'gamma': 0, 'colsample_bytree': 0.7, 'colsample_bylevel': 0.8, 'n_estimators': 300}",0.543987493987494,repeated_stratified,6,3,full,sep
8,4,0.5,8,2,0.25,8,2,0.25,0.3333333333333333,0.3315295815295815,0.5755208333333334,4,1,3,3,2,3,6,0,2,P22,xgb,9,"{'subsample': 0.8, 'reg_lambda': 10, 'reg_alpha': 0.1, 'min_child_weight': 1, 'max_depth': 16, 'learning_rate': 0.01, 'gamma': 0.1, 'colsample_bytree': 0.6, 'colsample_bylevel': 0.6, 'n_estimators': 300}",0.5598484848484848,repeated_stratified,6,4,full,sep
8,7,0.875,8,2,0.25,8,2,0.25,0.4583333333333333,0.41657376439985133,0.5260416666666666,7,1,0,4,2,2,4,2,2,P22,xgb,8,"{'subsample': 1.0, 'reg_lambda': 3, 'reg_alpha': 0.5, 'min_child_weight': 1, 'max_depth': 2, 'learning_rate': 0.05, 'gamma': 0, 'colsample_bytree': 0.7, 'colsample_bylevel': 0.8, 'n_estimators': 300}",0.5624458874458873,repeated_stratified,7,0,full,sep
8,4,0.5,8,2,0.25,8,2,0.25,0.3333333333333333,0.3277777777777778,0.5104166666666666,4,1,3,3,2,3,5,1,2,P22,xgb,8,"{'subsample': 0.8, 'reg_lambda': 1, 'reg_alpha': 0.1, 'min_child_weight': 1, 'max_depth': 4, 'learning_rate': 0.05, 'gamma': 0.5, 'colsample_bytree': 0.7, 'colsample_bylevel': 0.6, 'n_estimators': 300}",0.6284030784030784,repeated_stratified,7,1,full,sep
8,5,0.625,8,2,0.25,8,4,0.5,0.4583333333333333,0.45408496732026143,0.5807291666666666,5,1,2,3,2,3,0,4,4,P22,xgb,10,"{'subsample': 1.0, 'reg_lambda': 3, 'reg_alpha': 0, 'min_child_weight': 1, 'max_depth': 4, 'learning_rate': 0.01, 'gamma': 0.3, 'colsample_bytree': 0.6, 'colsample_bylevel': 0.6, 'n_estimators': 300}",0.5843073593073593,repeated_stratified,7,2,full,sep
8,1,0.125,8,2,0.25,8,4,0.5,0.2916666666666667,0.27070707070707073,0.4661458333333333,1,2,5,1,2,5,1,3,4,P22,xgb,8,"{'subsample': 0.8, 'reg_lambda': 1, 'reg_alpha': 0, 'min_child_weight': 1, 'max_depth': 4, 'learning_rate': 0.01, 'gamma': 0, 'colsample_bytree': 0.7, 'colsample_bylevel': 0.8, 'n_estimators': 300}",0.6422558922558923,repeated_stratified,7,3,full,sep
8,4,0.5,8,4,0.5,8,4,0.5,0.5,0.5013071895424837,0.6067708333333334,4,2,2,1,4,3,3,1,4,P22,xgb,10,"{'subsample': 1.0, 'reg_lambda': 5, 'reg_alpha': 0, 'min_child_weight': 1, 'max_depth': 2, 'learning_rate': 0.01, 'gamma': 0, 'colsample_bytree': 0.6, 'colsample_bylevel': 0.8, 'n_estimators': 300}",0.5433381433381435,repeated_stratified,7,4,full,sep
8,4,0.5,8,4,0.5,8,1,0.125,0.375,0.35185185185185186,0.5130208333333334,4,2,2,3,4,1,3,4,1,P22,xgb,11,"{'subsample': 1.0, 'reg_lambda': 3, 'reg_alpha': 0, 'min_child_weight': 1, 'max_depth': 4, 'learning_rate': 0.01, 'gamma': 0.3, 'colsample_bytree': 0.6, 'colsample_bylevel': 0.6, 'n_estimators': 300}",0.6068422318422318,repeated_stratified,8,0,full,sep
8,3,0.375,8,4,0.5,8,3,0.375,0.4166666666666667,0.4222222222222222,0.5598958333333334,3,2,3,3,4,1,4,1,3,P22,xgb,8,"{'subsample': 0.6, 'reg_lambda': 3, 'reg_alpha': 0.1, 'min_child_weight': 1, 'max_depth': 2, 'learning_rate': 0.05, 'gamma': 0, 'colsample_bytree': 0.7, 'colsample_bylevel': 0.6, 'n_estimators': 300}",0.6198412698412699,repeated_stratified,8,1,full,sep
8,4,0.5,8,4,0.5,8,3,0.375,0.4583333333333333,0.4583333333333333,0.6067708333333334,4,2,2,1,4,3,3,2,3,P22,xgb,10,"{'subsample': 1.0, 'reg_lambda': 3, 'reg_alpha': 0.5, 'min_child_weight': 1, 'max_depth': 2, 'learning_rate': 0.05, 'gamma': 0, 'colsample_bytree': 0.7, 'colsample_bylevel': 0.8, 'n_estimators': 300}",0.572895622895623,repeated_stratified,8,2,full,sep
8,5,0.625,8,2,0.25,8,5,0.625,0.5,0.4873949579831933,0.6588541666666666,5,3,0,2,2,4,2,1,5,P22,xgb,8,"{'subsample': 0.8, 'reg_lambda': 10, 'reg_alpha': 0.1, 'min_child_weight': 1, 'max_depth': 16, 'learning_rate': 0.01, 'gamma': 0.1, 'colsample_bytree': 0.6, 'colsample_bylevel': 0.6, 'n_estimators': 300}",0.5364117364117365,repeated_stratified,8,3,full,sep
8,4,0.5,8,2,0.25,8,2,0.25,0.3333333333333333,0.33053221288515405,0.4895833333333333,4,2,2,1,2,5,4,2,2,P22,xgb,8,"{'subsample': 0.8, 'reg_lambda': 10, 'reg_alpha': 0.1, 'min_child_weight': 1, 'max_depth': 16, 'learning_rate': 0.01, 'gamma': 0.1, 'colsample_bytree': 0.6, 'colsample_bylevel': 0.6, 'n_estimators': 300}",0.6205507455507456,repeated_stratified,8,4,full,sep
8,8,1.0,8,0,0.0,8,0,0.0,0.3333333333333333,0.16666666666666666,0.5,8,0,0,8,0,0,8,0,0,P22,xgb,9,"{'subsample': 1.0, 'reg_lambda': 10, 'reg_alpha': 0, 'min_child_weight': 1, 'max_depth': 16, 'learning_rate': 0.05, 'gamma': 2, 'colsample_bytree': 0.6, 'colsample_bylevel': 0.8, 'n_estimators': 300}",0.5,repeated_stratified,9,0,full,sep
8,5,0.625,8,4,0.5,8,3,0.375,0.5,0.4957983193277311,0.5963541666666666,5,1,2,3,4,1,1,4,3,P22,xgb,8,"{'subsample': 0.8, 'reg_lambda': 1, 'reg_alpha': 0, 'min_child_weight': 1, 'max_depth': 4, 'learning_rate': 0.01, 'gamma': 0, 'colsample_bytree': 0.7, 'colsample_bylevel': 0.8, 'n_estimators': 300}",0.5727392977392977,repeated_stratified,9,1,full,sep
8,1,0.125,8,2,0.25,8,2,0.25,0.20833333333333334,0.21440620782726047,0.375,1,2,5,2,2,4,5,1,2,P22,xgb,5,"{'subsample': 1.0, 'reg_lambda': 10, 'reg_alpha': 0.1, 'min_child_weight': 1, 'max_depth': 2, 'learning_rate': 0.03, 'gamma': 0.3, 'colsample_bytree': 0.6, 'colsample_bylevel': 0.6, 'n_estimators': 300}",0.6509499759499761,repeated_stratified,9,2,full,sep
8,1,0.125,8,4,0.5,8,2,0.25,0.2916666666666667,0.277861571979219,0.4895833333333333,1,2,5,2,4,2,2,4,2,P22,xgb,8,"{'subsample': 0.8, 'reg_lambda': 1, 'reg_alpha': 0.1, 'min_child_weight': 1, 'max_depth': 4, 'learning_rate': 0.05, 'gamma': 0.5, 'colsample_bytree': 0.7, 'colsample_bylevel': 0.6, 'n_estimators': 300}",0.6324074074074074,repeated_stratified,9,3,full,sep
8,4,0.5,8,2,0.25,8,2,0.25,0.3333333333333333,0.32914362326127033,0.4635416666666667,4,2,2,1,2,5,5,1,2,P22,xgb,8,"{'subsample': 0.8, 'reg_lambda': 3, 'reg_alpha': 0.1, 'min_child_weight': 1, 'max_depth': 2, 'learning_rate': 0.05, 'gamma': 2, 'colsample_bytree': 0.7, 'colsample_bylevel': 0.6, 'n_estimators': 300}",0.6023088023088022,repeated_stratified,9,4,full,sep
8,7,0.875,8,3,0.375,8,3,0.375,0.5416666666666666,0.5218045112781955,0.7682291666666666,7,1,0,2,3,3,2,3,3,P23,xgb,21,"{'subsample': 1.0, 'reg_lambda': 1, 'reg_alpha': 0.5, 'min_child_weight': 1, 'max_depth': 4, 'learning_rate': 0.01, 'gamma': 0.5, 'colsample_bytree': 0.6, 'colsample_bylevel': 0.8, 'n_estimators': 300}",0.7507455507455507,repeated_stratified,0,0,full,sep
8,6,0.75,8,2,0.25,8,3,0.375,0.4583333333333333,0.46716791979949884,0.6796875,6,0,2,0,2,6,1,4,3,P23,xgb,30,"{'subsample': 1.0, 'reg_lambda': 5, 'reg_alpha': 0.1, 'min_child_weight': 1, 'max_depth': 8, 'learning_rate': 0.03, 'gamma': 0.1, 'colsample_bytree': 0.7, 'colsample_bylevel': 0.8, 'n_estimators': 300}",0.7925444925444927,repeated_stratified,0,1,full,sep
8,5,0.625,8,4,0.5,8,4,0.5,0.5416666666666666,0.5429738562091503,0.7526041666666666,5,2,1,2,4,2,1,3,4,P23,xgb,29,"{'subsample': 0.6, 'reg_lambda': 3, 'reg_alpha': 0.1, 'min_child_weight': 1, 'max_depth': 2, 'learning_rate': 0.05, 'gamma': 0, 'colsample_bytree': 0.7, 'colsample_bylevel': 0.6, 'n_estimators': 300}",0.7521164021164021,repeated_stratified,0,2,full,sep
8,5,0.625,8,4,0.5,8,3,0.375,0.5,0.5222054633819341,0.7291666666666666,5,1,2,0,4,4,0,5,3,P23,xgb,30,"{'subsample': 0.6, 'reg_lambda': 1, 'reg_alpha': 0, 'min_child_weight': 1, 'max_depth': 2, 'learning_rate': 0.03, 'gamma': 0, 'colsample_bytree': 0.6, 'colsample_bylevel': 0.6, 'n_estimators': 300}",0.7135642135642136,repeated_stratified,0,3,full,sep
8,8,1.0,8,0,0.0,8,3,0.375,0.4583333333333333,0.3843137254901961,0.7760416666666666,8,0,0,2,0,6,2,3,3,P23,xgb,29,"{'subsample': 0.8, 'reg_lambda': 1, 'reg_alpha': 0.5, 'min_child_weight': 1, 'max_depth': 2, 'learning_rate': 0.01, 'gamma': 0.1, 'colsample_bytree': 0.7, 'colsample_bylevel': 0.6, 'n_estimators': 300}",0.7861712361712362,repeated_stratified,0,4,full,sep
8,6,0.75,8,5,0.625,8,3,0.375,0.5833333333333334,0.5849624060150377,0.796875,6,1,1,1,5,2,0,5,3,P23,xgb,29,"{'subsample': 1.0, 'reg_lambda': 5, 'reg_alpha': 0.1, 'min_child_weight': 1, 'max_depth': 8, 'learning_rate': 0.03, 'gamma': 0.1, 'colsample_bytree': 0.7, 'colsample_bylevel': 0.8, 'n_estimators': 300}",0.7543049543049541,repeated_stratified,1,0,full,sep
8,6,0.75,8,5,0.625,8,1,0.125,0.5,0.4582668793195109,0.78125,6,2,0,1,5,2,3,4,1,P23,xgb,11,"{'subsample': 1.0, 'reg_lambda': 3, 'reg_alpha': 0, 'min_child_weight': 1, 'max_depth': 4, 'learning_rate': 0.01, 'gamma': 0.3, 'colsample_bytree': 0.6, 'colsample_bylevel': 0.6, 'n_estimators': 300}",0.7338383838383837,repeated_stratified,1,1,full,sep
8,6,0.75,8,3,0.375,8,5,0.625,0.5833333333333334,0.5773993808049536,0.7838541666666666,6,0,2,1,3,4,2,1,5,P23,xgb,16,"{'subsample': 1.0, 'reg_lambda': 3, 'reg_alpha': 0, 'min_child_weight': 1, 'max_depth': 4, 'learning_rate': 0.01, 'gamma': 0.3, 'colsample_bytree': 0.6, 'colsample_bylevel': 0.6, 'n_estimators': 300}",0.7727032227032226,repeated_stratified,1,2,full,sep
8,6,0.75,8,3,0.375,8,4,0.5,0.5416666666666666,0.5449974861739567,0.7578125,6,2,0,4,3,1,0,4,4,P23,xgb,14,"{'subsample': 0.6, 'reg_lambda': 3, 'reg_alpha': 0.1, 'min_child_weight': 1, 'max_depth': 8, 'learning_rate': 0.05, 'gamma': 0, 'colsample_bytree': 0.7, 'colsample_bylevel': 0.8, 'n_estimators': 300}",0.7950937950937952,repeated_stratified,1,3,full,sep
8,5,0.625,8,3,0.375,8,1,0.125,0.375,0.36134453781512604,0.6640625,5,2,1,1,3,4,3,4,1,P23,xgb,30,"{'subsample': 0.8, 'reg_lambda': 10, 'reg_alpha': 0.5, 'min_child_weight': 1, 'max_depth': 8, 'learning_rate': 0.01, 'gamma': 0.3, 'colsample_bytree': 0.7, 'colsample_bylevel': 0.6, 'n_estimators': 300}",0.7346320346320346,repeated_stratified,1,4,full,sep
8,7,0.875,8,3,0.375,8,3,0.375,0.5416666666666666,0.5426470588235294,0.8072916666666666,7,1,0,1,3,4,0,5,3,P23,xgb,11,"{'subsample': 1.0, 'reg_lambda': 3, 'reg_alpha': 0, 'min_child_weight': 1, 'max_depth': 4, 'learning_rate': 0.01, 'gamma': 0.3, 'colsample_bytree': 0.6, 'colsample_bylevel': 0.6, 'n_estimators': 300}",0.7745791245791246,repeated_stratified,2,0,full,sep
8,7,0.875,8,5,0.625,8,5,0.625,0.7083333333333334,0.7050653594771242,0.8203125,7,0,1,1,5,2,1,2,5,P23,xgb,29,"{'subsample': 1.0, 'reg_lambda': 5, 'reg_alpha': 0, 'min_child_weight': 1, 'max_depth': 2, 'learning_rate': 0.01, 'gamma': 0, 'colsample_bytree': 0.6, 'colsample_bylevel': 0.8, 'n_estimators': 300}",0.6782828282828283,repeated_stratified,2,1,full,sep
8,7,0.875,8,2,0.25,8,1,0.125,0.4166666666666667,0.37777777777777777,0.6380208333333334,7,0,1,1,2,5,5,2,1,P23,xgb,29,"{'subsample': 0.8, 'reg_lambda': 10, 'reg_alpha': 0.1, 'min_child_weight': 1, 'max_depth': 16, 'learning_rate': 0.01, 'gamma': 0.1, 'colsample_bytree': 0.6, 'colsample_bylevel': 0.6, 'n_estimators': 300}",0.7271284271284272,repeated_stratified,2,2,full,sep
8,4,0.5,8,3,0.375,8,2,0.25,0.375,0.37777777777777777,0.6458333333333334,4,2,2,2,3,3,1,5,2,P23,xgb,29,"{'subsample': 1.0, 'reg_lambda': 1, 'reg_alpha': 0.5, 'min_child_weight': 1, 'max_depth': 4, 'learning_rate': 0.01, 'gamma': 0.5, 'colsample_bytree': 0.6, 'colsample_bylevel': 0.8, 'n_estimators': 300}",0.7780423280423281,repeated_stratified,2,3,full,sep
8,7,0.875,8,2,0.25,8,2,0.25,0.4583333333333333,0.4467320261437908,0.7083333333333334,7,1,0,1,2,5,1,5,2,P23,xgb,29,"{'subsample': 0.6, 'reg_lambda': 1, 'reg_alpha': 0, 'min_child_weight': 1, 'max_depth': 2, 'learning_rate': 0.03, 'gamma': 0, 'colsample_bytree': 0.6, 'colsample_bylevel': 0.6, 'n_estimators': 300}",0.7930976430976431,repeated_stratified,2,4,full,sep
8,4,0.5,8,2,0.25,8,4,0.5,0.4166666666666667,0.4360650243003184,0.6822916666666666,4,4,0,1,2,5,0,4,4,P23,xgb,12,"{'subsample': 1.0, 'reg_lambda': 3, 'reg_alpha': 0.5, 'min_child_weight': 1, 'max_depth': 2, 'learning_rate': 0.05, 'gamma': 0, 'colsample_bytree': 0.7, 'colsample_bylevel': 0.8, 'n_estimators': 300}",0.7673400673400673,repeated_stratified,3,0,full,sep
8,7,0.875,8,1,0.125,8,2,0.25,0.4166666666666667,0.3821219715956558,0.7109375,7,1,0,2,1,5,2,4,2,P23,xgb,29,"{'subsample': 0.8, 'reg_lambda': 10, 'reg_alpha': 0.5, 'min_child_weight': 1, 'max_depth': 2, 'learning_rate': 0.05, 'gamma': 0.5, 'colsample_bytree': 0.7, 'colsample_bylevel': 0.8, 'n_estimators': 300}",0.7519240019240018,repeated_stratified,3,1,full,sep
8,6,0.75,8,3,0.375,8,2,0.25,0.4583333333333333,0.43809041835357626,0.71875,6,1,1,3,3,2,2,4,2,P23,xgb,12,"{'subsample': 1.0, 'reg_lambda': 5, 'reg_alpha': 0.5, 'min_child_weight': 1, 'max_depth': 4, 'learning_rate': 0.05, 'gamma': 2, 'colsample_bytree': 0.6, 'colsample_bylevel': 0.6, 'n_estimators': 300}",0.7493025493025494,repeated_stratified,3,2,full,sep
8,5,0.625,8,2,0.25,8,6,0.75,0.5416666666666666,0.5200216450216449,0.7291666666666666,5,1,2,1,2,5,2,0,6,P23,xgb,29,"{'subsample': 0.8, 'reg_lambda': 5, 'reg_alpha': 0.1, 'min_child_weight': 1, 'max_depth': 8, 'learning_rate': 0.03, 'gamma': 0, 'colsample_bytree': 0.6, 'colsample_bylevel': 0.6, 'n_estimators': 300}",0.7375901875901875,repeated_stratified,3,3,full,sep
8,7,0.875,8,2,0.25,8,3,0.375,0.5,0.4794973544973545,0.7916666666666666,7,1,0,1,2,5,2,3,3,P23,xgb,28,"{'subsample': 1.0, 'reg_lambda': 5, 'reg_alpha': 0, 'min_child_weight': 1, 'max_depth': 2, 'learning_rate': 0.01, 'gamma': 0, 'colsample_bytree': 0.6, 'colsample_bylevel': 0.8, 'n_estimators': 300}",0.7706589706589706,repeated_stratified,3,4,full,sep
8,7,0.875,8,4,0.5,8,3,0.375,0.5833333333333334,0.5662489557226399,0.7552083333333334,7,0,1,2,4,2,2,3,3,P23,xgb,15,"{'subsample': 1.0, 'reg_lambda': 5, 'reg_alpha': 0.5, 'min_child_weight': 1, 'max_depth': 4, 'learning_rate': 0.05, 'gamma': 2, 'colsample_bytree': 0.6, 'colsample_bylevel': 0.6, 'n_estimators': 300}",0.7726671476671477,repeated_stratified,4,0,full,sep
8,5,0.625,8,3,0.375,8,7,0.875,0.625,0.6223776223776224,0.8255208333333334,5,1,2,0,3,5,0,1,7,P23,xgb,28,"{'subsample': 0.8, 'reg_lambda': 1, 'reg_alpha': 0.5, 'min_child_weight': 1, 'max_depth': 2, 'learning_rate': 0.01, 'gamma': 0.1, 'colsample_bytree': 0.7, 'colsample_bylevel': 0.6, 'n_estimators': 300}",0.7431216931216932,repeated_stratified,4,1,full,sep
8,6,0.75,8,0,0.0,8,2,0.25,0.3333333333333333,0.28438228438228436,0.6822916666666666,6,1,1,6,0,2,2,4,2,P23,xgb,28,"{'subsample': 1.0, 'reg_lambda': 3, 'reg_alpha': 0, 'min_child_weight': 1, 'max_depth': 4, 'learning_rate': 0.01, 'gamma': 0.3, 'colsample_bytree': 0.6, 'colsample_bylevel': 0.6, 'n_estimators': 300}",0.817965367965368,repeated_stratified,4,2,full,sep
8,7,0.875,8,4,0.5,8,2,0.25,0.5416666666666666,0.526610644257703,0.765625,7,1,0,0,4,4,2,4,2,P23,xgb,29,"{'subsample': 0.8, 'reg_lambda': 3, 'reg_alpha': 0.1, 'min_child_weight': 1, 'max_depth': 2, 'learning_rate': 0.03, 'gamma': 1, 'colsample_bytree': 0.6, 'colsample_bylevel': 0.6, 'n_estimators': 300}",0.7371813371813372,repeated_stratified,4,3,full,sep
8,4,0.5,8,4,0.5,8,4,0.5,0.5,0.5052910052910052,0.7135416666666666,4,2,2,2,4,2,0,4,4,P23,xgb,29,"{'subsample': 0.6, 'reg_lambda': 10, 'reg_alpha': 0.1, 'min_child_weight': 1, 'max_depth': 8, 'learning_rate': 0.03, 'gamma': 0.3, 'colsample_bytree': 0.6, 'colsample_bylevel': 0.8, 'n_estimators': 300}",0.7328282828282829,repeated_stratified,4,4,full,sep
8,4,0.5,8,4,0.5,8,2,0.25,0.4166666666666667,0.4148148148148148,0.7447916666666666,4,2,2,1,4,3,2,4,2,P23,xgb,10,"{'subsample': 0.8, 'reg_lambda': 10, 'reg_alpha': 0.1, 'min_child_weight': 1, 'max_depth': 16, 'learning_rate': 0.01, 'gamma': 0.1, 'colsample_bytree': 0.6, 'colsample_bylevel': 0.6, 'n_estimators': 300}",0.7813131313131314,repeated_stratified,5,0,full,sep
8,8,1.0,8,3,0.375,8,3,0.375,0.5833333333333334,0.5523809523809524,0.765625,8,0,0,2,3,3,2,3,3,P23,xgb,23,"{'subsample': 1.0, 'reg_lambda': 5, 'reg_alpha': 0, 'min_child_weight': 1, 'max_depth': 2, 'learning_rate': 0.01, 'gamma': 0, 'colsample_bytree': 0.6, 'colsample_bylevel': 0.8, 'n_estimators': 300}",0.7442279942279942,repeated_stratified,5,1,full,sep
8,5,0.625,8,3,0.375,8,5,0.625,0.5416666666666666,0.5476190476190476,0.7786458333333334,5,0,3,1,3,4,0,3,5,P23,xgb,13,"{'subsample': 0.8, 'reg_lambda': 10, 'reg_alpha': 0, 'min_child_weight': 1, 'max_depth': 4, 'learning_rate': 0.03, 'gamma': 0, 'colsample_bytree': 0.6, 'colsample_bylevel': 0.8, 'n_estimators': 300}",0.7755651755651755,repeated_stratified,5,2,full,sep
8,5,0.625,8,4,0.5,8,4,0.5,0.5416666666666666,0.5416666666666666,0.7578125,5,2,1,1,4,3,2,2,4,P23,xgb,12,"{'subsample': 0.8, 'reg_lambda': 10, 'reg_alpha': 0, 'min_child_weight': 1, 'max_depth': 4, 'learning_rate': 0.03, 'gamma': 0, 'colsample_bytree': 0.6, 'colsample_bylevel': 0.8, 'n_estimators': 300}",0.748845598845599,repeated_stratified,5,3,full,sep
8,7,0.875,8,4,0.5,8,4,0.5,0.625,0.6263071895424837,0.7916666666666666,7,1,0,1,4,3,0,4,4,P23,xgb,13,"{'subsample': 0.8, 'reg_lambda': 1, 'reg_alpha': 0, 'min_child_weight': 1, 'max_depth': 8, 'learning_rate': 0.01, 'gamma': 0.3, 'colsample_bytree': 0.6, 'colsample_bylevel': 0.8, 'n_estimators': 300}",0.7662578162578163,repeated_stratified,5,4,full,sep
8,7,0.875,8,5,0.625,8,2,0.25,0.5833333333333334,0.5555555555555556,0.7395833333333334,7,1,0,1,5,2,2,4,2,P23,xgb,12,"{'subsample': 0.6, 'reg_lambda': 5, 'reg_alpha': 0, 'min_child_weight': 1, 'max_depth': 2, 'learning_rate': 0.01, 'gamma': 0.3, 'colsample_bytree': 0.7, 'colsample_bylevel': 0.6, 'n_estimators': 300}",0.7437710437710437,repeated_stratified,6,0,full,sep
8,4,0.5,8,5,0.625,8,1,0.125,0.4166666666666667,0.3960097873141351,0.734375,4,4,0,1,5,2,1,6,1,P23,xgb,29,"{'subsample': 0.8, 'reg_lambda': 1, 'reg_alpha': 0.5, 'min_child_weight': 1, 'max_depth': 2, 'learning_rate': 0.01, 'gamma': 0.1, 'colsample_bytree': 0.7, 'colsample_bylevel': 0.6, 'n_estimators': 300}",0.777970177970178,repeated_stratified,6,1,full,sep
8,7,0.875,8,4,0.5,8,5,0.625,0.6666666666666666,0.6633986928104575,0.828125,7,1,0,2,4,2,0,3,5,P23,xgb,7,"{'subsample': 1.0, 'reg_lambda': 3, 'reg_alpha': 0, 'min_child_weight': 1, 'max_depth': 4, 'learning_rate': 0.01, 'gamma': 0.3, 'colsample_bytree': 0.6, 'colsample_bylevel': 0.6, 'n_estimators': 300}",0.7747955747955748,repeated_stratified,6,2,full,sep
8,8,1.0,8,3,0.375,8,4,0.5,0.625,0.6012145748987855,0.7838541666666666,8,0,0,1,3,4,2,2,4,P23,xgb,29,"{'subsample': 1.0, 'reg_lambda': 5, 'reg_alpha': 0.5, 'min_child_weight': 1, 'max_depth': 4, 'learning_rate': 0.03, 'gamma': 0, 'colsample_bytree': 0.6, 'colsample_bylevel': 0.8, 'n_estimators': 300}",0.7431457431457432,repeated_stratified,6,3,full,sep
8,3,0.375,8,1,0.125,8,6,0.75,0.4166666666666667,0.3811188811188811,0.6796875,3,1,4,1,1,6,1,1,6,P23,xgb,14,"{'subsample': 0.6, 'reg_lambda': 5, 'reg_alpha': 0.5, 'min_child_weight': 1, 'max_depth': 8, 'learning_rate': 0.03, 'gamma': 0.3, 'colsample_bytree': 0.6, 'colsample_bylevel': 0.6, 'n_estimators': 300}",0.8166907166907168,repeated_stratified,6,4,full,sep
8,8,1.0,8,2,0.25,8,7,0.875,0.7083333333333334,0.6631224525961369,0.8880208333333334,8,0,0,2,2,4,0,1,7,P23,xgb,21,"{'subsample': 1.0, 'reg_lambda': 10, 'reg_alpha': 0.5, 'min_child_weight': 1, 'max_depth': 4, 'learning_rate': 0.03, 'gamma': 1, 'colsample_bytree': 0.7, 'colsample_bylevel': 0.8, 'n_estimators': 300}",0.7225589225589225,repeated_stratified,7,0,full,sep
8,7,0.875,8,7,0.875,8,3,0.375,0.7083333333333334,0.6957070707070706,0.7994791666666666,7,1,0,1,7,0,0,5,3,P23,xgb,29,"{'subsample': 0.6, 'reg_lambda': 5, 'reg_alpha': 0.5, 'min_child_weight': 1, 'max_depth': 8, 'learning_rate': 0.03, 'gamma': 0.3, 'colsample_bytree': 0.6, 'colsample_bylevel': 0.6, 'n_estimators': 300}",0.7052669552669554,repeated_stratified,7,1,full,sep
8,8,1.0,8,1,0.125,8,3,0.375,0.5,0.4408369408369408,0.7760416666666666,8,0,0,4,1,3,2,3,3,P23,xgb,20,"{'subsample': 0.8, 'reg_lambda': 3, 'reg_alpha': 0.1, 'min_child_weight': 1, 'max_depth': 2, 'learning_rate': 0.03, 'gamma': 1, 'colsample_bytree': 0.6, 'colsample_bylevel': 0.6, 'n_estimators': 300}",0.7683020683020683,repeated_stratified,7,2,full,sep
8,6,0.75,8,3,0.375,8,3,0.375,0.5,0.4948400412796698,0.7734375,6,0,2,1,3,4,4,1,3,P23,xgb,12,"{'subsample': 1.0, 'reg_lambda': 5, 'reg_alpha': 0.5, 'min_child_weight': 1, 'max_depth': 4, 'learning_rate': 0.05, 'gamma': 2, 'colsample_bytree': 0.6, 'colsample_bylevel': 0.6, 'n_estimators': 300}",0.7750962000962001,repeated_stratified,7,3,full,sep
8,4,0.5,8,4,0.5,8,5,0.625,0.5416666666666666,0.5555555555555556,0.6796875,4,3,1,0,4,4,0,3,5,P23,xgb,30,"{'subsample': 0.8, 'reg_lambda': 10, 'reg_alpha': 0, 'min_child_weight': 1, 'max_depth': 8, 'learning_rate': 0.05, 'gamma': 0, 'colsample_bytree': 0.7, 'colsample_bylevel': 0.6, 'n_estimators': 300}",0.7910774410774409,repeated_stratified,7,4,full,sep
8,5,0.625,8,2,0.25,8,7,0.875,0.5833333333333334,0.5520113414850257,0.7421875,5,1,2,4,2,2,1,0,7,P23,xgb,9,"{'subsample': 0.8, 'reg_lambda': 10, 'reg_alpha': 0, 'min_child_weight': 1, 'max_depth': 4, 'learning_rate': 0.03, 'gamma': 0, 'colsample_bytree': 0.6, 'colsample_bylevel': 0.8, 'n_estimators': 300}",0.8041606541606542,repeated_stratified,8,0,full,sep
8,6,0.75,8,3,0.375,8,1,0.125,0.4166666666666667,0.3976872800402213,0.6640625,6,2,0,1,3,4,2,5,1,P23,xgb,13,"{'subsample': 0.8, 'reg_lambda': 10, 'reg_alpha': 0, 'min_child_weight': 1, 'max_depth': 8, 'learning_rate': 0.05, 'gamma': 0, 'colsample_bytree': 0.7, 'colsample_bylevel': 0.6, 'n_estimators': 300}",0.7860990860990861,repeated_stratified,8,1,full,sep
8,5,0.625,8,5,0.625,8,4,0.5,0.5833333333333334,0.5881370091896407,0.7786458333333334,5,3,0,1,5,2,1,3,4,P23,xgb,11,"{'subsample': 1.0, 'reg_lambda': 10, 'reg_alpha': 0, 'min_child_weight': 1, 'max_depth': 16, 'learning_rate': 0.05, 'gamma': 2, 'colsample_bytree': 0.6, 'colsample_bylevel': 0.8, 'n_estimators': 300}",0.7395502645502646,repeated_stratified,8,2,full,sep
8,6,0.75,8,4,0.5,8,4,0.5,0.5833333333333334,0.6005291005291006,0.8020833333333334,6,0,2,0,4,4,0,4,4,P23,xgb,13,"{'subsample': 0.8, 'reg_lambda': 1, 'reg_alpha': 0, 'min_child_weight': 1, 'max_depth': 8, 'learning_rate': 0.01, 'gamma': 0.3, 'colsample_bytree': 0.6, 'colsample_bylevel': 0.8, 'n_estimators': 300}",0.7637566137566137,repeated_stratified,8,3,full,sep
8,8,1.0,8,2,0.25,8,3,0.375,0.5416666666666666,0.5047619047619049,0.8046875,8,0,0,3,2,3,1,4,3,P23,xgb,23,"{'subsample': 1.0, 'reg_lambda': 10, 'reg_alpha': 0, 'min_child_weight': 1, 'max_depth': 16, 'learning_rate': 0.05, 'gamma': 2, 'colsample_bytree': 0.6, 'colsample_bylevel': 0.8, 'n_estimators': 300}",0.729004329004329,repeated_stratified,8,4,full,sep
8,7,0.875,8,4,0.5,8,5,0.625,0.6666666666666666,0.6738562091503267,0.8515625,7,1,0,0,4,4,0,3,5,P23,xgb,29,"{'subsample': 1.0, 'reg_lambda': 10, 'reg_alpha': 0.1, 'min_child_weight': 1, 'max_depth': 2, 'learning_rate': 0.03, 'gamma': 0.3, 'colsample_bytree': 0.6, 'colsample_bylevel': 0.6, 'n_estimators': 300}",0.7469456469456469,repeated_stratified,9,0,full,sep
8,7,0.875,8,3,0.375,8,3,0.375,0.5416666666666666,0.5205128205128206,0.7604166666666666,7,0,1,4,3,1,1,4,3,P23,xgb,30,"{'subsample': 1.0, 'reg_lambda': 5, 'reg_alpha': 0.1, 'min_child_weight': 1, 'max_depth': 8, 'learning_rate': 0.03, 'gamma': 0.1, 'colsample_bytree': 0.7, 'colsample_bylevel': 0.8, 'n_estimators': 300}",0.7572871572871572,repeated_stratified,9,1,full,sep
8,5,0.625,8,4,0.5,8,0,0.0,0.375,0.3364293085655315,0.6276041666666666,5,2,1,1,4,3,3,5,0,P23,xgb,15,"{'subsample': 1.0, 'reg_lambda': 3, 'reg_alpha': 0, 'min_child_weight': 1, 'max_depth': 4, 'learning_rate': 0.01, 'gamma': 0.3, 'colsample_bytree': 0.6, 'colsample_bylevel': 0.6, 'n_estimators': 300}",0.822991822991823,repeated_stratified,9,2,full,sep
8,7,0.875,8,3,0.375,8,4,0.5,0.5833333333333334,0.5818627450980393,0.7317708333333334,7,0,1,1,3,4,0,4,4,P23,xgb,29,"{'subsample': 0.8, 'reg_lambda': 1, 'reg_alpha': 0.1, 'min_child_weight': 1, 'max_depth': 4, 'learning_rate': 0.05, 'gamma': 0.5, 'colsample_bytree': 0.7, 'colsample_bylevel': 0.6, 'n_estimators': 300}",0.7572150072150073,repeated_stratified,9,3,full,sep
8,6,0.75,8,5,0.625,8,5,0.625,0.6666666666666666,0.6778711484593837,0.8567708333333334,6,1,1,0,5,3,0,3,5,P23,xgb,29,"{'subsample': 1.0, 'reg_lambda': 3, 'reg_alpha': 0, 'min_child_weight': 1, 'max_depth': 4, 'learning_rate': 0.01, 'gamma': 0.3, 'colsample_bytree': 0.6, 'colsample_bylevel': 0.6, 'n_estimators': 300}",0.7233285233285233,repeated_stratified,9,4,full,sep
8,4,0.5,8,2,0.25,8,4,0.5,0.4166666666666667,0.4148148148148148,0.5911458333333334,4,3,1,1,2,5,2,2,4,P24,xgb,4,"{'subsample': 1.0, 'reg_lambda': 10, 'reg_alpha': 0.1, 'min_child_weight': 1, 'max_depth': 2, 'learning_rate': 0.03, 'gamma': 0.3, 'colsample_bytree': 0.6, 'colsample_bylevel': 0.6, 'n_estimators': 300}",0.6967532467532468,repeated_stratified,0,0,full,sep
8,2,0.25,8,4,0.5,8,3,0.375,0.375,0.3697478991596639,0.453125,2,2,4,2,4,2,2,3,3,P24,xgb,30,"{'subsample': 0.6, 'reg_lambda': 3, 'reg_alpha': 0.1, 'min_child_weight': 1, 'max_depth': 8, 'learning_rate': 0.05, 'gamma': 0, 'colsample_bytree': 0.7, 'colsample_bylevel': 0.8, 'n_estimators': 300}",0.6477392977392977,repeated_stratified,0,1,full,sep
8,3,0.375,8,1,0.125,8,4,0.5,0.3333333333333333,0.3287581699346405,0.5026041666666666,3,4,1,4,1,3,2,2,4,P24,xgb,30,"{'subsample': 0.6, 'reg_lambda': 1, 'reg_alpha': 0, 'min_child_weight': 1, 'max_depth': 2, 'learning_rate': 0.03, 'gamma': 0, 'colsample_bytree': 0.6, 'colsample_bylevel': 0.6, 'n_estimators': 300}",0.5556517556517556,repeated_stratified,0,2,full,sep
8,5,0.625,8,4,0.5,8,2,0.25,0.4583333333333333,0.45408496732026143,0.6145833333333334,5,1,2,1,4,3,2,4,2,P24,xgb,30,"{'subsample': 0.6, 'reg_lambda': 3, 'reg_alpha': 0.1, 'min_child_weight': 1, 'max_depth': 2, 'learning_rate': 0.05, 'gamma': 0, 'colsample_bytree': 0.7, 'colsample_bylevel': 0.6, 'n_estimators': 300}",0.5221500721500721,repeated_stratified,0,3,full,sep
8,3,0.375,8,3,0.375,8,2,0.25,0.3333333333333333,0.3333333333333333,0.5598958333333334,3,2,3,3,3,2,1,5,2,P24,xgb,28,"{'subsample': 0.8, 'reg_lambda': 3, 'reg_alpha': 0.1, 'min_child_weight': 1, 'max_depth': 2, 'learning_rate': 0.03, 'gamma': 1, 'colsample_bytree': 0.6, 'colsample_bylevel': 0.6, 'n_estimators': 300}",0.5436507936507936,repeated_stratified,0,4,full,sep
8,2,0.25,8,5,0.625,8,1,0.125,0.3333333333333333,0.3100539811066127,0.4973958333333333,2,3,3,2,5,1,4,3,1,P24,xgb,28,"{'subsample': 0.6, 'reg_lambda': 5, 'reg_alpha': 0, 'min_child_weight': 1, 'max_depth': 2, 'learning_rate': 0.01, 'gamma': 0.3, 'colsample_bytree': 0.7, 'colsample_bylevel': 0.6, 'n_estimators': 300}",0.5820827320827321,repeated_stratified,1,0,full,sep
8,3,0.375,8,4,0.5,8,2,0.25,0.375,0.36791497975708504,0.5026041666666666,3,3,2,3,4,1,2,4,2,P24,xgb,30,"{'subsample': 1.0, 'reg_lambda': 5, 'reg_alpha': 0.1, 'min_child_weight': 1, 'max_depth': 8, 'learning_rate': 0.03, 'gamma': 0.1, 'colsample_bytree': 0.7, 'colsample_bylevel': 0.8, 'n_estimators': 300}",0.5339105339105339,repeated_stratified,1,1,full,sep
8,1,0.125,8,3,0.375,8,3,0.375,0.2916666666666667,0.27777777777777773,0.5052083333333334,1,3,4,2,3,3,1,4,3,P24,xgb,30,"{'subsample': 0.6, 'reg_lambda': 3, 'reg_alpha': 0.1, 'min_child_weight': 1, 'max_depth': 8, 'learning_rate': 0.05, 'gamma': 0, 'colsample_bytree': 0.7, 'colsample_bylevel': 0.8, 'n_estimators': 300}",0.6754449254449254,repeated_stratified,1,2,full,sep
8,4,0.5,8,2,0.25,8,2,0.25,0.3333333333333333,0.32756132756132755,0.5911458333333334,4,3,1,5,2,1,5,1,2,P24,xgb,28,"{'subsample': 0.6, 'reg_lambda': 5, 'reg_alpha': 0.5, 'min_child_weight': 1, 'max_depth': 8, 'learning_rate': 0.03, 'gamma': 0.3, 'colsample_bytree': 0.6, 'colsample_bylevel': 0.6, 'n_estimators': 300}",0.6211880711880713,repeated_stratified,1,3,full,sep
8,6,0.75,8,2,0.25,8,6,0.75,0.5833333333333334,0.5539606592238171,0.6432291666666666,6,1,1,3,2,3,2,0,6,P24,xgb,29,"{'subsample': 1.0, 'reg_lambda': 5, 'reg_alpha': 0, 'min_child_weight': 1, 'max_depth': 2, 'learning_rate': 0.01, 'gamma': 0, 'colsample_bytree': 0.6, 'colsample_bylevel': 0.8, 'n_estimators': 300}",0.6302068302068302,repeated_stratified,1,4,full,sep
8,6,0.75,8,2,0.25,8,1,0.125,0.375,0.3297571993224167,0.4973958333333333,6,1,1,5,2,1,4,3,1,P24,xgb,30,"{'subsample': 1.0, 'reg_lambda': 5, 'reg_alpha': 0.1, 'min_child_weight': 1, 'max_depth': 8, 'learning_rate': 0.03, 'gamma': 0.1, 'colsample_bytree': 0.7, 'colsample_bylevel': 0.8, 'n_estimators': 300}",0.593843193843194,repeated_stratified,2,0,full,sep
8,2,0.25,8,0,0.0,8,5,0.625,0.2916666666666667,0.25,0.4375,2,1,5,2,0,6,0,3,5,P24,xgb,28,"{'subsample': 1.0, 'reg_lambda': 10, 'reg_alpha': 0.1, 'min_child_weight': 1, 'max_depth': 2, 'learning_rate': 0.03, 'gamma': 0.3, 'colsample_bytree': 0.6, 'colsample_bylevel': 0.6, 'n_estimators': 300}",0.5912938912938913,repeated_stratified,2,1,full,sep
8,6,0.75,8,3,0.375,8,3,0.375,0.5,0.4957983193277311,0.6588541666666666,6,2,0,2,3,3,1,4,3,P24,xgb,29,"{'subsample': 0.6, 'reg_lambda': 10, 'reg_alpha': 0.1, 'min_child_weight': 1, 'max_depth': 8, 'learning_rate': 0.03, 'gamma': 0.3, 'colsample_bytree': 0.6, 'colsample_bylevel': 0.8, 'n_estimators': 300}",0.5481721981721982,repeated_stratified,2,2,full,sep
8,4,0.5,8,3,0.375,8,3,0.375,0.4166666666666667,0.416005291005291,0.5729166666666666,4,2,2,4,3,1,2,3,3,P24,xgb,8,"{'subsample': 1.0, 'reg_lambda': 5, 'reg_alpha': 0, 'min_child_weight': 1, 'max_depth': 2, 'learning_rate': 0.01, 'gamma': 0, 'colsample_bytree': 0.6, 'colsample_bylevel': 0.8, 'n_estimators': 300}",0.5618566618566619,repeated_stratified,2,3,full,sep
8,1,0.125,8,3,0.375,8,2,0.25,0.25,0.240824534942182,0.4479166666666667,1,3,4,2,3,3,2,4,2,P24,xgb,30,"{'subsample': 1.0, 'reg_lambda': 3, 'reg_alpha': 0.5, 'min_child_weight': 1, 'max_depth': 2, 'learning_rate': 0.05, 'gamma': 0, 'colsample_bytree': 0.7, 'colsample_bylevel': 0.8, 'n_estimators': 300}",0.5777056277056277,repeated_stratified,2,4,full,sep
8,4,0.5,8,1,0.125,8,4,0.5,0.375,0.3657477025898079,0.5625,4,2,2,2,1,5,1,3,4,P24,xgb,31,"{'subsample': 0.6, 'reg_lambda': 3, 'reg_alpha': 0.1, 'min_child_weight': 1, 'max_depth': 2, 'learning_rate': 0.05, 'gamma': 0, 'colsample_bytree': 0.7, 'colsample_bylevel': 0.6, 'n_estimators': 300}",0.559139009139009,repeated_stratified,3,0,full,sep
8,2,0.25,8,6,0.75,8,0,0.0,0.3333333333333333,0.2692307692307692,0.4895833333333333,2,4,2,1,6,1,2,6,0,P24,xgb,27,"{'subsample': 0.8, 'reg_lambda': 3, 'reg_alpha': 0.1, 'min_child_weight': 1, 'max_depth': 2, 'learning_rate': 0.05, 'gamma': 2, 'colsample_bytree': 0.7, 'colsample_bylevel': 0.6, 'n_estimators': 300}",0.6436988936988937,repeated_stratified,3,1,full,sep
8,2,0.25,8,2,0.25,8,2,0.25,0.25,0.2526455026455026,0.4322916666666667,2,1,5,3,2,3,1,5,2,P24,xgb,9,"{'subsample': 0.8, 'reg_lambda': 10, 'reg_alpha': 0.1, 'min_child_weight': 1, 'max_depth': 16, 'learning_rate': 0.01, 'gamma': 0.1, 'colsample_bytree': 0.6, 'colsample_bylevel': 0.6, 'n_estimators': 300}",0.6835738335738335,repeated_stratified,3,2,full,sep
8,4,0.5,8,3,0.375,8,3,0.375,0.4166666666666667,0.4166666666666667,0.6223958333333334,4,2,2,2,3,3,2,3,3,P24,xgb,10,"{'subsample': 1.0, 'reg_lambda': 5, 'reg_alpha': 0, 'min_child_weight': 1, 'max_depth': 2, 'learning_rate': 0.01, 'gamma': 0, 'colsample_bytree': 0.6, 'colsample_bylevel': 0.8, 'n_estimators': 300}",0.6124098124098124,repeated_stratified,3,3,full,sep
8,5,0.625,8,4,0.5,8,4,0.5,0.5416666666666666,0.5405228758169934,0.6354166666666666,5,2,1,2,4,2,2,2,4,P24,xgb,28,"{'subsample': 0.6, 'reg_lambda': 5, 'reg_alpha': 0.5, 'min_child_weight': 1, 'max_depth': 8, 'learning_rate': 0.03, 'gamma': 0.3, 'colsample_bytree': 0.6, 'colsample_bylevel': 0.6, 'n_estimators': 300}",0.5427849927849928,repeated_stratified,3,4,full,sep
8,4,0.5,8,3,0.375,8,5,0.625,0.5,0.4985294117647059,0.5703125,4,2,2,4,3,1,1,2,5,P24,xgb,23,"{'subsample': 0.8, 'reg_lambda': 10, 'reg_alpha': 0.5, 'min_child_weight': 1, 'max_depth': 8, 'learning_rate': 0.01, 'gamma': 0.3, 'colsample_bytree': 0.7, 'colsample_bylevel': 0.6, 'n_estimators': 300}",0.6382635882635883,repeated_stratified,4,0,full,sep
8,4,0.5,8,1,0.125,8,1,0.125,0.25,0.22857142857142856,0.421875,4,2,2,4,1,3,4,3,1,P24,xgb,29,"{'subsample': 0.6, 'reg_lambda': 3, 'reg_alpha': 0.1, 'min_child_weight': 1, 'max_depth': 8, 'learning_rate': 0.05, 'gamma': 0, 'colsample_bytree': 0.7, 'colsample_bylevel': 0.8, 'n_estimators': 300}",0.5548581048581048,repeated_stratified,4,1,full,sep
8,4,0.5,8,6,0.75,8,3,0.375,0.5416666666666666,0.5340557275541795,0.7239583333333334,4,3,1,2,6,0,3,2,3,P24,xgb,29,"{'subsample': 1.0, 'reg_lambda': 3, 'reg_alpha': 0.5, 'min_child_weight': 1, 'max_depth': 2, 'learning_rate': 0.05, 'gamma': 0, 'colsample_bytree': 0.7, 'colsample_bylevel': 0.8, 'n_estimators': 300}",0.5262145262145262,repeated_stratified,4,2,full,sep
8,5,0.625,8,3,0.375,8,4,0.5,0.5,0.4985294117647059,0.6015625,5,1,2,2,3,3,1,3,4,P24,xgb,30,"{'subsample': 1.0, 'reg_lambda': 5, 'reg_alpha': 0.5, 'min_child_weight': 1, 'max_depth': 4, 'learning_rate': 0.03, 'gamma': 0, 'colsample_bytree': 0.6, 'colsample_bylevel': 0.8, 'n_estimators': 300}",0.5503848003848004,repeated_stratified,4,3,full,sep
8,6,0.75,8,2,0.25,8,2,0.25,0.4166666666666667,0.3904761904761904,0.5651041666666666,6,1,1,2,2,4,5,1,2,P24,xgb,30,"{'subsample': 0.8, 'reg_lambda': 10, 'reg_alpha': 0, 'min_child_weight': 1, 'max_depth': 8, 'learning_rate': 0.05, 'gamma': 0, 'colsample_bytree': 0.7, 'colsample_bylevel': 0.6, 'n_estimators': 300}",0.6122174122174121,repeated_stratified,4,4,full,sep
8,4,0.5,8,1,0.125,8,2,0.25,0.2916666666666667,0.28221887045416455,0.46875,4,1,3,2,1,5,3,3,2,P24,xgb,30,"{'subsample': 0.6, 'reg_lambda': 1, 'reg_alpha': 0, 'min_child_weight': 1, 'max_depth': 2, 'learning_rate': 0.03, 'gamma': 0, 'colsample_bytree': 0.6, 'colsample_bylevel': 0.6, 'n_estimators': 300}",0.6019240019240019,repeated_stratified,5,0,full,sep
8,2,0.25,8,2,0.25,8,2,0.25,0.25,0.2526455026455026,0.4583333333333333,2,4,2,4,2,2,2,4,2,P24,xgb,31,"{'subsample': 0.6, 'reg_lambda': 5, 'reg_alpha': 0, 'min_child_weight': 1, 'max_depth': 2, 'learning_rate': 0.01, 'gamma': 0.3, 'colsample_bytree': 0.7, 'colsample_bylevel': 0.6, 'n_estimators': 300}",0.5881914381914383,repeated_stratified,5,1,full,sep
8,3,0.375,8,2,0.25,8,4,0.5,0.375,0.3703703703703704,0.5625,3,2,3,3,2,3,4,0,4,P24,xgb,27,"{'subsample': 1.0, 'reg_lambda': 10, 'reg_alpha': 0.5, 'min_child_weight': 1, 'max_depth': 4, 'learning_rate': 0.03, 'gamma': 1, 'colsample_bytree': 0.7, 'colsample_bylevel': 0.8, 'n_estimators': 300}",0.5511423761423763,repeated_stratified,5,2,full,sep
8,4,0.5,8,3,0.375,8,3,0.375,0.4166666666666667,0.4204248366013072,0.5546875,4,1,3,2,3,3,1,4,3,P24,xgb,29,"{'subsample': 0.6, 'reg_lambda': 3, 'reg_alpha': 0.1, 'min_child_weight': 1, 'max_depth': 8, 'learning_rate': 0.05, 'gamma': 0, 'colsample_bytree': 0.7, 'colsample_bylevel': 0.8, 'n_estimators': 300}",0.5921837421837423,repeated_stratified,5,3,full,sep
8,4,0.5,8,2,0.25,8,4,0.5,0.4166666666666667,0.4148148148148148,0.5442708333333334,4,3,1,4,2,2,2,2,4,P24,xgb,30,"{'subsample': 0.6, 'reg_lambda': 1, 'reg_alpha': 0.1, 'min_child_weight': 1, 'max_depth': 2, 'learning_rate': 0.01, 'gamma': 2, 'colsample_bytree': 0.7, 'colsample_bylevel': 0.6, 'n_estimators': 300}",0.5554112554112555,repeated_stratified,5,4,full,sep
8,1,0.125,8,5,0.625,8,4,0.5,0.4166666666666667,0.38888888888888884,0.5052083333333334,1,3,4,1,5,2,2,2,4,P24,xgb,21,"{'subsample': 0.8, 'reg_lambda': 3, 'reg_alpha': 0.1, 'min_child_weight': 1, 'max_depth': 2, 'learning_rate': 0.05, 'gamma': 2, 'colsample_bytree': 0.7, 'colsample_bylevel': 0.6, 'n_estimators': 300}",0.6132756132756132,repeated_stratified,6,0,full,sep
8,4,0.5,8,4,0.5,8,2,0.25,0.4166666666666667,0.4148148148148148,0.6302083333333334,4,2,2,1,4,3,2,4,2,P24,xgb,29,"{'subsample': 0.6, 'reg_lambda': 1, 'reg_alpha': 0.1, 'min_child_weight': 1, 'max_depth': 2, 'learning_rate': 0.01, 'gamma': 2, 'colsample_bytree': 0.7, 'colsample_bylevel': 0.6, 'n_estimators': 300}",0.5017797017797018,repeated_stratified,6,1,full,sep
8,2,0.25,8,4,0.5,8,2,0.25,0.3333333333333333,0.32756132756132755,0.5833333333333334,2,5,1,3,4,1,1,5,2,P24,xgb,29,"{'subsample': 0.6, 'reg_lambda': 10, 'reg_alpha': 0.1, 'min_child_weight': 1, 'max_depth': 8, 'learning_rate': 0.03, 'gamma': 0.3, 'colsample_bytree': 0.6, 'colsample_bylevel': 0.8, 'n_estimators': 300}",0.5545935545935546,repeated_stratified,6,2,full,sep
8,4,0.5,8,3,0.375,8,5,0.625,0.5,0.5,0.5598958333333334,4,1,3,3,3,2,3,0,5,P24,xgb,29,"{'subsample': 0.6, 'reg_lambda': 3, 'reg_alpha': 0.1, 'min_child_weight': 1, 'max_depth': 8, 'learning_rate': 0.05, 'gamma': 0, 'colsample_bytree': 0.7, 'colsample_bylevel': 0.8, 'n_estimators': 300}",0.5391293891293891,repeated_stratified,6,3,full,sep
8,3,0.375,8,2,0.25,8,1,0.125,0.25,0.24787581699346406,0.484375,3,3,2,2,2,4,3,4,1,P24,xgb,26,"{'subsample': 0.8, 'reg_lambda': 10, 'reg_alpha': 0, 'min_child_weight': 1, 'max_depth': 4, 'learning_rate': 0.03, 'gamma': 0, 'colsample_bytree': 0.6, 'colsample_bylevel': 0.8, 'n_estimators': 300}",0.6934102934102935,repeated_stratified,6,4,full,sep
8,5,0.625,8,2,0.25,8,3,0.375,0.4166666666666667,0.40740740740740744,0.6015625,5,2,1,3,2,3,2,3,3,P24,xgb,30,"{'subsample': 1.0, 'reg_lambda': 3, 'reg_alpha': 0.5, 'min_child_weight': 1, 'max_depth': 2, 'learning_rate': 0.05, 'gamma': 0, 'colsample_bytree': 0.7, 'colsample_bylevel': 0.8, 'n_estimators': 300}",0.5047619047619047,repeated_stratified,7,0,full,sep
8,3,0.375,8,3,0.375,8,3,0.375,0.375,0.37777777777777777,0.5520833333333334,3,3,2,3,3,2,1,4,3,P24,xgb,28,"{'subsample': 0.8, 'reg_lambda': 10, 'reg_alpha': 0.5, 'min_child_weight': 1, 'max_depth': 8, 'learning_rate': 0.01, 'gamma': 0.3, 'colsample_bytree': 0.7, 'colsample_bylevel': 0.6, 'n_estimators': 300}",0.532082732082732,repeated_stratified,7,1,full,sep
8,4,0.5,8,5,0.625,8,2,0.25,0.4583333333333333,0.4475404196766426,0.6171875,4,3,1,2,5,1,5,1,2,P24,xgb,11,"{'subsample': 1.0, 'reg_lambda': 5, 'reg_alpha': 0, 'min_child_weight': 1, 'max_depth': 2, 'learning_rate': 0.01, 'gamma': 0, 'colsample_bytree': 0.6, 'colsample_bylevel': 0.8, 'n_estimators': 300}",0.629100529100529,repeated_stratified,7,2,full,sep
8,2,0.25,8,2,0.25,8,3,0.375,0.2916666666666667,0.2943121693121693,0.453125,2,5,1,2,2,4,2,3,3,P24,xgb,29,"{'subsample': 0.6, 'reg_lambda': 1, 'reg_alpha': 0, 'min_child_weight': 1, 'max_depth': 2, 'learning_rate': 0.03, 'gamma': 0, 'colsample_bytree': 0.6, 'colsample_bylevel': 0.6, 'n_estimators': 300}",0.5832130832130832,repeated_stratified,7,3,full,sep
8,5,0.625,8,3,0.375,8,2,0.25,0.4166666666666667,0.4166666666666667,0.5520833333333334,5,1,2,1,3,4,2,4,2,P24,xgb,31,"{'subsample': 0.8, 'reg_lambda': 1, 'reg_alpha': 0.5, 'min_child_weight': 1, 'max_depth': 2, 'learning_rate': 0.01, 'gamma': 0.1, 'colsample_bytree': 0.7, 'colsample_bylevel': 0.6, 'n_estimators': 300}",0.5928571428571429,repeated_stratified,7,4,full,sep
8,4,0.5,8,4,0.5,8,2,0.25,0.4166666666666667,0.4089635854341737,0.5,4,1,3,3,4,1,2,4,2,P24,xgb,28,"{'subsample': 0.6, 'reg_lambda': 3, 'reg_alpha': 0.1, 'min_child_weight': 1, 'max_depth': 2, 'learning_rate': 0.05, 'gamma': 0, 'colsample_bytree': 0.7, 'colsample_bylevel': 0.6, 'n_estimators': 300}",0.592929292929293,repeated_stratified,8,0,full,sep
8,3,0.375,8,2,0.25,8,2,0.25,0.2916666666666667,0.2896825396825397,0.53125,3,3,2,2,2,4,5,1,2,P24,xgb,26,"{'subsample': 0.6, 'reg_lambda': 1, 'reg_alpha': 0.1, 'min_child_weight': 1, 'max_depth': 2, 'learning_rate': 0.01, 'gamma': 2, 'colsample_bytree': 0.7, 'colsample_bylevel': 0.6, 'n_estimators': 300}",0.614911014911015,repeated_stratified,8,1,full,sep
8,5,0.625,8,2,0.25,8,2,0.25,0.375,0.3611111111111111,0.4869791666666667,5,3,0,4,2,2,3,3,2,P24,xgb,30,"{'subsample': 1.0, 'reg_lambda': 3, 'reg_alpha': 0.5, 'min_child_weight': 1, 'max_depth': 2, 'learning_rate': 0.05, 'gamma': 0, 'colsample_bytree': 0.7, 'colsample_bylevel': 0.8, 'n_estimators': 300}",0.5481481481481482,repeated_stratified,8,2,full,sep
8,5,0.625,8,3,0.375,8,3,0.375,0.4583333333333333,0.4583333333333333,0.6302083333333334,5,0,3,3,3,2,0,5,3,P24,xgb,29,"{'subsample': 0.6, 'reg_lambda': 5, 'reg_alpha': 0, 'min_child_weight': 1, 'max_depth': 2, 'learning_rate': 0.01, 'gamma': 0.3, 'colsample_bytree': 0.7, 'colsample_bylevel': 0.6, 'n_estimators': 300}",0.5752765752765753,repeated_stratified,8,3,full,sep
8,3,0.375,8,3,0.375,8,4,0.5,0.4166666666666667,0.4222222222222222,0.578125,3,5,0,2,3,3,2,2,4,P24,xgb,29,"{'subsample': 0.6, 'reg_lambda': 5, 'reg_alpha': 0.5, 'min_child_weight': 1, 'max_depth': 8, 'learning_rate': 0.03, 'gamma': 0.3, 'colsample_bytree': 0.6, 'colsample_bylevel': 0.6, 'n_estimators': 300}",0.5788600288600289,repeated_stratified,8,4,full,sep
8,3,0.375,8,1,0.125,8,4,0.5,0.3333333333333333,0.31587301587301586,0.4765625,3,2,3,1,1,6,3,1,4,P24,xgb,30,"{'subsample': 1.0, 'reg_lambda': 10, 'reg_alpha': 0.1, 'min_child_weight': 1, 'max_depth': 2, 'learning_rate': 0.03, 'gamma': 0.3, 'colsample_bytree': 0.6, 'colsample_bylevel': 0.6, 'n_estimators': 300}",0.5635401635401635,repeated_stratified,9,0,full,sep
8,5,0.625,8,3,0.375,8,2,0.25,0.4166666666666667,0.40401002506265665,0.5208333333333334,5,1,2,3,3,2,3,3,2,P24,xgb,30,"{'subsample': 0.8, 'reg_lambda': 1, 'reg_alpha': 0.1, 'min_child_weight': 1, 'max_depth': 4, 'learning_rate': 0.05, 'gamma': 0.5, 'colsample_bytree': 0.7, 'colsample_bylevel': 0.6, 'n_estimators': 300}",0.5936988936988937,repeated_stratified,9,1,full,sep
8,5,0.625,8,1,0.125,8,5,0.625,0.4583333333333333,0.42122984228247384,0.5807291666666666,5,1,2,4,1,3,2,1,5,P24,xgb,26,"{'subsample': 1.0, 'reg_lambda': 5, 'reg_alpha': 0.5, 'min_child_weight': 1, 'max_depth': 4, 'learning_rate': 0.05, 'gamma': 2, 'colsample_bytree': 0.6, 'colsample_bylevel': 0.6, 'n_estimators': 300}",0.5752405002405002,repeated_stratified,9,2,full,sep
8,6,0.75,8,1,0.125,8,4,0.5,0.4583333333333333,0.4259259259259259,0.59375,6,1,1,2,1,5,2,2,4,P24,xgb,29,"{'subsample': 0.8, 'reg_lambda': 1, 'reg_alpha': 0.1, 'min_child_weight': 1, 'max_depth': 4, 'learning_rate': 0.05, 'gamma': 0.5, 'colsample_bytree': 0.7, 'colsample_bylevel': 0.6, 'n_estimators': 300}",0.5535834535834536,repeated_stratified,9,3,full,sep
8,1,0.125,8,2,0.25,8,3,0.375,0.25,0.2454248366013072,0.5208333333333334,1,4,3,3,2,3,3,2,3,P24,xgb,25,"{'subsample': 1.0, 'reg_lambda': 10, 'reg_alpha': 0.5, 'min_child_weight': 1, 'max_depth': 4, 'learning_rate': 0.03, 'gamma': 1, 'colsample_bytree': 0.7, 'colsample_bylevel': 0.8, 'n_estimators': 300}",0.5731842231842231,repeated_stratified,9,4,full,sep
8,3,0.375,8,6,0.75,8,4,0.5,0.5416666666666666,0.5329311211664153,0.6927083333333334,3,2,3,0,6,2,2,2,4,P25,xgb,30,"{'subsample': 0.6, 'reg_lambda': 10, 'reg_alpha': 0.5, 'min_child_weight': 1, 'max_depth': 2, 'learning_rate': 0.05, 'gamma': 0.1, 'colsample_bytree': 0.6, 'colsample_bylevel': 0.6, 'n_estimators': 300}",0.6158970658970659,repeated_stratified,0,0,full,sep
8,3,0.375,8,3,0.375,8,4,0.5,0.4166666666666667,0.4165413533834586,0.6484375,3,2,3,1,3,4,3,1,4,P25,xgb,30,"{'subsample': 1.0, 'reg_lambda': 5, 'reg_alpha': 0, 'min_child_weight': 1, 'max_depth': 2, 'learning_rate': 0.01, 'gamma': 0, 'colsample_bytree': 0.6, 'colsample_bylevel': 0.8, 'n_estimators': 300}",0.6885040885040885,repeated_stratified,0,1,full,sep
8,4,0.5,8,5,0.625,8,5,0.625,0.5833333333333334,0.583994708994709,0.71875,4,2,2,0,5,3,2,1,5,P25,xgb,26,"{'subsample': 0.6, 'reg_lambda': 1, 'reg_alpha': 0.1, 'min_child_weight': 1, 'max_depth': 2, 'learning_rate': 0.01, 'gamma': 2, 'colsample_bytree': 0.7, 'colsample_bylevel': 0.6, 'n_estimators': 300}",0.6019240019240019,repeated_stratified,0,2,full,sep
8,2,0.25,8,5,0.625,8,3,0.375,0.4166666666666667,0.4047619047619047,0.546875,2,3,3,3,5,0,1,4,3,P25,xgb,30,"{'subsample': 0.6, 'reg_lambda': 5, 'reg_alpha': 0, 'min_child_weight': 1, 'max_depth': 2, 'learning_rate': 0.01, 'gamma': 0.3, 'colsample_bytree': 0.7, 'colsample_bylevel': 0.6, 'n_estimators': 300}",0.648917748917749,repeated_stratified,0,3,full,sep
8,4,0.5,8,3,0.375,8,4,0.5,0.4583333333333333,0.47546897546897543,0.65625,4,0,4,5,3,0,4,0,4,P25,xgb,30,"{'subsample': 0.6, 'reg_lambda': 10, 'reg_alpha': 0.1, 'min_child_weight': 1, 'max_depth': 8, 'learning_rate': 0.03, 'gamma': 0.3, 'colsample_bytree': 0.6, 'colsample_bylevel': 0.8, 'n_estimators': 300}",0.6780904280904281,repeated_stratified,0,4,full,sep
8,5,0.625,8,2,0.25,8,5,0.625,0.5,0.48262813897488827,0.6354166666666666,5,0,3,5,2,1,1,2,5,P25,xgb,29,"{'subsample': 1.0, 'reg_lambda': 10, 'reg_alpha': 0.1, 'min_child_weight': 1, 'max_depth': 2, 'learning_rate': 0.03, 'gamma': 0.3, 'colsample_bytree': 0.6, 'colsample_bylevel': 0.6, 'n_estimators': 300}",0.6739057239057239,repeated_stratified,1,0,full,sep
8,0,0.0,8,7,0.875,8,4,0.5,0.4583333333333333,0.37878787878787873,0.6458333333333334,0,5,3,0,7,1,2,2,4,P25,xgb,30,"{'subsample': 0.6, 'reg_lambda': 1, 'reg_alpha': 0, 'min_child_weight': 1, 'max_depth': 2, 'learning_rate': 0.03, 'gamma': 0, 'colsample_bytree': 0.6, 'colsample_bylevel': 0.6, 'n_estimators': 300}",0.6463684463684464,repeated_stratified,1,1,full,sep
8,4,0.5,8,3,0.375,8,5,0.625,0.5,0.4957983193277311,0.6380208333333334,4,2,2,3,3,2,2,1,5,P25,xgb,32,"{'subsample': 0.6, 'reg_lambda': 10, 'reg_alpha': 0.5, 'min_child_weight': 1, 'max_depth': 2, 'learning_rate': 0.05, 'gamma': 0.1, 'colsample_bytree': 0.6, 'colsample_bylevel': 0.6, 'n_estimators': 300}",0.7112313612313611,repeated_stratified,1,2,full,sep
8,3,0.375,8,5,0.625,8,7,0.875,0.625,0.6091838444779621,0.7604166666666666,3,3,2,2,5,1,0,1,7,P25,xgb,30,"{'subsample': 0.6, 'reg_lambda': 5, 'reg_alpha': 0, 'min_child_weight': 1, 'max_depth': 2, 'learning_rate': 0.01, 'gamma': 0.3, 'colsample_bytree': 0.7, 'colsample_bylevel': 0.6, 'n_estimators': 300}",0.6542087542087542,repeated_stratified,1,3,full,sep
8,4,0.5,8,5,0.625,8,1,0.125,0.4166666666666667,0.40740740740740744,0.6119791666666666,4,1,3,0,5,3,3,4,1,P25,xgb,29,"{'subsample': 0.6, 'reg_lambda': 5, 'reg_alpha': 0, 'min_child_weight': 1, 'max_depth': 2, 'learning_rate': 0.01, 'gamma': 0.3, 'colsample_bytree': 0.7, 'colsample_bylevel': 0.6, 'n_estimators': 300}",0.6929292929292928,repeated_stratified,1,4,full,sep
8,1,0.125,8,5,0.625,8,3,0.375,0.375,0.3578042328042328,0.609375,1,3,4,2,5,1,3,2,3,P25,xgb,30,"{'subsample': 0.6, 'reg_lambda': 10, 'reg_alpha': 0.5, 'min_child_weight': 1, 'max_depth': 2, 'learning_rate': 0.05, 'gamma': 0.1, 'colsample_bytree': 0.6, 'colsample_bylevel': 0.6, 'n_estimators': 300}",0.6005531505531505,repeated_stratified,2,0,full,sep
8,2,0.25,8,3,0.375,8,4,0.5,0.375,0.37606837606837606,0.6848958333333334,2,1,5,2,3,3,3,1,4,P25,xgb,29,"{'subsample': 0.8, 'reg_lambda': 5, 'reg_alpha': 0.1, 'min_child_weight': 1, 'max_depth': 8, 'learning_rate': 0.03, 'gamma': 0, 'colsample_bytree': 0.6, 'colsample_bylevel': 0.6, 'n_estimators': 300}",0.6040885040885041,repeated_stratified,2,1,full,sep
8,1,0.125,8,2,0.25,8,3,0.375,0.25,0.2534313725490196,0.5130208333333334,1,5,2,4,2,2,3,2,3,P25,xgb,11,"{'subsample': 0.6, 'reg_lambda': 5, 'reg_alpha': 0, 'min_child_weight': 1, 'max_depth': 2, 'learning_rate': 0.01, 'gamma': 0.3, 'colsample_bytree': 0.7, 'colsample_bylevel': 0.6, 'n_estimators': 300}",0.7042328042328042,repeated_stratified,2,2,full,sep
8,3,0.375,8,5,0.625,8,3,0.375,0.4583333333333333,0.4583333333333333,0.671875,3,2,3,1,5,2,4,1,3,P25,xgb,31,"{'subsample': 1.0, 'reg_lambda': 5, 'reg_alpha': 0.5, 'min_child_weight': 1, 'max_depth': 4, 'learning_rate': 0.03, 'gamma': 0, 'colsample_bytree': 0.6, 'colsample_bylevel': 0.8, 'n_estimators': 300}",0.674939874939875,repeated_stratified,2,3,full,sep
8,0,0.0,8,4,0.5,8,4,0.5,0.3333333333333333,0.2814814814814815,0.578125,0,4,4,2,4,2,0,4,4,P25,xgb,30,"{'subsample': 0.6, 'reg_lambda': 5, 'reg_alpha': 0, 'min_child_weight': 1, 'max_depth': 2, 'learning_rate': 0.01, 'gamma': 0.3, 'colsample_bytree': 0.7, 'colsample_bylevel': 0.6, 'n_estimators': 300}",0.7011303511303512,repeated_stratified,2,4,full,sep
8,3,0.375,8,6,0.75,8,4,0.5,0.5416666666666666,0.5310391363022942,0.7473958333333334,3,2,3,1,6,1,1,3,4,P25,xgb,30,"{'subsample': 0.6, 'reg_lambda': 5, 'reg_alpha': 0.5, 'min_child_weight': 1, 'max_depth': 8, 'learning_rate': 0.03, 'gamma': 0.3, 'colsample_bytree': 0.6, 'colsample_bylevel': 0.6, 'n_estimators': 300}",0.5966570466570467,repeated_stratified,3,0,full,sep
8,6,0.75,8,2,0.25,8,4,0.5,0.5,0.47936507936507927,0.7395833333333334,6,1,1,4,2,2,3,1,4,P25,xgb,26,"{'subsample': 0.8, 'reg_lambda': 10, 'reg_alpha': 0.1, 'min_child_weight': 1, 'max_depth': 16, 'learning_rate': 0.01, 'gamma': 0.1, 'colsample_bytree': 0.6, 'colsample_bylevel': 0.6, 'n_estimators': 300}",0.6768157768157769,repeated_stratified,3,1,full,sep
8,2,0.25,8,4,0.5,8,3,0.375,0.375,0.3697478991596639,0.5520833333333334,2,3,3,1,4,3,3,2,3,P25,xgb,32,"{'subsample': 0.6, 'reg_lambda': 3, 'reg_alpha': 0.1, 'min_child_weight': 1, 'max_depth': 8, 'learning_rate': 0.05, 'gamma': 0, 'colsample_bytree': 0.7, 'colsample_bylevel': 0.8, 'n_estimators': 300}",0.6852813852813853,repeated_stratified,3,2,full,sep
8,2,0.25,8,3,0.375,8,3,0.375,0.3333333333333333,0.3313222724987431,0.6171875,2,3,3,1,3,4,2,3,3,P25,xgb,30,"{'subsample': 0.6, 'reg_lambda': 3, 'reg_alpha': 0.1, 'min_child_weight': 1, 'max_depth': 2, 'learning_rate': 0.05, 'gamma': 0, 'colsample_bytree': 0.7, 'colsample_bylevel': 0.6, 'n_estimators': 300}",0.6489898989898991,repeated_stratified,3,3,full,sep
8,0,0.0,8,4,0.5,8,5,0.625,0.375,0.3333333333333333,0.5572916666666666,0,4,4,3,4,1,1,2,5,P25,xgb,30,"{'subsample': 0.6, 'reg_lambda': 5, 'reg_alpha': 0.5, 'min_child_weight': 1, 'max_depth': 8, 'learning_rate': 0.03, 'gamma': 0.3, 'colsample_bytree': 0.6, 'colsample_bylevel': 0.6, 'n_estimators': 300}",0.6977873977873977,repeated_stratified,3,4,full,sep
8,2,0.25,8,4,0.5,8,5,0.625,0.4583333333333333,0.4484544695071011,0.7786458333333334,2,3,3,1,4,3,3,0,5,P25,xgb,30,"{'subsample': 0.8, 'reg_lambda': 10, 'reg_alpha': 0.1, 'min_child_weight': 1, 'max_depth': 16, 'learning_rate': 0.01, 'gamma': 0.1, 'colsample_bytree': 0.6, 'colsample_bylevel': 0.6, 'n_estimators': 300}",0.618061568061568,repeated_stratified,4,0,full,sep
8,2,0.25,8,5,0.625,8,2,0.25,0.375,0.35714285714285715,0.6276041666666666,2,3,3,2,5,1,2,4,2,P25,xgb,31,"{'subsample': 0.6, 'reg_lambda': 10, 'reg_alpha': 0.1, 'min_child_weight': 1, 'max_depth': 8, 'learning_rate': 0.03, 'gamma': 0.3, 'colsample_bytree': 0.6, 'colsample_bylevel': 0.8, 'n_estimators': 300}",0.6296777296777297,repeated_stratified,4,1,full,sep
8,2,0.25,8,2,0.25,8,5,0.625,0.375,0.3637566137566138,0.5078125,2,3,3,4,2,2,0,3,5,P25,xgb,30,"{'subsample': 0.6, 'reg_lambda': 5, 'reg_alpha': 0.5, 'min_child_weight': 1, 'max_depth': 8, 'learning_rate': 0.03, 'gamma': 0.3, 'colsample_bytree': 0.6, 'colsample_bylevel': 0.6, 'n_estimators': 300}",0.6645983645983645,repeated_stratified,4,2,full,sep
8,3,0.375,8,4,0.5,8,3,0.375,0.4166666666666667,0.4148148148148148,0.5807291666666666,3,3,2,2,4,2,2,3,3,P25,xgb,29,"{'subsample': 0.6, 'reg_lambda': 5, 'reg_alpha': 0, 'min_child_weight': 1, 'max_depth': 2, 'learning_rate': 0.01, 'gamma': 0.3, 'colsample_bytree': 0.7, 'colsample_bylevel': 0.6, 'n_estimators': 300}",0.6557239057239057,repeated_stratified,4,3,full,sep
8,3,0.375,8,6,0.75,8,4,0.5,0.5416666666666666,0.5352941176470588,0.7421875,3,1,4,2,6,0,2,2,4,P25,xgb,30,"{'subsample': 0.6, 'reg_lambda': 5, 'reg_alpha': 0, 'min_child_weight': 1, 'max_depth': 2, 'learning_rate': 0.01, 'gamma': 0.3, 'colsample_bytree': 0.7, 'colsample_bylevel': 0.6, 'n_estimators': 300}",0.5859788359788359,repeated_stratified,4,4,full,sep
8,1,0.125,8,7,0.875,8,3,0.375,0.4583333333333333,0.43703703703703706,0.6484375,1,3,4,1,7,0,5,0,3,P25,xgb,30,"{'subsample': 0.8, 'reg_lambda': 10, 'reg_alpha': 0.5, 'min_child_weight': 1, 'max_depth': 2, 'learning_rate': 0.05, 'gamma': 0.5, 'colsample_bytree': 0.7, 'colsample_bylevel': 0.8, 'n_estimators': 300}",0.6089947089947091,repeated_stratified,5,0,full,sep
8,5,0.625,8,2,0.25,8,3,0.375,0.4166666666666667,0.40317460317460324,0.7005208333333334,5,0,3,5,2,1,3,2,3,P25,xgb,30,"{'subsample': 0.6, 'reg_lambda': 1, 'reg_alpha': 0.1, 'min_child_weight': 1, 'max_depth': 2, 'learning_rate': 0.01, 'gamma': 2, 'colsample_bytree': 0.7, 'colsample_bylevel': 0.6, 'n_estimators': 300}",0.6155844155844156,repeated_stratified,5,1,full,sep
8,3,0.375,8,3,0.375,8,5,0.625,0.4583333333333333,0.46103569632981395,0.5911458333333334,3,2,3,4,3,1,3,0,5,P25,xgb,32,"{'subsample': 1.0, 'reg_lambda': 3, 'reg_alpha': 0.5, 'min_child_weight': 1, 'max_depth': 2, 'learning_rate': 0.05, 'gamma': 0, 'colsample_bytree': 0.7, 'colsample_bylevel': 0.8, 'n_estimators': 300}",0.6878547378547378,repeated_stratified,5,2,full,sep
8,1,0.125,8,5,0.625,8,1,0.125,0.2916666666666667,0.2540792540792541,0.4583333333333333,1,4,3,2,5,1,2,5,1,P25,xgb,26,"{'subsample': 0.6, 'reg_lambda': 1, 'reg_alpha': 0.1, 'min_child_weight': 1, 'max_depth': 2, 'learning_rate': 0.01, 'gamma': 2, 'colsample_bytree': 0.7, 'colsample_bylevel': 0.6, 'n_estimators': 300}",0.7120250120250119,repeated_stratified,5,3,full,sep
8,3,0.375,8,3,0.375,8,4,0.5,0.4166666666666667,0.416005291005291,0.5182291666666666,3,3,2,1,3,4,2,2,4,P25,xgb,29,"{'subsample': 0.8, 'reg_lambda': 5, 'reg_alpha': 0.1, 'min_child_weight': 1, 'max_depth': 8, 'learning_rate': 0.03, 'gamma': 0, 'colsample_bytree': 0.6, 'colsample_bylevel': 0.6, 'n_estimators': 300}",0.6879990379990378,repeated_stratified,5,4,full,sep
8,5,0.625,8,5,0.625,8,1,0.125,0.4583333333333333,0.43254566783978543,0.59375,5,1,2,1,5,2,4,3,1,P25,xgb,24,"{'subsample': 1.0, 'reg_lambda': 10, 'reg_alpha': 0.5, 'min_child_weight': 1, 'max_depth': 4, 'learning_rate': 0.03, 'gamma': 1, 'colsample_bytree': 0.7, 'colsample_bylevel': 0.8, 'n_estimators': 300}",0.6615921115921116,repeated_stratified,6,0,full,sep
8,2,0.25,8,6,0.75,8,2,0.25,0.4166666666666667,0.39145299145299145,0.640625,2,3,3,0,6,2,3,3,2,P25,xgb,27,"{'subsample': 0.8, 'reg_lambda': 3, 'reg_alpha': 0.1, 'min_child_weight': 1, 'max_depth': 2, 'learning_rate': 0.05, 'gamma': 2, 'colsample_bytree': 0.7, 'colsample_bylevel': 0.6, 'n_estimators': 300}",0.7031265031265032,repeated_stratified,6,1,full,sep
8,2,0.25,8,2,0.25,8,4,0.5,0.3333333333333333,0.335978835978836,0.5546875,2,3,3,5,2,1,3,1,4,P25,xgb,30,"{'subsample': 0.8, 'reg_lambda': 1, 'reg_alpha': 0.1, 'min_child_weight': 1, 'max_depth': 4, 'learning_rate': 0.05, 'gamma': 0.5, 'colsample_bytree': 0.7, 'colsample_bylevel': 0.6, 'n_estimators': 300}",0.6976911976911978,repeated_stratified,6,2,full,sep
8,4,0.5,8,6,0.75,8,4,0.5,0.5833333333333334,0.5797385620915033,0.7708333333333334,4,3,1,0,6,2,4,0,4,P25,xgb,30,"{'subsample': 0.8, 'reg_lambda': 10, 'reg_alpha': 0.1, 'min_child_weight': 1, 'max_depth': 16, 'learning_rate': 0.01, 'gamma': 0.1, 'colsample_bytree': 0.6, 'colsample_bylevel': 0.6, 'n_estimators': 300}",0.6127946127946128,repeated_stratified,6,3,full,sep
8,5,0.625,8,3,0.375,8,6,0.75,0.5833333333333334,0.5734126984126985,0.6822916666666666,5,1,2,3,3,2,0,2,6,P25,xgb,32,"{'subsample': 0.6, 'reg_lambda': 1, 'reg_alpha': 0.1, 'min_child_weight': 1, 'max_depth': 2, 'learning_rate': 0.01, 'gamma': 2, 'colsample_bytree': 0.7, 'colsample_bylevel': 0.6, 'n_estimators': 300}",0.6351611351611351,repeated_stratified,6,4,full,sep
8,3,0.375,8,5,0.625,8,5,0.625,0.5416666666666666,0.5377450980392157,0.6692708333333334,3,2,3,2,5,1,2,1,5,P25,xgb,29,"{'subsample': 0.6, 'reg_lambda': 5, 'reg_alpha': 0.5, 'min_child_weight': 1, 'max_depth': 8, 'learning_rate': 0.03, 'gamma': 0.3, 'colsample_bytree': 0.6, 'colsample_bylevel': 0.6, 'n_estimators': 300}",0.6666666666666666,repeated_stratified,7,0,full,sep
8,3,0.375,8,6,0.75,8,4,0.5,0.5416666666666666,0.5311612364243943,0.6484375,3,2,3,2,6,0,1,3,4,P25,xgb,30,"{'subsample': 0.8, 'reg_lambda': 10, 'reg_alpha': 0.1, 'min_child_weight': 1, 'max_depth': 16, 'learning_rate': 0.01, 'gamma': 0.1, 'colsample_bytree': 0.6, 'colsample_bylevel': 0.6, 'n_estimators': 300}",0.661063011063011,repeated_stratified,7,1,full,sep
8,2,0.25,8,3,0.375,8,5,0.625,0.4166666666666667,0.4071846282372598,0.6510416666666666,2,2,4,3,3,2,2,1,5,P25,xgb,30,"{'subsample': 0.6, 'reg_lambda': 5, 'reg_alpha': 0, 'min_child_weight': 1, 'max_depth': 2, 'learning_rate': 0.01, 'gamma': 0.3, 'colsample_bytree': 0.7, 'colsample_bylevel': 0.6, 'n_estimators': 300}",0.6858826358826359,repeated_stratified,7,2,full,sep
8,2,0.25,8,6,0.75,8,4,0.5,0.5,0.4860063683593095,0.625,2,1,5,1,6,1,2,2,4,P25,xgb,24,"{'subsample': 0.6, 'reg_lambda': 1, 'reg_alpha': 0.1, 'min_child_weight': 1, 'max_depth': 2, 'learning_rate': 0.01, 'gamma': 2, 'colsample_bytree': 0.7, 'colsample_bylevel': 0.6, 'n_estimators': 300}",0.6274410774410774,repeated_stratified,7,3,full,sep
8,4,0.5,8,3,0.375,8,4,0.5,0.4583333333333333,0.4568627450980392,0.6692708333333334,4,3,1,2,3,3,3,1,4,P25,xgb,27,"{'subsample': 0.6, 'reg_lambda': 5, 'reg_alpha': 0.5, 'min_child_weight': 1, 'max_depth': 8, 'learning_rate': 0.03, 'gamma': 0.3, 'colsample_bytree': 0.6, 'colsample_bylevel': 0.6, 'n_estimators': 300}",0.6461519961519961,repeated_stratified,7,4,full,sep
8,2,0.25,8,5,0.625,8,4,0.5,0.4583333333333333,0.44466936572199733,0.6171875,2,5,1,0,5,3,3,1,4,P25,xgb,32,"{'subsample': 0.8, 'reg_lambda': 1, 'reg_alpha': 0, 'min_child_weight': 1, 'max_depth': 8, 'learning_rate': 0.01, 'gamma': 0.3, 'colsample_bytree': 0.6, 'colsample_bylevel': 0.8, 'n_estimators': 300}",0.6695045695045696,repeated_stratified,8,0,full,sep
8,4,0.5,8,3,0.375,8,5,0.625,0.5,0.5,0.625,4,1,3,3,3,2,3,0,5,P25,xgb,30,"{'subsample': 0.6, 'reg_lambda': 10, 'reg_alpha': 0.1, 'min_child_weight': 1, 'max_depth': 8, 'learning_rate': 0.03, 'gamma': 0.3, 'colsample_bytree': 0.6, 'colsample_bylevel': 0.8, 'n_estimators': 300}",0.7218133718133718,repeated_stratified,8,1,full,sep
8,5,0.625,8,5,0.625,8,5,0.625,0.625,0.6266339869281046,0.6458333333333334,5,1,2,2,5,1,0,3,5,P25,xgb,30,"{'subsample': 0.6, 'reg_lambda': 5, 'reg_alpha': 0.5, 'min_child_weight': 1, 'max_depth': 8, 'learning_rate': 0.03, 'gamma': 0.3, 'colsample_bytree': 0.6, 'colsample_bylevel': 0.6, 'n_estimators': 300}",0.5841269841269842,repeated_stratified,8,2,full,sep
8,2,0.25,8,4,0.5,8,2,0.25,0.3333333333333333,0.32908496732026143,0.5572916666666666,2,3,3,2,4,2,4,2,2,P25,xgb,30,"{'subsample': 0.8, 'reg_lambda': 5, 'reg_alpha': 0.1, 'min_child_weight': 1, 'max_depth': 8, 'learning_rate': 0.03, 'gamma': 0, 'colsample_bytree': 0.6, 'colsample_bylevel': 0.6, 'n_estimators': 300}",0.6372294372294371,repeated_stratified,8,3,full,sep
8,1,0.125,8,5,0.625,8,5,0.625,0.4583333333333333,0.4270725834193326,0.6588541666666666,1,3,4,3,5,0,0,3,5,P25,xgb,30,"{'subsample': 0.6, 'reg_lambda': 1, 'reg_alpha': 0.1, 'min_child_weight': 1, 'max_depth': 2, 'learning_rate': 0.01, 'gamma': 2, 'colsample_bytree': 0.7, 'colsample_bylevel': 0.6, 'n_estimators': 300}",0.6510341510341511,repeated_stratified,8,4,full,sep
8,1,0.125,8,4,0.5,8,6,0.75,0.4583333333333333,0.4222222222222222,0.6458333333333334,1,4,3,1,4,3,2,0,6,P25,xgb,31,"{'subsample': 0.6, 'reg_lambda': 5, 'reg_alpha': 0.5, 'min_child_weight': 1, 'max_depth': 8, 'learning_rate': 0.03, 'gamma': 0.3, 'colsample_bytree': 0.6, 'colsample_bylevel': 0.6, 'n_estimators': 300}",0.6586820586820586,repeated_stratified,9,0,full,sep
8,4,0.5,8,5,0.625,8,3,0.375,0.5,0.49807273336685104,0.7005208333333334,4,3,1,2,5,1,4,1,3,P25,xgb,15,"{'subsample': 0.8, 'reg_lambda': 3, 'reg_alpha': 0.1, 'min_child_weight': 1, 'max_depth': 2, 'learning_rate': 0.05, 'gamma': 2, 'colsample_bytree': 0.7, 'colsample_bylevel': 0.6, 'n_estimators': 300}",0.6796296296296297,repeated_stratified,9,1,full,sep
8,2,0.25,8,3,0.375,8,4,0.5,0.375,0.3703703703703704,0.4791666666666667,2,1,5,4,3,1,1,3,4,P25,xgb,30,"{'subsample': 1.0, 'reg_lambda': 5, 'reg_alpha': 0.5, 'min_child_weight': 1, 'max_depth': 4, 'learning_rate': 0.03, 'gamma': 0, 'colsample_bytree': 0.6, 'colsample_bylevel': 0.8, 'n_estimators': 300}",0.6600288600288601,repeated_stratified,9,2,full,sep
8,2,0.25,8,4,0.5,8,7,0.875,0.5416666666666666,0.5111111111111111,0.7630208333333334,2,4,2,1,4,3,1,0,7,P25,xgb,30,"{'subsample': 0.6, 'reg_lambda': 3, 'reg_alpha': 0.1, 'min_child_weight': 1, 'max_depth': 2, 'learning_rate': 0.05, 'gamma': 0, 'colsample_bytree': 0.7, 'colsample_bylevel': 0.6, 'n_estimators': 300}",0.6502645502645502,repeated_stratified,9,3,full,sep
8,2,0.25,8,3,0.375,8,3,0.375,0.3333333333333333,0.33431372549019606,0.5833333333333334,2,1,5,4,3,1,2,3,3,P25,xgb,30,"{'subsample': 0.8, 'reg_lambda': 10, 'reg_alpha': 0.5, 'min_child_weight': 1, 'max_depth': 2, 'learning_rate': 0.05, 'gamma': 0.5, 'colsample_bytree': 0.7, 'colsample_bylevel': 0.8, 'n_estimators': 300}",0.7139249639249639,repeated_stratified,9,4,full,sep
9,4,0.4444444444444444,9,0,0.0,9,4,0.4444444444444444,0.2962962962962963,0.23715415019762845,0.5061728395061729,4,0,5,4,0,5,5,0,4,P27,xgb,8,"{'subsample': 1.0, 'reg_lambda': 10, 'reg_alpha': 0.5, 'min_child_weight': 1, 'max_depth': 4, 'learning_rate': 0.03, 'gamma': 1, 'colsample_bytree': 0.7, 'colsample_bylevel': 0.8, 'n_estimators': 300}",0.521749194847021,repeated_stratified,0,0,full,sep
9,3,0.3333333333333333,8,3,0.375,9,4,0.4444444444444444,0.38461538461538464,0.3829979360165119,0.5268246187363834,3,2,4,3,3,2,2,3,4,P27,xgb,9,"{'subsample': 0.6, 'reg_lambda': 1, 'reg_alpha': 0.1, 'min_child_weight': 1, 'max_depth': 2, 'learning_rate': 0.01, 'gamma': 2, 'colsample_bytree': 0.7, 'colsample_bylevel': 0.6, 'n_estimators': 300}",0.5259936319718929,repeated_stratified,0,1,full,sep
9,5,0.5555555555555556,8,3,0.375,9,4,0.4444444444444444,0.46153846153846156,0.4614293085655315,0.61900871459695,5,2,2,1,3,4,2,3,4,P27,xgb,9,"{'subsample': 1.0, 'reg_lambda': 1, 'reg_alpha': 0.5, 'min_child_weight': 1, 'max_depth': 4, 'learning_rate': 0.01, 'gamma': 0.5, 'colsample_bytree': 0.6, 'colsample_bylevel': 0.8, 'n_estimators': 300}",0.5698470209339774,repeated_stratified,0,2,full,sep
9,4,0.4444444444444444,8,1,0.125,9,3,0.3333333333333333,0.3076923076923077,0.29466829466829464,0.6006263616557733,4,2,3,1,1,6,4,2,3,P27,xgb,9,"{'subsample': 0.6, 'reg_lambda': 1, 'reg_alpha': 0.1, 'min_child_weight': 1, 'max_depth': 2, 'learning_rate': 0.01, 'gamma': 2, 'colsample_bytree': 0.7, 'colsample_bylevel': 0.6, 'n_estimators': 300}",0.6022910262040697,repeated_stratified,0,3,full,sep
9,2,0.2222222222222222,8,2,0.25,9,3,0.3333333333333333,0.2692307692307692,0.2689075630252101,0.4803921568627451,2,3,4,1,2,5,2,4,3,P27,xgb,7,"{'subsample': 1.0, 'reg_lambda': 5, 'reg_alpha': 0, 'min_child_weight': 1, 'max_depth': 2, 'learning_rate': 0.01, 'gamma': 0, 'colsample_bytree': 0.6, 'colsample_bylevel': 0.8, 'n_estimators': 300}",0.4989020641194554,repeated_stratified,0,4,full,sep
9,4,0.4444444444444444,9,1,0.1111111111111111,9,2,0.2222222222222222,0.25925925925925924,0.24290524290524293,0.5061728395061728,4,1,4,5,1,3,4,3,2,P27,xgb,10,"{'subsample': 1.0, 'reg_lambda': 5, 'reg_alpha': 0, 'min_child_weight': 1, 'max_depth': 2, 'learning_rate': 0.01, 'gamma': 0, 'colsample_bytree': 0.6, 'colsample_bylevel': 0.8, 'n_estimators': 300}",0.5619254135558482,repeated_stratified,1,0,full,sep
9,1,0.1111111111111111,8,4,0.5,9,3,0.3333333333333333,0.3076923076923077,0.28987854251012146,0.5185185185185185,1,4,4,1,4,3,2,4,3,P27,xgb,7,"{'subsample': 1.0, 'reg_lambda': 1, 'reg_alpha': 0.5, 'min_child_weight': 1, 'max_depth': 4, 'learning_rate': 0.01, 'gamma': 0.5, 'colsample_bytree': 0.6, 'colsample_bylevel': 0.8, 'n_estimators': 300}",0.5618778363343581,repeated_stratified,1,1,full,sep
9,5,0.5555555555555556,8,1,0.125,9,2,0.2222222222222222,0.3076923076923077,0.2789144643364592,0.46840958605664484,5,0,4,5,1,2,4,3,2,P27,xgb,9,"{'subsample': 1.0, 'reg_lambda': 5, 'reg_alpha': 0.1, 'min_child_weight': 1, 'max_depth': 8, 'learning_rate': 0.03, 'gamma': 0.1, 'colsample_bytree': 0.7, 'colsample_bylevel': 0.8, 'n_estimators': 300}",0.5124249743814961,repeated_stratified,1,2,full,sep
9,4,0.4444444444444444,8,2,0.25,9,4,0.4444444444444444,0.38461538461538464,0.38779956427015244,0.5702614379084967,4,5,0,2,2,4,2,3,4,P27,xgb,7,"{'subsample': 1.0, 'reg_lambda': 1, 'reg_alpha': 0.5, 'min_child_weight': 1, 'max_depth': 4, 'learning_rate': 0.01, 'gamma': 0.5, 'colsample_bytree': 0.6, 'colsample_bylevel': 0.8, 'n_estimators': 300}",0.5146025472112429,repeated_stratified,1,3,full,sep
9,4,0.4444444444444444,8,1,0.125,9,3,0.3333333333333333,0.3076923076923077,0.29576719576719573,0.46800108932461876,4,3,2,1,1,6,4,2,3,P27,xgb,9,"{'subsample': 0.6, 'reg_lambda': 5, 'reg_alpha': 0, 'min_child_weight': 1, 'max_depth': 2, 'learning_rate': 0.01, 'gamma': 0.3, 'colsample_bytree': 0.7, 'colsample_bylevel': 0.6, 'n_estimators': 300}",0.5356097203923291,repeated_stratified,1,4,full,sep
9,1,0.1111111111111111,9,2,0.2222222222222222,9,2,0.2222222222222222,0.18518518518518517,0.1843137254901961,0.41563786008230447,1,3,5,3,2,4,4,3,2,P27,xgb,8,"{'subsample': 0.6, 'reg_lambda': 5, 'reg_alpha': 0, 'min_child_weight': 1, 'max_depth': 2, 'learning_rate': 0.01, 'gamma': 0.3, 'colsample_bytree': 0.7, 'colsample_bylevel': 0.6, 'n_estimators': 300}",0.5524182037768993,repeated_stratified,2,0,full,sep
9,1,0.1111111111111111,8,0,0.0,9,2,0.2222222222222222,0.11538461538461539,0.11428571428571428,0.3540985838779957,1,5,3,2,0,6,2,5,2,P27,xgb,7,"{'subsample': 0.8, 'reg_lambda': 10, 'reg_alpha': 0.5, 'min_child_weight': 1, 'max_depth': 8, 'learning_rate': 0.01, 'gamma': 0.3, 'colsample_bytree': 0.7, 'colsample_bylevel': 0.6, 'n_estimators': 300}",0.6539123115210072,repeated_stratified,2,1,full,sep
9,5,0.5555555555555556,8,0,0.0,9,5,0.5555555555555556,0.38461538461538464,0.31339031339031337,0.5964052287581699,5,0,4,0,0,8,4,0,5,P27,xgb,8,"{'subsample': 1.0, 'reg_lambda': 10, 'reg_alpha': 0.5, 'min_child_weight': 1, 'max_depth': 4, 'learning_rate': 0.03, 'gamma': 1, 'colsample_bytree': 0.7, 'colsample_bylevel': 0.8, 'n_estimators': 300}",0.5104029424681599,repeated_stratified,2,2,full,sep
9,6,0.6666666666666666,8,3,0.375,9,5,0.5555555555555556,0.5384615384615384,0.5290448343079922,0.6518927015250544,6,2,1,2,3,3,2,2,5,P27,xgb,9,"{'subsample': 1.0, 'reg_lambda': 10, 'reg_alpha': 0.5, 'min_child_weight': 1, 'max_depth': 4, 'learning_rate': 0.03, 'gamma': 1, 'colsample_bytree': 0.7, 'colsample_bylevel': 0.8, 'n_estimators': 300}",0.5076306543697848,repeated_stratified,2,3,full,sep
9,4,0.4444444444444444,8,2,0.25,9,4,0.4444444444444444,0.38461538461538464,0.38054695562435503,0.5604575163398692,4,3,2,4,2,2,2,3,4,P27,xgb,9,"{'subsample': 0.8, 'reg_lambda': 1, 'reg_alpha': 0, 'min_child_weight': 1, 'max_depth': 4, 'learning_rate': 0.01, 'gamma': 0, 'colsample_bytree': 0.7, 'colsample_bylevel': 0.8, 'n_estimators': 300}",0.5196987995901039,repeated_stratified,2,4,full,sep
9,4,0.4444444444444444,9,3,0.3333333333333333,9,3,0.3333333333333333,0.37037037037037035,0.37323701410388715,0.5267489711934156,4,3,2,1,3,5,3,3,3,P27,xgb,8,"{'subsample': 0.8, 'reg_lambda': 10, 'reg_alpha': 0.5, 'min_child_weight': 1, 'max_depth': 8, 'learning_rate': 0.01, 'gamma': 0.3, 'colsample_bytree': 0.7, 'colsample_bylevel': 0.6, 'n_estimators': 300}",0.5374524227785097,repeated_stratified,3,0,full,sep
9,4,0.4444444444444444,8,0,0.0,9,3,0.3333333333333333,0.2692307692307692,0.21645021645021645,0.5002042483660131,4,1,4,3,0,5,6,0,3,P27,xgb,7,"{'subsample': 0.8, 'reg_lambda': 10, 'reg_alpha': 0.5, 'min_child_weight': 1, 'max_depth': 8, 'learning_rate': 0.01, 'gamma': 0.3, 'colsample_bytree': 0.7, 'colsample_bylevel': 0.6, 'n_estimators': 300}",0.5897196603718342,repeated_stratified,3,1,full,sep
9,4,0.4444444444444444,8,2,0.25,9,2,0.2222222222222222,0.3076923076923077,0.3021155830753354,0.6109749455337691,4,2,3,4,2,2,2,5,2,P27,xgb,9,"{'subsample': 0.8, 'reg_lambda': 1, 'reg_alpha': 0.1, 'min_child_weight': 1, 'max_depth': 4, 'learning_rate': 0.05, 'gamma': 0.5, 'colsample_bytree': 0.7, 'colsample_bylevel': 0.6, 'n_estimators': 300}",0.531547357634314,repeated_stratified,3,2,full,sep
9,4,0.4444444444444444,8,0,0.0,9,5,0.5555555555555556,0.34615384615384615,0.30123456790123454,0.5964052287581699,4,0,5,0,0,8,2,2,5,P27,xgb,7,"{'subsample': 0.6, 'reg_lambda': 1, 'reg_alpha': 0.1, 'min_child_weight': 1, 'max_depth': 2, 'learning_rate': 0.01, 'gamma': 2, 'colsample_bytree': 0.7, 'colsample_bylevel': 0.6, 'n_estimators': 300}",0.5627470355731226,repeated_stratified,3,3,full,sep
9,5,0.5555555555555556,8,1,0.125,9,2,0.2222222222222222,0.3076923076923077,0.28408628408628406,0.5575980392156863,5,1,3,3,1,4,4,3,2,P27,xgb,10,"{'subsample': 0.8, 'reg_lambda': 5, 'reg_alpha': 0.1, 'min_child_weight': 1, 'max_depth': 8, 'learning_rate': 0.03, 'gamma': 0, 'colsample_bytree': 0.6, 'colsample_bylevel': 0.6, 'n_estimators': 300}",0.5702495974235106,repeated_stratified,3,4,full,sep
9,4,0.4444444444444444,9,1,0.1111111111111111,9,2,0.2222222222222222,0.25925925925925924,0.25364063754156635,0.47942386831275724,4,1,4,5,1,3,1,6,2,P27,xgb,7,"{'subsample': 0.8, 'reg_lambda': 1, 'reg_alpha': 0.1, 'min_child_weight': 1, 'max_depth': 4, 'learning_rate': 0.05, 'gamma': 0.5, 'colsample_bytree': 0.7, 'colsample_bylevel': 0.6, 'n_estimators': 300}",0.551723759332455,repeated_stratified,4,0,full,sep
9,4,0.4444444444444444,8,0,0.0,9,2,0.2222222222222222,0.23076923076923078,0.2333333333333333,0.5224673202614379,4,3,2,1,0,7,2,5,2,P27,xgb,9,"{'subsample': 0.8, 'reg_lambda': 3, 'reg_alpha': 0.1, 'min_child_weight': 1, 'max_depth': 2, 'learning_rate': 0.05, 'gamma': 2, 'colsample_bytree': 0.7, 'colsample_bylevel': 0.6, 'n_estimators': 300}",0.49772178304786996,repeated_stratified,4,1,full,sep
9,2,0.2222222222222222,8,2,0.25,9,3,0.3333333333333333,0.2692307692307692,0.26666666666666666,0.522739651416122,2,3,4,2,2,4,3,3,3,P27,xgb,9,"{'subsample': 1.0, 'reg_lambda': 1, 'reg_alpha': 0.5, 'min_child_weight': 1, 'max_depth': 4, 'learning_rate': 0.01, 'gamma': 0.5, 'colsample_bytree': 0.6, 'colsample_bylevel': 0.8, 'n_estimators': 300}",0.5651624945103206,repeated_stratified,4,2,full,sep
9,3,0.3333333333333333,8,3,0.375,9,4,0.4444444444444444,0.38461538461538464,0.38730158730158726,0.5649509803921567,3,4,2,0,3,5,2,3,4,P27,xgb,8,"{'subsample': 1.0, 'reg_lambda': 5, 'reg_alpha': 0, 'min_child_weight': 1, 'max_depth': 2, 'learning_rate': 0.01, 'gamma': 0, 'colsample_bytree': 0.6, 'colsample_bylevel': 0.8, 'n_estimators': 300}",0.5499652320304494,repeated_stratified,4,3,full,sep
9,4,0.4444444444444444,8,2,0.25,9,1,0.1111111111111111,0.2692307692307692,0.2601727982162765,0.482843137254902,4,2,3,3,2,3,7,1,1,P27,xgb,9,"{'subsample': 1.0, 'reg_lambda': 10, 'reg_alpha': 0.5, 'min_child_weight': 1, 'max_depth': 4, 'learning_rate': 0.03, 'gamma': 1, 'colsample_bytree': 0.7, 'colsample_bylevel': 0.8, 'n_estimators': 300}",0.5496175523349436,repeated_stratified,4,4,full,sep
9,7,0.7777777777777778,9,3,0.3333333333333333,9,2,0.2222222222222222,0.4444444444444444,0.42672197083961794,0.5946502057613169,7,0,2,2,3,4,6,1,2,P27,xgb,9,"{'subsample': 1.0, 'reg_lambda': 1, 'reg_alpha': 0.5, 'min_child_weight': 1, 'max_depth': 4, 'learning_rate': 0.01, 'gamma': 0.5, 'colsample_bytree': 0.6, 'colsample_bylevel': 0.8, 'n_estimators': 300}",0.5406236275801494,repeated_stratified,5,0,full,sep
9,6,0.6666666666666666,8,1,0.125,9,2,0.2222222222222222,0.34615384615384615,0.3330753353973168,0.5917755991285403,6,3,0,2,1,5,2,5,2,P27,xgb,8,"{'subsample': 1.0, 'reg_lambda': 3, 'reg_alpha': 0, 'min_child_weight': 1, 'max_depth': 4, 'learning_rate': 0.01, 'gamma': 0.3, 'colsample_bytree': 0.6, 'colsample_bylevel': 0.6, 'n_estimators': 300}",0.5282626994583516,repeated_stratified,5,1,full,sep
9,4,0.4444444444444444,8,2,0.25,9,5,0.5555555555555556,0.4230769230769231,0.41111111111111115,0.5853758169934641,4,2,3,3,2,3,4,0,5,P27,xgb,9,"{'subsample': 0.8, 'reg_lambda': 10, 'reg_alpha': 0.1, 'min_child_weight': 1, 'max_depth': 16, 'learning_rate': 0.01, 'gamma': 0.1, 'colsample_bytree': 0.6, 'colsample_bylevel': 0.6, 'n_estimators': 300}",0.6093269653052261,repeated_stratified,5,2,full,sep
9,1,0.1111111111111111,8,0,0.0,9,4,0.4444444444444444,0.19230769230769232,0.1603864734299517,0.3469498910675381,1,4,4,2,0,6,3,2,4,P27,xgb,6,"{'subsample': 0.6, 'reg_lambda': 1, 'reg_alpha': 0, 'min_child_weight': 1, 'max_depth': 2, 'learning_rate': 0.03, 'gamma': 0, 'colsample_bytree': 0.6, 'colsample_bylevel': 0.6, 'n_estimators': 300}",0.5940199092373005,repeated_stratified,5,3,full,sep
9,3,0.3333333333333333,8,3,0.375,9,3,0.3333333333333333,0.34615384615384615,0.34722222222222215,0.5034041394335512,3,2,4,3,3,2,3,3,3,P27,xgb,8,"{'subsample': 0.6, 'reg_lambda': 1, 'reg_alpha': 0.1, 'min_child_weight': 1, 'max_depth': 2, 'learning_rate': 0.01, 'gamma': 2, 'colsample_bytree': 0.7, 'colsample_bylevel': 0.6, 'n_estimators': 300}",0.5918789342702385,repeated_stratified,5,4,full,sep
9,4,0.4444444444444444,9,0,0.0,9,2,0.2222222222222222,0.2222222222222222,0.19138755980861244,0.5349794238683127,4,3,2,3,0,6,6,1,2,P27,xgb,9,"{'subsample': 1.0, 'reg_lambda': 1, 'reg_alpha': 0.5, 'min_child_weight': 1, 'max_depth': 4, 'learning_rate': 0.01, 'gamma': 0.5, 'colsample_bytree': 0.6, 'colsample_bylevel': 0.8, 'n_estimators': 300}",0.579518006148441,repeated_stratified,6,0,full,sep
9,4,0.4444444444444444,8,2,0.25,9,3,0.3333333333333333,0.34615384615384615,0.34259259259259256,0.5305010893246187,4,3,2,2,2,4,3,3,3,P27,xgb,9,"{'subsample': 1.0, 'reg_lambda': 3, 'reg_alpha': 0, 'min_child_weight': 1, 'max_depth': 4, 'learning_rate': 0.01, 'gamma': 0.3, 'colsample_bytree': 0.6, 'colsample_bylevel': 0.6, 'n_estimators': 300}",0.5694078465817597,repeated_stratified,6,1,full,sep
9,3,0.3333333333333333,8,1,0.125,9,3,0.3333333333333333,0.2692307692307692,0.25654520917678814,0.5236928104575164,3,4,2,1,1,6,6,0,3,P27,xgb,8,"{'subsample': 1.0, 'reg_lambda': 1, 'reg_alpha': 0.5, 'min_child_weight': 1, 'max_depth': 4, 'learning_rate': 0.01, 'gamma': 0.5, 'colsample_bytree': 0.6, 'colsample_bylevel': 0.8, 'n_estimators': 300}",0.6016963109354414,repeated_stratified,6,2,full,sep
9,3,0.3333333333333333,8,4,0.5,9,3,0.3333333333333333,0.38461538461538464,0.3829979360165119,0.5375816993464052,3,3,3,3,4,1,2,4,3,P27,xgb,7,"{'subsample': 0.8, 'reg_lambda': 1, 'reg_alpha': 0, 'min_child_weight': 1, 'max_depth': 4, 'learning_rate': 0.01, 'gamma': 0, 'colsample_bytree': 0.7, 'colsample_bylevel': 0.8, 'n_estimators': 300}",0.5387845849802372,repeated_stratified,6,3,full,sep
9,5,0.5555555555555556,8,2,0.25,9,2,0.2222222222222222,0.34615384615384615,0.33398692810457514,0.5987200435729847,5,2,2,2,2,4,4,3,2,P27,xgb,10,"{'subsample': 1.0, 'reg_lambda': 1, 'reg_alpha': 0.5, 'min_child_weight': 1, 'max_depth': 4, 'learning_rate': 0.01, 'gamma': 0.5, 'colsample_bytree': 0.6, 'colsample_bylevel': 0.8, 'n_estimators': 300}",0.5468452642365685,repeated_stratified,6,4,full,sep
9,4,0.4444444444444444,9,2,0.2222222222222222,9,5,0.5555555555555556,0.4074074074074074,0.3943191311612364,0.5308641975308642,4,2,3,3,2,4,3,1,5,P27,xgb,7,"{'subsample': 1.0, 'reg_lambda': 1, 'reg_alpha': 0.5, 'min_child_weight': 1, 'max_depth': 4, 'learning_rate': 0.01, 'gamma': 0.5, 'colsample_bytree': 0.6, 'colsample_bylevel': 0.8, 'n_estimators': 300}",0.5547943200117114,repeated_stratified,7,0,full,sep
9,1,0.1111111111111111,8,1,0.125,9,5,0.5555555555555556,0.2692307692307692,0.23969877806194942,0.4833877995642702,1,5,3,1,1,6,1,3,5,P27,xgb,8,"{'subsample': 1.0, 'reg_lambda': 3, 'reg_alpha': 0.5, 'min_child_weight': 1, 'max_depth': 2, 'learning_rate': 0.05, 'gamma': 0, 'colsample_bytree': 0.7, 'colsample_bylevel': 0.8, 'n_estimators': 300}",0.6189430537256624,repeated_stratified,7,1,full,sep
9,5,0.5555555555555556,8,5,0.625,9,1,0.1111111111111111,0.4230769230769231,0.4024276377217553,0.6239106753812637,5,2,2,1,5,2,6,2,1,P27,xgb,10,"{'subsample': 0.6, 'reg_lambda': 5, 'reg_alpha': 0, 'min_child_weight': 1, 'max_depth': 2, 'learning_rate': 0.01, 'gamma': 0.3, 'colsample_bytree': 0.7, 'colsample_bylevel': 0.6, 'n_estimators': 300}",0.527695432586737,repeated_stratified,7,2,full,sep
9,3,0.3333333333333333,8,3,0.375,9,4,0.4444444444444444,0.38461538461538464,0.38674463937621834,0.5624319172113289,3,4,2,2,3,3,5,0,4,P27,xgb,9,"{'subsample': 0.6, 'reg_lambda': 1, 'reg_alpha': 0.1, 'min_child_weight': 1, 'max_depth': 2, 'learning_rate': 0.01, 'gamma': 2, 'colsample_bytree': 0.7, 'colsample_bylevel': 0.6, 'n_estimators': 300}",0.5298913043478262,repeated_stratified,7,3,full,sep
9,3,0.3333333333333333,8,1,0.125,9,2,0.2222222222222222,0.23076923076923078,0.22287581699346407,0.4965958605664487,3,3,3,4,1,3,4,3,2,P27,xgb,8,"{'subsample': 0.8, 'reg_lambda': 10, 'reg_alpha': 0.1, 'min_child_weight': 1, 'max_depth': 16, 'learning_rate': 0.01, 'gamma': 0.1, 'colsample_bytree': 0.6, 'colsample_bylevel': 0.6, 'n_estimators': 300}",0.5732506221636656,repeated_stratified,7,4,full,sep
9,4,0.4444444444444444,9,0,0.0,9,7,0.7777777777777778,0.4074074074074074,0.32758620689655177,0.5473251028806584,4,0,5,1,0,8,2,0,7,P27,xgb,8,"{'subsample': 1.0, 'reg_lambda': 5, 'reg_alpha': 0.5, 'min_child_weight': 1, 'max_depth': 4, 'learning_rate': 0.05, 'gamma': 2, 'colsample_bytree': 0.6, 'colsample_bylevel': 0.6, 'n_estimators': 300}",0.5143463621724491,repeated_stratified,8,0,full,sep
9,9,1.0,8,0,0.0,9,0,0.0,0.34615384615384615,0.1714285714285714,0.5,9,0,0,8,0,0,9,0,0,P27,xgb,9,"{'subsample': 1.0, 'reg_lambda': 10, 'reg_alpha': 0, 'min_child_weight': 1, 'max_depth': 16, 'learning_rate': 0.05, 'gamma': 2, 'colsample_bytree': 0.6, 'colsample_bylevel': 0.8, 'n_estimators': 300}",0.4990576050358659,repeated_stratified,8,1,full,sep
9,3,0.3333333333333333,8,1,0.125,9,5,0.5555555555555556,0.34615384615384615,0.3194444444444444,0.5072167755991286,3,0,6,3,1,4,1,3,5,P27,xgb,9,"{'subsample': 0.8, 'reg_lambda': 1, 'reg_alpha': 0, 'min_child_weight': 1, 'max_depth': 4, 'learning_rate': 0.01, 'gamma': 0, 'colsample_bytree': 0.7, 'colsample_bylevel': 0.8, 'n_estimators': 300}",0.5007319572536963,repeated_stratified,8,2,full,sep
9,4,0.4444444444444444,8,0,0.0,9,2,0.2222222222222222,0.23076923076923078,0.2074074074074074,0.5103485838779958,4,3,2,3,0,5,4,3,2,P27,xgb,7,"{'subsample': 0.6, 'reg_lambda': 1, 'reg_alpha': 0.1, 'min_child_weight': 1, 'max_depth': 2, 'learning_rate': 0.01, 'gamma': 2, 'colsample_bytree': 0.7, 'colsample_bylevel': 0.6, 'n_estimators': 300}",0.6027393500219587,repeated_stratified,8,3,full,sep
9,2,0.2222222222222222,8,1,0.125,9,3,0.3333333333333333,0.23076923076923078,0.2257936507936508,0.3967864923747277,2,3,4,2,1,5,2,4,3,P27,xgb,7,"{'subsample': 0.8, 'reg_lambda': 10, 'reg_alpha': 0.5, 'min_child_weight': 1, 'max_depth': 8, 'learning_rate': 0.01, 'gamma': 0.3, 'colsample_bytree': 0.7, 'colsample_bylevel': 0.6, 'n_estimators': 300}",0.576791465378422,repeated_stratified,8,4,full,sep
9,5,0.5555555555555556,9,0,0.0,9,3,0.3333333333333333,0.2962962962962963,0.25653594771241833,0.5329218106995884,5,2,2,6,0,3,4,2,3,P27,xgb,7,"{'subsample': 0.8, 'reg_lambda': 10, 'reg_alpha': 0, 'min_child_weight': 1, 'max_depth': 8, 'learning_rate': 0.05, 'gamma': 0, 'colsample_bytree': 0.7, 'colsample_bylevel': 0.6, 'n_estimators': 300}",0.48868760064412237,repeated_stratified,9,0,full,sep
9,4,0.4444444444444444,8,3,0.375,9,5,0.5555555555555556,0.46153846153846156,0.4622240504593446,0.6392973856209151,4,1,4,1,3,4,3,1,5,P27,xgb,3,"{'subsample': 0.8, 'reg_lambda': 1, 'reg_alpha': 0, 'min_child_weight': 1, 'max_depth': 8, 'learning_rate': 0.01, 'gamma': 0.3, 'colsample_bytree': 0.6, 'colsample_bylevel': 0.8, 'n_estimators': 300}",0.5848246962377398,repeated_stratified,9,1,full,sep
9,4,0.4444444444444444,8,2,0.25,9,2,0.2222222222222222,0.3076923076923077,0.32202729044834305,0.46350762527233114,4,2,3,1,2,5,1,6,2,P27,xgb,8,"{'subsample': 0.8, 'reg_lambda': 10, 'reg_alpha': 0.5, 'min_child_weight': 1, 'max_depth': 2, 'learning_rate': 0.05, 'gamma': 0.5, 'colsample_bytree': 0.7, 'colsample_bylevel': 0.8, 'n_estimators': 300}",0.574430903235251,repeated_stratified,9,2,full,sep
9,4,0.4444444444444444,8,0,0.0,9,1,0.1111111111111111,0.19230769230769232,0.16619981325863678,0.48311546840958597,4,2,3,4,0,4,4,4,1,P27,xgb,9,"{'subsample': 0.8, 'reg_lambda': 5, 'reg_alpha': 0.1, 'min_child_weight': 1, 'max_depth': 8, 'learning_rate': 0.03, 'gamma': 0, 'colsample_bytree': 0.6, 'colsample_bylevel': 0.6, 'n_estimators': 300}",0.5385192504757722,repeated_stratified,9,3,full,sep
9,2,0.2222222222222222,8,2,0.25,9,5,0.5555555555555556,0.34615384615384615,0.33095238095238094,0.5103485838779956,2,3,4,3,2,3,2,2,5,P27,xgb,9,"{'subsample': 0.8, 'reg_lambda': 1, 'reg_alpha': 0, 'min_child_weight': 1, 'max_depth': 8, 'learning_rate': 0.01, 'gamma': 0.3, 'colsample_bytree': 0.6, 'colsample_bylevel': 0.8, 'n_estimators': 300}",0.6107451324842629,repeated_stratified,9,4,full,sep
8,4,0.5,8,5,0.625,8,2,0.25,0.4583333333333333,0.4475404196766426,0.625,4,3,1,2,5,1,5,1,2,P28,xgb,19,"{'subsample': 0.6, 'reg_lambda': 10, 'reg_alpha': 0.5, 'min_child_weight': 1, 'max_depth': 2, 'learning_rate': 0.05, 'gamma': 0.1, 'colsample_bytree': 0.6, 'colsample_bylevel': 0.6, 'n_estimators': 300}",0.6011544011544011,repeated_stratified,0,0,full,sep
8,3,0.375,8,3,0.375,8,3,0.375,0.375,0.375,0.5989583333333334,3,2,3,3,3,2,2,3,3,P28,xgb,32,"{'subsample': 0.6, 'reg_lambda': 3, 'reg_alpha': 0.1, 'min_child_weight': 1, 'max_depth': 8, 'learning_rate': 0.05, 'gamma': 0, 'colsample_bytree': 0.7, 'colsample_bylevel': 0.8, 'n_estimators': 300}",0.628932178932179,repeated_stratified,0,1,full,sep
8,3,0.375,8,4,0.5,8,3,0.375,0.4166666666666667,0.416005291005291,0.5859375,3,4,1,2,4,2,3,2,3,P28,xgb,21,"{'subsample': 0.6, 'reg_lambda': 10, 'reg_alpha': 0.5, 'min_child_weight': 1, 'max_depth': 2, 'learning_rate': 0.05, 'gamma': 0.1, 'colsample_bytree': 0.6, 'colsample_bylevel': 0.6, 'n_estimators': 300}",0.6169793169793168,repeated_stratified,0,2,full,sep
8,3,0.375,8,4,0.5,8,5,0.625,0.5,0.4957983193277311,0.6171875,3,3,2,2,4,2,1,2,5,P28,xgb,32,"{'subsample': 0.8, 'reg_lambda': 3, 'reg_alpha': 0.1, 'min_child_weight': 1, 'max_depth': 2, 'learning_rate': 0.03, 'gamma': 1, 'colsample_bytree': 0.6, 'colsample_bylevel': 0.6, 'n_estimators': 300}",0.5716931216931217,repeated_stratified,0,3,full,sep
8,3,0.375,8,4,0.5,8,4,0.5,0.4583333333333333,0.4576719576719577,0.6171875,3,2,3,1,4,3,2,2,4,P28,xgb,32,"{'subsample': 0.8, 'reg_lambda': 1, 'reg_alpha': 0.5, 'min_child_weight': 1, 'max_depth': 2, 'learning_rate': 0.01, 'gamma': 0.1, 'colsample_bytree': 0.7, 'colsample_bylevel': 0.6, 'n_estimators': 300}",0.6074795574795576,repeated_stratified,0,4,full,sep
8,1,0.125,8,5,0.625,8,4,0.5,0.4166666666666667,0.4184318097361575,0.6927083333333334,1,7,0,3,5,0,1,3,4,P28,xgb,20,"{'subsample': 0.6, 'reg_lambda': 5, 'reg_alpha': 0, 'min_child_weight': 1, 'max_depth': 2, 'learning_rate': 0.01, 'gamma': 0.3, 'colsample_bytree': 0.7, 'colsample_bylevel': 0.6, 'n_estimators': 300}",0.6214045214045214,repeated_stratified,1,0,full,sep
8,3,0.375,8,1,0.125,8,5,0.625,0.375,0.35714285714285715,0.6302083333333334,3,3,2,2,1,5,1,2,5,P28,xgb,11,"{'subsample': 0.6, 'reg_lambda': 5, 'reg_alpha': 0, 'min_child_weight': 1, 'max_depth': 2, 'learning_rate': 0.01, 'gamma': 0.3, 'colsample_bytree': 0.7, 'colsample_bylevel': 0.6, 'n_estimators': 300}",0.6857383357383356,repeated_stratified,1,1,full,sep
8,4,0.5,8,3,0.375,8,3,0.375,0.4166666666666667,0.4196413608178314,0.5755208333333334,4,3,1,4,3,1,2,3,3,P28,xgb,32,"{'subsample': 0.8, 'reg_lambda': 5, 'reg_alpha': 0.1, 'min_child_weight': 1, 'max_depth': 8, 'learning_rate': 0.03, 'gamma': 0, 'colsample_bytree': 0.6, 'colsample_bylevel': 0.6, 'n_estimators': 300}",0.6157046657046656,repeated_stratified,1,2,full,sep
8,3,0.375,8,5,0.625,8,2,0.25,0.4166666666666667,0.40401002506265665,0.5572916666666666,3,3,2,1,5,2,3,3,2,P28,xgb,32,"{'subsample': 0.6, 'reg_lambda': 5, 'reg_alpha': 0.5, 'min_child_weight': 1, 'max_depth': 8, 'learning_rate': 0.03, 'gamma': 0.3, 'colsample_bytree': 0.6, 'colsample_bylevel': 0.6, 'n_estimators': 300}",0.6427128427128427,repeated_stratified,1,3,full,sep
8,4,0.5,8,1,0.125,8,4,0.5,0.375,0.35555555555555557,0.6015625,4,2,2,5,1,2,3,1,4,P28,xgb,32,"{'subsample': 0.6, 'reg_lambda': 5, 'reg_alpha': 0, 'min_child_weight': 1, 'max_depth': 2, 'learning_rate': 0.01, 'gamma': 0.3, 'colsample_bytree': 0.7, 'colsample_bylevel': 0.6, 'n_estimators': 300}",0.5608465608465608,repeated_stratified,1,4,full,sep
8,2,0.25,8,4,0.5,8,3,0.375,0.375,0.38120915032679736,0.5833333333333334,2,3,3,2,4,2,5,0,3,P28,xgb,32,"{'subsample': 0.6, 'reg_lambda': 5, 'reg_alpha': 0, 'min_child_weight': 1, 'max_depth': 2, 'learning_rate': 0.01, 'gamma': 0.3, 'colsample_bytree': 0.7, 'colsample_bylevel': 0.6, 'n_estimators': 300}",0.5558682058682058,repeated_stratified,2,0,full,sep
8,1,0.125,8,5,0.625,8,2,0.25,0.3333333333333333,0.3055555555555555,0.5677083333333334,1,3,4,1,5,2,2,4,2,P28,xgb,32,"{'subsample': 0.6, 'reg_lambda': 1, 'reg_alpha': 0.1, 'min_child_weight': 1, 'max_depth': 2, 'learning_rate': 0.01, 'gamma': 2, 'colsample_bytree': 0.7, 'colsample_bylevel': 0.6, 'n_estimators': 300}",0.6191197691197692,repeated_stratified,2,1,full,sep
8,5,0.625,8,3,0.375,8,4,0.5,0.5,0.4959514170040486,0.71875,5,2,1,2,3,3,4,0,4,P28,xgb,32,"{'subsample': 1.0, 'reg_lambda': 10, 'reg_alpha': 0.1, 'min_child_weight': 1, 'max_depth': 2, 'learning_rate': 0.03, 'gamma': 0.3, 'colsample_bytree': 0.6, 'colsample_bylevel': 0.6, 'n_estimators': 300}",0.4669312169312169,repeated_stratified,2,2,full,sep
8,3,0.375,8,2,0.25,8,4,0.5,0.375,0.36892230576441104,0.5651041666666666,3,3,2,1,2,5,3,1,4,P28,xgb,31,"{'subsample': 0.6, 'reg_lambda': 1, 'reg_alpha': 0.1, 'min_child_weight': 1, 'max_depth': 2, 'learning_rate': 0.01, 'gamma': 2, 'colsample_bytree': 0.7, 'colsample_bylevel': 0.6, 'n_estimators': 300}",0.6219336219336219,repeated_stratified,2,3,full,sep
8,6,0.75,8,3,0.375,8,3,0.375,0.5,0.4904761904761905,0.6796875,6,2,0,4,3,1,3,2,3,P28,xgb,14,"{'subsample': 0.8, 'reg_lambda': 3, 'reg_alpha': 0.1, 'min_child_weight': 1, 'max_depth': 2, 'learning_rate': 0.03, 'gamma': 1, 'colsample_bytree': 0.6, 'colsample_bylevel': 0.6, 'n_estimators': 300}",0.6512265512265513,repeated_stratified,2,4,full,sep
8,3,0.375,8,2,0.25,8,2,0.25,0.2916666666666667,0.2923202614379085,0.515625,3,2,3,2,2,4,3,3,2,P28,xgb,32,"{'subsample': 0.8, 'reg_lambda': 1, 'reg_alpha': 0, 'min_child_weight': 1, 'max_depth': 8, 'learning_rate': 0.01, 'gamma': 0.3, 'colsample_bytree': 0.6, 'colsample_bylevel': 0.8, 'n_estimators': 300}",0.6288600288600289,repeated_stratified,3,0,full,sep
8,6,0.75,8,4,0.5,8,3,0.375,0.5416666666666666,0.5329311211664153,0.6927083333333334,6,2,0,2,4,2,2,3,3,P28,xgb,32,"{'subsample': 0.8, 'reg_lambda': 10, 'reg_alpha': 0.5, 'min_child_weight': 1, 'max_depth': 8, 'learning_rate': 0.01, 'gamma': 0.3, 'colsample_bytree': 0.7, 'colsample_bylevel': 0.6, 'n_estimators': 300}",0.5970177970177971,repeated_stratified,3,1,full,sep
8,2,0.25,8,0,0.0,8,6,0.75,0.3333333333333333,0.2793650793650793,0.5677083333333334,2,2,4,5,0,3,0,2,6,P28,xgb,32,"{'subsample': 0.6, 'reg_lambda': 5, 'reg_alpha': 0.5, 'min_child_weight': 1, 'max_depth': 8, 'learning_rate': 0.03, 'gamma': 0.3, 'colsample_bytree': 0.6, 'colsample_bylevel': 0.6, 'n_estimators': 300}",0.6564454064454065,repeated_stratified,3,2,full,sep
8,3,0.375,8,5,0.625,8,4,0.5,0.5,0.5,0.765625,3,4,1,2,5,1,1,3,4,P28,xgb,32,"{'subsample': 0.6, 'reg_lambda': 3, 'reg_alpha': 0.1, 'min_child_weight': 1, 'max_depth': 2, 'learning_rate': 0.05, 'gamma': 0, 'colsample_bytree': 0.7, 'colsample_bylevel': 0.6, 'n_estimators': 300}",0.48987493987493985,repeated_stratified,3,3,full,sep
8,4,0.5,8,4,0.5,8,3,0.375,0.4583333333333333,0.4568627450980392,0.6536458333333334,4,2,2,2,4,2,3,2,3,P28,xgb,31,"{'subsample': 0.6, 'reg_lambda': 10, 'reg_alpha': 0.1, 'min_child_weight': 1, 'max_depth': 8, 'learning_rate': 0.03, 'gamma': 0.3, 'colsample_bytree': 0.6, 'colsample_bylevel': 0.8, 'n_estimators': 300}",0.6341269841269841,repeated_stratified,3,4,full,sep
8,3,0.375,8,4,0.5,8,3,0.375,0.4166666666666667,0.4196413608178314,0.6614583333333334,3,4,1,3,4,1,3,2,3,P28,xgb,32,"{'subsample': 0.6, 'reg_lambda': 5, 'reg_alpha': 0.5, 'min_child_weight': 1, 'max_depth': 8, 'learning_rate': 0.03, 'gamma': 0.3, 'colsample_bytree': 0.6, 'colsample_bylevel': 0.6, 'n_estimators': 300}",0.5680134680134681,repeated_stratified,4,0,full,sep
8,4,0.5,8,2,0.25,8,1,0.125,0.2916666666666667,0.28003341687552213,0.53125,4,1,3,3,2,3,4,3,1,P28,xgb,32,"{'subsample': 0.6, 'reg_lambda': 10, 'reg_alpha': 0.5, 'min_child_weight': 1, 'max_depth': 2, 'learning_rate': 0.05, 'gamma': 0.1, 'colsample_bytree': 0.6, 'colsample_bylevel': 0.6, 'n_estimators': 300}",0.6071188071188071,repeated_stratified,4,1,full,sep
8,0,0.0,8,5,0.625,8,4,0.5,0.375,0.3333333333333333,0.6223958333333334,0,4,4,1,5,2,3,1,4,P28,xgb,12,"{'subsample': 0.8, 'reg_lambda': 3, 'reg_alpha': 0.1, 'min_child_weight': 1, 'max_depth': 2, 'learning_rate': 0.03, 'gamma': 1, 'colsample_bytree': 0.6, 'colsample_bylevel': 0.6, 'n_estimators': 300}",0.6033910533910535,repeated_stratified,4,2,full,sep
8,3,0.375,8,4,0.5,8,2,0.25,0.375,0.3707516339869281,0.6119791666666666,3,3,2,1,4,3,4,2,2,P28,xgb,32,"{'subsample': 0.6, 'reg_lambda': 5, 'reg_alpha': 0, 'min_child_weight': 1, 'max_depth': 2, 'learning_rate': 0.01, 'gamma': 0.3, 'colsample_bytree': 0.7, 'colsample_bylevel': 0.6, 'n_estimators': 300}",0.605098605098605,repeated_stratified,4,3,full,sep
8,4,0.5,8,3,0.375,8,2,0.25,0.375,0.3705379587732529,0.6067708333333334,4,3,1,3,3,2,2,4,2,P28,xgb,32,"{'subsample': 0.8, 'reg_lambda': 5, 'reg_alpha': 0.1, 'min_child_weight': 1, 'max_depth': 8, 'learning_rate': 0.03, 'gamma': 0, 'colsample_bytree': 0.6, 'colsample_bylevel': 0.6, 'n_estimators': 300}",0.6379028379028379,repeated_stratified,4,4,full,sep
8,1,0.125,8,2,0.25,8,3,0.375,0.25,0.23987854251012145,0.4635416666666667,1,3,4,2,2,4,2,3,3,P28,xgb,32,"{'subsample': 0.6, 'reg_lambda': 3, 'reg_alpha': 0.1, 'min_child_weight': 1, 'max_depth': 2, 'learning_rate': 0.05, 'gamma': 0, 'colsample_bytree': 0.7, 'colsample_bylevel': 0.6, 'n_estimators': 300}",0.6486050986050985,repeated_stratified,5,0,full,sep
8,3,0.375,8,4,0.5,8,3,0.375,0.4166666666666667,0.4166666666666667,0.6692708333333334,3,2,3,2,4,2,3,2,3,P28,xgb,32,"{'subsample': 0.6, 'reg_lambda': 3, 'reg_alpha': 0.1, 'min_child_weight': 1, 'max_depth': 2, 'learning_rate': 0.05, 'gamma': 0, 'colsample_bytree': 0.7, 'colsample_bylevel': 0.6, 'n_estimators': 300}",0.6365800865800866,repeated_stratified,5,1,full,sep
8,4,0.5,8,3,0.375,8,1,0.125,0.3333333333333333,0.31925590749120164,0.5052083333333334,4,2,2,3,3,2,2,5,1,P28,xgb,12,"{'subsample': 1.0, 'reg_lambda': 10, 'reg_alpha': 0.5, 'min_child_weight': 1, 'max_depth': 4, 'learning_rate': 0.03, 'gamma': 1, 'colsample_bytree': 0.7, 'colsample_bylevel': 0.8, 'n_estimators': 300}",0.693025493025493,repeated_stratified,5,2,full,sep
8,4,0.5,8,2,0.25,8,3,0.375,0.375,0.3849206349206349,0.625,4,3,1,0,2,6,2,3,3,P28,xgb,32,"{'subsample': 0.6, 'reg_lambda': 5, 'reg_alpha': 0, 'min_child_weight': 1, 'max_depth': 2, 'learning_rate': 0.01, 'gamma': 0.3, 'colsample_bytree': 0.7, 'colsample_bylevel': 0.6, 'n_estimators': 300}",0.5262385762385763,repeated_stratified,5,3,full,sep
8,4,0.5,8,2,0.25,8,5,0.625,0.4583333333333333,0.45171957671957674,0.6015625,4,2,2,5,2,1,1,2,5,P28,xgb,32,"{'subsample': 0.6, 'reg_lambda': 5, 'reg_alpha': 0.5, 'min_child_weight': 1, 'max_depth': 8, 'learning_rate': 0.03, 'gamma': 0.3, 'colsample_bytree': 0.6, 'colsample_bylevel': 0.6, 'n_estimators': 300}",0.6061568061568061,repeated_stratified,5,4,full,sep
8,4,0.5,8,3,0.375,8,5,0.625,0.5,0.4985294117647059,0.6510416666666666,4,1,3,5,3,0,0,3,5,P28,xgb,15,"{'subsample': 0.6, 'reg_lambda': 10, 'reg_alpha': 0.5, 'min_child_weight': 1, 'max_depth': 2, 'learning_rate': 0.05, 'gamma': 0.1, 'colsample_bytree': 0.6, 'colsample_bylevel': 0.6, 'n_estimators': 300}",0.6557720057720058,repeated_stratified,6,0,full,sep
8,2,0.25,8,2,0.25,8,4,0.5,0.3333333333333333,0.32624831309041835,0.4921875,2,4,2,1,2,5,2,2,4,P28,xgb,30,"{'subsample': 1.0, 'reg_lambda': 3, 'reg_alpha': 0.5, 'min_child_weight': 1, 'max_depth': 2, 'learning_rate': 0.05, 'gamma': 0, 'colsample_bytree': 0.7, 'colsample_bylevel': 0.8, 'n_estimators': 300}",0.602044252044252,repeated_stratified,6,1,full,sep
8,1,0.125,8,2,0.25,8,6,0.75,0.375,0.34017094017094013,0.5520833333333334,1,3,4,4,2,2,0,2,6,P28,xgb,32,"{'subsample': 0.8, 'reg_lambda': 10, 'reg_alpha': 0.5, 'min_child_weight': 1, 'max_depth': 2, 'learning_rate': 0.05, 'gamma': 0.5, 'colsample_bytree': 0.7, 'colsample_bylevel': 0.8, 'n_estimators': 300}",0.5944444444444444,repeated_stratified,6,2,full,sep
8,1,0.125,8,3,0.375,8,5,0.625,0.375,0.3584715937657114,0.6145833333333334,1,5,2,3,3,2,1,2,5,P28,xgb,32,"{'subsample': 0.6, 'reg_lambda': 10, 'reg_alpha': 0.5, 'min_child_weight': 1, 'max_depth': 2, 'learning_rate': 0.05, 'gamma': 0.1, 'colsample_bytree': 0.6, 'colsample_bylevel': 0.6, 'n_estimators': 300}",0.7110630110630111,repeated_stratified,6,3,full,sep
8,4,0.5,8,3,0.375,8,3,0.375,0.4166666666666667,0.4151960784313726,0.6197916666666666,4,3,1,2,3,3,3,2,3,P28,xgb,32,"{'subsample': 0.6, 'reg_lambda': 5, 'reg_alpha': 0, 'min_child_weight': 1, 'max_depth': 2, 'learning_rate': 0.01, 'gamma': 0.3, 'colsample_bytree': 0.7, 'colsample_bylevel': 0.6, 'n_estimators': 300}",0.5485810485810486,repeated_stratified,6,4,full,sep
8,4,0.5,8,3,0.375,8,3,0.375,0.4166666666666667,0.4165413533834586,0.546875,4,3,1,3,3,2,4,1,3,P28,xgb,14,"{'subsample': 0.6, 'reg_lambda': 10, 'reg_alpha': 0.5, 'min_child_weight': 1, 'max_depth': 2, 'learning_rate': 0.05, 'gamma': 0.1, 'colsample_bytree': 0.6, 'colsample_bylevel': 0.6, 'n_estimators': 300}",0.650986050986051,repeated_stratified,7,0,full,sep
8,2,0.25,8,5,0.625,8,5,0.625,0.5,0.49289891395154556,0.6927083333333334,2,4,2,3,5,0,1,2,5,P28,xgb,32,"{'subsample': 0.8, 'reg_lambda': 10, 'reg_alpha': 0, 'min_child_weight': 1, 'max_depth': 8, 'learning_rate': 0.05, 'gamma': 0, 'colsample_bytree': 0.7, 'colsample_bylevel': 0.6, 'n_estimators': 300}",0.5235690235690236,repeated_stratified,7,1,full,sep
8,4,0.5,8,6,0.75,8,4,0.5,0.5833333333333334,0.5777777777777778,0.7838541666666666,4,2,2,1,6,1,2,2,4,P28,xgb,25,"{'subsample': 0.6, 'reg_lambda': 1, 'reg_alpha': 0.1, 'min_child_weight': 1, 'max_depth': 2, 'learning_rate': 0.01, 'gamma': 2, 'colsample_bytree': 0.7, 'colsample_bylevel': 0.6, 'n_estimators': 300}",0.5300144300144302,repeated_stratified,7,2,full,sep
8,3,0.375,8,3,0.375,8,4,0.5,0.4166666666666667,0.4173669467787115,0.53125,3,2,3,3,3,2,3,1,4,P28,xgb,32,"{'subsample': 1.0, 'reg_lambda': 3, 'reg_alpha': 0.5, 'min_child_weight': 1, 'max_depth': 2, 'learning_rate': 0.05, 'gamma': 0, 'colsample_bytree': 0.7, 'colsample_bylevel': 0.8, 'n_estimators': 300}",0.5982443482443482,repeated_stratified,7,3,full,sep
8,2,0.25,8,3,0.375,8,2,0.25,0.2916666666666667,0.2943121693121693,0.4869791666666667,2,4,2,3,3,2,5,1,2,P28,xgb,32,"{'subsample': 0.6, 'reg_lambda': 10, 'reg_alpha': 0.1, 'min_child_weight': 1, 'max_depth': 8, 'learning_rate': 0.03, 'gamma': 0.3, 'colsample_bytree': 0.6, 'colsample_bylevel': 0.8, 'n_estimators': 300}",0.6430495430495431,repeated_stratified,7,4,full,sep
8,3,0.375,8,4,0.5,8,2,0.25,0.375,0.3703703703703703,0.6197916666666666,3,5,0,2,4,2,5,1,2,P28,xgb,33,"{'subsample': 0.8, 'reg_lambda': 10, 'reg_alpha': 0.5, 'min_child_weight': 1, 'max_depth': 8, 'learning_rate': 0.01, 'gamma': 0.3, 'colsample_bytree': 0.7, 'colsample_bylevel': 0.6, 'n_estimators': 300}",0.5926887926887927,repeated_stratified,8,0,full,sep
8,3,0.375,8,3,0.375,8,1,0.125,0.2916666666666667,0.3051948051948052,0.5520833333333334,3,1,4,4,3,1,7,0,1,P28,xgb,32,"{'subsample': 0.6, 'reg_lambda': 5, 'reg_alpha': 0, 'min_child_weight': 1, 'max_depth': 2, 'learning_rate': 0.01, 'gamma': 0.3, 'colsample_bytree': 0.7, 'colsample_bylevel': 0.6, 'n_estimators': 300}",0.6575517075517076,repeated_stratified,8,1,full,sep
8,4,0.5,8,4,0.5,8,2,0.25,0.4166666666666667,0.4074074074074074,0.5494791666666666,4,2,2,4,4,0,2,4,2,P28,xgb,32,"{'subsample': 0.8, 'reg_lambda': 1, 'reg_alpha': 0.5, 'min_child_weight': 1, 'max_depth': 2, 'learning_rate': 0.01, 'gamma': 0.1, 'colsample_bytree': 0.7, 'colsample_bylevel': 0.6, 'n_estimators': 300}",0.6994708994708995,repeated_stratified,8,2,full,sep
8,2,0.25,8,4,0.5,8,5,0.625,0.4583333333333333,0.4481792717086835,0.6302083333333334,2,3,3,3,4,1,1,2,5,P28,xgb,32,"{'subsample': 0.6, 'reg_lambda': 3, 'reg_alpha': 0.1, 'min_child_weight': 1, 'max_depth': 2, 'learning_rate': 0.05, 'gamma': 0, 'colsample_bytree': 0.7, 'colsample_bylevel': 0.6, 'n_estimators': 300}",0.5521645021645022,repeated_stratified,8,3,full,sep
8,2,0.25,8,2,0.25,8,5,0.625,0.375,0.35956558061821225,0.5677083333333334,2,3,3,3,2,3,2,1,5,P28,xgb,32,"{'subsample': 0.8, 'reg_lambda': 10, 'reg_alpha': 0.5, 'min_child_weight': 1, 'max_depth': 8, 'learning_rate': 0.01, 'gamma': 0.3, 'colsample_bytree': 0.7, 'colsample_bylevel': 0.6, 'n_estimators': 300}",0.6264069264069264,repeated_stratified,8,4,full,sep
8,4,0.5,8,4,0.5,8,2,0.25,0.4166666666666667,0.4089635854341737,0.6666666666666666,4,3,1,1,4,3,4,2,2,P28,xgb,14,"{'subsample': 0.6, 'reg_lambda': 10, 'reg_alpha': 0.1, 'min_child_weight': 1, 'max_depth': 8, 'learning_rate': 0.03, 'gamma': 0.3, 'colsample_bytree': 0.6, 'colsample_bylevel': 0.8, 'n_estimators': 300}",0.6387205387205387,repeated_stratified,9,0,full,sep
8,2,0.25,8,4,0.5,8,2,0.25,0.3333333333333333,0.33398692810457514,0.5963541666666666,2,2,4,1,4,3,4,2,2,P28,xgb,32,"{'subsample': 0.6, 'reg_lambda': 3, 'reg_alpha': 0.1, 'min_child_weight': 1, 'max_depth': 2, 'learning_rate': 0.05, 'gamma': 0, 'colsample_bytree': 0.7, 'colsample_bylevel': 0.6, 'n_estimators': 300}",0.6535594035594036,repeated_stratified,9,1,full,sep
8,2,0.25,8,3,0.375,8,4,0.5,0.375,0.3707516339869281,0.6640625,2,3,3,3,3,2,2,2,4,P28,xgb,32,"{'subsample': 0.6, 'reg_lambda': 1, 'reg_alpha': 0, 'min_child_weight': 1, 'max_depth': 2, 'learning_rate': 0.03, 'gamma': 0, 'colsample_bytree': 0.6, 'colsample_bylevel': 0.6, 'n_estimators': 300}",0.5332852332852333,repeated_stratified,9,2,full,sep
8,3,0.375,8,5,0.625,8,2,0.25,0.4166666666666667,0.40552584670231734,0.5286458333333334,3,5,0,2,5,1,4,2,2,P28,xgb,32,"{'subsample': 0.8, 'reg_lambda': 10, 'reg_alpha': 0, 'min_child_weight': 1, 'max_depth': 8, 'learning_rate': 0.05, 'gamma': 0, 'colsample_bytree': 0.7, 'colsample_bylevel': 0.6, 'n_estimators': 300}",0.6294372294372295,repeated_stratified,9,3,full,sep
8,4,0.5,8,1,0.125,8,5,0.625,0.4166666666666667,0.3994708994708995,0.5598958333333334,4,3,1,3,1,4,1,2,5,P28,xgb,32,"{'subsample': 0.8, 'reg_lambda': 10, 'reg_alpha': 0, 'min_child_weight': 1, 'max_depth': 8, 'learning_rate': 0.05, 'gamma': 0, 'colsample_bytree': 0.7, 'colsample_bylevel': 0.6, 'n_estimators': 300}",0.6282347282347281,repeated_stratified,9,4,full,sep
8,3,0.375,8,3,0.375,8,2,0.25,0.3333333333333333,0.334313725490196,0.515625,3,2,3,2,3,3,2,4,2,P29,xgb,29,"{'subsample': 1.0, 'reg_lambda': 1, 'reg_alpha': 0.5, 'min_child_weight': 1, 'max_depth': 4, 'learning_rate': 0.01, 'gamma': 0.5, 'colsample_bytree': 0.6, 'colsample_bylevel': 0.8, 'n_estimators': 300}",0.7071428571428572,repeated_stratified,0,0,full,sep
8,4,0.5,8,4,0.5,8,3,0.375,0.4583333333333333,0.4641604010025063,0.6119791666666666,4,2,2,2,4,2,0,5,3,P29,xgb,30,"{'subsample': 0.6, 'reg_lambda': 3, 'reg_alpha': 0.1, 'min_child_weight': 1, 'max_depth': 2, 'learning_rate': 0.05, 'gamma': 0, 'colsample_bytree': 0.7, 'colsample_bylevel': 0.6, 'n_estimators': 300}",0.6107022607022606,repeated_stratified,0,1,full,sep
8,5,0.625,8,3,0.375,8,5,0.625,0.5416666666666666,0.5377450980392157,0.6041666666666666,5,2,1,3,3,2,1,2,5,P29,xgb,25,"{'subsample': 0.8, 'reg_lambda': 1, 'reg_alpha': 0, 'min_child_weight': 1, 'max_depth': 8, 'learning_rate': 0.01, 'gamma': 0.3, 'colsample_bytree': 0.6, 'colsample_bylevel': 0.8, 'n_estimators': 300}",0.5694564694564694,repeated_stratified,0,2,full,sep
8,7,0.875,8,2,0.25,8,4,0.5,0.5416666666666666,0.5148448043184884,0.6927083333333334,7,1,0,2,2,4,2,2,4,P29,xgb,23,"{'subsample': 0.8, 'reg_lambda': 5, 'reg_alpha': 0.1, 'min_child_weight': 1, 'max_depth': 8, 'learning_rate': 0.03, 'gamma': 0, 'colsample_bytree': 0.6, 'colsample_bylevel': 0.6, 'n_estimators': 300}",0.6313131313131314,repeated_stratified,0,3,full,sep
8,7,0.875,7,5,0.7142857142857143,8,3,0.375,0.6521739130434783,0.6371558724499901,0.7964285714285714,7,1,0,2,5,0,1,4,3,P29,xgb,31,"{'subsample': 0.8, 'reg_lambda': 5, 'reg_alpha': 0.1, 'min_child_weight': 1, 'max_depth': 8, 'learning_rate': 0.03, 'gamma': 0, 'colsample_bytree': 0.6, 'colsample_bylevel': 0.6, 'n_estimators': 300}",0.6442760942760942,repeated_stratified,0,4,full,sep
8,4,0.5,8,2,0.25,8,3,0.375,0.375,0.3804256745433216,0.5859375,4,4,0,4,2,2,2,3,3,P29,xgb,30,"{'subsample': 0.8, 'reg_lambda': 10, 'reg_alpha': 0, 'min_child_weight': 1, 'max_depth': 8, 'learning_rate': 0.05, 'gamma': 0, 'colsample_bytree': 0.7, 'colsample_bylevel': 0.6, 'n_estimators': 300}",0.7236892736892737,repeated_stratified,1,0,full,sep
8,6,0.75,8,4,0.5,8,3,0.375,0.5416666666666666,0.5352941176470588,0.6848958333333334,6,0,2,2,4,2,1,4,3,P29,xgb,28,"{'subsample': 0.8, 'reg_lambda': 10, 'reg_alpha': 0, 'min_child_weight': 1, 'max_depth': 4, 'learning_rate': 0.03, 'gamma': 0, 'colsample_bytree': 0.6, 'colsample_bylevel': 0.8, 'n_estimators': 300}",0.617075517075517,repeated_stratified,1,1,full,sep
8,8,1.0,8,2,0.25,8,5,0.625,0.625,0.5878912968696249,0.7838541666666666,8,0,0,2,2,4,1,2,5,P29,xgb,30,"{'subsample': 0.8, 'reg_lambda': 10, 'reg_alpha': 0, 'min_child_weight': 1, 'max_depth': 8, 'learning_rate': 0.05, 'gamma': 0, 'colsample_bytree': 0.7, 'colsample_bylevel': 0.6, 'n_estimators': 300}",0.6280904280904281,repeated_stratified,1,2,full,sep
8,3,0.375,8,3,0.375,8,6,0.75,0.5,0.4913419913419913,0.6666666666666666,3,1,4,1,3,4,0,2,6,P29,xgb,25,"{'subsample': 0.8, 'reg_lambda': 5, 'reg_alpha': 0.1, 'min_child_weight': 1, 'max_depth': 8, 'learning_rate': 0.03, 'gamma': 0, 'colsample_bytree': 0.6, 'colsample_bylevel': 0.6, 'n_estimators': 300}",0.6111351611351611,repeated_stratified,1,3,full,sep
8,3,0.375,7,0,0.0,8,4,0.5,0.3043478260869565,0.2761904761904761,0.6156746031746031,3,2,3,2,0,5,1,3,4,P29,xgb,25,"{'subsample': 0.8, 'reg_lambda': 1, 'reg_alpha': 0, 'min_child_weight': 1, 'max_depth': 4, 'learning_rate': 0.01, 'gamma': 0, 'colsample_bytree': 0.7, 'colsample_bylevel': 0.8, 'n_estimators': 300}",0.626022126022126,repeated_stratified,1,4,full,sep
8,4,0.5,8,3,0.375,8,2,0.25,0.375,0.3865546218487395,0.515625,4,2,2,0,3,5,2,4,2,P29,xgb,28,"{'subsample': 0.6, 'reg_lambda': 1, 'reg_alpha': 0, 'min_child_weight': 1, 'max_depth': 2, 'learning_rate': 0.03, 'gamma': 0, 'colsample_bytree': 0.6, 'colsample_bylevel': 0.6, 'n_estimators': 300}",0.6564935064935065,repeated_stratified,2,0,full,sep
8,7,0.875,8,2,0.25,8,6,0.75,0.625,0.5961472308221534,0.8072916666666666,7,0,1,2,2,4,0,2,6,P29,xgb,29,"{'subsample': 0.8, 'reg_lambda': 1, 'reg_alpha': 0, 'min_child_weight': 1, 'max_depth': 8, 'learning_rate': 0.01, 'gamma': 0.3, 'colsample_bytree': 0.6, 'colsample_bylevel': 0.8, 'n_estimators': 300}",0.5383116883116883,repeated_stratified,2,1,full,sep
8,4,0.5,8,3,0.375,8,3,0.375,0.4166666666666667,0.4206349206349206,0.5442708333333334,4,2,2,4,3,1,0,5,3,P29,xgb,27,"{'subsample': 0.8, 'reg_lambda': 10, 'reg_alpha': 0, 'min_child_weight': 1, 'max_depth': 8, 'learning_rate': 0.05, 'gamma': 0, 'colsample_bytree': 0.7, 'colsample_bylevel': 0.6, 'n_estimators': 300}",0.641967291967292,repeated_stratified,2,2,full,sep
8,4,0.5,8,2,0.25,8,3,0.375,0.375,0.3692307692307692,0.5572916666666666,4,2,2,4,2,2,4,1,3,P29,xgb,25,"{'subsample': 1.0, 'reg_lambda': 3, 'reg_alpha': 0, 'min_child_weight': 1, 'max_depth': 4, 'learning_rate': 0.01, 'gamma': 0.3, 'colsample_bytree': 0.6, 'colsample_bylevel': 0.6, 'n_estimators': 300}",0.6419191919191919,repeated_stratified,2,3,full,sep
8,6,0.75,7,2,0.2857142857142857,8,4,0.5,0.5217391304347826,0.4994152046783625,0.709920634920635,6,2,0,2,2,3,3,1,4,P29,xgb,30,"{'subsample': 1.0, 'reg_lambda': 5, 'reg_alpha': 0, 'min_child_weight': 1, 'max_depth': 2, 'learning_rate': 0.01, 'gamma': 0, 'colsample_bytree': 0.6, 'colsample_bylevel': 0.8, 'n_estimators': 300}",0.586772486772487,repeated_stratified,2,4,full,sep
8,4,0.5,8,2,0.25,8,4,0.5,0.4166666666666667,0.4140350877192982,0.5416666666666666,4,0,4,3,2,3,4,0,4,P29,xgb,14,"{'subsample': 1.0, 'reg_lambda': 10, 'reg_alpha': 0, 'min_child_weight': 1, 'max_depth': 16, 'learning_rate': 0.05, 'gamma': 2, 'colsample_bytree': 0.6, 'colsample_bylevel': 0.8, 'n_estimators': 300}",0.6231842231842232,repeated_stratified,3,0,full,sep
8,6,0.75,8,4,0.5,8,5,0.625,0.625,0.6305668016194331,0.7526041666666666,6,0,2,0,4,4,2,1,5,P29,xgb,30,"{'subsample': 0.8, 'reg_lambda': 10, 'reg_alpha': 0, 'min_child_weight': 1, 'max_depth': 4, 'learning_rate': 0.03, 'gamma': 0, 'colsample_bytree': 0.6, 'colsample_bylevel': 0.8, 'n_estimators': 300}",0.6038961038961039,repeated_stratified,3,1,full,sep
8,3,0.375,8,1,0.125,8,6,0.75,0.4166666666666667,0.3805555555555555,0.5598958333333334,3,2,3,4,1,3,1,1,6,P29,xgb,25,"{'subsample': 0.8, 'reg_lambda': 1, 'reg_alpha': 0, 'min_child_weight': 1, 'max_depth': 8, 'learning_rate': 0.01, 'gamma': 0.3, 'colsample_bytree': 0.6, 'colsample_bylevel': 0.8, 'n_estimators': 300}",0.693963443963444,repeated_stratified,3,2,full,sep
8,6,0.75,8,3,0.375,8,1,0.125,0.4166666666666667,0.4047385620915033,0.5130208333333334,6,0,2,1,3,4,2,5,1,P29,xgb,33,"{'subsample': 1.0, 'reg_lambda': 3, 'reg_alpha': 0, 'min_child_weight': 1, 'max_depth': 4, 'learning_rate': 0.01, 'gamma': 0.3, 'colsample_bytree': 0.6, 'colsample_bylevel': 0.6, 'n_estimators': 300}",0.6262866762866763,repeated_stratified,3,3,full,sep
8,5,0.625,7,2,0.2857142857142857,8,1,0.125,0.3478260869565217,0.3380467571644042,0.5660714285714287,5,1,2,3,2,2,0,7,1,P29,xgb,27,"{'subsample': 0.6, 'reg_lambda': 3, 'reg_alpha': 0.1, 'min_child_weight': 1, 'max_depth': 2, 'learning_rate': 0.05, 'gamma': 0, 'colsample_bytree': 0.7, 'colsample_bylevel': 0.6, 'n_estimators': 300}",0.6527657527657528,repeated_stratified,3,4,full,sep
8,7,0.875,8,5,0.625,8,5,0.625,0.7083333333333334,0.7059314954051796,0.7291666666666666,7,0,1,3,5,0,1,2,5,P29,xgb,30,"{'subsample': 1.0, 'reg_lambda': 3, 'reg_alpha': 0.5, 'min_child_weight': 1, 'max_depth': 2, 'learning_rate': 0.05, 'gamma': 0, 'colsample_bytree': 0.7, 'colsample_bylevel': 0.8, 'n_estimators': 300}",0.6547378547378547,repeated_stratified,4,0,full,sep
8,3,0.375,8,4,0.5,8,4,0.5,0.4583333333333333,0.4568627450980392,0.5546875,3,2,3,2,4,2,2,2,4,P29,xgb,26,"{'subsample': 0.6, 'reg_lambda': 3, 'reg_alpha': 0.1, 'min_child_weight': 1, 'max_depth': 2, 'learning_rate': 0.05, 'gamma': 0, 'colsample_bytree': 0.7, 'colsample_bylevel': 0.6, 'n_estimators': 300}",0.6056998556998557,repeated_stratified,4,1,full,sep
8,6,0.75,8,5,0.625,8,3,0.375,0.5833333333333334,0.578042328042328,0.7630208333333334,6,2,0,0,5,3,2,3,3,P29,xgb,29,"{'subsample': 0.8, 'reg_lambda': 1, 'reg_alpha': 0, 'min_child_weight': 1, 'max_depth': 8, 'learning_rate': 0.01, 'gamma': 0.3, 'colsample_bytree': 0.6, 'colsample_bylevel': 0.8, 'n_estimators': 300}",0.6299422799422799,repeated_stratified,4,2,full,sep
8,4,0.5,8,3,0.375,8,2,0.25,0.375,0.373015873015873,0.5729166666666666,4,2,2,3,3,2,1,5,2,P29,xgb,27,"{'subsample': 0.8, 'reg_lambda': 10, 'reg_alpha': 0, 'min_child_weight': 1, 'max_depth': 8, 'learning_rate': 0.05, 'gamma': 0, 'colsample_bytree': 0.7, 'colsample_bylevel': 0.6, 'n_estimators': 300}",0.6503848003848004,repeated_stratified,4,3,full,sep
8,6,0.75,7,3,0.4285714285714285,8,4,0.5,0.5652173913043478,0.5571428571428572,0.7119047619047619,6,1,1,3,3,1,3,1,4,P29,xgb,29,"{'subsample': 1.0, 'reg_lambda': 5, 'reg_alpha': 0, 'min_child_weight': 1, 'max_depth': 2, 'learning_rate': 0.01, 'gamma': 0, 'colsample_bytree': 0.6, 'colsample_bylevel': 0.8, 'n_estimators': 300}",0.6027898027898028,repeated_stratified,4,4,full,sep
8,4,0.5,8,3,0.375,8,6,0.75,0.5416666666666666,0.5329311211664153,0.703125,4,2,2,3,3,2,2,0,6,P29,xgb,10,"{'subsample': 0.8, 'reg_lambda': 1, 'reg_alpha': 0, 'min_child_weight': 1, 'max_depth': 8, 'learning_rate': 0.01, 'gamma': 0.3, 'colsample_bytree': 0.6, 'colsample_bylevel': 0.8, 'n_estimators': 300}",0.5557720057720058,repeated_stratified,5,0,full,sep
8,5,0.625,8,0,0.0,8,3,0.375,0.3333333333333333,0.3013415892672859,0.5182291666666666,5,1,2,2,0,6,2,3,3,P29,xgb,25,"{'subsample': 1.0, 'reg_lambda': 3, 'reg_alpha': 0.5, 'min_child_weight': 1, 'max_depth': 2, 'learning_rate': 0.05, 'gamma': 0, 'colsample_bytree': 0.7, 'colsample_bylevel': 0.8, 'n_estimators': 300}",0.6588023088023088,repeated_stratified,5,1,full,sep
8,4,0.5,8,2,0.25,8,3,0.375,0.375,0.3812091503267973,0.6848958333333334,4,3,1,2,2,4,1,4,3,P29,xgb,32,"{'subsample': 0.6, 'reg_lambda': 1, 'reg_alpha': 0.1, 'min_child_weight': 1, 'max_depth': 2, 'learning_rate': 0.01, 'gamma': 2, 'colsample_bytree': 0.7, 'colsample_bylevel': 0.6, 'n_estimators': 300}",0.5608465608465608,repeated_stratified,5,2,full,sep
8,6,0.75,8,4,0.5,8,5,0.625,0.625,0.6232247284878863,0.7317708333333334,6,1,1,3,4,1,2,1,5,P29,xgb,29,"{'subsample': 0.8, 'reg_lambda': 10, 'reg_alpha': 0, 'min_child_weight': 1, 'max_depth': 8, 'learning_rate': 0.05, 'gamma': 0, 'colsample_bytree': 0.7, 'colsample_bylevel': 0.6, 'n_estimators': 300}",0.5772967772967773,repeated_stratified,5,3,full,sep
8,6,0.75,7,2,0.2857142857142857,8,3,0.375,0.4782608695652174,0.4628582202111613,0.5380952380952381,6,0,2,2,2,3,1,4,3,P29,xgb,26,"{'subsample': 0.6, 'reg_lambda': 3, 'reg_alpha': 0.1, 'min_child_weight': 1, 'max_depth': 8, 'learning_rate': 0.05, 'gamma': 0, 'colsample_bytree': 0.7, 'colsample_bylevel': 0.8, 'n_estimators': 300}",0.6960798460798462,repeated_stratified,5,4,full,sep
8,4,0.5,8,1,0.125,8,6,0.75,0.4583333333333333,0.4382284382284382,0.5755208333333334,4,2,2,1,1,6,0,2,6,P29,xgb,27,"{'subsample': 0.8, 'reg_lambda': 1, 'reg_alpha': 0, 'min_child_weight': 1, 'max_depth': 4, 'learning_rate': 0.01, 'gamma': 0, 'colsample_bytree': 0.7, 'colsample_bylevel': 0.8, 'n_estimators': 300}",0.6472342472342473,repeated_stratified,6,0,full,sep
8,3,0.375,8,2,0.25,8,2,0.25,0.2916666666666667,0.2913165266106443,0.546875,3,3,2,4,2,2,2,4,2,P29,xgb,30,"{'subsample': 0.6, 'reg_lambda': 1, 'reg_alpha': 0, 'min_child_weight': 1, 'max_depth': 2, 'learning_rate': 0.03, 'gamma': 0, 'colsample_bytree': 0.6, 'colsample_bylevel': 0.6, 'n_estimators': 300}",0.7308321308321308,repeated_stratified,6,1,full,sep
8,6,0.75,8,2,0.25,8,5,0.625,0.5416666666666666,0.5172905525846702,0.7447916666666666,6,1,1,3,2,3,3,0,5,P29,xgb,25,"{'subsample': 1.0, 'reg_lambda': 5, 'reg_alpha': 0.5, 'min_child_weight': 1, 'max_depth': 4, 'learning_rate': 0.03, 'gamma': 0, 'colsample_bytree': 0.6, 'colsample_bylevel': 0.8, 'n_estimators': 300}",0.5808561808561808,repeated_stratified,6,2,full,sep
8,4,0.5,8,1,0.125,8,4,0.5,0.375,0.3613445378151261,0.5625,4,3,1,3,1,4,2,2,4,P29,xgb,29,"{'subsample': 0.8, 'reg_lambda': 1, 'reg_alpha': 0.5, 'min_child_weight': 1, 'max_depth': 2, 'learning_rate': 0.01, 'gamma': 0.1, 'colsample_bytree': 0.7, 'colsample_bylevel': 0.6, 'n_estimators': 300}",0.6116161616161616,repeated_stratified,6,3,full,sep
8,5,0.625,7,2,0.2857142857142857,8,5,0.625,0.5217391304347826,0.5119047619047619,0.688095238095238,5,2,1,3,2,2,0,3,5,P29,xgb,31,"{'subsample': 1.0, 'reg_lambda': 3, 'reg_alpha': 0.5, 'min_child_weight': 1, 'max_depth': 2, 'learning_rate': 0.05, 'gamma': 0, 'colsample_bytree': 0.7, 'colsample_bylevel': 0.8, 'n_estimators': 300}",0.6351851851851853,repeated_stratified,6,4,full,sep
8,4,0.5,8,4,0.5,8,5,0.625,0.5416666666666666,0.5545235638114895,0.6614583333333334,4,0,4,2,4,2,3,0,5,P29,xgb,11,"{'subsample': 0.8, 'reg_lambda': 10, 'reg_alpha': 0, 'min_child_weight': 1, 'max_depth': 8, 'learning_rate': 0.05, 'gamma': 0, 'colsample_bytree': 0.7, 'colsample_bylevel': 0.6, 'n_estimators': 300}",0.7061087061087061,repeated_stratified,7,0,full,sep
8,2,0.25,8,4,0.5,8,3,0.375,0.375,0.3735294117647059,0.5755208333333334,2,3,3,3,4,1,3,2,3,P29,xgb,25,"{'subsample': 1.0, 'reg_lambda': 3, 'reg_alpha': 0, 'min_child_weight': 1, 'max_depth': 4, 'learning_rate': 0.01, 'gamma': 0.3, 'colsample_bytree': 0.6, 'colsample_bylevel': 0.6, 'n_estimators': 300}",0.6516594516594517,repeated_stratified,7,1,full,sep
8,7,0.875,8,1,0.125,8,6,0.75,0.5833333333333334,0.5427489177489178,0.7760416666666666,7,0,1,1,1,6,0,2,6,P29,xgb,30,"{'subsample': 0.8, 'reg_lambda': 10, 'reg_alpha': 0.1, 'min_child_weight': 1, 'max_depth': 16, 'learning_rate': 0.01, 'gamma': 0.1, 'colsample_bytree': 0.6, 'colsample_bylevel': 0.6, 'n_estimators': 300}",0.576863876863877,repeated_stratified,7,2,full,sep
8,4,0.5,8,3,0.375,8,2,0.25,0.375,0.375,0.5755208333333334,4,1,3,2,3,3,2,4,2,P29,xgb,26,"{'subsample': 0.6, 'reg_lambda': 3, 'reg_alpha': 0.1, 'min_child_weight': 1, 'max_depth': 2, 'learning_rate': 0.05, 'gamma': 0, 'colsample_bytree': 0.7, 'colsample_bylevel': 0.6, 'n_estimators': 300}",0.6163780663780664,repeated_stratified,7,3,full,sep
8,7,0.875,7,3,0.4285714285714285,8,3,0.375,0.5652173913043478,0.5507002801120447,0.7007936507936509,7,1,0,0,3,4,2,3,3,P29,xgb,29,"{'subsample': 0.8, 'reg_lambda': 10, 'reg_alpha': 0, 'min_child_weight': 1, 'max_depth': 8, 'learning_rate': 0.05, 'gamma': 0, 'colsample_bytree': 0.7, 'colsample_bylevel': 0.6, 'n_estimators': 300}",0.546007696007696,repeated_stratified,7,4,full,sep
8,4,0.5,8,1,0.125,8,5,0.625,0.4166666666666667,0.4047619047619047,0.5416666666666666,4,2,2,2,1,5,0,3,5,P29,xgb,27,"{'subsample': 1.0, 'reg_lambda': 3, 'reg_alpha': 0, 'min_child_weight': 1, 'max_depth': 4, 'learning_rate': 0.01, 'gamma': 0.3, 'colsample_bytree': 0.6, 'colsample_bylevel': 0.6, 'n_estimators': 300}",0.6593554593554593,repeated_stratified,8,0,full,sep
8,5,0.625,8,2,0.25,8,2,0.25,0.375,0.3637566137566138,0.5572916666666666,5,2,1,3,2,3,2,4,2,P29,xgb,26,"{'subsample': 0.8, 'reg_lambda': 3, 'reg_alpha': 0.1, 'min_child_weight': 1, 'max_depth': 2, 'learning_rate': 0.05, 'gamma': 2, 'colsample_bytree': 0.7, 'colsample_bylevel': 0.6, 'n_estimators': 300}",0.5988455988455987,repeated_stratified,8,1,full,sep
8,7,0.875,8,2,0.25,8,3,0.375,0.5,0.4660894660894661,0.5989583333333334,7,1,0,3,2,3,4,1,3,P29,xgb,25,"{'subsample': 1.0, 'reg_lambda': 1, 'reg_alpha': 0.5, 'min_child_weight': 1, 'max_depth': 4, 'learning_rate': 0.01, 'gamma': 0.5, 'colsample_bytree': 0.6, 'colsample_bylevel': 0.8, 'n_estimators': 300}",0.6573593073593075,repeated_stratified,8,2,full,sep
8,4,0.5,8,3,0.375,8,4,0.5,0.4583333333333333,0.4709234120998827,0.7005208333333334,4,3,1,5,3,0,1,3,4,P29,xgb,30,"{'subsample': 0.6, 'reg_lambda': 1, 'reg_alpha': 0, 'min_child_weight': 1, 'max_depth': 2, 'learning_rate': 0.03, 'gamma': 0, 'colsample_bytree': 0.6, 'colsample_bylevel': 0.6, 'n_estimators': 300}",0.5784511784511784,repeated_stratified,8,3,full,sep
8,3,0.375,7,2,0.2857142857142857,8,4,0.5,0.391304347826087,0.384045584045584,0.6168650793650794,3,3,2,1,2,4,3,1,4,P29,xgb,29,"{'subsample': 0.8, 'reg_lambda': 10, 'reg_alpha': 0.5, 'min_child_weight': 1, 'max_depth': 8, 'learning_rate': 0.01, 'gamma': 0.3, 'colsample_bytree': 0.7, 'colsample_bylevel': 0.6, 'n_estimators': 300}",0.5989658489658489,repeated_stratified,8,4,full,sep
8,3,0.375,8,2,0.25,8,4,0.5,0.375,0.3705379587732529,0.5598958333333334,3,2,3,4,2,2,3,1,4,P29,xgb,29,"{'subsample': 1.0, 'reg_lambda': 5, 'reg_alpha': 0.1, 'min_child_weight': 1, 'max_depth': 8, 'learning_rate': 0.03, 'gamma': 0.1, 'colsample_bytree': 0.7, 'colsample_bylevel': 0.8, 'n_estimators': 300}",0.6719336219336219,repeated_stratified,9,0,full,sep
8,6,0.75,8,6,0.75,8,4,0.5,0.6666666666666666,0.6630718954248366,0.7916666666666666,6,0,2,1,6,1,2,2,4,P29,xgb,21,"{'subsample': 1.0, 'reg_lambda': 10, 'reg_alpha': 0.1, 'min_child_weight': 1, 'max_depth': 2, 'learning_rate': 0.03, 'gamma': 0.3, 'colsample_bytree': 0.6, 'colsample_bylevel': 0.6, 'n_estimators': 300}",0.6241702741702743,repeated_stratified,9,1,full,sep
8,6,0.75,8,1,0.125,8,1,0.125,0.3333333333333333,0.2957264957264957,0.6197916666666666,6,1,1,4,1,3,2,5,1,P29,xgb,29,"{'subsample': 0.8, 'reg_lambda': 10, 'reg_alpha': 0, 'min_child_weight': 1, 'max_depth': 8, 'learning_rate': 0.05, 'gamma': 0, 'colsample_bytree': 0.7, 'colsample_bylevel': 0.6, 'n_estimators': 300}",0.6210197210197209,repeated_stratified,9,2,full,sep
8,1,0.125,8,4,0.5,8,4,0.5,0.375,0.3473684210526315,0.5520833333333334,1,4,3,0,4,4,1,3,4,P29,xgb,26,"{'subsample': 0.8, 'reg_lambda': 1, 'reg_alpha': 0, 'min_child_weight': 1, 'max_depth': 4, 'learning_rate': 0.01, 'gamma': 0, 'colsample_bytree': 0.7, 'colsample_bylevel': 0.8, 'n_estimators': 300}",0.6772727272727272,repeated_stratified,9,3,full,sep
8,6,0.75,7,1,0.1428571428571428,8,4,0.5,0.4782608695652174,0.4477124183006536,0.6597222222222222,6,1,1,2,1,4,1,3,4,P29,xgb,30,"{'subsample': 0.8, 'reg_lambda': 5, 'reg_alpha': 0.1, 'min_child_weight': 1, 'max_depth': 8, 'learning_rate': 0.03, 'gamma': 0, 'colsample_bytree': 0.6, 'colsample_bylevel': 0.6, 'n_estimators': 300}",0.6264790764790765,repeated_stratified,9,4,full,sep
8,5,0.625,8,4,0.5,8,3,0.375,0.5,0.5,0.6744791666666666,5,1,2,1,4,3,2,3,3,P30,xgb,22,"{'subsample': 0.6, 'reg_lambda': 1, 'reg_alpha': 0.1, 'min_child_weight': 1, 'max_depth': 2, 'learning_rate': 0.01, 'gamma': 2, 'colsample_bytree': 0.7, 'colsample_bylevel': 0.6, 'n_estimators': 300}",0.623039923039923,repeated_stratified,0,0,full,sep
8,4,0.5,8,4,0.5,8,4,0.5,0.5,0.5101390983743924,0.6536458333333334,4,3,1,0,4,4,1,3,4,P30,xgb,31,"{'subsample': 0.6, 'reg_lambda': 1, 'reg_alpha': 0.1, 'min_child_weight': 1, 'max_depth': 2, 'learning_rate': 0.01, 'gamma': 2, 'colsample_bytree': 0.7, 'colsample_bylevel': 0.6, 'n_estimators': 300}",0.6277056277056277,repeated_stratified,0,1,full,sep
8,5,0.625,8,2,0.25,8,2,0.25,0.375,0.3839869281045751,0.5,5,2,1,1,2,5,1,5,2,P30,xgb,27,"{'subsample': 0.6, 'reg_lambda': 1, 'reg_alpha': 0, 'min_child_weight': 1, 'max_depth': 2, 'learning_rate': 0.03, 'gamma': 0, 'colsample_bytree': 0.6, 'colsample_bylevel': 0.6, 'n_estimators': 300}",0.6659451659451658,repeated_stratified,0,2,full,sep
8,5,0.625,8,6,0.75,8,3,0.375,0.5833333333333334,0.5769607843137255,0.6848958333333334,5,0,3,1,6,1,2,3,3,P30,xgb,30,"{'subsample': 0.8, 'reg_lambda': 3, 'reg_alpha': 0.1, 'min_child_weight': 1, 'max_depth': 2, 'learning_rate': 0.03, 'gamma': 1, 'colsample_bytree': 0.6, 'colsample_bylevel': 0.6, 'n_estimators': 300}",0.6212842712842713,repeated_stratified,0,3,full,sep
8,4,0.5,8,3,0.375,8,7,0.875,0.5833333333333334,0.564957264957265,0.6822916666666666,4,2,2,2,3,3,1,0,7,P30,xgb,22,"{'subsample': 1.0, 'reg_lambda': 5, 'reg_alpha': 0.5, 'min_child_weight': 1, 'max_depth': 4, 'learning_rate': 0.05, 'gamma': 2, 'colsample_bytree': 0.6, 'colsample_bylevel': 0.6, 'n_estimators': 300}",0.6084415584415584,repeated_stratified,0,4,full,sep
8,4,0.5,8,3,0.375,8,2,0.25,0.375,0.373202614379085,0.6015625,4,3,1,1,3,4,3,3,2,P30,xgb,13,"{'subsample': 1.0, 'reg_lambda': 10, 'reg_alpha': 0, 'min_child_weight': 1, 'max_depth': 16, 'learning_rate': 0.05, 'gamma': 2, 'colsample_bytree': 0.6, 'colsample_bylevel': 0.8, 'n_estimators': 300}",0.7593674843674844,repeated_stratified,1,0,full,sep
8,4,0.5,8,3,0.375,8,5,0.625,0.5,0.4959514170040486,0.6588541666666666,4,1,3,2,3,3,2,1,5,P30,xgb,28,"{'subsample': 0.8, 'reg_lambda': 3, 'reg_alpha': 0.1, 'min_child_weight': 1, 'max_depth': 2, 'learning_rate': 0.05, 'gamma': 2, 'colsample_bytree': 0.7, 'colsample_bylevel': 0.6, 'n_estimators': 300}",0.6668350168350169,repeated_stratified,1,1,full,sep
8,5,0.625,8,1,0.125,8,4,0.5,0.4166666666666667,0.3888888888888888,0.5885416666666666,5,3,0,3,1,4,4,0,4,P30,xgb,23,"{'subsample': 1.0, 'reg_lambda': 10, 'reg_alpha': 0.1, 'min_child_weight': 1, 'max_depth': 2, 'learning_rate': 0.03, 'gamma': 0.3, 'colsample_bytree': 0.6, 'colsample_bylevel': 0.6, 'n_estimators': 300}",0.6512987012987014,repeated_stratified,1,2,full,sep
8,3,0.375,8,6,0.75,8,0,0.0,0.375,0.3095238095238095,0.59375,3,3,2,2,6,0,1,7,0,P30,xgb,8,"{'subsample': 0.8, 'reg_lambda': 10, 'reg_alpha': 0.1, 'min_child_weight': 1, 'max_depth': 16, 'learning_rate': 0.01, 'gamma': 0.1, 'colsample_bytree': 0.6, 'colsample_bylevel': 0.6, 'n_estimators': 300}",0.6513347763347763,repeated_stratified,1,3,full,sep
8,4,0.5,8,4,0.5,8,4,0.5,0.5,0.5052910052910052,0.6119791666666666,4,1,3,1,4,3,1,3,4,P30,xgb,11,"{'subsample': 0.6, 'reg_lambda': 5, 'reg_alpha': 0, 'min_child_weight': 1, 'max_depth': 2, 'learning_rate': 0.01, 'gamma': 0.3, 'colsample_bytree': 0.7, 'colsample_bylevel': 0.6, 'n_estimators': 300}",0.6994829244829245,repeated_stratified,1,4,full,sep
8,5,0.625,8,3,0.375,8,4,0.5,0.5,0.5,0.6197916666666666,5,2,1,2,3,3,1,3,4,P30,xgb,31,"{'subsample': 0.6, 'reg_lambda': 10, 'reg_alpha': 0.1, 'min_child_weight': 1, 'max_depth': 8, 'learning_rate': 0.03, 'gamma': 0.3, 'colsample_bytree': 0.6, 'colsample_bylevel': 0.8, 'n_estimators': 300}",0.607912457912458,repeated_stratified,2,0,full,sep
8,4,0.5,8,4,0.5,8,4,0.5,0.5,0.5121457489878543,0.671875,4,3,1,1,4,3,0,4,4,P30,xgb,26,"{'subsample': 0.6, 'reg_lambda': 1, 'reg_alpha': 0.1, 'min_child_weight': 1, 'max_depth': 2, 'learning_rate': 0.01, 'gamma': 2, 'colsample_bytree': 0.7, 'colsample_bylevel': 0.6, 'n_estimators': 300}",0.5989057239057239,repeated_stratified,2,1,full,sep
8,5,0.625,8,3,0.375,8,5,0.625,0.5416666666666666,0.5351097704038881,0.6666666666666666,5,1,2,3,3,2,2,1,5,P30,xgb,27,"{'subsample': 0.8, 'reg_lambda': 10, 'reg_alpha': 0.5, 'min_child_weight': 1, 'max_depth': 8, 'learning_rate': 0.01, 'gamma': 0.3, 'colsample_bytree': 0.7, 'colsample_bylevel': 0.6, 'n_estimators': 300}",0.6715127465127466,repeated_stratified,2,2,full,sep
8,3,0.375,8,2,0.25,8,3,0.375,0.3333333333333333,0.3518518518518518,0.5364583333333334,3,4,1,0,2,6,1,4,3,P30,xgb,24,"{'subsample': 1.0, 'reg_lambda': 10, 'reg_alpha': 0.1, 'min_child_weight': 1, 'max_depth': 2, 'learning_rate': 0.03, 'gamma': 0.3, 'colsample_bytree': 0.6, 'colsample_bylevel': 0.6, 'n_estimators': 300}",0.6763828763828764,repeated_stratified,2,3,full,sep
8,3,0.375,8,5,0.625,8,2,0.25,0.4166666666666667,0.4031746031746031,0.6328125,3,4,1,2,5,1,2,4,2,P30,xgb,12,"{'subsample': 0.6, 'reg_lambda': 5, 'reg_alpha': 0.5, 'min_child_weight': 1, 'max_depth': 8, 'learning_rate': 0.03, 'gamma': 0.3, 'colsample_bytree': 0.6, 'colsample_bylevel': 0.6, 'n_estimators': 300}",0.6805675805675806,repeated_stratified,2,4,full,sep
8,4,0.5,8,4,0.5,8,2,0.25,0.4166666666666667,0.4133667502088554,0.5963541666666666,4,2,2,2,4,2,1,5,2,P30,xgb,33,"{'subsample': 1.0, 'reg_lambda': 3, 'reg_alpha': 0.5, 'min_child_weight': 1, 'max_depth': 2, 'learning_rate': 0.05, 'gamma': 0, 'colsample_bytree': 0.7, 'colsample_bylevel': 0.8, 'n_estimators': 300}",0.6356902356902356,repeated_stratified,3,0,full,sep
8,6,0.75,8,4,0.5,8,4,0.5,0.5833333333333334,0.584640522875817,0.734375,6,2,0,1,4,3,1,3,4,P30,xgb,21,"{'subsample': 0.8, 'reg_lambda': 3, 'reg_alpha': 0.1, 'min_child_weight': 1, 'max_depth': 2, 'learning_rate': 0.05, 'gamma': 2, 'colsample_bytree': 0.7, 'colsample_bylevel': 0.6, 'n_estimators': 300}",0.6541847041847042,repeated_stratified,3,1,full,sep
8,0,0.0,8,2,0.25,8,4,0.5,0.25,0.2295482295482295,0.4739583333333333,0,3,5,2,2,4,4,0,4,P30,xgb,26,"{'subsample': 0.6, 'reg_lambda': 1, 'reg_alpha': 0.1, 'min_child_weight': 1, 'max_depth': 2, 'learning_rate': 0.01, 'gamma': 2, 'colsample_bytree': 0.7, 'colsample_bylevel': 0.6, 'n_estimators': 300}",0.6941798941798942,repeated_stratified,3,2,full,sep
8,6,0.75,8,3,0.375,8,4,0.5,0.5416666666666666,0.5343358395989976,0.78125,6,2,0,3,3,2,2,2,4,P30,xgb,26,"{'subsample': 0.8, 'reg_lambda': 10, 'reg_alpha': 0.1, 'min_child_weight': 1, 'max_depth': 16, 'learning_rate': 0.01, 'gamma': 0.1, 'colsample_bytree': 0.6, 'colsample_bylevel': 0.6, 'n_estimators': 300}",0.5279220779220779,repeated_stratified,3,3,full,sep
8,4,0.5,8,6,0.75,8,5,0.625,0.625,0.6325814536340851,0.703125,4,0,4,0,6,2,2,1,5,P30,xgb,12,"{'subsample': 0.8, 'reg_lambda': 3, 'reg_alpha': 0.1, 'min_child_weight': 1, 'max_depth': 2, 'learning_rate': 0.05, 'gamma': 2, 'colsample_bytree': 0.7, 'colsample_bylevel': 0.6, 'n_estimators': 300}",0.6689033189033188,repeated_stratified,3,4,full,sep
8,4,0.5,8,4,0.5,8,3,0.375,0.4583333333333333,0.4568627450980392,0.6380208333333334,4,2,2,2,4,2,2,3,3,P30,xgb,31,"{'subsample': 0.6, 'reg_lambda': 10, 'reg_alpha': 0.1, 'min_child_weight': 1, 'max_depth': 8, 'learning_rate': 0.03, 'gamma': 0.3, 'colsample_bytree': 0.6, 'colsample_bylevel': 0.8, 'n_estimators': 300}",0.622919672919673,repeated_stratified,4,0,full,sep
8,4,0.5,8,1,0.125,8,4,0.5,0.375,0.3508021390374331,0.5130208333333334,4,1,3,2,1,5,3,1,4,P30,xgb,21,"{'subsample': 1.0, 'reg_lambda': 10, 'reg_alpha': 0.1, 'min_child_weight': 1, 'max_depth': 2, 'learning_rate': 0.03, 'gamma': 0.3, 'colsample_bytree': 0.6, 'colsample_bylevel': 0.6, 'n_estimators': 300}",0.6514430014430014,repeated_stratified,4,1,full,sep
8,5,0.625,8,4,0.5,8,4,0.5,0.5416666666666666,0.545751633986928,0.6276041666666666,5,1,2,2,4,2,0,4,4,P30,xgb,26,"{'subsample': 1.0, 'reg_lambda': 1, 'reg_alpha': 0.5, 'min_child_weight': 1, 'max_depth': 4, 'learning_rate': 0.01, 'gamma': 0.5, 'colsample_bytree': 0.6, 'colsample_bylevel': 0.8, 'n_estimators': 300}",0.6498196248196249,repeated_stratified,4,2,full,sep
8,6,0.75,8,1,0.125,8,3,0.375,0.4166666666666667,0.3999999999999999,0.7005208333333334,6,2,0,3,1,4,1,4,3,P30,xgb,30,"{'subsample': 0.6, 'reg_lambda': 10, 'reg_alpha': 0.5, 'min_child_weight': 1, 'max_depth': 2, 'learning_rate': 0.05, 'gamma': 0.1, 'colsample_bytree': 0.6, 'colsample_bylevel': 0.6, 'n_estimators': 300}",0.524963924963925,repeated_stratified,4,3,full,sep
8,5,0.625,8,5,0.625,8,3,0.375,0.5416666666666666,0.5405179615705932,0.7552083333333334,5,2,1,1,5,2,1,4,3,P30,xgb,21,"{'subsample': 0.8, 'reg_lambda': 3, 'reg_alpha': 0.1, 'min_child_weight': 1, 'max_depth': 2, 'learning_rate': 0.05, 'gamma': 2, 'colsample_bytree': 0.7, 'colsample_bylevel': 0.6, 'n_estimators': 300}",0.5759620009620009,repeated_stratified,4,4,full,sep
8,6,0.75,8,4,0.5,8,4,0.5,0.5833333333333334,0.5797385620915033,0.7890625,6,1,1,1,4,3,2,2,4,P30,xgb,21,"{'subsample': 0.6, 'reg_lambda': 10, 'reg_alpha': 0.5, 'min_child_weight': 1, 'max_depth': 2, 'learning_rate': 0.05, 'gamma': 0.1, 'colsample_bytree': 0.6, 'colsample_bylevel': 0.6, 'n_estimators': 300}",0.5910173160173161,repeated_stratified,5,0,full,sep
8,4,0.5,8,3,0.375,8,3,0.375,0.4166666666666667,0.4206349206349206,0.6041666666666666,4,3,1,3,3,2,1,4,3,P30,xgb,29,"{'subsample': 0.6, 'reg_lambda': 10, 'reg_alpha': 0.5, 'min_child_weight': 1, 'max_depth': 2, 'learning_rate': 0.05, 'gamma': 0.1, 'colsample_bytree': 0.6, 'colsample_bylevel': 0.6, 'n_estimators': 300}",0.6234968734968735,repeated_stratified,5,1,full,sep
8,3,0.375,8,5,0.625,8,2,0.25,0.4166666666666667,0.4078144078144078,0.6276041666666666,3,3,2,1,5,2,1,5,2,P30,xgb,11,"{'subsample': 0.8, 'reg_lambda': 3, 'reg_alpha': 0.1, 'min_child_weight': 1, 'max_depth': 2, 'learning_rate': 0.05, 'gamma': 2, 'colsample_bytree': 0.7, 'colsample_bylevel': 0.6, 'n_estimators': 300}",0.6973785473785474,repeated_stratified,5,2,full,sep
8,5,0.625,8,4,0.5,8,4,0.5,0.5416666666666666,0.5405228758169934,0.734375,5,2,1,2,4,2,2,2,4,P30,xgb,22,"{'subsample': 1.0, 'reg_lambda': 10, 'reg_alpha': 0.5, 'min_child_weight': 1, 'max_depth': 4, 'learning_rate': 0.03, 'gamma': 1, 'colsample_bytree': 0.7, 'colsample_bylevel': 0.8, 'n_estimators': 300}",0.6750601250601251,repeated_stratified,5,3,full,sep
8,2,0.25,8,2,0.25,8,5,0.625,0.375,0.3611111111111111,0.5859375,2,4,2,1,2,5,1,2,5,P30,xgb,15,"{'subsample': 1.0, 'reg_lambda': 5, 'reg_alpha': 0.5, 'min_child_weight': 1, 'max_depth': 4, 'learning_rate': 0.05, 'gamma': 2, 'colsample_bytree': 0.6, 'colsample_bylevel': 0.6, 'n_estimators': 300}",0.7165824915824918,repeated_stratified,5,4,full,sep
8,4,0.5,8,4,0.5,8,4,0.5,0.5,0.5013071895424837,0.5989583333333334,4,2,2,1,4,3,2,2,4,P30,xgb,24,"{'subsample': 0.6, 'reg_lambda': 1, 'reg_alpha': 0.1, 'min_child_weight': 1, 'max_depth': 2, 'learning_rate': 0.01, 'gamma': 2, 'colsample_bytree': 0.7, 'colsample_bylevel': 0.6, 'n_estimators': 300}",0.6587542087542086,repeated_stratified,6,0,full,sep
8,5,0.625,8,2,0.25,8,2,0.25,0.375,0.3661806602983073,0.6223958333333334,5,3,0,3,2,3,2,4,2,P30,xgb,17,"{'subsample': 0.8, 'reg_lambda': 10, 'reg_alpha': 0.5, 'min_child_weight': 1, 'max_depth': 2, 'learning_rate': 0.05, 'gamma': 0.5, 'colsample_bytree': 0.7, 'colsample_bylevel': 0.8, 'n_estimators': 300}",0.6781385281385282,repeated_stratified,6,1,full,sep
8,2,0.25,8,3,0.375,8,4,0.5,0.375,0.375,0.5963541666666666,2,3,3,4,3,1,2,2,4,P30,xgb,31,"{'subsample': 1.0, 'reg_lambda': 5, 'reg_alpha': 0.5, 'min_child_weight': 1, 'max_depth': 4, 'learning_rate': 0.03, 'gamma': 0, 'colsample_bytree': 0.6, 'colsample_bylevel': 0.8, 'n_estimators': 300}",0.6815295815295815,repeated_stratified,6,2,full,sep
8,5,0.625,8,4,0.5,8,4,0.5,0.5416666666666666,0.5495726495726495,0.7161458333333334,5,2,1,4,4,0,3,1,4,P30,xgb,26,"{'subsample': 0.6, 'reg_lambda': 1, 'reg_alpha': 0.1, 'min_child_weight': 1, 'max_depth': 2, 'learning_rate': 0.01, 'gamma': 2, 'colsample_bytree': 0.7, 'colsample_bylevel': 0.6, 'n_estimators': 300}",0.5811087061087061,repeated_stratified,6,3,full,sep
8,4,0.5,8,3,0.375,8,1,0.125,0.3333333333333333,0.338095238095238,0.5130208333333334,4,3,1,1,3,4,1,6,1,P30,xgb,30,"{'subsample': 0.6, 'reg_lambda': 5, 'reg_alpha': 0.5, 'min_child_weight': 1, 'max_depth': 8, 'learning_rate': 0.03, 'gamma': 0.3, 'colsample_bytree': 0.6, 'colsample_bylevel': 0.6, 'n_estimators': 300}",0.6939153439153439,repeated_stratified,6,4,full,sep
8,3,0.375,8,5,0.625,8,5,0.625,0.5416666666666666,0.5351097704038881,0.6666666666666666,3,2,3,1,5,2,1,2,5,P30,xgb,30,"{'subsample': 1.0, 'reg_lambda': 1, 'reg_alpha': 0.5, 'min_child_weight': 1, 'max_depth': 4, 'learning_rate': 0.01, 'gamma': 0.5, 'colsample_bytree': 0.6, 'colsample_bylevel': 0.8, 'n_estimators': 300}",0.625998075998076,repeated_stratified,7,0,full,sep
8,4,0.5,8,4,0.5,8,3,0.375,0.4583333333333333,0.4583333333333333,0.5755208333333334,4,2,2,1,4,3,3,2,3,P30,xgb,14,"{'subsample': 1.0, 'reg_lambda': 10, 'reg_alpha': 0, 'min_child_weight': 1, 'max_depth': 16, 'learning_rate': 0.05, 'gamma': 2, 'colsample_bytree': 0.6, 'colsample_bylevel': 0.8, 'n_estimators': 300}",0.6711038961038961,repeated_stratified,7,1,full,sep
8,6,0.75,8,3,0.375,8,4,0.5,0.5416666666666666,0.5333333333333333,0.703125,6,1,1,4,3,1,2,2,4,P30,xgb,12,"{'subsample': 0.8, 'reg_lambda': 10, 'reg_alpha': 0.5, 'min_child_weight': 1, 'max_depth': 2, 'learning_rate': 0.05, 'gamma': 0.5, 'colsample_bytree': 0.7, 'colsample_bylevel': 0.8, 'n_estimators': 300}",0.688864838864839,repeated_stratified,7,2,full,sep
8,6,0.75,8,5,0.625,8,4,0.5,0.625,0.625,0.703125,6,1,1,0,5,3,2,2,4,P30,xgb,26,"{'subsample': 0.6, 'reg_lambda': 10, 'reg_alpha': 0.1, 'min_child_weight': 1, 'max_depth': 8, 'learning_rate': 0.03, 'gamma': 0.3, 'colsample_bytree': 0.6, 'colsample_bylevel': 0.8, 'n_estimators': 300}",0.6133357383357384,repeated_stratified,7,3,full,sep
8,3,0.375,8,2,0.25,8,6,0.75,0.4583333333333333,0.4390977443609022,0.6171875,3,3,2,3,2,3,1,1,6,P30,xgb,31,"{'subsample': 1.0, 'reg_lambda': 3, 'reg_alpha': 0.5, 'min_child_weight': 1, 'max_depth': 2, 'learning_rate': 0.05, 'gamma': 0, 'colsample_bytree': 0.7, 'colsample_bylevel': 0.8, 'n_estimators': 300}",0.6144540644540645,repeated_stratified,7,4,full,sep
8,5,0.625,8,4,0.5,8,3,0.375,0.5,0.5117794486215539,0.6614583333333334,5,2,1,1,4,3,0,5,3,P30,xgb,26,"{'subsample': 0.8, 'reg_lambda': 3, 'reg_alpha': 0.1, 'min_child_weight': 1, 'max_depth': 2, 'learning_rate': 0.03, 'gamma': 1, 'colsample_bytree': 0.6, 'colsample_bylevel': 0.6, 'n_estimators': 300}",0.6157768157768159,repeated_stratified,8,0,full,sep
8,5,0.625,8,3,0.375,8,5,0.625,0.5416666666666666,0.5407407407407407,0.6744791666666666,5,2,1,1,3,4,1,2,5,P30,xgb,10,"{'subsample': 0.6, 'reg_lambda': 1, 'reg_alpha': 0.1, 'min_child_weight': 1, 'max_depth': 2, 'learning_rate': 0.01, 'gamma': 2, 'colsample_bytree': 0.7, 'colsample_bylevel': 0.6, 'n_estimators': 300}",0.6078162578162578,repeated_stratified,8,1,full,sep
8,4,0.5,8,4,0.5,8,4,0.5,0.5,0.5052910052910052,0.6744791666666666,4,0,4,2,4,2,2,2,4,P30,xgb,22,"{'subsample': 0.6, 'reg_lambda': 10, 'reg_alpha': 0.5, 'min_child_weight': 1, 'max_depth': 2, 'learning_rate': 0.05, 'gamma': 0.1, 'colsample_bytree': 0.6, 'colsample_bylevel': 0.6, 'n_estimators': 300}",0.6244348244348245,repeated_stratified,8,2,full,sep
8,1,0.125,8,4,0.5,8,4,0.5,0.375,0.3491050859471912,0.6276041666666666,1,4,3,1,4,3,1,3,4,P30,xgb,21,"{'subsample': 1.0, 'reg_lambda': 10, 'reg_alpha': 0.5, 'min_child_weight': 1, 'max_depth': 4, 'learning_rate': 0.03, 'gamma': 1, 'colsample_bytree': 0.7, 'colsample_bylevel': 0.8, 'n_estimators': 300}",0.6878427128427128,repeated_stratified,8,3,full,sep
8,3,0.375,8,2,0.25,8,3,0.375,0.3333333333333333,0.334313725490196,0.546875,3,3,2,2,2,4,2,3,3,P30,xgb,31,"{'subsample': 1.0, 'reg_lambda': 3, 'reg_alpha': 0, 'min_child_weight': 1, 'max_depth': 4, 'learning_rate': 0.01, 'gamma': 0.3, 'colsample_bytree': 0.6, 'colsample_bylevel': 0.6, 'n_estimators': 300}",0.6929533429533429,repeated_stratified,8,4,full,sep
8,4,0.5,8,3,0.375,8,5,0.625,0.5,0.5037037037037037,0.6197916666666666,4,2,2,5,3,0,1,2,5,P30,xgb,30,"{'subsample': 0.6, 'reg_lambda': 5, 'reg_alpha': 0.5, 'min_child_weight': 1, 'max_depth': 8, 'learning_rate': 0.03, 'gamma': 0.3, 'colsample_bytree': 0.6, 'colsample_bylevel': 0.6, 'n_estimators': 300}",0.6735449735449737,repeated_stratified,9,0,full,sep
8,5,0.625,8,4,0.5,8,2,0.25,0.4583333333333333,0.4517195767195767,0.71875,5,2,1,1,4,3,2,4,2,P30,xgb,31,"{'subsample': 0.8, 'reg_lambda': 3, 'reg_alpha': 0.1, 'min_child_weight': 1, 'max_depth': 2, 'learning_rate': 0.03, 'gamma': 1, 'colsample_bytree': 0.6, 'colsample_bylevel': 0.6, 'n_estimators': 300}",0.574001924001924,repeated_stratified,9,1,full,sep
8,2,0.25,8,2,0.25,8,4,0.5,0.3333333333333333,0.3247863247863248,0.4817708333333333,2,2,4,2,2,4,3,1,4,P30,xgb,23,"{'subsample': 0.8, 'reg_lambda': 3, 'reg_alpha': 0.1, 'min_child_weight': 1, 'max_depth': 2, 'learning_rate': 0.05, 'gamma': 2, 'colsample_bytree': 0.7, 'colsample_bylevel': 0.6, 'n_estimators': 300}",0.7278258778258778,repeated_stratified,9,2,full,sep
8,5,0.625,8,3,0.375,8,3,0.375,0.4583333333333333,0.459313725490196,0.71875,5,2,1,2,3,3,1,4,3,P30,xgb,19,"{'subsample': 1.0, 'reg_lambda': 3, 'reg_alpha': 0.5, 'min_child_weight': 1, 'max_depth': 2, 'learning_rate': 0.05, 'gamma': 0, 'colsample_bytree': 0.7, 'colsample_bylevel': 0.8, 'n_estimators': 300}",0.6682780182780182,repeated_stratified,9,3,full,sep
8,5,0.625,8,2,0.25,8,5,0.625,0.5,0.502422723475355,0.6197916666666666,5,2,1,1,2,5,0,3,5,P30,xgb,12,"{'subsample': 1.0, 'reg_lambda': 3, 'reg_alpha': 0, 'min_child_weight': 1, 'max_depth': 4, 'learning_rate': 0.01, 'gamma': 0.3, 'colsample_bytree': 0.6, 'colsample_bylevel': 0.6, 'n_estimators': 300}",0.6324434824434825,repeated_stratified,9,4,full,sep
8,3,0.375,8,6,0.75,8,1,0.125,0.4166666666666667,0.3846153846153846,0.6770833333333334,3,2,3,1,6,1,3,4,1,P31,xgb,29,"{'subsample': 1.0, 'reg_lambda': 10, 'reg_alpha': 0.1, 'min_child_weight': 1, 'max_depth': 2, 'learning_rate': 0.03, 'gamma': 0.3, 'colsample_bytree': 0.6, 'colsample_bylevel': 0.6, 'n_estimators': 300}",0.6192400192400193,repeated_stratified,0,0,full,sep
8,3,0.375,8,3,0.375,8,3,0.375,0.375,0.37896825396825395,0.6302083333333334,3,3,2,0,3,5,3,2,3,P31,xgb,30,"{'subsample': 1.0, 'reg_lambda': 3, 'reg_alpha': 0.5, 'min_child_weight': 1, 'max_depth': 2, 'learning_rate': 0.05, 'gamma': 0, 'colsample_bytree': 0.7, 'colsample_bylevel': 0.8, 'n_estimators': 300}",0.623929773929774,repeated_stratified,0,1,full,sep
8,4,0.5,8,5,0.625,8,4,0.5,0.5416666666666666,0.5416666666666666,0.7447916666666666,4,1,3,2,5,1,2,2,4,P31,xgb,28,"{'subsample': 1.0, 'reg_lambda': 10, 'reg_alpha': 0.1, 'min_child_weight': 1, 'max_depth': 2, 'learning_rate': 0.03, 'gamma': 0.3, 'colsample_bytree': 0.6, 'colsample_bylevel': 0.6, 'n_estimators': 300}",0.6315776815776816,repeated_stratified,0,2,full,sep
8,5,0.625,8,4,0.5,8,4,0.5,0.5416666666666666,0.5407407407407407,0.7057291666666666,5,1,2,3,4,1,2,2,4,P31,xgb,30,"{'subsample': 1.0, 'reg_lambda': 3, 'reg_alpha': 0.5, 'min_child_weight': 1, 'max_depth': 2, 'learning_rate': 0.05, 'gamma': 0, 'colsample_bytree': 0.7, 'colsample_bylevel': 0.8, 'n_estimators': 300}",0.5613275613275613,repeated_stratified,0,3,full,sep
8,2,0.25,8,4,0.5,8,2,0.25,0.3333333333333333,0.3244778613199666,0.5390625,2,3,3,2,4,2,2,4,2,P31,xgb,30,"{'subsample': 1.0, 'reg_lambda': 5, 'reg_alpha': 0, 'min_child_weight': 1, 'max_depth': 2, 'learning_rate': 0.01, 'gamma': 0, 'colsample_bytree': 0.6, 'colsample_bylevel': 0.8, 'n_estimators': 300}",0.667917267917268,repeated_stratified,0,4,full,sep
8,5,0.625,8,4,0.5,8,4,0.5,0.5416666666666666,0.5429738562091503,0.6979166666666666,5,2,1,2,4,2,1,3,4,P31,xgb,30,"{'subsample': 0.8, 'reg_lambda': 1, 'reg_alpha': 0, 'min_child_weight': 1, 'max_depth': 4, 'learning_rate': 0.01, 'gamma': 0, 'colsample_bytree': 0.7, 'colsample_bylevel': 0.8, 'n_estimators': 300}",0.6576479076479077,repeated_stratified,1,0,full,sep
8,4,0.5,8,3,0.375,8,3,0.375,0.4166666666666667,0.4258980785296574,0.640625,4,0,4,1,3,4,2,3,3,P31,xgb,29,"{'subsample': 0.8, 'reg_lambda': 1, 'reg_alpha': 0.1, 'min_child_weight': 1, 'max_depth': 4, 'learning_rate': 0.05, 'gamma': 0.5, 'colsample_bytree': 0.7, 'colsample_bylevel': 0.6, 'n_estimators': 300}",0.6769119769119768,repeated_stratified,1,1,full,sep
8,2,0.25,8,7,0.875,8,4,0.5,0.5416666666666666,0.5111111111111111,0.6640625,2,4,2,0,7,1,2,2,4,P31,xgb,30,"{'subsample': 0.8, 'reg_lambda': 1, 'reg_alpha': 0, 'min_child_weight': 1, 'max_depth': 8, 'learning_rate': 0.01, 'gamma': 0.3, 'colsample_bytree': 0.6, 'colsample_bylevel': 0.8, 'n_estimators': 300}",0.635906685906686,repeated_stratified,1,2,full,sep
8,5,0.625,8,4,0.5,8,3,0.375,0.5,0.4962962962962963,0.6901041666666666,5,1,2,2,4,2,3,2,3,P31,xgb,29,"{'subsample': 0.8, 'reg_lambda': 1, 'reg_alpha': 0, 'min_child_weight': 1, 'max_depth': 4, 'learning_rate': 0.01, 'gamma': 0, 'colsample_bytree': 0.7, 'colsample_bylevel': 0.8, 'n_estimators': 300}",0.6671717171717172,repeated_stratified,1,3,full,sep
8,2,0.25,8,3,0.375,8,4,0.5,0.375,0.375,0.578125,2,3,3,4,3,1,2,2,4,P31,xgb,30,"{'subsample': 0.6, 'reg_lambda': 1, 'reg_alpha': 0, 'min_child_weight': 1, 'max_depth': 2, 'learning_rate': 0.03, 'gamma': 0, 'colsample_bytree': 0.6, 'colsample_bylevel': 0.6, 'n_estimators': 300}",0.605892255892256,repeated_stratified,1,4,full,sep
8,3,0.375,8,4,0.5,8,2,0.25,0.375,0.38888888888888884,0.4869791666666667,3,1,4,0,4,4,1,5,2,P31,xgb,30,"{'subsample': 1.0, 'reg_lambda': 3, 'reg_alpha': 0, 'min_child_weight': 1, 'max_depth': 4, 'learning_rate': 0.01, 'gamma': 0.3, 'colsample_bytree': 0.6, 'colsample_bylevel': 0.6, 'n_estimators': 300}",0.7670995670995672,repeated_stratified,2,0,full,sep
8,4,0.5,8,6,0.75,8,5,0.625,0.625,0.62140522875817,0.7760416666666666,4,2,2,1,6,1,2,1,5,P31,xgb,29,"{'subsample': 1.0, 'reg_lambda': 3, 'reg_alpha': 0, 'min_child_weight': 1, 'max_depth': 4, 'learning_rate': 0.01, 'gamma': 0.3, 'colsample_bytree': 0.6, 'colsample_bylevel': 0.6, 'n_estimators': 300}",0.5770322270322271,repeated_stratified,2,1,full,sep
8,3,0.375,8,5,0.625,8,6,0.75,0.5833333333333334,0.5740740740740741,0.7734375,3,3,2,1,5,2,0,2,6,P31,xgb,29,"{'subsample': 0.8, 'reg_lambda': 5, 'reg_alpha': 0.1, 'min_child_weight': 1, 'max_depth': 8, 'learning_rate': 0.03, 'gamma': 0, 'colsample_bytree': 0.6, 'colsample_bylevel': 0.6, 'n_estimators': 300}",0.6711640211640212,repeated_stratified,2,2,full,sep
8,3,0.375,8,7,0.875,8,2,0.25,0.5,0.46608946608946605,0.7864583333333334,3,3,2,1,7,0,2,4,2,P31,xgb,30,"{'subsample': 0.8, 'reg_lambda': 10, 'reg_alpha': 0.1, 'min_child_weight': 1, 'max_depth': 16, 'learning_rate': 0.01, 'gamma': 0.1, 'colsample_bytree': 0.6, 'colsample_bylevel': 0.6, 'n_estimators': 300}",0.49639249639249644,repeated_stratified,2,3,full,sep
8,4,0.5,8,3,0.375,8,3,0.375,0.4166666666666667,0.416005291005291,0.625,4,3,1,3,3,2,3,2,3,P31,xgb,30,"{'subsample': 0.8, 'reg_lambda': 10, 'reg_alpha': 0.5, 'min_child_weight': 1, 'max_depth': 2, 'learning_rate': 0.05, 'gamma': 0.5, 'colsample_bytree': 0.7, 'colsample_bylevel': 0.8, 'n_estimators': 300}",0.596969696969697,repeated_stratified,2,4,full,sep
8,5,0.625,8,4,0.5,8,3,0.375,0.5,0.5065359477124183,0.7005208333333334,5,1,2,0,4,4,2,3,3,P31,xgb,30,"{'subsample': 0.8, 'reg_lambda': 10, 'reg_alpha': 0, 'min_child_weight': 1, 'max_depth': 8, 'learning_rate': 0.05, 'gamma': 0, 'colsample_bytree': 0.7, 'colsample_bylevel': 0.6, 'n_estimators': 300}",0.6426647426647426,repeated_stratified,3,0,full,sep
8,2,0.25,8,4,0.5,8,3,0.375,0.375,0.373015873015873,0.5911458333333334,2,2,4,1,4,3,3,2,3,P31,xgb,30,"{'subsample': 1.0, 'reg_lambda': 5, 'reg_alpha': 0.5, 'min_child_weight': 1, 'max_depth': 4, 'learning_rate': 0.03, 'gamma': 0, 'colsample_bytree': 0.6, 'colsample_bylevel': 0.8, 'n_estimators': 300}",0.6974747474747475,repeated_stratified,3,1,full,sep
8,2,0.25,8,5,0.625,8,3,0.375,0.4166666666666667,0.4053963465728172,0.7083333333333334,2,1,5,2,5,1,1,4,3,P31,xgb,29,"{'subsample': 1.0, 'reg_lambda': 5, 'reg_alpha': 0.1, 'min_child_weight': 1, 'max_depth': 8, 'learning_rate': 0.03, 'gamma': 0.1, 'colsample_bytree': 0.7, 'colsample_bylevel': 0.8, 'n_estimators': 300}",0.619023569023569,repeated_stratified,3,2,full,sep
8,2,0.25,8,4,0.5,8,6,0.75,0.5,0.4777777777777777,0.6328125,2,2,4,2,4,2,0,2,6,P31,xgb,29,"{'subsample': 0.8, 'reg_lambda': 1, 'reg_alpha': 0.1, 'min_child_weight': 1, 'max_depth': 4, 'learning_rate': 0.05, 'gamma': 0.5, 'colsample_bytree': 0.7, 'colsample_bylevel': 0.6, 'n_estimators': 300}",0.7192159692159693,repeated_stratified,3,3,full,sep
8,5,0.625,8,4,0.5,8,5,0.625,0.5833333333333334,0.5863918216859394,0.6041666666666666,5,0,3,2,4,2,2,1,5,P31,xgb,25,"{'subsample': 1.0, 'reg_lambda': 10, 'reg_alpha': 0.5, 'min_child_weight': 1, 'max_depth': 4, 'learning_rate': 0.03, 'gamma': 1, 'colsample_bytree': 0.7, 'colsample_bylevel': 0.8, 'n_estimators': 300}",0.5935305435305436,repeated_stratified,3,4,full,sep
8,2,0.25,8,5,0.625,8,3,0.375,0.4166666666666667,0.40781440781440786,0.6484375,2,5,1,2,5,1,2,3,3,P31,xgb,30,"{'subsample': 0.8, 'reg_lambda': 10, 'reg_alpha': 0, 'min_child_weight': 1, 'max_depth': 4, 'learning_rate': 0.03, 'gamma': 0, 'colsample_bytree': 0.6, 'colsample_bylevel': 0.8, 'n_estimators': 300}",0.6402837902837903,repeated_stratified,4,0,full,sep
8,2,0.25,8,4,0.5,8,3,0.375,0.375,0.38462823725981615,0.5052083333333334,2,1,5,1,4,3,4,1,3,P31,xgb,30,"{'subsample': 0.8, 'reg_lambda': 5, 'reg_alpha': 0.1, 'min_child_weight': 1, 'max_depth': 8, 'learning_rate': 0.03, 'gamma': 0, 'colsample_bytree': 0.6, 'colsample_bylevel': 0.6, 'n_estimators': 300}",0.6562289562289562,repeated_stratified,4,1,full,sep
8,4,0.5,8,6,0.75,8,3,0.375,0.5416666666666666,0.5333333333333333,0.7760416666666666,4,1,3,1,6,1,2,3,3,P31,xgb,30,"{'subsample': 1.0, 'reg_lambda': 5, 'reg_alpha': 0.5, 'min_child_weight': 1, 'max_depth': 4, 'learning_rate': 0.03, 'gamma': 0, 'colsample_bytree': 0.6, 'colsample_bylevel': 0.8, 'n_estimators': 300}",0.6183501683501683,repeated_stratified,4,2,full,sep
8,2,0.25,8,2,0.25,8,4,0.5,0.3333333333333333,0.3267195767195767,0.5677083333333334,2,3,3,3,2,3,1,3,4,P31,xgb,30,"{'subsample': 0.8, 'reg_lambda': 10, 'reg_alpha': 0, 'min_child_weight': 1, 'max_depth': 8, 'learning_rate': 0.05, 'gamma': 0, 'colsample_bytree': 0.7, 'colsample_bylevel': 0.6, 'n_estimators': 300}",0.6275613275613275,repeated_stratified,4,3,full,sep
8,1,0.125,8,4,0.5,8,1,0.125,0.25,0.2324143692564745,0.4661458333333333,1,3,4,3,4,1,3,4,1,P31,xgb,29,"{'subsample': 1.0, 'reg_lambda': 5, 'reg_alpha': 0.1, 'min_child_weight': 1, 'max_depth': 8, 'learning_rate': 0.03, 'gamma': 0.1, 'colsample_bytree': 0.7, 'colsample_bylevel': 0.8, 'n_estimators': 300}",0.6336700336700337,repeated_stratified,4,4,full,sep
8,4,0.5,8,6,0.75,8,3,0.375,0.5416666666666666,0.5416666666666666,0.6848958333333334,4,0,4,1,6,1,3,2,3,P31,xgb,30,"{'subsample': 1.0, 'reg_lambda': 3, 'reg_alpha': 0.5, 'min_child_weight': 1, 'max_depth': 2, 'learning_rate': 0.05, 'gamma': 0, 'colsample_bytree': 0.7, 'colsample_bylevel': 0.8, 'n_estimators': 300}",0.6395141895141895,repeated_stratified,5,0,full,sep
8,2,0.25,8,3,0.375,8,4,0.5,0.375,0.37777777777777777,0.5260416666666666,2,5,1,3,3,2,2,2,4,P31,xgb,30,"{'subsample': 0.8, 'reg_lambda': 10, 'reg_alpha': 0.5, 'min_child_weight': 1, 'max_depth': 8, 'learning_rate': 0.01, 'gamma': 0.3, 'colsample_bytree': 0.7, 'colsample_bylevel': 0.6, 'n_estimators': 300}",0.6412698412698412,repeated_stratified,5,1,full,sep
8,5,0.625,8,1,0.125,8,2,0.25,0.3333333333333333,0.3095238095238095,0.5052083333333334,5,2,1,4,1,3,3,3,2,P31,xgb,29,"{'subsample': 1.0, 'reg_lambda': 3, 'reg_alpha': 0.5, 'min_child_weight': 1, 'max_depth': 2, 'learning_rate': 0.05, 'gamma': 0, 'colsample_bytree': 0.7, 'colsample_bylevel': 0.8, 'n_estimators': 300}",0.6647426647426647,repeated_stratified,5,2,full,sep
8,3,0.375,8,5,0.625,8,3,0.375,0.4583333333333333,0.45441176470588235,0.671875,3,2,3,1,5,2,3,2,3,P31,xgb,30,"{'subsample': 0.6, 'reg_lambda': 1, 'reg_alpha': 0, 'min_child_weight': 1, 'max_depth': 2, 'learning_rate': 0.03, 'gamma': 0, 'colsample_bytree': 0.6, 'colsample_bylevel': 0.6, 'n_estimators': 300}",0.65995670995671,repeated_stratified,5,3,full,sep
8,3,0.375,8,8,1.0,8,2,0.25,0.5416666666666666,0.5025641025641027,0.7317708333333334,3,2,3,0,8,0,4,2,2,P31,xgb,29,"{'subsample': 0.8, 'reg_lambda': 3, 'reg_alpha': 0.1, 'min_child_weight': 1, 'max_depth': 2, 'learning_rate': 0.03, 'gamma': 1, 'colsample_bytree': 0.6, 'colsample_bylevel': 0.6, 'n_estimators': 300}",0.5557720057720058,repeated_stratified,5,4,full,sep
8,4,0.5,8,1,0.125,8,5,0.625,0.4166666666666667,0.3898989898989899,0.5729166666666666,4,0,4,2,1,5,1,2,5,P31,xgb,30,"{'subsample': 0.8, 'reg_lambda': 1, 'reg_alpha': 0, 'min_child_weight': 1, 'max_depth': 8, 'learning_rate': 0.01, 'gamma': 0.3, 'colsample_bytree': 0.6, 'colsample_bylevel': 0.8, 'n_estimators': 300}",0.6918229918229918,repeated_stratified,6,0,full,sep
8,3,0.375,8,6,0.75,8,3,0.375,0.5,0.4904761904761905,0.7395833333333334,3,2,3,1,6,1,0,5,3,P31,xgb,30,"{'subsample': 0.6, 'reg_lambda': 3, 'reg_alpha': 0.1, 'min_child_weight': 1, 'max_depth': 2, 'learning_rate': 0.05, 'gamma': 0, 'colsample_bytree': 0.7, 'colsample_bylevel': 0.6, 'n_estimators': 300}",0.5982443482443482,repeated_stratified,6,1,full,sep
8,3,0.375,8,5,0.625,8,2,0.25,0.4166666666666667,0.40401002506265665,0.6145833333333334,3,2,3,2,5,1,2,4,2,P31,xgb,30,"{'subsample': 1.0, 'reg_lambda': 3, 'reg_alpha': 0.5, 'min_child_weight': 1, 'max_depth': 2, 'learning_rate': 0.05, 'gamma': 0, 'colsample_bytree': 0.7, 'colsample_bylevel': 0.8, 'n_estimators': 300}",0.58999518999519,repeated_stratified,6,2,full,sep
8,1,0.125,8,3,0.375,8,2,0.25,0.25,0.24017094017094018,0.4322916666666667,1,6,1,1,3,4,3,3,2,P31,xgb,29,"{'subsample': 1.0, 'reg_lambda': 5, 'reg_alpha': 0.5, 'min_child_weight': 1, 'max_depth': 4, 'learning_rate': 0.03, 'gamma': 0, 'colsample_bytree': 0.6, 'colsample_bylevel': 0.8, 'n_estimators': 300}",0.6454064454064454,repeated_stratified,6,3,full,sep
8,4,0.5,8,4,0.5,8,4,0.5,0.5,0.5042016806722689,0.6536458333333334,4,3,1,3,4,1,2,2,4,P31,xgb,30,"{'subsample': 0.6, 'reg_lambda': 3, 'reg_alpha': 0.1, 'min_child_weight': 1, 'max_depth': 2, 'learning_rate': 0.05, 'gamma': 0, 'colsample_bytree': 0.7, 'colsample_bylevel': 0.6, 'n_estimators': 300}",0.6003848003848004,repeated_stratified,6,4,full,sep
8,6,0.75,8,4,0.5,8,4,0.5,0.5833333333333334,0.5842131724484666,0.71875,6,2,0,3,4,1,1,3,4,P31,xgb,29,"{'subsample': 0.8, 'reg_lambda': 10, 'reg_alpha': 0, 'min_child_weight': 1, 'max_depth': 4, 'learning_rate': 0.03, 'gamma': 0, 'colsample_bytree': 0.6, 'colsample_bylevel': 0.8, 'n_estimators': 300}",0.676863876863877,repeated_stratified,7,0,full,sep
8,4,0.5,8,4,0.5,8,4,0.5,0.5,0.5052910052910052,0.5885416666666666,4,1,3,3,4,1,3,1,4,P31,xgb,30,"{'subsample': 0.6, 'reg_lambda': 3, 'reg_alpha': 0.1, 'min_child_weight': 1, 'max_depth': 2, 'learning_rate': 0.05, 'gamma': 0, 'colsample_bytree': 0.7, 'colsample_bylevel': 0.6, 'n_estimators': 300}",0.6307359307359307,repeated_stratified,7,1,full,sep
8,6,0.75,8,4,0.5,8,3,0.375,0.5416666666666666,0.5311612364243944,0.7213541666666666,6,0,2,3,4,1,2,3,3,P31,xgb,29,"{'subsample': 1.0, 'reg_lambda': 3, 'reg_alpha': 0.5, 'min_child_weight': 1, 'max_depth': 2, 'learning_rate': 0.05, 'gamma': 0, 'colsample_bytree': 0.7, 'colsample_bylevel': 0.8, 'n_estimators': 300}",0.5968494468494469,repeated_stratified,7,2,full,sep
8,3,0.375,8,5,0.625,8,3,0.375,0.4583333333333333,0.4666666666666666,0.671875,3,0,5,1,5,2,3,2,3,P31,xgb,30,"{'subsample': 0.6, 'reg_lambda': 3, 'reg_alpha': 0.1, 'min_child_weight': 1, 'max_depth': 2, 'learning_rate': 0.05, 'gamma': 0, 'colsample_bytree': 0.7, 'colsample_bylevel': 0.6, 'n_estimators': 300}",0.7006974506974508,repeated_stratified,7,3,full,sep
8,4,0.5,8,6,0.75,8,3,0.375,0.5416666666666666,0.5384615384615384,0.7552083333333334,4,2,2,0,6,2,1,4,3,P31,xgb,30,"{'subsample': 1.0, 'reg_lambda': 3, 'reg_alpha': 0.5, 'min_child_weight': 1, 'max_depth': 2, 'learning_rate': 0.05, 'gamma': 0, 'colsample_bytree': 0.7, 'colsample_bylevel': 0.8, 'n_estimators': 300}",0.6486291486291487,repeated_stratified,7,4,full,sep
8,1,0.125,8,4,0.5,8,6,0.75,0.4583333333333333,0.41746880570409983,0.6614583333333334,1,4,3,1,4,3,1,1,6,P31,xgb,29,"{'subsample': 0.6, 'reg_lambda': 3, 'reg_alpha': 0.1, 'min_child_weight': 1, 'max_depth': 8, 'learning_rate': 0.05, 'gamma': 0, 'colsample_bytree': 0.7, 'colsample_bylevel': 0.8, 'n_estimators': 300}",0.6729437229437228,repeated_stratified,8,0,full,sep
8,1,0.125,8,6,0.75,8,4,0.5,0.4583333333333333,0.4151515151515151,0.6901041666666666,1,4,3,1,6,1,0,4,4,P31,xgb,30,"{'subsample': 0.6, 'reg_lambda': 10, 'reg_alpha': 0.1, 'min_child_weight': 1, 'max_depth': 8, 'learning_rate': 0.03, 'gamma': 0.3, 'colsample_bytree': 0.6, 'colsample_bylevel': 0.8, 'n_estimators': 300}",0.6308802308802309,repeated_stratified,8,1,full,sep
8,4,0.5,8,4,0.5,8,4,0.5,0.5,0.5086048454469507,0.7578125,4,1,3,4,4,0,3,1,4,P31,xgb,30,"{'subsample': 0.8, 'reg_lambda': 5, 'reg_alpha': 0.1, 'min_child_weight': 1, 'max_depth': 8, 'learning_rate': 0.03, 'gamma': 0, 'colsample_bytree': 0.6, 'colsample_bylevel': 0.6, 'n_estimators': 300}",0.5248917748917749,repeated_stratified,8,2,full,sep
8,1,0.125,8,4,0.5,8,0,0.0,0.20833333333333334,0.16565656565656564,0.4817708333333333,1,5,2,3,4,1,3,5,0,P31,xgb,30,"{'subsample': 0.8, 'reg_lambda': 10, 'reg_alpha': 0, 'min_child_weight': 1, 'max_depth': 8, 'learning_rate': 0.05, 'gamma': 0, 'colsample_bytree': 0.7, 'colsample_bylevel': 0.6, 'n_estimators': 300}",0.6967051467051467,repeated_stratified,8,3,full,sep
8,4,0.5,8,5,0.625,8,2,0.25,0.4583333333333333,0.46068376068376066,0.6354166666666666,4,1,3,1,5,2,0,6,2,P31,xgb,29,"{'subsample': 0.8, 'reg_lambda': 10, 'reg_alpha': 0, 'min_child_weight': 1, 'max_depth': 4, 'learning_rate': 0.03, 'gamma': 0, 'colsample_bytree': 0.6, 'colsample_bylevel': 0.8, 'n_estimators': 300}",0.6781866281866282,repeated_stratified,8,4,full,sep
8,4,0.5,8,2,0.25,8,3,0.375,0.375,0.3735294117647059,0.5989583333333334,4,4,0,2,2,4,3,2,3,P31,xgb,29,"{'subsample': 0.8, 'reg_lambda': 1, 'reg_alpha': 0, 'min_child_weight': 1, 'max_depth': 4, 'learning_rate': 0.01, 'gamma': 0, 'colsample_bytree': 0.7, 'colsample_bylevel': 0.8, 'n_estimators': 300}",0.62996632996633,repeated_stratified,9,0,full,sep
8,5,0.625,8,4,0.5,8,5,0.625,0.5833333333333334,0.5821895424836602,0.7369791666666666,5,1,2,2,4,2,1,2,5,P31,xgb,30,"{'subsample': 0.8, 'reg_lambda': 10, 'reg_alpha': 0, 'min_child_weight': 1, 'max_depth': 4, 'learning_rate': 0.03, 'gamma': 0, 'colsample_bytree': 0.6, 'colsample_bylevel': 0.8, 'n_estimators': 300}",0.5897065897065897,repeated_stratified,9,1,full,sep
8,5,0.625,8,4,0.5,8,2,0.25,0.4583333333333333,0.4518518518518519,0.703125,5,0,3,2,4,2,3,3,2,P31,xgb,30,"{'subsample': 0.6, 'reg_lambda': 3, 'reg_alpha': 0.1, 'min_child_weight': 1, 'max_depth': 8, 'learning_rate': 0.05, 'gamma': 0, 'colsample_bytree': 0.7, 'colsample_bylevel': 0.8, 'n_estimators': 300}",0.6065656565656564,repeated_stratified,9,2,full,sep
8,2,0.25,8,4,0.5,8,2,0.25,0.3333333333333333,0.3277777777777778,0.6015625,2,5,1,3,4,1,3,3,2,P31,xgb,29,"{'subsample': 0.8, 'reg_lambda': 10, 'reg_alpha': 0, 'min_child_weight': 1, 'max_depth': 8, 'learning_rate': 0.05, 'gamma': 0, 'colsample_bytree': 0.7, 'colsample_bylevel': 0.6, 'n_estimators': 300}",0.675036075036075,repeated_stratified,9,3,full,sep
8,2,0.25,8,3,0.375,8,0,0.0,0.20833333333333334,0.19517543859649122,0.4322916666666667,2,2,4,4,3,1,5,3,0,P31,xgb,30,"{'subsample': 0.8, 'reg_lambda': 10, 'reg_alpha': 0.5, 'min_child_weight': 1, 'max_depth': 2, 'learning_rate': 0.05, 'gamma': 0.5, 'colsample_bytree': 0.7, 'colsample_bylevel': 0.8, 'n_estimators': 300}",0.6415103415103415,repeated_stratified,9,4,full,sep
8,4,0.5,8,4,0.5,8,3,0.375,0.4583333333333333,0.4641604010025063,0.6848958333333334,4,4,0,0,4,4,2,3,3,P33,xgb,24,"{'subsample': 0.8, 'reg_lambda': 3, 'reg_alpha': 0.1, 'min_child_weight': 1, 'max_depth': 2, 'learning_rate': 0.03, 'gamma': 1, 'colsample_bytree': 0.6, 'colsample_bylevel': 0.6, 'n_estimators': 300}",0.5534632034632034,repeated_stratified,0,0,full,sep
8,4,0.5,8,4,0.5,8,1,0.125,0.375,0.37142857142857144,0.515625,4,0,4,3,4,1,5,2,1,P33,xgb,27,"{'subsample': 0.6, 'reg_lambda': 10, 'reg_alpha': 0.5, 'min_child_weight': 1, 'max_depth': 2, 'learning_rate': 0.05, 'gamma': 0.1, 'colsample_bytree': 0.6, 'colsample_bylevel': 0.6, 'n_estimators': 300}",0.6200817700817701,repeated_stratified,0,1,full,sep
8,3,0.375,8,2,0.25,8,3,0.375,0.3333333333333333,0.33053221288515405,0.5911458333333334,3,2,3,3,2,3,3,2,3,P33,xgb,27,"{'subsample': 0.6, 'reg_lambda': 10, 'reg_alpha': 0.5, 'min_child_weight': 1, 'max_depth': 2, 'learning_rate': 0.05, 'gamma': 0.1, 'colsample_bytree': 0.6, 'colsample_bylevel': 0.6, 'n_estimators': 300}",0.6128667628667629,repeated_stratified,0,2,full,sep
8,4,0.5,8,2,0.25,8,1,0.125,0.2916666666666667,0.2740616871051654,0.5911458333333334,4,2,2,5,2,1,6,1,1,P33,xgb,25,"{'subsample': 0.6, 'reg_lambda': 1, 'reg_alpha': 0.1, 'min_child_weight': 1, 'max_depth': 2, 'learning_rate': 0.01, 'gamma': 2, 'colsample_bytree': 0.7, 'colsample_bylevel': 0.6, 'n_estimators': 300}",0.6181577681577682,repeated_stratified,0,3,full,sep
8,3,0.375,8,4,0.5,8,4,0.5,0.4583333333333333,0.47201426024955434,0.5182291666666666,3,1,4,0,4,4,0,4,4,P33,xgb,26,"{'subsample': 0.6, 'reg_lambda': 10, 'reg_alpha': 0.5, 'min_child_weight': 1, 'max_depth': 2, 'learning_rate': 0.05, 'gamma': 0.1, 'colsample_bytree': 0.6, 'colsample_bylevel': 0.6, 'n_estimators': 300}",0.5926887926887927,repeated_stratified,0,4,full,sep
8,3,0.375,8,4,0.5,8,2,0.25,0.375,0.36838624338624343,0.5572916666666666,3,3,2,2,4,2,3,3,2,P33,xgb,26,"{'subsample': 1.0, 'reg_lambda': 3, 'reg_alpha': 0.5, 'min_child_weight': 1, 'max_depth': 2, 'learning_rate': 0.05, 'gamma': 0, 'colsample_bytree': 0.7, 'colsample_bylevel': 0.8, 'n_estimators': 300}",0.5883357383357383,repeated_stratified,1,0,full,sep
8,4,0.5,8,2,0.25,8,1,0.125,0.2916666666666667,0.2722222222222222,0.4713541666666667,4,3,1,4,2,2,4,3,1,P33,xgb,22,"{'subsample': 0.6, 'reg_lambda': 1, 'reg_alpha': 0.1, 'min_child_weight': 1, 'max_depth': 2, 'learning_rate': 0.01, 'gamma': 2, 'colsample_bytree': 0.7, 'colsample_bylevel': 0.6, 'n_estimators': 300}",0.5889129389129389,repeated_stratified,1,1,full,sep
8,4,0.5,8,5,0.625,8,5,0.625,0.5833333333333334,0.5851851851851851,0.7083333333333334,4,3,1,2,5,1,1,2,5,P33,xgb,28,"{'subsample': 0.6, 'reg_lambda': 1, 'reg_alpha': 0.1, 'min_child_weight': 1, 'max_depth': 2, 'learning_rate': 0.01, 'gamma': 2, 'colsample_bytree': 0.7, 'colsample_bylevel': 0.6, 'n_estimators': 300}",0.5133477633477633,repeated_stratified,1,2,full,sep
8,3,0.375,8,3,0.375,8,4,0.5,0.4166666666666667,0.4236874236874237,0.53125,3,0,5,1,3,4,2,2,4,P33,xgb,21,"{'subsample': 0.8, 'reg_lambda': 3, 'reg_alpha': 0.1, 'min_child_weight': 1, 'max_depth': 2, 'learning_rate': 0.05, 'gamma': 2, 'colsample_bytree': 0.7, 'colsample_bylevel': 0.6, 'n_estimators': 300}",0.6537037037037038,repeated_stratified,1,3,full,sep
8,4,0.5,8,3,0.375,8,5,0.625,0.5,0.5051282051282051,0.6640625,4,2,2,0,3,5,1,2,5,P33,xgb,10,"{'subsample': 0.8, 'reg_lambda': 3, 'reg_alpha': 0.1, 'min_child_weight': 1, 'max_depth': 2, 'learning_rate': 0.05, 'gamma': 2, 'colsample_bytree': 0.7, 'colsample_bylevel': 0.6, 'n_estimators': 300}",0.6313011063011063,repeated_stratified,1,4,full,sep
8,4,0.5,8,4,0.5,8,2,0.25,0.4166666666666667,0.40832473340213277,0.6510416666666666,4,3,1,3,4,1,2,4,2,P33,xgb,24,"{'subsample': 0.6, 'reg_lambda': 1, 'reg_alpha': 0.1, 'min_child_weight': 1, 'max_depth': 2, 'learning_rate': 0.01, 'gamma': 2, 'colsample_bytree': 0.7, 'colsample_bylevel': 0.6, 'n_estimators': 300}",0.5671957671957671,repeated_stratified,2,0,full,sep
8,2,0.25,8,2,0.25,8,4,0.5,0.3333333333333333,0.32634032634032634,0.5390625,2,1,5,1,2,5,2,2,4,P33,xgb,21,"{'subsample': 1.0, 'reg_lambda': 5, 'reg_alpha': 0, 'min_child_weight': 1, 'max_depth': 2, 'learning_rate': 0.01, 'gamma': 0, 'colsample_bytree': 0.6, 'colsample_bylevel': 0.8, 'n_estimators': 300}",0.6636123136123137,repeated_stratified,2,1,full,sep
8,5,0.625,8,4,0.5,8,2,0.25,0.4583333333333333,0.44708994708994715,0.5442708333333334,5,1,2,2,4,2,3,3,2,P33,xgb,25,"{'subsample': 1.0, 'reg_lambda': 3, 'reg_alpha': 0.5, 'min_child_weight': 1, 'max_depth': 2, 'learning_rate': 0.05, 'gamma': 0, 'colsample_bytree': 0.7, 'colsample_bylevel': 0.8, 'n_estimators': 300}",0.5004810004810004,repeated_stratified,2,2,full,sep
8,6,0.75,8,4,0.5,8,3,0.375,0.5416666666666666,0.5316239316239316,0.828125,6,1,1,3,4,1,3,2,3,P33,xgb,22,"{'subsample': 0.6, 'reg_lambda': 1, 'reg_alpha': 0.1, 'min_child_weight': 1, 'max_depth': 2, 'learning_rate': 0.01, 'gamma': 2, 'colsample_bytree': 0.7, 'colsample_bylevel': 0.6, 'n_estimators': 300}",0.5708994708994708,repeated_stratified,2,3,full,sep
8,2,0.25,8,3,0.375,8,2,0.25,0.2916666666666667,0.2888888888888889,0.5104166666666666,2,4,2,2,3,3,3,3,2,P33,xgb,13,"{'subsample': 0.6, 'reg_lambda': 5, 'reg_alpha': 0, 'min_child_weight': 1, 'max_depth': 2, 'learning_rate': 0.01, 'gamma': 0.3, 'colsample_bytree': 0.7, 'colsample_bylevel': 0.6, 'n_estimators': 300}",0.6709235209235209,repeated_stratified,2,4,full,sep
8,4,0.5,8,3,0.375,8,3,0.375,0.4166666666666667,0.42063492063492064,0.6536458333333334,4,1,3,1,3,4,3,2,3,P33,xgb,32,"{'subsample': 0.6, 'reg_lambda': 5, 'reg_alpha': 0, 'min_child_weight': 1, 'max_depth': 2, 'learning_rate': 0.01, 'gamma': 0.3, 'colsample_bytree': 0.7, 'colsample_bylevel': 0.6, 'n_estimators': 300}",0.5981240981240982,repeated_stratified,3,0,full,sep
8,2,0.25,8,4,0.5,8,4,0.5,0.4166666666666667,0.4083247334021327,0.6484375,2,3,3,2,4,2,0,4,4,P33,xgb,24,"{'subsample': 0.6, 'reg_lambda': 1, 'reg_alpha': 0, 'min_child_weight': 1, 'max_depth': 2, 'learning_rate': 0.03, 'gamma': 0, 'colsample_bytree': 0.6, 'colsample_bylevel': 0.6, 'n_estimators': 300}",0.5622414622414622,repeated_stratified,3,1,full,sep
8,3,0.375,8,5,0.625,8,2,0.25,0.4166666666666667,0.42320261437908496,0.5260416666666666,3,1,4,1,5,2,5,1,2,P33,xgb,26,"{'subsample': 0.6, 'reg_lambda': 1, 'reg_alpha': 0.1, 'min_child_weight': 1, 'max_depth': 2, 'learning_rate': 0.01, 'gamma': 2, 'colsample_bytree': 0.7, 'colsample_bylevel': 0.6, 'n_estimators': 300}",0.6448051948051948,repeated_stratified,3,2,full,sep
8,4,0.5,8,4,0.5,8,3,0.375,0.4583333333333333,0.4568627450980392,0.5677083333333334,4,2,2,2,4,2,2,3,3,P33,xgb,24,"{'subsample': 0.6, 'reg_lambda': 1, 'reg_alpha': 0.1, 'min_child_weight': 1, 'max_depth': 2, 'learning_rate': 0.01, 'gamma': 2, 'colsample_bytree': 0.7, 'colsample_bylevel': 0.6, 'n_estimators': 300}",0.5702260702260702,repeated_stratified,3,3,full,sep
8,4,0.5,8,4,0.5,8,4,0.5,0.5,0.5052910052910052,0.6510416666666666,4,2,2,0,4,4,2,2,4,P33,xgb,24,"{'subsample': 0.6, 'reg_lambda': 1, 'reg_alpha': 0.1, 'min_child_weight': 1, 'max_depth': 2, 'learning_rate': 0.01, 'gamma': 2, 'colsample_bytree': 0.7, 'colsample_bylevel': 0.6, 'n_estimators': 300}",0.5515151515151515,repeated_stratified,3,4,full,sep
8,4,0.5,8,5,0.625,8,5,0.625,0.5833333333333334,0.583994708994709,0.6770833333333334,4,2,2,0,5,3,2,1,5,P33,xgb,27,"{'subsample': 0.8, 'reg_lambda': 3, 'reg_alpha': 0.1, 'min_child_weight': 1, 'max_depth': 2, 'learning_rate': 0.03, 'gamma': 1, 'colsample_bytree': 0.6, 'colsample_bylevel': 0.6, 'n_estimators': 300}",0.6094516594516595,repeated_stratified,4,0,full,sep
8,2,0.25,8,3,0.375,8,3,0.375,0.3333333333333333,0.33730158730158727,0.4921875,2,2,4,2,3,3,4,1,3,P33,xgb,23,"{'subsample': 0.6, 'reg_lambda': 3, 'reg_alpha': 0.1, 'min_child_weight': 1, 'max_depth': 2, 'learning_rate': 0.05, 'gamma': 0, 'colsample_bytree': 0.7, 'colsample_bylevel': 0.6, 'n_estimators': 300}",0.5063251563251564,repeated_stratified,4,1,full,sep
8,2,0.25,8,3,0.375,8,1,0.125,0.25,0.2534313725490196,0.4427083333333333,2,2,4,2,3,3,5,2,1,P33,xgb,13,"{'subsample': 1.0, 'reg_lambda': 10, 'reg_alpha': 0.1, 'min_child_weight': 1, 'max_depth': 2, 'learning_rate': 0.03, 'gamma': 0.3, 'colsample_bytree': 0.6, 'colsample_bylevel': 0.6, 'n_estimators': 300}",0.7276815776815777,repeated_stratified,4,2,full,sep
8,5,0.625,8,4,0.5,8,4,0.5,0.5416666666666666,0.5529100529100529,0.5911458333333334,5,1,2,0,4,4,1,3,4,P33,xgb,24,"{'subsample': 0.6, 'reg_lambda': 5, 'reg_alpha': 0.5, 'min_child_weight': 1, 'max_depth': 8, 'learning_rate': 0.03, 'gamma': 0.3, 'colsample_bytree': 0.6, 'colsample_bylevel': 0.6, 'n_estimators': 300}",0.5957190957190958,repeated_stratified,4,3,full,sep
8,5,0.625,8,2,0.25,8,3,0.375,0.4166666666666667,0.4089635854341737,0.5208333333333334,5,2,1,1,2,5,3,2,3,P33,xgb,27,"{'subsample': 0.8, 'reg_lambda': 10, 'reg_alpha': 0.5, 'min_child_weight': 1, 'max_depth': 8, 'learning_rate': 0.01, 'gamma': 0.3, 'colsample_bytree': 0.7, 'colsample_bylevel': 0.6, 'n_estimators': 300}",0.5774651274651275,repeated_stratified,4,4,full,sep
8,4,0.5,8,2,0.25,8,2,0.25,0.3333333333333333,0.3267195767195767,0.5078125,4,2,2,2,2,4,4,2,2,P33,xgb,28,"{'subsample': 0.6, 'reg_lambda': 1, 'reg_alpha': 0.1, 'min_child_weight': 1, 'max_depth': 2, 'learning_rate': 0.01, 'gamma': 2, 'colsample_bytree': 0.7, 'colsample_bylevel': 0.6, 'n_estimators': 300}",0.6113275613275614,repeated_stratified,5,0,full,sep
8,3,0.375,8,4,0.5,8,2,0.25,0.375,0.3804256745433216,0.546875,3,2,3,0,4,4,2,4,2,P33,xgb,27,"{'subsample': 0.6, 'reg_lambda': 10, 'reg_alpha': 0.1, 'min_child_weight': 1, 'max_depth': 8, 'learning_rate': 0.03, 'gamma': 0.3, 'colsample_bytree': 0.6, 'colsample_bylevel': 0.8, 'n_estimators': 300}",0.616017316017316,repeated_stratified,5,1,full,sep
8,5,0.625,8,2,0.25,8,4,0.5,0.4583333333333333,0.45171957671957674,0.6223958333333334,5,1,2,2,2,4,1,3,4,P33,xgb,25,"{'subsample': 0.8, 'reg_lambda': 3, 'reg_alpha': 0.1, 'min_child_weight': 1, 'max_depth': 2, 'learning_rate': 0.03, 'gamma': 1, 'colsample_bytree': 0.6, 'colsample_bylevel': 0.6, 'n_estimators': 300}",0.5952621452621453,repeated_stratified,5,2,full,sep
8,4,0.5,8,4,0.5,8,3,0.375,0.4583333333333333,0.4620915032679738,0.7005208333333334,4,1,3,1,4,3,3,2,3,P33,xgb,7,"{'subsample': 1.0, 'reg_lambda': 10, 'reg_alpha': 0.1, 'min_child_weight': 1, 'max_depth': 2, 'learning_rate': 0.03, 'gamma': 0.3, 'colsample_bytree': 0.6, 'colsample_bylevel': 0.6, 'n_estimators': 300}",0.5918229918229918,repeated_stratified,5,3,full,sep
8,2,0.25,8,3,0.375,8,3,0.375,0.3333333333333333,0.33134920634920634,0.5390625,2,1,5,3,3,2,1,4,3,P33,xgb,26,"{'subsample': 0.6, 'reg_lambda': 1, 'reg_alpha': 0.1, 'min_child_weight': 1, 'max_depth': 2, 'learning_rate': 0.01, 'gamma': 2, 'colsample_bytree': 0.7, 'colsample_bylevel': 0.6, 'n_estimators': 300}",0.635016835016835,repeated_stratified,5,4,full,sep
8,6,0.75,8,3,0.375,8,2,0.25,0.4583333333333333,0.43909774436090226,0.5598958333333334,6,1,1,2,3,3,3,3,2,P33,xgb,28,"{'subsample': 0.8, 'reg_lambda': 3, 'reg_alpha': 0.1, 'min_child_weight': 1, 'max_depth': 2, 'learning_rate': 0.03, 'gamma': 1, 'colsample_bytree': 0.6, 'colsample_bylevel': 0.6, 'n_estimators': 300}",0.6379268879268879,repeated_stratified,6,0,full,sep
8,5,0.625,8,3,0.375,8,4,0.5,0.5,0.5138888888888888,0.6067708333333334,5,3,0,5,3,0,2,2,4,P33,xgb,24,"{'subsample': 0.6, 'reg_lambda': 3, 'reg_alpha': 0.1, 'min_child_weight': 1, 'max_depth': 2, 'learning_rate': 0.05, 'gamma': 0, 'colsample_bytree': 0.7, 'colsample_bylevel': 0.6, 'n_estimators': 300}",0.5931216931216932,repeated_stratified,6,1,full,sep
8,3,0.375,8,7,0.875,8,3,0.375,0.5416666666666666,0.5205128205128204,0.7057291666666666,3,2,3,0,7,1,2,3,3,P33,xgb,24,"{'subsample': 0.6, 'reg_lambda': 1, 'reg_alpha': 0.1, 'min_child_weight': 1, 'max_depth': 2, 'learning_rate': 0.01, 'gamma': 2, 'colsample_bytree': 0.7, 'colsample_bylevel': 0.6, 'n_estimators': 300}",0.5853535353535354,repeated_stratified,6,2,full,sep
8,2,0.25,8,3,0.375,8,3,0.375,0.3333333333333333,0.3340213278293774,0.4921875,2,4,2,1,3,4,1,4,3,P33,xgb,26,"{'subsample': 0.6, 'reg_lambda': 1, 'reg_alpha': 0.1, 'min_child_weight': 1, 'max_depth': 2, 'learning_rate': 0.01, 'gamma': 2, 'colsample_bytree': 0.7, 'colsample_bylevel': 0.6, 'n_estimators': 300}",0.6646464646464646,repeated_stratified,6,3,full,sep
8,2,0.25,8,3,0.375,8,1,0.125,0.25,0.2407407407407407,0.5104166666666666,2,6,0,4,3,1,4,3,1,P33,xgb,24,"{'subsample': 1.0, 'reg_lambda': 5, 'reg_alpha': 0.5, 'min_child_weight': 1, 'max_depth': 4, 'learning_rate': 0.05, 'gamma': 2, 'colsample_bytree': 0.6, 'colsample_bylevel': 0.6, 'n_estimators': 300}",0.6352092352092353,repeated_stratified,6,4,full,sep
8,2,0.25,8,1,0.125,8,4,0.5,0.2916666666666667,0.28458164642375167,0.4270833333333333,2,5,1,1,1,6,2,2,4,P33,xgb,24,"{'subsample': 0.6, 'reg_lambda': 5, 'reg_alpha': 0, 'min_child_weight': 1, 'max_depth': 2, 'learning_rate': 0.01, 'gamma': 0.3, 'colsample_bytree': 0.7, 'colsample_bylevel': 0.6, 'n_estimators': 300}",0.5841510341510342,repeated_stratified,7,0,full,sep
8,4,0.5,8,5,0.625,8,2,0.25,0.4583333333333333,0.4484544695071011,0.5546875,4,2,2,1,5,2,2,4,2,P33,xgb,25,"{'subsample': 0.8, 'reg_lambda': 10, 'reg_alpha': 0.5, 'min_child_weight': 1, 'max_depth': 8, 'learning_rate': 0.01, 'gamma': 0.3, 'colsample_bytree': 0.7, 'colsample_bylevel': 0.6, 'n_estimators': 300}",0.6686868686868688,repeated_stratified,7,1,full,sep
8,2,0.25,8,4,0.5,8,4,0.5,0.4166666666666667,0.40958164642375167,0.6041666666666666,2,2,4,1,4,3,2,2,4,P33,xgb,24,"{'subsample': 0.8, 'reg_lambda': 10, 'reg_alpha': 0, 'min_child_weight': 1, 'max_depth': 8, 'learning_rate': 0.05, 'gamma': 0, 'colsample_bytree': 0.7, 'colsample_bylevel': 0.6, 'n_estimators': 300}",0.5903799903799903,repeated_stratified,7,2,full,sep
8,4,0.5,8,3,0.375,8,6,0.75,0.5416666666666666,0.5333333333333333,0.6197916666666666,4,2,2,1,3,4,1,1,6,P33,xgb,24,"{'subsample': 0.6, 'reg_lambda': 1, 'reg_alpha': 0.1, 'min_child_weight': 1, 'max_depth': 2, 'learning_rate': 0.01, 'gamma': 2, 'colsample_bytree': 0.7, 'colsample_bylevel': 0.6, 'n_estimators': 300}",0.6062530062530063,repeated_stratified,7,3,full,sep
8,4,0.5,8,4,0.5,8,1,0.125,0.375,0.3508021390374332,0.5260416666666666,4,2,2,4,4,0,1,6,1,P33,xgb,31,"{'subsample': 1.0, 'reg_lambda': 5, 'reg_alpha': 0, 'min_child_weight': 1, 'max_depth': 2, 'learning_rate': 0.01, 'gamma': 0, 'colsample_bytree': 0.6, 'colsample_bylevel': 0.8, 'n_estimators': 300}",0.5592592592592593,repeated_stratified,7,4,full,sep
8,6,0.75,8,2,0.25,8,2,0.25,0.4166666666666667,0.38827838827838823,0.5807291666666666,6,1,1,3,2,3,4,2,2,P33,xgb,25,"{'subsample': 1.0, 'reg_lambda': 1, 'reg_alpha': 0.5, 'min_child_weight': 1, 'max_depth': 4, 'learning_rate': 0.01, 'gamma': 0.5, 'colsample_bytree': 0.6, 'colsample_bylevel': 0.8, 'n_estimators': 300}",0.6419191919191919,repeated_stratified,8,0,full,sep
8,3,0.375,8,2,0.25,8,5,0.625,0.4166666666666667,0.40277777777777773,0.65625,3,2,3,2,2,4,3,0,5,P33,xgb,28,"{'subsample': 0.6, 'reg_lambda': 1, 'reg_alpha': 0, 'min_child_weight': 1, 'max_depth': 2, 'learning_rate': 0.03, 'gamma': 0, 'colsample_bytree': 0.6, 'colsample_bylevel': 0.6, 'n_estimators': 300}",0.5946127946127947,repeated_stratified,8,1,full,sep
8,3,0.375,8,5,0.625,8,3,0.375,0.4583333333333333,0.4666666666666666,0.6171875,3,2,3,2,5,1,5,0,3,P33,xgb,28,"{'subsample': 0.6, 'reg_lambda': 5, 'reg_alpha': 0, 'min_child_weight': 1, 'max_depth': 2, 'learning_rate': 0.01, 'gamma': 0.3, 'colsample_bytree': 0.7, 'colsample_bylevel': 0.6, 'n_estimators': 300}",0.5524771524771525,repeated_stratified,8,2,full,sep
8,4,0.5,8,4,0.5,8,2,0.25,0.4166666666666667,0.4317077258253729,0.5651041666666666,4,1,3,0,4,4,1,5,2,P33,xgb,23,"{'subsample': 0.6, 'reg_lambda': 10, 'reg_alpha': 0.5, 'min_child_weight': 1, 'max_depth': 2, 'learning_rate': 0.05, 'gamma': 0.1, 'colsample_bytree': 0.6, 'colsample_bylevel': 0.6, 'n_estimators': 300}",0.6542809042809044,repeated_stratified,8,3,full,sep
8,3,0.375,8,4,0.5,8,3,0.375,0.4166666666666667,0.4165413533834587,0.5494791666666666,3,3,2,2,4,2,1,4,3,P33,xgb,24,"{'subsample': 0.6, 'reg_lambda': 3, 'reg_alpha': 0.1, 'min_child_weight': 1, 'max_depth': 2, 'learning_rate': 0.05, 'gamma': 0, 'colsample_bytree': 0.7, 'colsample_bylevel': 0.6, 'n_estimators': 300}",0.6254930254930255,repeated_stratified,8,4,full,sep
8,3,0.375,8,3,0.375,8,1,0.125,0.2916666666666667,0.27777777777777773,0.46875,3,4,1,3,3,2,4,3,1,P33,xgb,24,"{'subsample': 1.0, 'reg_lambda': 5, 'reg_alpha': 0.1, 'min_child_weight': 1, 'max_depth': 8, 'learning_rate': 0.03, 'gamma': 0.1, 'colsample_bytree': 0.7, 'colsample_bylevel': 0.8, 'n_estimators': 300}",0.6050264550264549,repeated_stratified,9,0,full,sep
8,3,0.375,8,4,0.5,8,4,0.5,0.4583333333333333,0.4583333333333333,0.5260416666666666,3,3,2,2,4,2,3,1,4,P33,xgb,28,"{'subsample': 1.0, 'reg_lambda': 3, 'reg_alpha': 0.5, 'min_child_weight': 1, 'max_depth': 2, 'learning_rate': 0.05, 'gamma': 0, 'colsample_bytree': 0.7, 'colsample_bylevel': 0.8, 'n_estimators': 300}",0.6332130832130832,repeated_stratified,9,1,full,sep
8,3,0.375,8,5,0.625,8,3,0.375,0.4583333333333333,0.45441176470588235,0.71875,3,1,4,2,5,1,2,3,3,P33,xgb,28,"{'subsample': 0.6, 'reg_lambda': 1, 'reg_alpha': 0.1, 'min_child_weight': 1, 'max_depth': 2, 'learning_rate': 0.01, 'gamma': 2, 'colsample_bytree': 0.7, 'colsample_bylevel': 0.6, 'n_estimators': 300}",0.5901394901394901,repeated_stratified,9,2,full,sep
8,4,0.5,8,2,0.25,8,2,0.25,0.3333333333333333,0.32908496732026143,0.578125,4,1,3,4,2,2,1,5,2,P33,xgb,26,"{'subsample': 0.8, 'reg_lambda': 10, 'reg_alpha': 0.5, 'min_child_weight': 1, 'max_depth': 8, 'learning_rate': 0.01, 'gamma': 0.3, 'colsample_bytree': 0.7, 'colsample_bylevel': 0.6, 'n_estimators': 300}",0.5603415103415103,repeated_stratified,9,3,full,sep
8,4,0.5,8,4,0.5,8,4,0.5,0.5,0.5013071895424837,0.6067708333333334,4,1,3,2,4,2,1,3,4,P33,xgb,20,"{'subsample': 0.8, 'reg_lambda': 1, 'reg_alpha': 0.1, 'min_child_weight': 1, 'max_depth': 4, 'learning_rate': 0.05, 'gamma': 0.5, 'colsample_bytree': 0.7, 'colsample_bylevel': 0.6, 'n_estimators': 300}",0.6242905242905242,repeated_stratified,9,4,full,sep
8,3,0.375,8,2,0.25,8,4,0.5,0.375,0.37606837606837606,0.6692708333333334,3,1,4,1,2,5,1,3,4,P35,xgb,11,"{'subsample': 0.8, 'reg_lambda': 3, 'reg_alpha': 0.1, 'min_child_weight': 1, 'max_depth': 2, 'learning_rate': 0.05, 'gamma': 2, 'colsample_bytree': 0.7, 'colsample_bylevel': 0.6, 'n_estimators': 300}",0.7292929292929293,repeated_stratified,0,0,full,sep
8,6,0.75,8,3,0.375,8,2,0.25,0.4583333333333333,0.4617647058823529,0.6770833333333334,6,0,2,0,3,5,2,4,2,P35,xgb,27,"{'subsample': 1.0, 'reg_lambda': 3, 'reg_alpha': 0.5, 'min_child_weight': 1, 'max_depth': 2, 'learning_rate': 0.05, 'gamma': 0, 'colsample_bytree': 0.7, 'colsample_bylevel': 0.8, 'n_estimators': 300}",0.686940836940837,repeated_stratified,0,1,full,sep
8,6,0.75,8,2,0.25,8,4,0.5,0.5,0.4777777777777778,0.65625,6,1,1,3,2,3,3,1,4,P35,xgb,13,"{'subsample': 1.0, 'reg_lambda': 5, 'reg_alpha': 0.5, 'min_child_weight': 1, 'max_depth': 4, 'learning_rate': 0.05, 'gamma': 2, 'colsample_bytree': 0.6, 'colsample_bylevel': 0.6, 'n_estimators': 300}",0.7440596440596442,repeated_stratified,0,2,full,sep
8,7,0.875,8,5,0.625,8,3,0.375,0.625,0.6134453781512604,0.734375,7,0,1,1,5,2,1,4,3,P35,xgb,20,"{'subsample': 0.8, 'reg_lambda': 3, 'reg_alpha': 0.1, 'min_child_weight': 1, 'max_depth': 2, 'learning_rate': 0.05, 'gamma': 2, 'colsample_bytree': 0.7, 'colsample_bylevel': 0.6, 'n_estimators': 300}",0.689105339105339,repeated_stratified,0,3,full,sep
8,6,0.75,8,4,0.5,8,2,0.25,0.5,0.4780748663101604,0.6041666666666666,6,2,0,3,4,1,3,3,2,P35,xgb,12,"{'subsample': 0.6, 'reg_lambda': 1, 'reg_alpha': 0.1, 'min_child_weight': 1, 'max_depth': 2, 'learning_rate': 0.01, 'gamma': 2, 'colsample_bytree': 0.7, 'colsample_bylevel': 0.6, 'n_estimators': 300}",0.7049302549302551,repeated_stratified,0,4,full,sep
8,4,0.5,8,3,0.375,8,5,0.625,0.5,0.4960735171261487,0.6484375,4,2,2,1,3,4,2,1,5,P35,xgb,10,"{'subsample': 0.8, 'reg_lambda': 10, 'reg_alpha': 0.5, 'min_child_weight': 1, 'max_depth': 2, 'learning_rate': 0.05, 'gamma': 0.5, 'colsample_bytree': 0.7, 'colsample_bylevel': 0.8, 'n_estimators': 300}",0.7492544492544493,repeated_stratified,1,0,full,sep
8,5,0.625,8,2,0.25,8,3,0.375,0.4166666666666667,0.40542328042328046,0.5885416666666666,5,1,2,3,2,3,2,3,3,P35,xgb,22,"{'subsample': 0.6, 'reg_lambda': 3, 'reg_alpha': 0.1, 'min_child_weight': 1, 'max_depth': 8, 'learning_rate': 0.05, 'gamma': 0, 'colsample_bytree': 0.7, 'colsample_bylevel': 0.8, 'n_estimators': 300}",0.673953823953824,repeated_stratified,1,1,full,sep
8,4,0.5,8,5,0.625,8,2,0.25,0.4583333333333333,0.4516339869281046,0.6692708333333334,4,2,2,0,5,3,4,2,2,P35,xgb,27,"{'subsample': 0.6, 'reg_lambda': 10, 'reg_alpha': 0.1, 'min_child_weight': 1, 'max_depth': 8, 'learning_rate': 0.03, 'gamma': 0.3, 'colsample_bytree': 0.6, 'colsample_bylevel': 0.8, 'n_estimators': 300}",0.695021645021645,repeated_stratified,1,2,full,sep
8,7,0.875,8,5,0.625,8,5,0.625,0.7083333333333334,0.7050653594771242,0.8072916666666666,7,1,0,1,5,2,1,2,5,P35,xgb,24,"{'subsample': 0.6, 'reg_lambda': 3, 'reg_alpha': 0.1, 'min_child_weight': 1, 'max_depth': 2, 'learning_rate': 0.05, 'gamma': 0, 'colsample_bytree': 0.7, 'colsample_bylevel': 0.6, 'n_estimators': 300}",0.6763828763828764,repeated_stratified,1,3,full,sep
8,6,0.75,8,4,0.5,8,2,0.25,0.5,0.4835164835164835,0.6614583333333334,6,0,2,3,4,1,4,2,2,P35,xgb,26,"{'subsample': 0.6, 'reg_lambda': 1, 'reg_alpha': 0.1, 'min_child_weight': 1, 'max_depth': 2, 'learning_rate': 0.01, 'gamma': 2, 'colsample_bytree': 0.7, 'colsample_bylevel': 0.6, 'n_estimators': 300}",0.7265752765752765,repeated_stratified,1,4,full,sep
8,4,0.5,8,2,0.25,8,2,0.25,0.3333333333333333,0.33053221288515405,0.5677083333333334,4,1,3,2,2,4,3,3,2,P35,xgb,27,"{'subsample': 0.6, 'reg_lambda': 3, 'reg_alpha': 0.1, 'min_child_weight': 1, 'max_depth': 8, 'learning_rate': 0.05, 'gamma': 0, 'colsample_bytree': 0.7, 'colsample_bylevel': 0.8, 'n_estimators': 300}",0.6438431938431939,repeated_stratified,2,0,full,sep
8,7,0.875,8,2,0.25,8,2,0.25,0.4583333333333333,0.41934876717485414,0.6614583333333334,7,0,1,3,2,3,5,1,2,P35,xgb,10,"{'subsample': 1.0, 'reg_lambda': 5, 'reg_alpha': 0, 'min_child_weight': 1, 'max_depth': 2, 'learning_rate': 0.01, 'gamma': 0, 'colsample_bytree': 0.6, 'colsample_bylevel': 0.8, 'n_estimators': 300}",0.7301346801346802,repeated_stratified,2,1,full,sep
8,4,0.5,8,5,0.625,8,2,0.25,0.4583333333333333,0.44708994708994715,0.703125,4,1,3,2,5,1,2,4,2,P35,xgb,7,"{'subsample': 0.6, 'reg_lambda': 1, 'reg_alpha': 0.1, 'min_child_weight': 1, 'max_depth': 2, 'learning_rate': 0.01, 'gamma': 2, 'colsample_bytree': 0.7, 'colsample_bylevel': 0.6, 'n_estimators': 300}",0.7195767195767196,repeated_stratified,2,2,full,sep
8,6,0.75,8,1,0.125,8,6,0.75,0.5416666666666666,0.4984848484848485,0.6458333333333334,6,0,2,1,1,6,1,1,6,P35,xgb,12,"{'subsample': 1.0, 'reg_lambda': 10, 'reg_alpha': 0.5, 'min_child_weight': 1, 'max_depth': 4, 'learning_rate': 0.03, 'gamma': 1, 'colsample_bytree': 0.7, 'colsample_bylevel': 0.8, 'n_estimators': 300}",0.7284632034632036,repeated_stratified,2,3,full,sep
8,3,0.375,8,2,0.25,8,3,0.375,0.3333333333333333,0.35185185185185186,0.5494791666666666,3,3,2,1,2,5,0,5,3,P35,xgb,9,"{'subsample': 0.6, 'reg_lambda': 3, 'reg_alpha': 0.1, 'min_child_weight': 1, 'max_depth': 2, 'learning_rate': 0.05, 'gamma': 0, 'colsample_bytree': 0.7, 'colsample_bylevel': 0.6, 'n_estimators': 300}",0.7427128427128428,repeated_stratified,2,4,full,sep
8,3,0.375,8,2,0.25,8,1,0.125,0.25,0.2518518518518518,0.5182291666666666,3,3,2,2,2,4,2,5,1,P35,xgb,22,"{'subsample': 0.8, 'reg_lambda': 3, 'reg_alpha': 0.1, 'min_child_weight': 1, 'max_depth': 2, 'learning_rate': 0.05, 'gamma': 2, 'colsample_bytree': 0.7, 'colsample_bylevel': 0.6, 'n_estimators': 300}",0.7879268879268878,repeated_stratified,3,0,full,sep
8,6,0.75,8,4,0.5,8,1,0.125,0.4583333333333333,0.4284750337381917,0.5364583333333334,6,1,1,1,4,3,4,3,1,P35,xgb,25,"{'subsample': 1.0, 'reg_lambda': 5, 'reg_alpha': 0.1, 'min_child_weight': 1, 'max_depth': 8, 'learning_rate': 0.03, 'gamma': 0.1, 'colsample_bytree': 0.7, 'colsample_bylevel': 0.8, 'n_estimators': 300}",0.7259259259259259,repeated_stratified,3,1,full,sep
8,6,0.75,8,4,0.5,8,3,0.375,0.5416666666666666,0.5370370370370371,0.7760416666666666,6,1,1,4,4,0,0,5,3,P35,xgb,25,"{'subsample': 0.8, 'reg_lambda': 1, 'reg_alpha': 0.1, 'min_child_weight': 1, 'max_depth': 4, 'learning_rate': 0.05, 'gamma': 0.5, 'colsample_bytree': 0.7, 'colsample_bylevel': 0.6, 'n_estimators': 300}",0.6705868205868205,repeated_stratified,3,2,full,sep
8,5,0.625,8,5,0.625,8,4,0.5,0.5833333333333334,0.5821895424836602,0.703125,5,2,1,1,5,2,2,2,4,P35,xgb,21,"{'subsample': 0.8, 'reg_lambda': 3, 'reg_alpha': 0.1, 'min_child_weight': 1, 'max_depth': 2, 'learning_rate': 0.05, 'gamma': 2, 'colsample_bytree': 0.7, 'colsample_bylevel': 0.6, 'n_estimators': 300}",0.7134439634439635,repeated_stratified,3,3,full,sep
8,4,0.5,8,4,0.5,8,4,0.5,0.5,0.5086048454469507,0.703125,4,3,1,2,4,2,0,4,4,P35,xgb,8,"{'subsample': 0.8, 'reg_lambda': 1, 'reg_alpha': 0, 'min_child_weight': 1, 'max_depth': 8, 'learning_rate': 0.01, 'gamma': 0.3, 'colsample_bytree': 0.6, 'colsample_bylevel': 0.8, 'n_estimators': 300}",0.6844877344877345,repeated_stratified,3,4,full,sep
8,7,0.875,8,4,0.5,8,2,0.25,0.5416666666666666,0.5111111111111111,0.7552083333333334,7,0,1,4,4,0,3,3,2,P35,xgb,11,"{'subsample': 1.0, 'reg_lambda': 10, 'reg_alpha': 0, 'min_child_weight': 1, 'max_depth': 16, 'learning_rate': 0.05, 'gamma': 2, 'colsample_bytree': 0.6, 'colsample_bylevel': 0.8, 'n_estimators': 300}",0.658092833092833,repeated_stratified,4,0,full,sep
8,7,0.875,8,4,0.5,8,3,0.375,0.5833333333333334,0.5772875816993465,0.7421875,7,0,1,0,4,4,2,3,3,P35,xgb,24,"{'subsample': 1.0, 'reg_lambda': 3, 'reg_alpha': 0.5, 'min_child_weight': 1, 'max_depth': 2, 'learning_rate': 0.05, 'gamma': 0, 'colsample_bytree': 0.7, 'colsample_bylevel': 0.8, 'n_estimators': 300}",0.6576479076479077,repeated_stratified,4,1,full,sep
8,4,0.5,8,6,0.75,8,6,0.75,0.6666666666666666,0.6746031746031745,0.7604166666666666,4,0,4,2,6,0,2,0,6,P35,xgb,7,"{'subsample': 1.0, 'reg_lambda': 5, 'reg_alpha': 0.5, 'min_child_weight': 1, 'max_depth': 4, 'learning_rate': 0.05, 'gamma': 2, 'colsample_bytree': 0.6, 'colsample_bylevel': 0.6, 'n_estimators': 300}",0.696861471861472,repeated_stratified,4,2,full,sep
8,5,0.625,8,3,0.375,8,5,0.625,0.5416666666666666,0.5407407407407407,0.6614583333333334,5,2,1,1,3,4,1,2,5,P35,xgb,12,"{'subsample': 0.8, 'reg_lambda': 10, 'reg_alpha': 0.5, 'min_child_weight': 1, 'max_depth': 2, 'learning_rate': 0.05, 'gamma': 0.5, 'colsample_bytree': 0.7, 'colsample_bylevel': 0.8, 'n_estimators': 300}",0.6952861952861954,repeated_stratified,4,3,full,sep
8,6,0.75,8,2,0.25,8,4,0.5,0.5,0.48067226890756304,0.5494791666666666,6,0,2,3,2,3,4,0,4,P35,xgb,25,"{'subsample': 1.0, 'reg_lambda': 5, 'reg_alpha': 0, 'min_child_weight': 1, 'max_depth': 2, 'learning_rate': 0.01, 'gamma': 0, 'colsample_bytree': 0.6, 'colsample_bylevel': 0.8, 'n_estimators': 300}",0.7557239057239057,repeated_stratified,4,4,full,sep
8,6,0.75,8,3,0.375,8,4,0.5,0.5416666666666666,0.5350140056022409,0.7109375,6,1,1,1,3,4,2,2,4,P35,xgb,27,"{'subsample': 1.0, 'reg_lambda': 1, 'reg_alpha': 0.5, 'min_child_weight': 1, 'max_depth': 4, 'learning_rate': 0.01, 'gamma': 0.5, 'colsample_bytree': 0.6, 'colsample_bylevel': 0.8, 'n_estimators': 300}",0.6676767676767676,repeated_stratified,5,0,full,sep
8,5,0.625,8,5,0.625,8,2,0.25,0.5,0.483957219251337,0.7083333333333334,5,2,1,3,5,0,1,5,2,P35,xgb,9,"{'subsample': 1.0, 'reg_lambda': 5, 'reg_alpha': 0.5, 'min_child_weight': 1, 'max_depth': 4, 'learning_rate': 0.05, 'gamma': 2, 'colsample_bytree': 0.6, 'colsample_bylevel': 0.6, 'n_estimators': 300}",0.697979797979798,repeated_stratified,5,1,full,sep
8,6,0.75,8,3,0.375,8,3,0.375,0.5,0.4948400412796698,0.6484375,6,0,2,1,3,4,4,1,3,P35,xgb,25,"{'subsample': 1.0, 'reg_lambda': 1, 'reg_alpha': 0.5, 'min_child_weight': 1, 'max_depth': 4, 'learning_rate': 0.01, 'gamma': 0.5, 'colsample_bytree': 0.6, 'colsample_bylevel': 0.8, 'n_estimators': 300}",0.666041366041366,repeated_stratified,5,2,full,sep
8,5,0.625,8,1,0.125,8,4,0.5,0.4166666666666667,0.4101921470342523,0.5989583333333334,5,2,1,1,1,6,1,3,4,P35,xgb,24,"{'subsample': 0.6, 'reg_lambda': 1, 'reg_alpha': 0.1, 'min_child_weight': 1, 'max_depth': 2, 'learning_rate': 0.01, 'gamma': 2, 'colsample_bytree': 0.7, 'colsample_bylevel': 0.6, 'n_estimators': 300}",0.7525252525252525,repeated_stratified,5,3,full,sep
8,8,1.0,8,3,0.375,8,3,0.375,0.5833333333333334,0.5523809523809524,0.6979166666666666,8,0,0,2,3,3,2,3,3,P35,xgb,20,"{'subsample': 1.0, 'reg_lambda': 5, 'reg_alpha': 0.5, 'min_child_weight': 1, 'max_depth': 4, 'learning_rate': 0.05, 'gamma': 2, 'colsample_bytree': 0.6, 'colsample_bylevel': 0.6, 'n_estimators': 300}",0.7151635401635401,repeated_stratified,5,4,full,sep
8,5,0.625,8,4,0.5,8,2,0.25,0.4583333333333333,0.4481792717086835,0.7083333333333334,5,1,2,2,4,2,2,4,2,P35,xgb,21,"{'subsample': 0.8, 'reg_lambda': 10, 'reg_alpha': 0.5, 'min_child_weight': 1, 'max_depth': 2, 'learning_rate': 0.05, 'gamma': 0.5, 'colsample_bytree': 0.7, 'colsample_bylevel': 0.8, 'n_estimators': 300}",0.6965127465127465,repeated_stratified,6,0,full,sep
8,6,0.75,8,2,0.25,8,5,0.625,0.5416666666666666,0.5185185185185185,0.7291666666666666,6,0,2,3,2,3,1,2,5,P35,xgb,20,"{'subsample': 1.0, 'reg_lambda': 5, 'reg_alpha': 0.5, 'min_child_weight': 1, 'max_depth': 4, 'learning_rate': 0.05, 'gamma': 2, 'colsample_bytree': 0.6, 'colsample_bylevel': 0.6, 'n_estimators': 300}",0.7308922558922558,repeated_stratified,6,1,full,sep
8,4,0.5,8,7,0.875,8,0,0.0,0.4583333333333333,0.3849206349206349,0.6458333333333334,4,3,1,0,7,1,2,6,0,P35,xgb,11,"{'subsample': 1.0, 'reg_lambda': 10, 'reg_alpha': 0, 'min_child_weight': 1, 'max_depth': 16, 'learning_rate': 0.05, 'gamma': 2, 'colsample_bytree': 0.6, 'colsample_bylevel': 0.8, 'n_estimators': 300}",0.6918590668590668,repeated_stratified,6,2,full,sep
8,6,0.75,8,4,0.5,8,3,0.375,0.5416666666666666,0.5310391363022942,0.6484375,6,1,1,3,4,1,2,3,3,P35,xgb,11,"{'subsample': 0.8, 'reg_lambda': 3, 'reg_alpha': 0.1, 'min_child_weight': 1, 'max_depth': 2, 'learning_rate': 0.03, 'gamma': 1, 'colsample_bytree': 0.6, 'colsample_bylevel': 0.6, 'n_estimators': 300}",0.7286435786435786,repeated_stratified,6,3,full,sep
8,6,0.75,8,4,0.5,8,4,0.5,0.5833333333333334,0.5901960784313726,0.6927083333333334,6,1,1,1,4,3,0,4,4,P35,xgb,10,"{'subsample': 0.6, 'reg_lambda': 5, 'reg_alpha': 0.5, 'min_child_weight': 1, 'max_depth': 8, 'learning_rate': 0.03, 'gamma': 0.3, 'colsample_bytree': 0.6, 'colsample_bylevel': 0.6, 'n_estimators': 300}",0.7298701298701298,repeated_stratified,6,4,full,sep
8,6,0.75,8,5,0.625,8,2,0.25,0.5416666666666666,0.521843825249398,0.6302083333333334,6,1,1,2,5,1,1,5,2,P35,xgb,12,"{'subsample': 0.8, 'reg_lambda': 10, 'reg_alpha': 0.5, 'min_child_weight': 1, 'max_depth': 2, 'learning_rate': 0.05, 'gamma': 0.5, 'colsample_bytree': 0.7, 'colsample_bylevel': 0.8, 'n_estimators': 300}",0.6763107263107262,repeated_stratified,7,0,full,sep
8,4,0.5,8,3,0.375,8,4,0.5,0.4583333333333333,0.4583333333333333,0.6145833333333334,4,3,1,2,3,3,2,2,4,P35,xgb,13,"{'subsample': 0.6, 'reg_lambda': 1, 'reg_alpha': 0, 'min_child_weight': 1, 'max_depth': 2, 'learning_rate': 0.03, 'gamma': 0, 'colsample_bytree': 0.6, 'colsample_bylevel': 0.6, 'n_estimators': 300}",0.7547378547378547,repeated_stratified,7,1,full,sep
8,7,0.875,8,4,0.5,8,6,0.75,0.7083333333333334,0.7031303749570004,0.8020833333333334,7,0,1,2,4,2,2,0,6,P35,xgb,11,"{'subsample': 1.0, 'reg_lambda': 5, 'reg_alpha': 0.5, 'min_child_weight': 1, 'max_depth': 4, 'learning_rate': 0.05, 'gamma': 2, 'colsample_bytree': 0.6, 'colsample_bylevel': 0.6, 'n_estimators': 300}",0.6507696007696008,repeated_stratified,7,2,full,sep
8,5,0.625,8,2,0.25,8,2,0.25,0.375,0.361336032388664,0.5442708333333334,5,1,2,2,2,4,4,2,2,P35,xgb,25,"{'subsample': 0.8, 'reg_lambda': 1, 'reg_alpha': 0, 'min_child_weight': 1, 'max_depth': 8, 'learning_rate': 0.01, 'gamma': 0.3, 'colsample_bytree': 0.6, 'colsample_bylevel': 0.8, 'n_estimators': 300}",0.723184223184223,repeated_stratified,7,3,full,sep
8,7,0.875,8,6,0.75,8,3,0.375,0.6666666666666666,0.6583333333333333,0.8723958333333334,7,1,0,1,6,1,0,5,3,P35,xgb,10,"{'subsample': 0.6, 'reg_lambda': 1, 'reg_alpha': 0.1, 'min_child_weight': 1, 'max_depth': 2, 'learning_rate': 0.01, 'gamma': 2, 'colsample_bytree': 0.7, 'colsample_bylevel': 0.6, 'n_estimators': 300}",0.673977873977874,repeated_stratified,7,4,full,sep
8,5,0.625,8,3,0.375,8,2,0.25,0.4166666666666667,0.4047619047619048,0.5546875,5,0,3,4,3,1,3,3,2,P35,xgb,12,"{'subsample': 1.0, 'reg_lambda': 10, 'reg_alpha': 0.1, 'min_child_weight': 1, 'max_depth': 2, 'learning_rate': 0.03, 'gamma': 0.3, 'colsample_bytree': 0.6, 'colsample_bylevel': 0.6, 'n_estimators': 300}",0.7834535834535834,repeated_stratified,8,0,full,sep
8,4,0.5,8,4,0.5,8,1,0.125,0.375,0.3508021390374332,0.5703125,4,3,1,3,4,1,2,5,1,P35,xgb,28,"{'subsample': 0.8, 'reg_lambda': 10, 'reg_alpha': 0, 'min_child_weight': 1, 'max_depth': 4, 'learning_rate': 0.03, 'gamma': 0, 'colsample_bytree': 0.6, 'colsample_bylevel': 0.8, 'n_estimators': 300}",0.7381914381914383,repeated_stratified,8,1,full,sep
8,6,0.75,8,4,0.5,8,5,0.625,0.625,0.6256075079604492,0.7890625,6,0,2,1,4,3,2,1,5,P35,xgb,10,"{'subsample': 0.8, 'reg_lambda': 3, 'reg_alpha': 0.1, 'min_child_weight': 1, 'max_depth': 2, 'learning_rate': 0.05, 'gamma': 2, 'colsample_bytree': 0.7, 'colsample_bylevel': 0.6, 'n_estimators': 300}",0.7301106301106302,repeated_stratified,8,2,full,sep
8,5,0.625,8,5,0.625,8,4,0.5,0.5833333333333334,0.5821895424836602,0.7265625,5,3,0,0,5,3,3,1,4,P35,xgb,9,"{'subsample': 0.6, 'reg_lambda': 3, 'reg_alpha': 0.1, 'min_child_weight': 1, 'max_depth': 8, 'learning_rate': 0.05, 'gamma': 0, 'colsample_bytree': 0.7, 'colsample_bylevel': 0.8, 'n_estimators': 300}",0.7064454064454063,repeated_stratified,8,3,full,sep
8,5,0.625,8,5,0.625,8,5,0.625,0.625,0.6376738729679907,0.8229166666666666,5,2,1,0,5,3,0,3,5,P35,xgb,6,"{'subsample': 1.0, 'reg_lambda': 3, 'reg_alpha': 0, 'min_child_weight': 1, 'max_depth': 4, 'learning_rate': 0.01, 'gamma': 0.3, 'colsample_bytree': 0.6, 'colsample_bylevel': 0.6, 'n_estimators': 300}",0.6481481481481483,repeated_stratified,8,4,full,sep
8,6,0.75,8,4,0.5,8,3,0.375,0.5416666666666666,0.5434173669467787,0.7005208333333334,6,0,2,0,4,4,3,2,3,P35,xgb,22,"{'subsample': 1.0, 'reg_lambda': 10, 'reg_alpha': 0, 'min_child_weight': 1, 'max_depth': 16, 'learning_rate': 0.05, 'gamma': 2, 'colsample_bytree': 0.6, 'colsample_bylevel': 0.8, 'n_estimators': 300}",0.6525613275613277,repeated_stratified,9,0,full,sep
8,8,1.0,8,1,0.125,8,2,0.25,0.4583333333333333,0.3901010101010101,0.6666666666666666,8,0,0,6,1,1,3,3,2,P35,xgb,11,"{'subsample': 0.6, 'reg_lambda': 10, 'reg_alpha': 0.5, 'min_child_weight': 1, 'max_depth': 2, 'learning_rate': 0.05, 'gamma': 0.1, 'colsample_bytree': 0.6, 'colsample_bylevel': 0.6, 'n_estimators': 300}",0.7293650793650794,repeated_stratified,9,1,full,sep
8,7,0.875,8,3,0.375,8,4,0.5,0.5833333333333334,0.5929738562091503,0.796875,7,1,0,0,3,5,0,4,4,P35,xgb,26,"{'subsample': 0.8, 'reg_lambda': 1, 'reg_alpha': 0, 'min_child_weight': 1, 'max_depth': 4, 'learning_rate': 0.01, 'gamma': 0, 'colsample_bytree': 0.7, 'colsample_bylevel': 0.8, 'n_estimators': 300}",0.695863395863396,repeated_stratified,9,2,full,sep
8,1,0.125,8,4,0.5,8,5,0.625,0.4166666666666667,0.38413547237076645,0.5911458333333334,1,3,4,1,4,3,1,2,5,P35,xgb,21,"{'subsample': 1.0, 'reg_lambda': 5, 'reg_alpha': 0.5, 'min_child_weight': 1, 'max_depth': 4, 'learning_rate': 0.05, 'gamma': 2, 'colsample_bytree': 0.6, 'colsample_bylevel': 0.6, 'n_estimators': 300}",0.732058682058682,repeated_stratified,9,3,full,sep
8,5,0.625,8,4,0.5,8,3,0.375,0.5,0.4957983193277311,0.6119791666666666,5,2,1,2,4,2,2,3,3,P35,xgb,13,"{'subsample': 0.8, 'reg_lambda': 3, 'reg_alpha': 0.1, 'min_child_weight': 1, 'max_depth': 2, 'learning_rate': 0.05, 'gamma': 2, 'colsample_bytree': 0.7, 'colsample_bylevel': 0.6, 'n_estimators': 300}",0.683068783068783,repeated_stratified,9,4,full,sep
8,2,0.25,8,3,0.375,8,2,0.25,0.2916666666666667,0.2921065862242333,0.4505208333333333,2,2,4,2,3,3,1,5,2,P37,xgb,30,"{'subsample': 1.0, 'reg_lambda': 5, 'reg_alpha': 0.5, 'min_child_weight': 1, 'max_depth': 4, 'learning_rate': 0.03, 'gamma': 0, 'colsample_bytree': 0.6, 'colsample_bylevel': 0.8, 'n_estimators': 300}",0.547979797979798,repeated_stratified,0,0,full,sep
8,4,0.5,8,1,0.125,8,1,0.125,0.25,0.2324143692564745,0.4661458333333333,4,4,0,2,1,5,5,2,1,P37,xgb,31,"{'subsample': 0.6, 'reg_lambda': 3, 'reg_alpha': 0.1, 'min_child_weight': 1, 'max_depth': 8, 'learning_rate': 0.05, 'gamma': 0, 'colsample_bytree': 0.7, 'colsample_bylevel': 0.8, 'n_estimators': 300}",0.5473544973544974,repeated_stratified,0,1,full,sep
8,1,0.125,8,2,0.25,8,3,0.375,0.25,0.23987854251012145,0.4609375,1,2,5,3,2,3,1,4,3,P37,xgb,29,"{'subsample': 0.6, 'reg_lambda': 3, 'reg_alpha': 0.1, 'min_child_weight': 1, 'max_depth': 2, 'learning_rate': 0.05, 'gamma': 0, 'colsample_bytree': 0.7, 'colsample_bylevel': 0.6, 'n_estimators': 300}",0.5521885521885522,repeated_stratified,0,2,full,sep
8,4,0.5,8,4,0.5,8,5,0.625,0.5416666666666666,0.5423280423280423,0.6354166666666666,4,2,2,1,4,3,3,0,5,P37,xgb,29,"{'subsample': 0.6, 'reg_lambda': 3, 'reg_alpha': 0.1, 'min_child_weight': 1, 'max_depth': 2, 'learning_rate': 0.05, 'gamma': 0, 'colsample_bytree': 0.7, 'colsample_bylevel': 0.6, 'n_estimators': 300}",0.4894901394901394,repeated_stratified,0,3,full,sep
8,2,0.25,8,4,0.5,8,2,0.25,0.3333333333333333,0.3395424836601307,0.4713541666666667,2,1,5,3,4,1,4,2,2,P37,xgb,29,"{'subsample': 0.8, 'reg_lambda': 10, 'reg_alpha': 0.1, 'min_child_weight': 1, 'max_depth': 16, 'learning_rate': 0.01, 'gamma': 0.1, 'colsample_bytree': 0.6, 'colsample_bylevel': 0.6, 'n_estimators': 300}",0.5223184223184223,repeated_stratified,0,4,full,sep
8,1,0.125,8,2,0.25,8,6,0.75,0.375,0.3349206349206349,0.5338541666666666,1,3,4,3,2,3,0,2,6,P37,xgb,5,"{'subsample': 0.8, 'reg_lambda': 10, 'reg_alpha': 0.5, 'min_child_weight': 1, 'max_depth': 8, 'learning_rate': 0.01, 'gamma': 0.3, 'colsample_bytree': 0.7, 'colsample_bylevel': 0.6, 'n_estimators': 300}",0.6316979316979316,repeated_stratified,1,0,full,sep
8,0,0.0,8,2,0.25,8,5,0.625,0.2916666666666667,0.25386996904024767,0.5234375,0,5,3,3,2,3,1,2,5,P37,xgb,6,"{'subsample': 1.0, 'reg_lambda': 5, 'reg_alpha': 0.5, 'min_child_weight': 1, 'max_depth': 4, 'learning_rate': 0.03, 'gamma': 0, 'colsample_bytree': 0.6, 'colsample_bylevel': 0.8, 'n_estimators': 300}",0.7043771043771044,repeated_stratified,1,1,full,sep
8,0,0.0,8,2,0.25,8,4,0.5,0.25,0.2450980392156863,0.4427083333333333,0,6,2,4,2,2,3,1,4,P37,xgb,10,"{'subsample': 0.6, 'reg_lambda': 1, 'reg_alpha': 0.1, 'min_child_weight': 1, 'max_depth': 2, 'learning_rate': 0.01, 'gamma': 2, 'colsample_bytree': 0.7, 'colsample_bylevel': 0.6, 'n_estimators': 300}",0.5831649831649831,repeated_stratified,1,2,full,sep
8,3,0.375,8,2,0.25,8,3,0.375,0.3333333333333333,0.3338345864661654,0.6223958333333334,3,2,3,1,2,5,3,2,3,P37,xgb,29,"{'subsample': 0.6, 'reg_lambda': 3, 'reg_alpha': 0.1, 'min_child_weight': 1, 'max_depth': 2, 'learning_rate': 0.05, 'gamma': 0, 'colsample_bytree': 0.7, 'colsample_bylevel': 0.6, 'n_estimators': 300}",0.5059884559884561,repeated_stratified,1,3,full,sep
8,1,0.125,8,2,0.25,8,2,0.25,0.20833333333333334,0.21288515406162464,0.4401041666666667,1,1,6,5,2,1,3,3,2,P37,xgb,29,"{'subsample': 1.0, 'reg_lambda': 3, 'reg_alpha': 0.5, 'min_child_weight': 1, 'max_depth': 2, 'learning_rate': 0.05, 'gamma': 0, 'colsample_bytree': 0.7, 'colsample_bylevel': 0.8, 'n_estimators': 300}",0.5933862433862434,repeated_stratified,1,4,full,sep
8,2,0.25,8,4,0.5,8,1,0.125,0.2916666666666667,0.27350427350427353,0.484375,2,4,2,2,4,2,3,4,1,P37,xgb,31,"{'subsample': 0.6, 'reg_lambda': 1, 'reg_alpha': 0, 'min_child_weight': 1, 'max_depth': 2, 'learning_rate': 0.03, 'gamma': 0, 'colsample_bytree': 0.6, 'colsample_bylevel': 0.6, 'n_estimators': 300}",0.5511784511784512,repeated_stratified,2,0,full,sep
8,3,0.375,8,3,0.375,8,4,0.5,0.4166666666666667,0.4173669467787115,0.5,3,3,2,2,3,3,1,3,4,P37,xgb,29,"{'subsample': 0.6, 'reg_lambda': 3, 'reg_alpha': 0.1, 'min_child_weight': 1, 'max_depth': 8, 'learning_rate': 0.05, 'gamma': 0, 'colsample_bytree': 0.7, 'colsample_bylevel': 0.8, 'n_estimators': 300}",0.5536315536315537,repeated_stratified,2,1,full,sep
8,2,0.25,8,1,0.125,8,3,0.375,0.25,0.240824534942182,0.4296875,2,3,3,3,1,4,4,1,3,P37,xgb,10,"{'subsample': 0.8, 'reg_lambda': 10, 'reg_alpha': 0, 'min_child_weight': 1, 'max_depth': 8, 'learning_rate': 0.05, 'gamma': 0, 'colsample_bytree': 0.7, 'colsample_bylevel': 0.6, 'n_estimators': 300}",0.6270803270803271,repeated_stratified,2,2,full,sep
8,1,0.125,8,3,0.375,8,1,0.125,0.20833333333333334,0.20448179271708686,0.4375,1,4,3,3,3,2,5,2,1,P37,xgb,29,"{'subsample': 1.0, 'reg_lambda': 1, 'reg_alpha': 0.5, 'min_child_weight': 1, 'max_depth': 4, 'learning_rate': 0.01, 'gamma': 0.5, 'colsample_bytree': 0.6, 'colsample_bylevel': 0.8, 'n_estimators': 300}",0.5602212602212603,repeated_stratified,2,3,full,sep
8,2,0.25,8,2,0.25,8,2,0.25,0.25,0.25925925925925924,0.4244791666666667,2,6,0,4,2,2,4,2,2,P37,xgb,29,"{'subsample': 0.8, 'reg_lambda': 10, 'reg_alpha': 0.1, 'min_child_weight': 1, 'max_depth': 16, 'learning_rate': 0.01, 'gamma': 0.1, 'colsample_bytree': 0.6, 'colsample_bylevel': 0.6, 'n_estimators': 300}",0.5821067821067821,repeated_stratified,2,4,full,sep
8,1,0.125,8,2,0.25,8,5,0.625,0.3333333333333333,0.3196693657219973,0.4947916666666667,1,2,5,5,2,1,2,1,5,P37,xgb,11,"{'subsample': 1.0, 'reg_lambda': 5, 'reg_alpha': 0.1, 'min_child_weight': 1, 'max_depth': 8, 'learning_rate': 0.03, 'gamma': 0.1, 'colsample_bytree': 0.7, 'colsample_bylevel': 0.8, 'n_estimators': 300}",0.6447570947570949,repeated_stratified,3,0,full,sep
8,4,0.5,8,6,0.75,8,2,0.25,0.5,0.4797570850202429,0.6536458333333334,4,2,2,1,6,1,3,3,2,P37,xgb,29,"{'subsample': 0.6, 'reg_lambda': 10, 'reg_alpha': 0.5, 'min_child_weight': 1, 'max_depth': 2, 'learning_rate': 0.05, 'gamma': 0.1, 'colsample_bytree': 0.6, 'colsample_bylevel': 0.6, 'n_estimators': 300}",0.5927849927849929,repeated_stratified,3,1,full,sep
8,4,0.5,8,3,0.375,8,6,0.75,0.5416666666666666,0.5401960784313725,0.5755208333333334,4,3,1,4,3,1,1,1,6,P37,xgb,29,"{'subsample': 0.6, 'reg_lambda': 10, 'reg_alpha': 0.1, 'min_child_weight': 1, 'max_depth': 8, 'learning_rate': 0.03, 'gamma': 0.3, 'colsample_bytree': 0.6, 'colsample_bylevel': 0.8, 'n_estimators': 300}",0.5474506974506975,repeated_stratified,3,2,full,sep
8,4,0.5,8,3,0.375,8,4,0.5,0.4583333333333333,0.4568627450980392,0.5494791666666666,4,3,1,2,3,3,3,1,4,P37,xgb,29,"{'subsample': 0.6, 'reg_lambda': 3, 'reg_alpha': 0.1, 'min_child_weight': 1, 'max_depth': 2, 'learning_rate': 0.05, 'gamma': 0, 'colsample_bytree': 0.7, 'colsample_bylevel': 0.6, 'n_estimators': 300}",0.5375420875420875,repeated_stratified,3,3,full,sep
8,1,0.125,8,2,0.25,8,5,0.625,0.3333333333333333,0.3119465329991646,0.5234375,1,4,3,3,2,3,2,1,5,P37,xgb,30,"{'subsample': 0.8, 'reg_lambda': 1, 'reg_alpha': 0, 'min_child_weight': 1, 'max_depth': 8, 'learning_rate': 0.01, 'gamma': 0.3, 'colsample_bytree': 0.6, 'colsample_bylevel': 0.8, 'n_estimators': 300}",0.5497113997113997,repeated_stratified,3,4,full,sep
8,3,0.375,8,3,0.375,8,5,0.625,0.4583333333333333,0.4518518518518519,0.5963541666666666,3,3,2,2,3,3,2,1,5,P37,xgb,31,"{'subsample': 0.6, 'reg_lambda': 1, 'reg_alpha': 0, 'min_child_weight': 1, 'max_depth': 2, 'learning_rate': 0.03, 'gamma': 0, 'colsample_bytree': 0.6, 'colsample_bylevel': 0.6, 'n_estimators': 300}",0.5474747474747476,repeated_stratified,4,0,full,sep
8,1,0.125,8,4,0.5,8,2,0.25,0.2916666666666667,0.3037037037037037,0.4505208333333333,1,7,0,4,4,0,5,1,2,P37,xgb,29,"{'subsample': 1.0, 'reg_lambda': 5, 'reg_alpha': 0, 'min_child_weight': 1, 'max_depth': 2, 'learning_rate': 0.01, 'gamma': 0, 'colsample_bytree': 0.6, 'colsample_bylevel': 0.8, 'n_estimators': 300}",0.5926406926406926,repeated_stratified,4,1,full,sep
8,0,0.0,8,4,0.5,8,1,0.125,0.20833333333333334,0.19389978213507622,0.5052083333333334,0,1,7,2,4,2,3,4,1,P37,xgb,8,"{'subsample': 1.0, 'reg_lambda': 3, 'reg_alpha': 0.5, 'min_child_weight': 1, 'max_depth': 2, 'learning_rate': 0.05, 'gamma': 0, 'colsample_bytree': 0.7, 'colsample_bylevel': 0.8, 'n_estimators': 300}",0.6329725829725831,repeated_stratified,4,2,full,sep
8,3,0.375,8,2,0.25,8,1,0.125,0.25,0.23925008599931197,0.4557291666666667,3,3,2,5,2,1,3,4,1,P37,xgb,30,"{'subsample': 0.8, 'reg_lambda': 10, 'reg_alpha': 0.1, 'min_child_weight': 1, 'max_depth': 16, 'learning_rate': 0.01, 'gamma': 0.1, 'colsample_bytree': 0.6, 'colsample_bylevel': 0.6, 'n_estimators': 300}",0.4960798460798461,repeated_stratified,4,3,full,sep
8,2,0.25,8,3,0.375,8,2,0.25,0.2916666666666667,0.2893901420217209,0.5416666666666666,2,4,2,2,3,3,2,4,2,P37,xgb,29,"{'subsample': 0.6, 'reg_lambda': 3, 'reg_alpha': 0.1, 'min_child_weight': 1, 'max_depth': 2, 'learning_rate': 0.05, 'gamma': 0, 'colsample_bytree': 0.7, 'colsample_bylevel': 0.6, 'n_estimators': 300}",0.5737854737854738,repeated_stratified,4,4,full,sep
8,2,0.25,8,0,0.0,8,3,0.375,0.20833333333333334,0.20833333333333334,0.4427083333333333,2,3,3,6,0,2,0,5,3,P37,xgb,29,"{'subsample': 0.6, 'reg_lambda': 3, 'reg_alpha': 0.1, 'min_child_weight': 1, 'max_depth': 2, 'learning_rate': 0.05, 'gamma': 0, 'colsample_bytree': 0.7, 'colsample_bylevel': 0.6, 'n_estimators': 300}",0.5777777777777778,repeated_stratified,5,0,full,sep
8,2,0.25,8,4,0.5,8,2,0.25,0.3333333333333333,0.3247863247863248,0.5885416666666666,2,4,2,3,4,1,2,4,2,P37,xgb,31,"{'subsample': 0.6, 'reg_lambda': 10, 'reg_alpha': 0.5, 'min_child_weight': 1, 'max_depth': 2, 'learning_rate': 0.05, 'gamma': 0.1, 'colsample_bytree': 0.6, 'colsample_bylevel': 0.6, 'n_estimators': 300}",0.5543771043771044,repeated_stratified,5,1,full,sep
8,0,0.0,8,5,0.625,8,2,0.25,0.2916666666666667,0.2450980392156863,0.5078125,0,4,4,0,5,3,3,3,2,P37,xgb,29,"{'subsample': 1.0, 'reg_lambda': 10, 'reg_alpha': 0.1, 'min_child_weight': 1, 'max_depth': 2, 'learning_rate': 0.03, 'gamma': 0.3, 'colsample_bytree': 0.6, 'colsample_bylevel': 0.6, 'n_estimators': 300}",0.5526695526695526,repeated_stratified,5,2,full,sep
8,2,0.25,8,4,0.5,8,2,0.25,0.3333333333333333,0.3267195767195767,0.5729166666666666,2,3,3,1,4,3,3,3,2,P37,xgb,30,"{'subsample': 0.6, 'reg_lambda': 3, 'reg_alpha': 0.1, 'min_child_weight': 1, 'max_depth': 8, 'learning_rate': 0.05, 'gamma': 0, 'colsample_bytree': 0.7, 'colsample_bylevel': 0.8, 'n_estimators': 300}",0.6164983164983165,repeated_stratified,5,3,full,sep
8,4,0.5,8,1,0.125,8,1,0.125,0.25,0.22905982905982905,0.4583333333333333,4,1,3,4,1,3,4,3,1,P37,xgb,29,"{'subsample': 0.6, 'reg_lambda': 3, 'reg_alpha': 0.1, 'min_child_weight': 1, 'max_depth': 2, 'learning_rate': 0.05, 'gamma': 0, 'colsample_bytree': 0.7, 'colsample_bylevel': 0.6, 'n_estimators': 300}",0.5223665223665224,repeated_stratified,5,4,full,sep
8,1,0.125,8,4,0.5,8,2,0.25,0.2916666666666667,0.2916666666666667,0.4270833333333333,1,2,5,3,4,1,4,2,2,P37,xgb,29,"{'subsample': 0.6, 'reg_lambda': 1, 'reg_alpha': 0, 'min_child_weight': 1, 'max_depth': 2, 'learning_rate': 0.03, 'gamma': 0, 'colsample_bytree': 0.6, 'colsample_bylevel': 0.6, 'n_estimators': 300}",0.5846320346320346,repeated_stratified,6,0,full,sep
8,2,0.25,8,3,0.375,8,1,0.125,0.25,0.2511278195488722,0.5364583333333334,2,3,3,3,3,2,6,1,1,P37,xgb,7,"{'subsample': 0.6, 'reg_lambda': 1, 'reg_alpha': 0.1, 'min_child_weight': 1, 'max_depth': 2, 'learning_rate': 0.01, 'gamma': 2, 'colsample_bytree': 0.7, 'colsample_bylevel': 0.6, 'n_estimators': 300}",0.6232082732082732,repeated_stratified,6,1,full,sep
8,3,0.375,8,4,0.5,8,2,0.25,0.375,0.3735294117647059,0.6171875,3,2,3,1,4,3,3,3,2,P37,xgb,29,"{'subsample': 0.6, 'reg_lambda': 3, 'reg_alpha': 0.1, 'min_child_weight': 1, 'max_depth': 8, 'learning_rate': 0.05, 'gamma': 0, 'colsample_bytree': 0.7, 'colsample_bylevel': 0.8, 'n_estimators': 300}",0.5407888407888408,repeated_stratified,6,2,full,sep
8,5,0.625,8,3,0.375,8,4,0.5,0.5,0.4947089947089947,0.6328125,5,1,2,3,3,2,2,2,4,P37,xgb,30,"{'subsample': 0.6, 'reg_lambda': 10, 'reg_alpha': 0.5, 'min_child_weight': 1, 'max_depth': 2, 'learning_rate': 0.05, 'gamma': 0.1, 'colsample_bytree': 0.6, 'colsample_bylevel': 0.6, 'n_estimators': 300}",0.519095719095719,repeated_stratified,6,3,full,sep
8,5,0.625,8,3,0.375,8,1,0.125,0.375,0.3517206477732793,0.5807291666666666,5,2,1,2,3,3,4,3,1,P37,xgb,31,"{'subsample': 0.8, 'reg_lambda': 5, 'reg_alpha': 0.1, 'min_child_weight': 1, 'max_depth': 8, 'learning_rate': 0.03, 'gamma': 0, 'colsample_bytree': 0.6, 'colsample_bylevel': 0.6, 'n_estimators': 300}",0.5421596921596922,repeated_stratified,6,4,full,sep
8,4,0.5,8,2,0.25,8,3,0.375,0.375,0.369109047127623,0.5208333333333334,4,1,3,3,2,3,4,1,3,P37,xgb,30,"{'subsample': 0.6, 'reg_lambda': 3, 'reg_alpha': 0.1, 'min_child_weight': 1, 'max_depth': 8, 'learning_rate': 0.05, 'gamma': 0, 'colsample_bytree': 0.7, 'colsample_bylevel': 0.8, 'n_estimators': 300}",0.5743145743145743,repeated_stratified,7,0,full,sep
8,2,0.25,8,5,0.625,8,4,0.5,0.4583333333333333,0.4467906820847998,0.6614583333333334,2,2,4,1,5,2,2,2,4,P37,xgb,29,"{'subsample': 0.6, 'reg_lambda': 3, 'reg_alpha': 0.1, 'min_child_weight': 1, 'max_depth': 2, 'learning_rate': 0.05, 'gamma': 0, 'colsample_bytree': 0.7, 'colsample_bylevel': 0.6, 'n_estimators': 300}",0.5295093795093795,repeated_stratified,7,1,full,sep
8,2,0.25,8,2,0.25,8,2,0.25,0.25,0.2506535947712418,0.5026041666666666,2,3,3,3,2,3,2,4,2,P37,xgb,29,"{'subsample': 0.6, 'reg_lambda': 1, 'reg_alpha': 0, 'min_child_weight': 1, 'max_depth': 2, 'learning_rate': 0.03, 'gamma': 0, 'colsample_bytree': 0.6, 'colsample_bylevel': 0.6, 'n_estimators': 300}",0.6016594516594517,repeated_stratified,7,2,full,sep
8,4,0.5,8,2,0.25,8,5,0.625,0.4583333333333333,0.4444444444444444,0.6354166666666666,4,1,3,2,2,4,2,1,5,P37,xgb,29,"{'subsample': 0.6, 'reg_lambda': 1, 'reg_alpha': 0, 'min_child_weight': 1, 'max_depth': 2, 'learning_rate': 0.03, 'gamma': 0, 'colsample_bytree': 0.6, 'colsample_bylevel': 0.6, 'n_estimators': 300}",0.5271524771524772,repeated_stratified,7,3,full,sep
8,4,0.5,8,3,0.375,8,1,0.125,0.3333333333333333,0.3316239316239316,0.4192708333333333,4,1,3,2,3,3,6,1,1,P37,xgb,31,"{'subsample': 0.6, 'reg_lambda': 3, 'reg_alpha': 0.1, 'min_child_weight': 1, 'max_depth': 8, 'learning_rate': 0.05, 'gamma': 0, 'colsample_bytree': 0.7, 'colsample_bylevel': 0.8, 'n_estimators': 300}",0.6484848484848484,repeated_stratified,7,4,full,sep
8,4,0.5,8,3,0.375,8,1,0.125,0.3333333333333333,0.3333333333333333,0.5,4,1,3,2,3,3,1,6,1,P37,xgb,29,"{'subsample': 0.6, 'reg_lambda': 3, 'reg_alpha': 0.1, 'min_child_weight': 1, 'max_depth': 8, 'learning_rate': 0.05, 'gamma': 0, 'colsample_bytree': 0.7, 'colsample_bylevel': 0.8, 'n_estimators': 300}",0.5473544973544973,repeated_stratified,8,0,full,sep
8,3,0.375,8,3,0.375,8,3,0.375,0.375,0.37598039215686274,0.6276041666666666,3,2,3,3,3,2,1,4,3,P37,xgb,28,"{'subsample': 1.0, 'reg_lambda': 10, 'reg_alpha': 0.5, 'min_child_weight': 1, 'max_depth': 4, 'learning_rate': 0.03, 'gamma': 1, 'colsample_bytree': 0.7, 'colsample_bylevel': 0.8, 'n_estimators': 300}",0.5643819143819144,repeated_stratified,8,1,full,sep
8,3,0.375,8,5,0.625,8,0,0.0,0.3333333333333333,0.2962962962962963,0.4947916666666667,3,2,3,2,5,1,5,3,0,P37,xgb,29,"{'subsample': 1.0, 'reg_lambda': 3, 'reg_alpha': 0.5, 'min_child_weight': 1, 'max_depth': 2, 'learning_rate': 0.05, 'gamma': 0, 'colsample_bytree': 0.7, 'colsample_bylevel': 0.8, 'n_estimators': 300}",0.5430976430976432,repeated_stratified,8,2,full,sep
8,3,0.375,8,4,0.5,8,3,0.375,0.4166666666666667,0.4259259259259259,0.5598958333333334,3,4,1,4,4,0,3,2,3,P37,xgb,29,"{'subsample': 0.6, 'reg_lambda': 1, 'reg_alpha': 0, 'min_child_weight': 1, 'max_depth': 2, 'learning_rate': 0.03, 'gamma': 0, 'colsample_bytree': 0.6, 'colsample_bylevel': 0.6, 'n_estimators': 300}",0.557142857142857,repeated_stratified,8,3,full,sep
8,1,0.125,8,1,0.125,8,0,0.0,0.08333333333333333,0.0784313725490196,0.3619791666666667,1,6,1,2,1,5,6,2,0,P37,xgb,29,"{'subsample': 1.0, 'reg_lambda': 5, 'reg_alpha': 0.1, 'min_child_weight': 1, 'max_depth': 8, 'learning_rate': 0.03, 'gamma': 0.1, 'colsample_bytree': 0.7, 'colsample_bylevel': 0.8, 'n_estimators': 300}",0.5636604136604136,repeated_stratified,8,4,full,sep
8,5,0.625,8,1,0.125,8,4,0.5,0.4166666666666667,0.38888888888888884,0.5677083333333334,5,1,2,3,1,4,2,2,4,P37,xgb,29,"{'subsample': 0.6, 'reg_lambda': 5, 'reg_alpha': 0.5, 'min_child_weight': 1, 'max_depth': 8, 'learning_rate': 0.03, 'gamma': 0.3, 'colsample_bytree': 0.6, 'colsample_bylevel': 0.6, 'n_estimators': 300}",0.5666426166426167,repeated_stratified,9,0,full,sep
8,2,0.25,8,3,0.375,8,2,0.25,0.2916666666666667,0.2916666666666667,0.5546875,2,3,3,2,3,3,4,2,2,P37,xgb,4,"{'subsample': 0.6, 'reg_lambda': 5, 'reg_alpha': 0.5, 'min_child_weight': 1, 'max_depth': 8, 'learning_rate': 0.03, 'gamma': 0.3, 'colsample_bytree': 0.6, 'colsample_bylevel': 0.6, 'n_estimators': 300}",0.6324915824915825,repeated_stratified,9,1,full,sep
8,2,0.25,8,3,0.375,8,2,0.25,0.2916666666666667,0.29428523546170604,0.4895833333333333,2,3,3,5,3,0,3,3,2,P37,xgb,29,"{'subsample': 0.6, 'reg_lambda': 3, 'reg_alpha': 0.1, 'min_child_weight': 1, 'max_depth': 8, 'learning_rate': 0.05, 'gamma': 0, 'colsample_bytree': 0.7, 'colsample_bylevel': 0.8, 'n_estimators': 300}",0.627994227994228,repeated_stratified,9,2,full,sep
8,2,0.25,8,5,0.625,8,2,0.25,0.375,0.35873015873015873,0.5130208333333334,2,4,2,3,5,0,2,4,2,P37,xgb,29,"{'subsample': 0.6, 'reg_lambda': 3, 'reg_alpha': 0.1, 'min_child_weight': 1, 'max_depth': 8, 'learning_rate': 0.05, 'gamma': 0, 'colsample_bytree': 0.7, 'colsample_bylevel': 0.8, 'n_estimators': 300}",0.556060606060606,repeated_stratified,9,3,full,sep
8,2,0.25,8,2,0.25,8,5,0.625,0.375,0.35956558061821225,0.5729166666666666,2,4,2,2,2,4,3,0,5,P37,xgb,29,"{'subsample': 0.6, 'reg_lambda': 3, 'reg_alpha': 0.1, 'min_child_weight': 1, 'max_depth': 2, 'learning_rate': 0.05, 'gamma': 0, 'colsample_bytree': 0.7, 'colsample_bylevel': 0.6, 'n_estimators': 300}",0.5367484367484368,repeated_stratified,9,4,full,sep
8,1,0.125,8,2,0.25,8,3,0.375,0.25,0.23888888888888885,0.3802083333333333,1,3,4,1,2,5,2,3,3,P39,xgb,28,"{'subsample': 0.6, 'reg_lambda': 1, 'reg_alpha': 0.1, 'min_child_weight': 1, 'max_depth': 2, 'learning_rate': 0.01, 'gamma': 2, 'colsample_bytree': 0.7, 'colsample_bylevel': 0.6, 'n_estimators': 300}",0.6195045695045694,repeated_stratified,0,0,full,sep
8,2,0.25,8,3,0.375,8,2,0.25,0.2916666666666667,0.2921065862242333,0.4583333333333333,2,3,3,1,3,4,2,4,2,P39,xgb,13,"{'subsample': 1.0, 'reg_lambda': 3, 'reg_alpha': 0, 'min_child_weight': 1, 'max_depth': 4, 'learning_rate': 0.01, 'gamma': 0.3, 'colsample_bytree': 0.6, 'colsample_bylevel': 0.6, 'n_estimators': 300}",0.5223184223184223,repeated_stratified,0,1,full,sep
8,4,0.5,8,1,0.125,8,3,0.375,0.3333333333333333,0.3138888888888889,0.5807291666666666,4,0,4,6,1,1,2,3,3,P39,xgb,30,"{'subsample': 0.8, 'reg_lambda': 1, 'reg_alpha': 0.1, 'min_child_weight': 1, 'max_depth': 4, 'learning_rate': 0.05, 'gamma': 0.5, 'colsample_bytree': 0.7, 'colsample_bylevel': 0.6, 'n_estimators': 300}",0.46936026936026937,repeated_stratified,0,2,full,sep
8,1,0.125,8,2,0.25,8,3,0.375,0.25,0.24177109440267333,0.453125,1,2,5,3,2,3,2,3,3,P39,xgb,6,"{'subsample': 0.8, 'reg_lambda': 1, 'reg_alpha': 0, 'min_child_weight': 1, 'max_depth': 8, 'learning_rate': 0.01, 'gamma': 0.3, 'colsample_bytree': 0.6, 'colsample_bylevel': 0.8, 'n_estimators': 300}",0.6462481962481963,repeated_stratified,0,3,full,sep
8,4,0.5,8,3,0.375,8,2,0.25,0.375,0.38120915032679736,0.4427083333333333,4,1,3,1,3,4,2,4,2,P39,xgb,25,"{'subsample': 1.0, 'reg_lambda': 5, 'reg_alpha': 0.5, 'min_child_weight': 1, 'max_depth': 4, 'learning_rate': 0.05, 'gamma': 2, 'colsample_bytree': 0.6, 'colsample_bylevel': 0.6, 'n_estimators': 300}",0.46736411736411737,repeated_stratified,0,4,full,sep
8,4,0.5,8,3,0.375,8,1,0.125,0.3333333333333333,0.3221288515406162,0.4505208333333333,4,3,1,1,3,4,4,3,1,P39,xgb,28,"{'subsample': 0.8, 'reg_lambda': 5, 'reg_alpha': 0.1, 'min_child_weight': 1, 'max_depth': 8, 'learning_rate': 0.03, 'gamma': 0, 'colsample_bytree': 0.6, 'colsample_bylevel': 0.6, 'n_estimators': 300}",0.4907888407888408,repeated_stratified,1,0,full,sep
8,3,0.375,8,4,0.5,8,3,0.375,0.4166666666666667,0.416005291005291,0.5911458333333334,3,4,1,2,4,2,3,2,3,P39,xgb,28,"{'subsample': 1.0, 'reg_lambda': 3, 'reg_alpha': 0.5, 'min_child_weight': 1, 'max_depth': 2, 'learning_rate': 0.05, 'gamma': 0, 'colsample_bytree': 0.7, 'colsample_bylevel': 0.8, 'n_estimators': 300}",0.5135642135642136,repeated_stratified,1,1,full,sep
8,3,0.375,8,4,0.5,8,4,0.5,0.4583333333333333,0.4583333333333333,0.6328125,3,3,2,2,4,2,3,1,4,P39,xgb,29,"{'subsample': 0.8, 'reg_lambda': 5, 'reg_alpha': 0.1, 'min_child_weight': 1, 'max_depth': 8, 'learning_rate': 0.03, 'gamma': 0, 'colsample_bytree': 0.6, 'colsample_bylevel': 0.6, 'n_estimators': 300}",0.5606060606060606,repeated_stratified,1,2,full,sep
8,3,0.375,8,2,0.25,8,2,0.25,0.2916666666666667,0.2987468671679198,0.4322916666666667,3,4,1,3,2,3,1,5,2,P39,xgb,28,"{'subsample': 1.0, 'reg_lambda': 5, 'reg_alpha': 0.1, 'min_child_weight': 1, 'max_depth': 8, 'learning_rate': 0.03, 'gamma': 0.1, 'colsample_bytree': 0.7, 'colsample_bylevel': 0.8, 'n_estimators': 300}",0.5328282828282828,repeated_stratified,1,3,full,sep
8,3,0.375,8,5,0.625,8,2,0.25,0.4166666666666667,0.40542328042328046,0.578125,3,1,4,3,5,0,2,4,2,P39,xgb,30,"{'subsample': 1.0, 'reg_lambda': 1, 'reg_alpha': 0.5, 'min_child_weight': 1, 'max_depth': 4, 'learning_rate': 0.01, 'gamma': 0.5, 'colsample_bytree': 0.6, 'colsample_bylevel': 0.8, 'n_estimators': 300}",0.49211159211159217,repeated_stratified,1,4,full,sep
8,4,0.5,8,3,0.375,8,0,0.0,0.2916666666666667,0.2619047619047619,0.4583333333333333,4,3,1,3,3,2,1,7,0,P39,xgb,31,"{'subsample': 1.0, 'reg_lambda': 5, 'reg_alpha': 0.1, 'min_child_weight': 1, 'max_depth': 8, 'learning_rate': 0.03, 'gamma': 0.1, 'colsample_bytree': 0.7, 'colsample_bylevel': 0.8, 'n_estimators': 300}",0.521885521885522,repeated_stratified,2,0,full,sep
8,2,0.25,8,4,0.5,8,3,0.375,0.375,0.37449392712550605,0.546875,2,1,5,1,4,3,2,3,3,P39,xgb,28,"{'subsample': 0.8, 'reg_lambda': 5, 'reg_alpha': 0.1, 'min_child_weight': 1, 'max_depth': 8, 'learning_rate': 0.03, 'gamma': 0, 'colsample_bytree': 0.6, 'colsample_bylevel': 0.6, 'n_estimators': 300}",0.5716931216931217,repeated_stratified,2,1,full,sep
8,3,0.375,8,3,0.375,8,2,0.25,0.3333333333333333,0.3419312169312169,0.4973958333333333,3,1,4,1,3,4,2,4,2,P39,xgb,28,"{'subsample': 0.8, 'reg_lambda': 1, 'reg_alpha': 0, 'min_child_weight': 1, 'max_depth': 4, 'learning_rate': 0.01, 'gamma': 0, 'colsample_bytree': 0.7, 'colsample_bylevel': 0.8, 'n_estimators': 300}",0.5677970177970177,repeated_stratified,2,2,full,sep
8,3,0.375,8,3,0.375,8,2,0.25,0.3333333333333333,0.3333333333333333,0.5494791666666666,3,5,0,3,3,2,4,2,2,P39,xgb,30,"{'subsample': 0.8, 'reg_lambda': 5, 'reg_alpha': 0.1, 'min_child_weight': 1, 'max_depth': 8, 'learning_rate': 0.03, 'gamma': 0, 'colsample_bytree': 0.6, 'colsample_bylevel': 0.6, 'n_estimators': 300}",0.5871091871091871,repeated_stratified,2,3,full,sep
8,3,0.375,8,2,0.25,8,3,0.375,0.3333333333333333,0.342442645074224,0.5234375,3,2,3,1,2,5,1,4,3,P39,xgb,29,"{'subsample': 0.6, 'reg_lambda': 1, 'reg_alpha': 0.1, 'min_child_weight': 1, 'max_depth': 2, 'learning_rate': 0.01, 'gamma': 2, 'colsample_bytree': 0.7, 'colsample_bylevel': 0.6, 'n_estimators': 300}",0.4535353535353535,repeated_stratified,2,4,full,sep
8,4,0.5,8,4,0.5,8,1,0.125,0.375,0.36797385620915035,0.5625,4,1,3,1,4,3,3,4,1,P39,xgb,34,"{'subsample': 0.6, 'reg_lambda': 3, 'reg_alpha': 0.1, 'min_child_weight': 1, 'max_depth': 2, 'learning_rate': 0.05, 'gamma': 0, 'colsample_bytree': 0.7, 'colsample_bylevel': 0.6, 'n_estimators': 300}",0.46168831168831176,repeated_stratified,3,0,full,sep
8,2,0.25,8,3,0.375,8,2,0.25,0.2916666666666667,0.2942852354617061,0.4921875,2,2,4,1,3,4,2,4,2,P39,xgb,28,"{'subsample': 0.8, 'reg_lambda': 1, 'reg_alpha': 0, 'min_child_weight': 1, 'max_depth': 4, 'learning_rate': 0.01, 'gamma': 0, 'colsample_bytree': 0.7, 'colsample_bylevel': 0.8, 'n_estimators': 300}",0.522053872053872,repeated_stratified,3,1,full,sep
8,1,0.125,8,2,0.25,8,3,0.375,0.25,0.239250085999312,0.46875,1,3,4,2,2,4,1,4,3,P39,xgb,27,"{'subsample': 0.8, 'reg_lambda': 1, 'reg_alpha': 0.1, 'min_child_weight': 1, 'max_depth': 4, 'learning_rate': 0.05, 'gamma': 0.5, 'colsample_bytree': 0.7, 'colsample_bylevel': 0.6, 'n_estimators': 300}",0.5575276575276575,repeated_stratified,3,2,full,sep
8,5,0.625,8,2,0.25,8,0,0.0,0.2916666666666667,0.2401656314699793,0.4765625,5,2,1,4,2,2,6,2,0,P39,xgb,28,"{'subsample': 1.0, 'reg_lambda': 5, 'reg_alpha': 0, 'min_child_weight': 1, 'max_depth': 2, 'learning_rate': 0.01, 'gamma': 0, 'colsample_bytree': 0.6, 'colsample_bylevel': 0.8, 'n_estimators': 300}",0.5468494468494468,repeated_stratified,3,3,full,sep
8,2,0.25,8,2,0.25,8,2,0.25,0.25,0.2506535947712418,0.4453125,2,3,3,3,2,3,4,2,2,P39,xgb,27,"{'subsample': 1.0, 'reg_lambda': 5, 'reg_alpha': 0.1, 'min_child_weight': 1, 'max_depth': 8, 'learning_rate': 0.03, 'gamma': 0.1, 'colsample_bytree': 0.7, 'colsample_bylevel': 0.8, 'n_estimators': 300}",0.5281866281866282,repeated_stratified,3,4,full,sep
8,2,0.25,8,2,0.25,8,4,0.5,0.3333333333333333,0.32908496732026143,0.5078125,2,4,2,3,2,3,3,1,4,P39,xgb,30,"{'subsample': 0.6, 'reg_lambda': 3, 'reg_alpha': 0.1, 'min_child_weight': 1, 'max_depth': 8, 'learning_rate': 0.05, 'gamma': 0, 'colsample_bytree': 0.7, 'colsample_bylevel': 0.8, 'n_estimators': 300}",0.5315776815776815,repeated_stratified,4,0,full,sep
8,2,0.25,8,1,0.125,8,2,0.25,0.20833333333333334,0.2074074074074074,0.4036458333333333,2,2,4,3,1,4,2,4,2,P39,xgb,3,"{'subsample': 1.0, 'reg_lambda': 5, 'reg_alpha': 0.5, 'min_child_weight': 1, 'max_depth': 4, 'learning_rate': 0.03, 'gamma': 0, 'colsample_bytree': 0.6, 'colsample_bylevel': 0.8, 'n_estimators': 300}",0.6320346320346321,repeated_stratified,4,1,full,sep
8,3,0.375,8,1,0.125,8,2,0.25,0.25,0.2454248366013072,0.4479166666666667,3,4,1,2,1,5,4,2,2,P39,xgb,29,"{'subsample': 1.0, 'reg_lambda': 5, 'reg_alpha': 0.1, 'min_child_weight': 1, 'max_depth': 8, 'learning_rate': 0.03, 'gamma': 0.1, 'colsample_bytree': 0.7, 'colsample_bylevel': 0.8, 'n_estimators': 300}",0.5654401154401155,repeated_stratified,4,2,full,sep
8,3,0.375,8,3,0.375,8,0,0.0,0.25,0.22875816993464052,0.4739583333333333,3,2,3,3,3,2,3,5,0,P39,xgb,27,"{'subsample': 1.0, 'reg_lambda': 3, 'reg_alpha': 0.5, 'min_child_weight': 1, 'max_depth': 2, 'learning_rate': 0.05, 'gamma': 0, 'colsample_bytree': 0.7, 'colsample_bylevel': 0.8, 'n_estimators': 300}",0.506998556998557,repeated_stratified,4,3,full,sep
8,4,0.5,8,1,0.125,8,2,0.25,0.2916666666666667,0.284640522875817,0.3828125,4,2,2,3,1,4,2,4,2,P39,xgb,14,"{'subsample': 0.6, 'reg_lambda': 1, 'reg_alpha': 0.1, 'min_child_weight': 1, 'max_depth': 2, 'learning_rate': 0.01, 'gamma': 2, 'colsample_bytree': 0.7, 'colsample_bylevel': 0.6, 'n_estimators': 300}",0.6164502164502165,repeated_stratified,4,4,full,sep
8,2,0.25,8,3,0.375,8,3,0.375,0.3333333333333333,0.33431372549019606,0.4635416666666667,2,3,3,4,3,1,2,3,3,P39,xgb,23,"{'subsample': 1.0, 'reg_lambda': 10, 'reg_alpha': 0.5, 'min_child_weight': 1, 'max_depth': 4, 'learning_rate': 0.03, 'gamma': 1, 'colsample_bytree': 0.7, 'colsample_bylevel': 0.8, 'n_estimators': 300}",0.5720779220779221,repeated_stratified,5,0,full,sep
8,1,0.125,8,3,0.375,8,3,0.375,0.2916666666666667,0.28373015873015867,0.3880208333333333,1,3,4,2,3,3,3,2,3,P39,xgb,14,"{'subsample': 1.0, 'reg_lambda': 10, 'reg_alpha': 0.1, 'min_child_weight': 1, 'max_depth': 2, 'learning_rate': 0.03, 'gamma': 0.3, 'colsample_bytree': 0.6, 'colsample_bylevel': 0.6, 'n_estimators': 300}",0.6375420875420875,repeated_stratified,5,1,full,sep
8,2,0.25,8,4,0.5,8,1,0.125,0.2916666666666667,0.2735042735042735,0.5026041666666666,2,4,2,2,4,2,2,5,1,P39,xgb,28,"{'subsample': 1.0, 'reg_lambda': 1, 'reg_alpha': 0.5, 'min_child_weight': 1, 'max_depth': 4, 'learning_rate': 0.01, 'gamma': 0.5, 'colsample_bytree': 0.6, 'colsample_bylevel': 0.8, 'n_estimators': 300}",0.5585618085618086,repeated_stratified,5,2,full,sep
8,4,0.5,8,2,0.25,8,2,0.25,0.3333333333333333,0.34074074074074073,0.4635416666666667,4,1,3,1,2,5,2,4,2,P39,xgb,31,"{'subsample': 0.8, 'reg_lambda': 10, 'reg_alpha': 0.1, 'min_child_weight': 1, 'max_depth': 16, 'learning_rate': 0.01, 'gamma': 0.1, 'colsample_bytree': 0.6, 'colsample_bylevel': 0.6, 'n_estimators': 300}",0.4601731601731602,repeated_stratified,5,3,full,sep
8,2,0.25,8,2,0.25,8,3,0.375,0.2916666666666667,0.289390142021721,0.4427083333333333,2,2,4,2,2,4,3,2,3,P39,xgb,28,"{'subsample': 0.6, 'reg_lambda': 3, 'reg_alpha': 0.1, 'min_child_weight': 1, 'max_depth': 8, 'learning_rate': 0.05, 'gamma': 0, 'colsample_bytree': 0.7, 'colsample_bylevel': 0.8, 'n_estimators': 300}",0.5645021645021645,repeated_stratified,5,4,full,sep
8,6,0.75,8,3,0.375,8,5,0.625,0.5833333333333334,0.5851851851851853,0.6979166666666666,6,1,1,1,3,4,0,3,5,P39,xgb,30,"{'subsample': 1.0, 'reg_lambda': 3, 'reg_alpha': 0.5, 'min_child_weight': 1, 'max_depth': 2, 'learning_rate': 0.05, 'gamma': 0, 'colsample_bytree': 0.7, 'colsample_bylevel': 0.8, 'n_estimators': 300}",0.4938431938431938,repeated_stratified,6,0,full,sep
8,2,0.25,8,6,0.75,8,3,0.375,0.4583333333333333,0.44246031746031744,0.640625,2,3,3,0,6,2,4,1,3,P39,xgb,28,"{'subsample': 1.0, 'reg_lambda': 3, 'reg_alpha': 0.5, 'min_child_weight': 1, 'max_depth': 2, 'learning_rate': 0.05, 'gamma': 0, 'colsample_bytree': 0.7, 'colsample_bylevel': 0.8, 'n_estimators': 300}",0.5316738816738817,repeated_stratified,6,1,full,sep
8,2,0.25,8,4,0.5,8,5,0.625,0.4583333333333333,0.4481792717086835,0.6354166666666666,2,3,3,3,4,1,1,2,5,P39,xgb,28,"{'subsample': 0.8, 'reg_lambda': 1, 'reg_alpha': 0, 'min_child_weight': 1, 'max_depth': 4, 'learning_rate': 0.01, 'gamma': 0, 'colsample_bytree': 0.7, 'colsample_bylevel': 0.8, 'n_estimators': 300}",0.5113756613756614,repeated_stratified,6,2,full,sep
8,3,0.375,8,3,0.375,8,2,0.25,0.3333333333333333,0.3367647058823529,0.5,3,0,5,3,3,2,2,4,2,P39,xgb,28,"{'subsample': 1.0, 'reg_lambda': 3, 'reg_alpha': 0.5, 'min_child_weight': 1, 'max_depth': 2, 'learning_rate': 0.05, 'gamma': 0, 'colsample_bytree': 0.7, 'colsample_bylevel': 0.8, 'n_estimators': 300}",0.5695045695045695,repeated_stratified,6,3,full,sep
8,4,0.5,8,1,0.125,8,0,0.0,0.20833333333333334,0.2128654970760234,0.3697916666666667,4,4,0,1,1,6,2,6,0,P39,xgb,33,"{'subsample': 0.6, 'reg_lambda': 3, 'reg_alpha': 0.1, 'min_child_weight': 1, 'max_depth': 2, 'learning_rate': 0.05, 'gamma': 0, 'colsample_bytree': 0.7, 'colsample_bylevel': 0.6, 'n_estimators': 300}",0.5944684944684945,repeated_stratified,6,4,full,sep
8,3,0.375,8,0,0.0,8,3,0.375,0.25,0.24475524475524477,0.4244791666666667,3,1,4,1,0,7,1,4,3,P39,xgb,30,"{'subsample': 0.6, 'reg_lambda': 1, 'reg_alpha': 0.1, 'min_child_weight': 1, 'max_depth': 2, 'learning_rate': 0.01, 'gamma': 2, 'colsample_bytree': 0.7, 'colsample_bylevel': 0.6, 'n_estimators': 300}",0.5130832130832131,repeated_stratified,7,0,full,sep
8,3,0.375,8,5,0.625,8,3,0.375,0.4583333333333333,0.45162907268170427,0.5807291666666666,3,3,2,1,5,2,2,3,3,P39,xgb,27,"{'subsample': 1.0, 'reg_lambda': 3, 'reg_alpha': 0.5, 'min_child_weight': 1, 'max_depth': 2, 'learning_rate': 0.05, 'gamma': 0, 'colsample_bytree': 0.7, 'colsample_bylevel': 0.8, 'n_estimators': 300}",0.49653679653679655,repeated_stratified,7,1,full,sep
8,3,0.375,8,4,0.5,8,2,0.25,0.375,0.36892230576441104,0.5416666666666666,3,3,2,2,4,2,2,4,2,P39,xgb,28,"{'subsample': 0.6, 'reg_lambda': 1, 'reg_alpha': 0.1, 'min_child_weight': 1, 'max_depth': 2, 'learning_rate': 0.01, 'gamma': 2, 'colsample_bytree': 0.7, 'colsample_bylevel': 0.6, 'n_estimators': 300}",0.4945887445887445,repeated_stratified,7,2,full,sep
8,5,0.625,8,4,0.5,8,3,0.375,0.5,0.4985294117647059,0.5234375,5,1,2,2,4,2,1,4,3,P39,xgb,28,"{'subsample': 0.6, 'reg_lambda': 1, 'reg_alpha': 0, 'min_child_weight': 1, 'max_depth': 2, 'learning_rate': 0.03, 'gamma': 0, 'colsample_bytree': 0.6, 'colsample_bylevel': 0.6, 'n_estimators': 300}",0.5518278018278018,repeated_stratified,7,3,full,sep
8,3,0.375,8,1,0.125,8,3,0.375,0.2916666666666667,0.2784657722738218,0.4869791666666667,3,2,3,2,1,5,4,1,3,P39,xgb,33,"{'subsample': 1.0, 'reg_lambda': 5, 'reg_alpha': 0, 'min_child_weight': 1, 'max_depth': 2, 'learning_rate': 0.01, 'gamma': 0, 'colsample_bytree': 0.6, 'colsample_bylevel': 0.8, 'n_estimators': 300}",0.4691919191919192,repeated_stratified,7,4,full,sep
8,3,0.375,8,1,0.125,8,3,0.375,0.2916666666666667,0.28004022121669175,0.4583333333333333,3,4,1,1,1,6,5,0,3,P39,xgb,30,"{'subsample': 0.8, 'reg_lambda': 1, 'reg_alpha': 0, 'min_child_weight': 1, 'max_depth': 4, 'learning_rate': 0.01, 'gamma': 0, 'colsample_bytree': 0.7, 'colsample_bylevel': 0.8, 'n_estimators': 300}",0.5628908128908129,repeated_stratified,8,0,full,sep
8,2,0.25,8,5,0.625,8,3,0.375,0.4166666666666667,0.40300269905533065,0.6015625,2,3,3,1,5,2,2,3,3,P39,xgb,31,"{'subsample': 1.0, 'reg_lambda': 3, 'reg_alpha': 0.5, 'min_child_weight': 1, 'max_depth': 2, 'learning_rate': 0.05, 'gamma': 0, 'colsample_bytree': 0.7, 'colsample_bylevel': 0.8, 'n_estimators': 300}",0.5195526695526695,repeated_stratified,8,1,full,sep
8,3,0.375,8,2,0.25,8,2,0.25,0.2916666666666667,0.30026455026455023,0.484375,3,3,2,2,2,4,1,5,2,P39,xgb,30,"{'subsample': 1.0, 'reg_lambda': 1, 'reg_alpha': 0.5, 'min_child_weight': 1, 'max_depth': 4, 'learning_rate': 0.01, 'gamma': 0.5, 'colsample_bytree': 0.6, 'colsample_bylevel': 0.8, 'n_estimators': 300}",0.5188071188071187,repeated_stratified,8,2,full,sep
8,2,0.25,8,2,0.25,8,3,0.375,0.2916666666666667,0.28986928104575166,0.4244791666666667,2,3,3,3,2,3,3,2,3,P39,xgb,27,"{'subsample': 0.8, 'reg_lambda': 10, 'reg_alpha': 0, 'min_child_weight': 1, 'max_depth': 4, 'learning_rate': 0.03, 'gamma': 0, 'colsample_bytree': 0.6, 'colsample_bylevel': 0.8, 'n_estimators': 300}",0.5100529100529101,repeated_stratified,8,3,full,sep
8,5,0.625,8,3,0.375,8,2,0.25,0.4166666666666667,0.4113756613756614,0.5520833333333334,5,1,2,1,3,4,4,2,2,P39,xgb,27,"{'subsample': 1.0, 'reg_lambda': 3, 'reg_alpha': 0.5, 'min_child_weight': 1, 'max_depth': 2, 'learning_rate': 0.05, 'gamma': 0, 'colsample_bytree': 0.7, 'colsample_bylevel': 0.8, 'n_estimators': 300}",0.5372534872534872,repeated_stratified,8,4,full,sep
8,1,0.125,8,4,0.5,8,0,0.0,0.20833333333333334,0.15555555555555556,0.4192708333333333,1,6,1,4,4,0,2,6,0,P39,xgb,10,"{'subsample': 0.6, 'reg_lambda': 3, 'reg_alpha': 0.1, 'min_child_weight': 1, 'max_depth': 8, 'learning_rate': 0.05, 'gamma': 0, 'colsample_bytree': 0.7, 'colsample_bylevel': 0.8, 'n_estimators': 300}",0.647955747955748,repeated_stratified,9,0,full,sep
8,5,0.625,8,1,0.125,8,3,0.375,0.375,0.3584715937657114,0.4479166666666667,5,1,2,2,1,5,2,3,3,P39,xgb,31,"{'subsample': 0.8, 'reg_lambda': 1, 'reg_alpha': 0, 'min_child_weight': 1, 'max_depth': 4, 'learning_rate': 0.01, 'gamma': 0, 'colsample_bytree': 0.7, 'colsample_bylevel': 0.8, 'n_estimators': 300}",0.5427609427609429,repeated_stratified,9,1,full,sep
8,3,0.375,8,4,0.5,8,1,0.125,0.3333333333333333,0.3138888888888889,0.5494791666666666,3,4,1,2,4,2,3,4,1,P39,xgb,29,"{'subsample': 0.6, 'reg_lambda': 3, 'reg_alpha': 0.1, 'min_child_weight': 1, 'max_depth': 8, 'learning_rate': 0.05, 'gamma': 0, 'colsample_bytree': 0.7, 'colsample_bylevel': 0.8, 'n_estimators': 300}",0.49531024531024537,repeated_stratified,9,2,full,sep
8,5,0.625,8,3,0.375,8,4,0.5,0.5,0.4947089947089947,0.5260416666666666,5,1,2,3,3,2,2,2,4,P39,xgb,28,"{'subsample': 1.0, 'reg_lambda': 3, 'reg_alpha': 0.5, 'min_child_weight': 1, 'max_depth': 2, 'learning_rate': 0.05, 'gamma': 0, 'colsample_bytree': 0.7, 'colsample_bylevel': 0.8, 'n_estimators': 300}",0.4444925444925445,repeated_stratified,9,3,full,sep
8,5,0.625,8,4,0.5,8,2,0.25,0.4583333333333333,0.45408496732026143,0.5338541666666666,5,1,2,1,4,3,2,4,2,P39,xgb,28,"{'subsample': 1.0, 'reg_lambda': 3, 'reg_alpha': 0, 'min_child_weight': 1, 'max_depth': 4, 'learning_rate': 0.01, 'gamma': 0.3, 'colsample_bytree': 0.6, 'colsample_bylevel': 0.6, 'n_estimators': 300}",0.47378547378547387,repeated_stratified,9,4,full,sep
