total_standing,correct_standing,accuracy_standing,total_straight,correct_straight,accuracy_straight,total_diagonal,correct_diagonal,accuracy_diagonal,overall_accuracy,macro_f1,macro_auc,cm_standing_standing,cm_standing_straight,cm_standing_diagonal,cm_straight_standing,cm_straight_straight,cm_straight_diagonal,cm_diagonal_standing,cm_diagonal_straight,cm_diagonal_diagonal,participant_id,model,n_features_final,best_params,inner_best_score,cv_mode,repeat,fold,channel_mode,ablation
8,8,1.0,8,5,0.625,8,3,0.375,0.6666666666666666,0.6613756613756614,0.8255208333333334,8,0,0,0,5,3,0,5,3,P02,xgb,149,"{'subsample': 0.6, 'reg_lambda': 1, 'reg_alpha': 0, 'min_child_weight': 1, 'max_depth': 2, 'learning_rate': 0.03, 'gamma': 0, 'colsample_bytree': 0.6, 'colsample_bylevel': 0.6, 'n_estimators': 300}",0.9263347763347765,repeated_stratified,0,0,full,combined
8,8,1.0,8,4,0.5,8,3,0.375,0.625,0.6235294117647059,0.8229166666666666,8,0,0,0,4,4,0,5,3,P02,xgb,150,"{'subsample': 0.6, 'reg_lambda': 1, 'reg_alpha': 0, 'min_child_weight': 1, 'max_depth': 2, 'learning_rate': 0.03, 'gamma': 0, 'colsample_bytree': 0.6, 'colsample_bylevel': 0.6, 'n_estimators': 300}",0.8626743626743627,repeated_stratified,0,1,full,combined
8,8,1.0,8,6,0.75,8,5,0.625,0.7916666666666666,0.7908496732026143,0.8828125,8,0,0,0,6,2,0,3,5,P02,xgb,149,"{'subsample': 0.6, 'reg_lambda': 1, 'reg_alpha': 0, 'min_child_weight': 1, 'max_depth': 2, 'learning_rate': 0.03, 'gamma': 0, 'colsample_bytree': 0.6, 'colsample_bylevel': 0.6, 'n_estimators': 300}",0.8981240981240982,repeated_stratified,0,2,full,combined
8,8,1.0,8,4,0.5,8,4,0.5,0.6666666666666666,0.6666666666666666,0.8307291666666666,8,0,0,0,4,4,0,4,4,P02,xgb,150,"{'subsample': 0.6, 'reg_lambda': 3, 'reg_alpha': 0.1, 'min_child_weight': 1, 'max_depth': 8, 'learning_rate': 0.05, 'gamma': 0, 'colsample_bytree': 0.7, 'colsample_bylevel': 0.8, 'n_estimators': 300}",0.8787397787397787,repeated_stratified,0,3,full,combined
8,8,1.0,8,4,0.5,8,2,0.25,0.5833333333333334,0.5767195767195767,0.7994791666666666,8,0,0,0,4,4,0,6,2,P02,xgb,150,"{'subsample': 0.6, 'reg_lambda': 3, 'reg_alpha': 0.1, 'min_child_weight': 1, 'max_depth': 2, 'learning_rate': 0.05, 'gamma': 0, 'colsample_bytree': 0.7, 'colsample_bylevel': 0.6, 'n_estimators': 300}",0.878908128908129,repeated_stratified,0,4,full,combined
8,8,1.0,8,4,0.5,8,4,0.5,0.6666666666666666,0.6518518518518518,0.8072916666666666,8,0,0,1,4,3,1,3,4,P02,xgb,148,"{'subsample': 0.6, 'reg_lambda': 3, 'reg_alpha': 0.1, 'min_child_weight': 1, 'max_depth': 2, 'learning_rate': 0.05, 'gamma': 0, 'colsample_bytree': 0.7, 'colsample_bylevel': 0.6, 'n_estimators': 300}",0.9122414622414622,repeated_stratified,1,0,full,combined
8,8,1.0,8,5,0.625,8,2,0.25,0.625,0.611336032388664,0.8151041666666666,8,0,0,0,5,3,0,6,2,P02,xgb,150,"{'subsample': 0.6, 'reg_lambda': 3, 'reg_alpha': 0.1, 'min_child_weight': 1, 'max_depth': 2, 'learning_rate': 0.05, 'gamma': 0, 'colsample_bytree': 0.7, 'colsample_bylevel': 0.6, 'n_estimators': 300}",0.9315536315536316,repeated_stratified,1,1,full,combined
8,8,1.0,8,5,0.625,8,6,0.75,0.7916666666666666,0.7908496732026143,0.9114583333333334,8,0,0,0,5,3,0,2,6,P02,xgb,150,"{'subsample': 0.6, 'reg_lambda': 3, 'reg_alpha': 0.1, 'min_child_weight': 1, 'max_depth': 8, 'learning_rate': 0.05, 'gamma': 0, 'colsample_bytree': 0.7, 'colsample_bylevel': 0.8, 'n_estimators': 300}",0.8560606060606061,repeated_stratified,1,2,full,combined
8,8,1.0,8,4,0.5,8,4,0.5,0.6666666666666666,0.6666666666666666,0.796875,8,0,0,0,4,4,0,4,4,P02,xgb,150,"{'subsample': 0.6, 'reg_lambda': 1, 'reg_alpha': 0, 'min_child_weight': 1, 'max_depth': 2, 'learning_rate': 0.03, 'gamma': 0, 'colsample_bytree': 0.6, 'colsample_bylevel': 0.6, 'n_estimators': 300}",0.9151755651755652,repeated_stratified,1,3,full,combined
8,7,0.875,8,2,0.25,8,5,0.625,0.5833333333333334,0.5817878028404344,0.765625,7,1,0,0,2,6,0,3,5,P02,xgb,150,"{'subsample': 0.8, 'reg_lambda': 5, 'reg_alpha': 0.1, 'min_child_weight': 1, 'max_depth': 8, 'learning_rate': 0.03, 'gamma': 0, 'colsample_bytree': 0.6, 'colsample_bylevel': 0.6, 'n_estimators': 300}",0.8989898989898991,repeated_stratified,1,4,full,combined
8,8,1.0,8,8,1.0,8,4,0.5,0.8333333333333334,0.8222222222222223,0.9010416666666666,8,0,0,0,8,0,0,4,4,P02,xgb,150,"{'subsample': 0.6, 'reg_lambda': 1, 'reg_alpha': 0, 'min_child_weight': 1, 'max_depth': 2, 'learning_rate': 0.03, 'gamma': 0, 'colsample_bytree': 0.6, 'colsample_bylevel': 0.6, 'n_estimators': 300}",0.8295093795093796,repeated_stratified,2,0,full,combined
8,8,1.0,8,4,0.5,8,7,0.875,0.7916666666666666,0.7840755735492578,0.8854166666666666,8,0,0,0,4,4,0,1,7,P02,xgb,149,"{'subsample': 0.6, 'reg_lambda': 3, 'reg_alpha': 0.1, 'min_child_weight': 1, 'max_depth': 2, 'learning_rate': 0.05, 'gamma': 0, 'colsample_bytree': 0.7, 'colsample_bylevel': 0.6, 'n_estimators': 300}",0.9085618085618088,repeated_stratified,2,1,full,combined
8,8,1.0,8,4,0.5,8,5,0.625,0.7083333333333334,0.7071895424836602,0.8463541666666666,8,0,0,0,4,4,0,3,5,P02,xgb,149,"{'subsample': 0.6, 'reg_lambda': 3, 'reg_alpha': 0.1, 'min_child_weight': 1, 'max_depth': 2, 'learning_rate': 0.05, 'gamma': 0, 'colsample_bytree': 0.7, 'colsample_bylevel': 0.6, 'n_estimators': 300}",0.9315055315055316,repeated_stratified,2,2,full,combined
8,8,1.0,8,4,0.5,8,4,0.5,0.6666666666666666,0.6666666666666666,0.7864583333333334,8,0,0,0,4,4,0,4,4,P02,xgb,150,"{'subsample': 0.6, 'reg_lambda': 3, 'reg_alpha': 0.1, 'min_child_weight': 1, 'max_depth': 8, 'learning_rate': 0.05, 'gamma': 0, 'colsample_bytree': 0.7, 'colsample_bylevel': 0.8, 'n_estimators': 300}",0.920995670995671,repeated_stratified,2,3,full,combined
8,8,1.0,8,4,0.5,8,2,0.25,0.5833333333333334,0.5557231439584381,0.78125,8,0,0,1,4,3,1,5,2,P02,xgb,149,"{'subsample': 0.6, 'reg_lambda': 10, 'reg_alpha': 0.5, 'min_child_weight': 1, 'max_depth': 2, 'learning_rate': 0.05, 'gamma': 0.1, 'colsample_bytree': 0.6, 'colsample_bylevel': 0.6, 'n_estimators': 300}",0.9208994708994708,repeated_stratified,2,4,full,combined
8,8,1.0,8,3,0.375,8,3,0.375,0.5833333333333334,0.5833333333333334,0.7942708333333334,8,0,0,0,3,5,0,5,3,P02,xgb,150,"{'subsample': 0.6, 'reg_lambda': 3, 'reg_alpha': 0.1, 'min_child_weight': 1, 'max_depth': 8, 'learning_rate': 0.05, 'gamma': 0, 'colsample_bytree': 0.7, 'colsample_bylevel': 0.8, 'n_estimators': 300}",0.9015392015392016,repeated_stratified,3,0,full,combined
8,8,1.0,8,4,0.5,8,1,0.125,0.5416666666666666,0.5131556896262778,0.7890625,8,0,0,0,4,4,1,6,1,P02,xgb,150,"{'subsample': 0.8, 'reg_lambda': 5, 'reg_alpha': 0.1, 'min_child_weight': 1, 'max_depth': 8, 'learning_rate': 0.03, 'gamma': 0, 'colsample_bytree': 0.6, 'colsample_bylevel': 0.6, 'n_estimators': 300}",0.9310966810966812,repeated_stratified,3,1,full,combined
8,8,1.0,8,5,0.625,8,5,0.625,0.75,0.75,0.8828125,8,0,0,0,5,3,0,3,5,P02,xgb,150,"{'subsample': 0.6, 'reg_lambda': 1, 'reg_alpha': 0, 'min_child_weight': 1, 'max_depth': 2, 'learning_rate': 0.03, 'gamma': 0, 'colsample_bytree': 0.6, 'colsample_bylevel': 0.6, 'n_estimators': 300}",0.863107263107263,repeated_stratified,3,2,full,combined
8,8,1.0,8,7,0.875,8,5,0.625,0.8333333333333334,0.8306878306878307,0.8880208333333334,8,0,0,0,7,1,0,3,5,P02,xgb,150,"{'subsample': 0.6, 'reg_lambda': 3, 'reg_alpha': 0.1, 'min_child_weight': 1, 'max_depth': 8, 'learning_rate': 0.05, 'gamma': 0, 'colsample_bytree': 0.7, 'colsample_bylevel': 0.8, 'n_estimators': 300}",0.8831890331890332,repeated_stratified,3,3,full,combined
8,8,1.0,8,6,0.75,8,5,0.625,0.7916666666666666,0.7871148459383753,0.890625,8,0,0,1,6,1,0,3,5,P02,xgb,150,"{'subsample': 0.6, 'reg_lambda': 1, 'reg_alpha': 0, 'min_child_weight': 1, 'max_depth': 2, 'learning_rate': 0.03, 'gamma': 0, 'colsample_bytree': 0.6, 'colsample_bylevel': 0.6, 'n_estimators': 300}",0.881986531986532,repeated_stratified,3,4,full,combined
8,8,1.0,8,5,0.625,8,5,0.625,0.75,0.75,0.8489583333333334,8,0,0,0,5,3,0,3,5,P02,xgb,150,"{'subsample': 0.6, 'reg_lambda': 3, 'reg_alpha': 0.1, 'min_child_weight': 1, 'max_depth': 2, 'learning_rate': 0.05, 'gamma': 0, 'colsample_bytree': 0.7, 'colsample_bylevel': 0.6, 'n_estimators': 300}",0.8474987974987974,repeated_stratified,4,0,full,combined
8,8,1.0,8,6,0.75,8,4,0.5,0.75,0.746031746031746,0.9010416666666666,8,0,0,0,6,2,0,4,4,P02,xgb,150,"{'subsample': 0.6, 'reg_lambda': 3, 'reg_alpha': 0.1, 'min_child_weight': 1, 'max_depth': 8, 'learning_rate': 0.05, 'gamma': 0, 'colsample_bytree': 0.7, 'colsample_bylevel': 0.8, 'n_estimators': 300}",0.8770562770562771,repeated_stratified,4,1,full,combined
8,8,1.0,8,6,0.75,8,4,0.5,0.75,0.746031746031746,0.828125,8,0,0,0,6,2,0,4,4,P02,xgb,150,"{'subsample': 0.8, 'reg_lambda': 5, 'reg_alpha': 0.1, 'min_child_weight': 1, 'max_depth': 8, 'learning_rate': 0.03, 'gamma': 0, 'colsample_bytree': 0.6, 'colsample_bylevel': 0.6, 'n_estimators': 300}",0.8711640211640211,repeated_stratified,4,2,full,combined
8,8,1.0,8,4,0.5,8,3,0.375,0.625,0.6137254901960785,0.7630208333333334,8,0,0,0,4,4,1,4,3,P02,xgb,149,"{'subsample': 0.6, 'reg_lambda': 3, 'reg_alpha': 0.1, 'min_child_weight': 1, 'max_depth': 2, 'learning_rate': 0.05, 'gamma': 0, 'colsample_bytree': 0.7, 'colsample_bylevel': 0.6, 'n_estimators': 300}",0.92017797017797,repeated_stratified,4,3,full,combined
8,8,1.0,8,1,0.125,8,7,0.875,0.6666666666666666,0.5999207763913645,0.9036458333333334,8,0,0,0,1,7,1,0,7,P02,xgb,150,"{'subsample': 0.6, 'reg_lambda': 3, 'reg_alpha': 0.1, 'min_child_weight': 1, 'max_depth': 8, 'learning_rate': 0.05, 'gamma': 0, 'colsample_bytree': 0.7, 'colsample_bylevel': 0.8, 'n_estimators': 300}",0.9066618566618568,repeated_stratified,4,4,full,combined
8,8,1.0,8,3,0.375,8,3,0.375,0.5833333333333334,0.5833333333333334,0.7916666666666666,8,0,0,0,3,5,0,5,3,P02,xgb,150,"{'subsample': 0.6, 'reg_lambda': 3, 'reg_alpha': 0.1, 'min_child_weight': 1, 'max_depth': 2, 'learning_rate': 0.05, 'gamma': 0, 'colsample_bytree': 0.7, 'colsample_bylevel': 0.6, 'n_estimators': 300}",0.9226551226551228,repeated_stratified,5,0,full,combined
8,8,1.0,8,4,0.5,8,4,0.5,0.6666666666666666,0.6666666666666666,0.8697916666666666,8,0,0,0,4,4,0,4,4,P02,xgb,150,"{'subsample': 0.6, 'reg_lambda': 3, 'reg_alpha': 0.1, 'min_child_weight': 1, 'max_depth': 2, 'learning_rate': 0.05, 'gamma': 0, 'colsample_bytree': 0.7, 'colsample_bylevel': 0.6, 'n_estimators': 300}",0.9323953823953822,repeated_stratified,5,1,full,combined
8,8,1.0,8,5,0.625,8,2,0.25,0.625,0.5925925925925926,0.7447916666666666,8,0,0,1,5,2,1,5,2,P02,xgb,150,"{'subsample': 0.6, 'reg_lambda': 1, 'reg_alpha': 0, 'min_child_weight': 1, 'max_depth': 2, 'learning_rate': 0.03, 'gamma': 0, 'colsample_bytree': 0.6, 'colsample_bylevel': 0.6, 'n_estimators': 300}",0.9050264550264552,repeated_stratified,5,2,full,combined
8,7,0.875,8,3,0.375,8,4,0.5,0.5833333333333334,0.5929738562091503,0.8046875,7,1,0,0,3,5,0,4,4,P02,xgb,150,"{'subsample': 0.6, 'reg_lambda': 5, 'reg_alpha': 0.5, 'min_child_weight': 1, 'max_depth': 8, 'learning_rate': 0.03, 'gamma': 0.3, 'colsample_bytree': 0.6, 'colsample_bylevel': 0.6, 'n_estimators': 300}",0.8427849927849929,repeated_stratified,5,3,full,combined
8,7,0.875,8,4,0.5,8,4,0.5,0.625,0.634640522875817,0.8098958333333334,7,1,0,0,4,4,0,4,4,P02,xgb,150,"{'subsample': 0.8, 'reg_lambda': 10, 'reg_alpha': 0, 'min_child_weight': 1, 'max_depth': 8, 'learning_rate': 0.05, 'gamma': 0, 'colsample_bytree': 0.7, 'colsample_bylevel': 0.6, 'n_estimators': 300}",0.92994227994228,repeated_stratified,5,4,full,combined
8,7,0.875,8,3,0.375,8,7,0.875,0.7083333333333334,0.6916666666666668,0.9114583333333334,7,1,0,0,3,5,1,0,7,P02,xgb,150,"{'subsample': 0.6, 'reg_lambda': 3, 'reg_alpha': 0.1, 'min_child_weight': 1, 'max_depth': 8, 'learning_rate': 0.05, 'gamma': 0, 'colsample_bytree': 0.7, 'colsample_bylevel': 0.8, 'n_estimators': 300}",0.8911495911495911,repeated_stratified,6,0,full,combined
8,8,1.0,8,5,0.625,8,3,0.375,0.6666666666666666,0.6613756613756614,0.828125,8,0,0,0,5,3,0,5,3,P02,xgb,150,"{'subsample': 0.6, 'reg_lambda': 10, 'reg_alpha': 0.5, 'min_child_weight': 1, 'max_depth': 2, 'learning_rate': 0.05, 'gamma': 0.1, 'colsample_bytree': 0.6, 'colsample_bylevel': 0.6, 'n_estimators': 300}",0.9332371332371332,repeated_stratified,6,1,full,combined
8,8,1.0,8,6,0.75,8,4,0.5,0.75,0.7410759175465058,0.8489583333333334,8,0,0,1,6,1,0,4,4,P02,xgb,149,"{'subsample': 0.6, 'reg_lambda': 1, 'reg_alpha': 0, 'min_child_weight': 1, 'max_depth': 2, 'learning_rate': 0.03, 'gamma': 0, 'colsample_bytree': 0.6, 'colsample_bylevel': 0.6, 'n_estimators': 300}",0.9106782106782106,repeated_stratified,6,2,full,combined
8,7,0.875,8,6,0.75,8,4,0.5,0.7083333333333334,0.7121136173767754,0.8411458333333334,7,1,0,0,6,2,0,4,4,P02,xgb,150,"{'subsample': 0.6, 'reg_lambda': 3, 'reg_alpha': 0.1, 'min_child_weight': 1, 'max_depth': 2, 'learning_rate': 0.05, 'gamma': 0, 'colsample_bytree': 0.7, 'colsample_bylevel': 0.6, 'n_estimators': 300}",0.927032227032227,repeated_stratified,6,3,full,combined
8,8,1.0,8,4,0.5,8,3,0.375,0.625,0.6235294117647059,0.7942708333333334,8,0,0,0,4,4,0,5,3,P02,xgb,150,"{'subsample': 0.6, 'reg_lambda': 1, 'reg_alpha': 0, 'min_child_weight': 1, 'max_depth': 2, 'learning_rate': 0.03, 'gamma': 0, 'colsample_bytree': 0.6, 'colsample_bylevel': 0.6, 'n_estimators': 300}",0.9414862914862916,repeated_stratified,6,4,full,combined
8,8,1.0,8,5,0.625,8,2,0.25,0.625,0.5925925925925926,0.8125,8,0,0,1,5,2,1,5,2,P02,xgb,150,"{'subsample': 0.8, 'reg_lambda': 5, 'reg_alpha': 0.1, 'min_child_weight': 1, 'max_depth': 8, 'learning_rate': 0.03, 'gamma': 0, 'colsample_bytree': 0.6, 'colsample_bylevel': 0.6, 'n_estimators': 300}",0.9106301106301106,repeated_stratified,7,0,full,combined
8,8,1.0,8,4,0.5,8,2,0.25,0.5833333333333334,0.5658263305322128,0.8307291666666666,8,0,0,0,4,4,1,5,2,P02,xgb,150,"{'subsample': 0.6, 'reg_lambda': 3, 'reg_alpha': 0.1, 'min_child_weight': 1, 'max_depth': 8, 'learning_rate': 0.05, 'gamma': 0, 'colsample_bytree': 0.7, 'colsample_bylevel': 0.8, 'n_estimators': 300}",0.9066859066859068,repeated_stratified,7,1,full,combined
8,8,1.0,8,5,0.625,8,5,0.625,0.75,0.75,0.8880208333333334,8,0,0,0,5,3,0,3,5,P02,xgb,150,"{'subsample': 0.6, 'reg_lambda': 1, 'reg_alpha': 0, 'min_child_weight': 1, 'max_depth': 2, 'learning_rate': 0.03, 'gamma': 0, 'colsample_bytree': 0.6, 'colsample_bylevel': 0.6, 'n_estimators': 300}",0.9108225108225106,repeated_stratified,7,2,full,combined
8,8,1.0,8,7,0.875,8,5,0.625,0.8333333333333334,0.8306878306878307,0.8645833333333334,8,0,0,0,7,1,0,3,5,P02,xgb,150,"{'subsample': 0.6, 'reg_lambda': 3, 'reg_alpha': 0.1, 'min_child_weight': 1, 'max_depth': 2, 'learning_rate': 0.05, 'gamma': 0, 'colsample_bytree': 0.7, 'colsample_bylevel': 0.6, 'n_estimators': 300}",0.8817219817219817,repeated_stratified,7,3,full,combined
8,8,1.0,8,4,0.5,8,7,0.875,0.7916666666666666,0.7840755735492578,0.859375,8,0,0,0,4,4,0,1,7,P02,xgb,150,"{'subsample': 0.6, 'reg_lambda': 3, 'reg_alpha': 0.1, 'min_child_weight': 1, 'max_depth': 2, 'learning_rate': 0.05, 'gamma': 0, 'colsample_bytree': 0.7, 'colsample_bylevel': 0.6, 'n_estimators': 300}",0.9306156806156808,repeated_stratified,7,4,full,combined
8,7,0.875,8,4,0.5,8,5,0.625,0.6666666666666666,0.6738562091503267,0.8333333333333334,7,1,0,0,4,4,0,3,5,P02,xgb,150,"{'subsample': 0.6, 'reg_lambda': 3, 'reg_alpha': 0.1, 'min_child_weight': 1, 'max_depth': 2, 'learning_rate': 0.05, 'gamma': 0, 'colsample_bytree': 0.7, 'colsample_bylevel': 0.6, 'n_estimators': 300}",0.947907647907648,repeated_stratified,8,0,full,combined
8,8,1.0,8,3,0.375,8,6,0.75,0.7083333333333334,0.697705802968961,0.8645833333333334,8,0,0,0,3,5,0,2,6,P02,xgb,150,"{'subsample': 0.8, 'reg_lambda': 10, 'reg_alpha': 0, 'min_child_weight': 1, 'max_depth': 8, 'learning_rate': 0.05, 'gamma': 0, 'colsample_bytree': 0.7, 'colsample_bylevel': 0.6, 'n_estimators': 300}",0.9088985088985088,repeated_stratified,8,1,full,combined
8,8,1.0,8,5,0.625,8,5,0.625,0.75,0.75,0.8854166666666666,8,0,0,0,5,3,0,3,5,P02,xgb,150,"{'subsample': 0.6, 'reg_lambda': 1, 'reg_alpha': 0, 'min_child_weight': 1, 'max_depth': 2, 'learning_rate': 0.03, 'gamma': 0, 'colsample_bytree': 0.6, 'colsample_bylevel': 0.6, 'n_estimators': 300}",0.8295815295815295,repeated_stratified,8,2,full,combined
8,8,1.0,8,4,0.5,8,3,0.375,0.625,0.6235294117647059,0.7473958333333334,8,0,0,0,4,4,0,5,3,P02,xgb,150,"{'subsample': 0.6, 'reg_lambda': 3, 'reg_alpha': 0.1, 'min_child_weight': 1, 'max_depth': 8, 'learning_rate': 0.05, 'gamma': 0, 'colsample_bytree': 0.7, 'colsample_bylevel': 0.8, 'n_estimators': 300}",0.9066859066859068,repeated_stratified,8,3,full,combined
8,8,1.0,8,4,0.5,8,4,0.5,0.6666666666666666,0.6581699346405229,0.7942708333333334,8,0,0,1,4,3,0,4,4,P02,xgb,149,"{'subsample': 0.6, 'reg_lambda': 3, 'reg_alpha': 0.1, 'min_child_weight': 1, 'max_depth': 8, 'learning_rate': 0.05, 'gamma': 0, 'colsample_bytree': 0.7, 'colsample_bylevel': 0.8, 'n_estimators': 300}",0.8993987493987493,repeated_stratified,8,4,full,combined
8,8,1.0,8,6,0.75,8,5,0.625,0.7916666666666666,0.7908496732026143,0.828125,8,0,0,0,6,2,0,3,5,P02,xgb,150,"{'subsample': 0.6, 'reg_lambda': 10, 'reg_alpha': 0.5, 'min_child_weight': 1, 'max_depth': 2, 'learning_rate': 0.05, 'gamma': 0.1, 'colsample_bytree': 0.6, 'colsample_bylevel': 0.6, 'n_estimators': 300}",0.931914381914382,repeated_stratified,9,0,full,combined
8,8,1.0,8,5,0.625,8,4,0.5,0.7083333333333334,0.7071895424836602,0.8229166666666666,8,0,0,0,5,3,0,4,4,P02,xgb,150,"{'subsample': 0.6, 'reg_lambda': 3, 'reg_alpha': 0.1, 'min_child_weight': 1, 'max_depth': 8, 'learning_rate': 0.05, 'gamma': 0, 'colsample_bytree': 0.7, 'colsample_bylevel': 0.8, 'n_estimators': 300}",0.8930495430495431,repeated_stratified,9,1,full,combined
8,8,1.0,8,3,0.375,8,4,0.5,0.625,0.6134453781512605,0.8385416666666666,8,0,0,0,3,5,1,3,4,P02,xgb,147,"{'subsample': 0.6, 'reg_lambda': 3, 'reg_alpha': 0.1, 'min_child_weight': 1, 'max_depth': 8, 'learning_rate': 0.05, 'gamma': 0, 'colsample_bytree': 0.7, 'colsample_bylevel': 0.8, 'n_estimators': 300}",0.9176286676286676,repeated_stratified,9,2,full,combined
8,8,1.0,8,5,0.625,8,6,0.75,0.7916666666666666,0.7908496732026143,0.8880208333333334,8,0,0,0,5,3,0,2,6,P02,xgb,150,"{'subsample': 0.6, 'reg_lambda': 3, 'reg_alpha': 0.1, 'min_child_weight': 1, 'max_depth': 8, 'learning_rate': 0.05, 'gamma': 0, 'colsample_bytree': 0.7, 'colsample_bylevel': 0.8, 'n_estimators': 300}",0.8519240019240019,repeated_stratified,9,3,full,combined
8,7,0.875,8,3,0.375,8,6,0.75,0.6666666666666666,0.6567460317460317,0.7916666666666666,7,1,0,1,3,4,0,2,6,P02,xgb,150,"{'subsample': 0.6, 'reg_lambda': 1, 'reg_alpha': 0, 'min_child_weight': 1, 'max_depth': 2, 'learning_rate': 0.03, 'gamma': 0, 'colsample_bytree': 0.6, 'colsample_bylevel': 0.6, 'n_estimators': 300}",0.9364598364598364,repeated_stratified,9,4,full,combined
8,8,1.0,8,7,0.875,8,5,0.625,0.8333333333333334,0.8293950058655941,0.9479166666666666,8,0,0,1,7,0,0,3,5,P03,xgb,108,"{'subsample': 0.8, 'reg_lambda': 10, 'reg_alpha': 0.1, 'min_child_weight': 1, 'max_depth': 16, 'learning_rate': 0.01, 'gamma': 0.1, 'colsample_bytree': 0.6, 'colsample_bylevel': 0.6, 'n_estimators': 300}",0.9056036556036556,repeated_stratified,0,0,full,combined
8,8,1.0,8,6,0.75,8,4,0.5,0.75,0.746031746031746,0.9140625,8,0,0,0,6,2,0,4,4,P03,xgb,150,"{'subsample': 0.6, 'reg_lambda': 1, 'reg_alpha': 0, 'min_child_weight': 1, 'max_depth': 2, 'learning_rate': 0.03, 'gamma': 0, 'colsample_bytree': 0.6, 'colsample_bylevel': 0.6, 'n_estimators': 300}",0.9095478595478595,repeated_stratified,0,1,full,combined
8,8,1.0,8,6,0.75,8,6,0.75,0.8333333333333334,0.8333333333333334,0.9375,8,0,0,0,6,2,0,2,6,P03,xgb,59,"{'subsample': 0.8, 'reg_lambda': 10, 'reg_alpha': 0.1, 'min_child_weight': 1, 'max_depth': 16, 'learning_rate': 0.01, 'gamma': 0.1, 'colsample_bytree': 0.6, 'colsample_bylevel': 0.6, 'n_estimators': 300}",0.9175324675324674,repeated_stratified,0,2,full,combined
8,7,0.875,8,5,0.625,8,7,0.875,0.7916666666666666,0.7925925925925926,0.890625,7,1,0,0,5,3,0,1,7,P03,xgb,80,"{'subsample': 0.6, 'reg_lambda': 3, 'reg_alpha': 0.1, 'min_child_weight': 1, 'max_depth': 2, 'learning_rate': 0.05, 'gamma': 0, 'colsample_bytree': 0.7, 'colsample_bylevel': 0.6, 'n_estimators': 300}",0.944059644059644,repeated_stratified,0,3,full,combined
8,8,1.0,8,6,0.75,8,7,0.875,0.875,0.8745098039215686,0.9427083333333334,8,0,0,0,6,2,0,1,7,P03,xgb,128,"{'subsample': 0.8, 'reg_lambda': 10, 'reg_alpha': 0, 'min_child_weight': 1, 'max_depth': 4, 'learning_rate': 0.03, 'gamma': 0, 'colsample_bytree': 0.6, 'colsample_bylevel': 0.8, 'n_estimators': 300}",0.9449494949494948,repeated_stratified,0,4,full,combined
8,8,1.0,8,7,0.875,8,4,0.5,0.7916666666666666,0.7840755735492578,0.9088541666666666,8,0,0,0,7,1,0,4,4,P03,xgb,118,"{'subsample': 0.6, 'reg_lambda': 1, 'reg_alpha': 0, 'min_child_weight': 1, 'max_depth': 2, 'learning_rate': 0.03, 'gamma': 0, 'colsample_bytree': 0.6, 'colsample_bylevel': 0.6, 'n_estimators': 300}",0.924122174122174,repeated_stratified,1,0,full,combined
8,8,1.0,8,5,0.625,8,8,1.0,0.875,0.8704453441295547,0.8984375,8,0,0,0,5,3,0,0,8,P03,xgb,94,"{'subsample': 0.8, 'reg_lambda': 1, 'reg_alpha': 0, 'min_child_weight': 1, 'max_depth': 8, 'learning_rate': 0.01, 'gamma': 0.3, 'colsample_bytree': 0.6, 'colsample_bylevel': 0.8, 'n_estimators': 300}",0.9475709475709474,repeated_stratified,1,1,full,combined
8,8,1.0,8,5,0.625,8,5,0.625,0.75,0.7427248677248678,0.9114583333333334,8,0,0,2,5,1,0,3,5,P03,xgb,122,"{'subsample': 0.8, 'reg_lambda': 1, 'reg_alpha': 0, 'min_child_weight': 1, 'max_depth': 4, 'learning_rate': 0.01, 'gamma': 0, 'colsample_bytree': 0.7, 'colsample_bylevel': 0.8, 'n_estimators': 300}",0.9066137566137566,repeated_stratified,1,2,full,combined
8,8,1.0,8,7,0.875,8,6,0.75,0.875,0.8745098039215686,0.9661458333333334,8,0,0,0,7,1,0,2,6,P03,xgb,131,"{'subsample': 0.6, 'reg_lambda': 1, 'reg_alpha': 0, 'min_child_weight': 1, 'max_depth': 2, 'learning_rate': 0.03, 'gamma': 0, 'colsample_bytree': 0.6, 'colsample_bylevel': 0.6, 'n_estimators': 300}",0.9126984126984126,repeated_stratified,1,3,full,combined
8,6,0.75,8,3,0.375,8,6,0.75,0.625,0.63003663003663,0.8151041666666666,6,0,2,0,3,5,0,2,6,P03,xgb,36,"{'subsample': 0.6, 'reg_lambda': 1, 'reg_alpha': 0.1, 'min_child_weight': 1, 'max_depth': 2, 'learning_rate': 0.01, 'gamma': 2, 'colsample_bytree': 0.7, 'colsample_bylevel': 0.6, 'n_estimators': 300}",0.931770081770082,repeated_stratified,1,4,full,combined
8,8,1.0,8,5,0.625,8,4,0.5,0.7083333333333334,0.6975029327970504,0.9036458333333334,8,0,0,2,5,1,0,4,4,P03,xgb,105,"{'subsample': 0.6, 'reg_lambda': 5, 'reg_alpha': 0.5, 'min_child_weight': 1, 'max_depth': 8, 'learning_rate': 0.03, 'gamma': 0.3, 'colsample_bytree': 0.6, 'colsample_bylevel': 0.6, 'n_estimators': 300}",0.9028138528138528,repeated_stratified,2,0,full,combined
8,8,1.0,8,5,0.625,8,8,1.0,0.875,0.8664320429026312,0.9401041666666666,8,0,0,1,5,2,0,0,8,P03,xgb,43,"{'subsample': 0.6, 'reg_lambda': 5, 'reg_alpha': 0, 'min_child_weight': 1, 'max_depth': 2, 'learning_rate': 0.01, 'gamma': 0.3, 'colsample_bytree': 0.7, 'colsample_bylevel': 0.6, 'n_estimators': 300}",0.903920153920154,repeated_stratified,2,1,full,combined
8,8,1.0,8,7,0.875,8,7,0.875,0.9166666666666666,0.9166666666666666,0.96875,8,0,0,0,7,1,0,1,7,P03,xgb,141,"{'subsample': 0.8, 'reg_lambda': 3, 'reg_alpha': 0.1, 'min_child_weight': 1, 'max_depth': 2, 'learning_rate': 0.03, 'gamma': 1, 'colsample_bytree': 0.6, 'colsample_bylevel': 0.6, 'n_estimators': 300}",0.942039442039442,repeated_stratified,2,2,full,combined
8,7,0.875,8,6,0.75,8,6,0.75,0.7916666666666666,0.7964052287581699,0.90625,7,1,0,0,6,2,0,2,6,P03,xgb,92,"{'subsample': 0.8, 'reg_lambda': 1, 'reg_alpha': 0, 'min_child_weight': 1, 'max_depth': 4, 'learning_rate': 0.01, 'gamma': 0, 'colsample_bytree': 0.7, 'colsample_bylevel': 0.8, 'n_estimators': 300}",0.9469215969215968,repeated_stratified,2,3,full,combined
8,8,1.0,8,5,0.625,8,5,0.625,0.75,0.75,0.8671875,8,0,0,0,5,3,0,3,5,P03,xgb,142,"{'subsample': 1.0, 'reg_lambda': 3, 'reg_alpha': 0, 'min_child_weight': 1, 'max_depth': 4, 'learning_rate': 0.01, 'gamma': 0.3, 'colsample_bytree': 0.6, 'colsample_bylevel': 0.6, 'n_estimators': 300}",0.9416065416065416,repeated_stratified,2,4,full,combined
8,8,1.0,8,4,0.5,8,8,1.0,0.8333333333333334,0.8222222222222223,0.8151041666666666,8,0,0,0,4,4,0,0,8,P03,xgb,50,"{'subsample': 0.6, 'reg_lambda': 5, 'reg_alpha': 0.5, 'min_child_weight': 1, 'max_depth': 8, 'learning_rate': 0.03, 'gamma': 0.3, 'colsample_bytree': 0.6, 'colsample_bylevel': 0.6, 'n_estimators': 300}",0.9361952861952862,repeated_stratified,3,0,full,combined
8,8,1.0,8,6,0.75,8,6,0.75,0.8333333333333334,0.8303921568627451,0.9765625,8,0,0,1,6,1,0,2,6,P03,xgb,147,"{'subsample': 0.6, 'reg_lambda': 5, 'reg_alpha': 0.5, 'min_child_weight': 1, 'max_depth': 8, 'learning_rate': 0.03, 'gamma': 0.3, 'colsample_bytree': 0.6, 'colsample_bylevel': 0.6, 'n_estimators': 300}",0.9332130832130832,repeated_stratified,3,1,full,combined
8,7,0.875,8,7,0.875,8,8,1.0,0.9166666666666666,0.9165032679738562,0.953125,7,1,0,0,7,1,0,0,8,P03,xgb,101,"{'subsample': 0.8, 'reg_lambda': 1, 'reg_alpha': 0, 'min_child_weight': 1, 'max_depth': 4, 'learning_rate': 0.01, 'gamma': 0, 'colsample_bytree': 0.7, 'colsample_bylevel': 0.8, 'n_estimators': 300}",0.9262385762385762,repeated_stratified,3,2,full,combined
8,8,1.0,8,4,0.5,8,4,0.5,0.6666666666666666,0.6534391534391534,0.8515625,8,0,0,2,4,2,0,4,4,P03,xgb,101,"{'subsample': 0.6, 'reg_lambda': 10, 'reg_alpha': 0.5, 'min_child_weight': 1, 'max_depth': 2, 'learning_rate': 0.05, 'gamma': 0.1, 'colsample_bytree': 0.6, 'colsample_bylevel': 0.6, 'n_estimators': 300}",0.956012506012506,repeated_stratified,3,3,full,combined
8,8,1.0,8,7,0.875,8,3,0.375,0.75,0.7333333333333334,0.8411458333333334,8,0,0,0,7,1,0,5,3,P03,xgb,118,"{'subsample': 0.8, 'reg_lambda': 1, 'reg_alpha': 0, 'min_child_weight': 1, 'max_depth': 4, 'learning_rate': 0.01, 'gamma': 0, 'colsample_bytree': 0.7, 'colsample_bylevel': 0.8, 'n_estimators': 300}",0.9353535353535354,repeated_stratified,3,4,full,combined
8,7,0.875,8,4,0.5,8,6,0.75,0.7083333333333334,0.7043650793650794,0.8984375,7,0,1,1,4,3,0,2,6,P03,xgb,143,"{'subsample': 0.8, 'reg_lambda': 1, 'reg_alpha': 0, 'min_child_weight': 1, 'max_depth': 4, 'learning_rate': 0.01, 'gamma': 0, 'colsample_bytree': 0.7, 'colsample_bylevel': 0.8, 'n_estimators': 300}",0.9265752765752766,repeated_stratified,4,0,full,combined
8,8,1.0,8,6,0.75,8,4,0.5,0.75,0.746031746031746,0.8697916666666666,8,0,0,0,6,2,0,4,4,P03,xgb,88,"{'subsample': 0.8, 'reg_lambda': 10, 'reg_alpha': 0.1, 'min_child_weight': 1, 'max_depth': 16, 'learning_rate': 0.01, 'gamma': 0.1, 'colsample_bytree': 0.6, 'colsample_bylevel': 0.6, 'n_estimators': 300}",0.9413900913900912,repeated_stratified,4,1,full,combined
8,8,1.0,8,5,0.625,8,3,0.375,0.6666666666666666,0.6527568292274175,0.8411458333333334,8,0,0,1,5,2,0,5,3,P03,xgb,148,"{'subsample': 0.6, 'reg_lambda': 1, 'reg_alpha': 0, 'min_child_weight': 1, 'max_depth': 2, 'learning_rate': 0.03, 'gamma': 0, 'colsample_bytree': 0.6, 'colsample_bylevel': 0.6, 'n_estimators': 300}",0.9292929292929294,repeated_stratified,4,2,full,combined
8,8,1.0,8,4,0.5,8,7,0.875,0.7916666666666666,0.7840755735492578,0.8098958333333334,8,0,0,0,4,4,0,1,7,P03,xgb,44,"{'subsample': 0.6, 'reg_lambda': 5, 'reg_alpha': 0, 'min_child_weight': 1, 'max_depth': 2, 'learning_rate': 0.01, 'gamma': 0.3, 'colsample_bytree': 0.7, 'colsample_bylevel': 0.6, 'n_estimators': 300}",0.929004329004329,repeated_stratified,4,3,full,combined
8,7,0.875,8,4,0.5,8,7,0.875,0.75,0.7495726495726496,0.9270833333333334,7,0,1,0,4,4,0,1,7,P03,xgb,39,"{'subsample': 0.8, 'reg_lambda': 10, 'reg_alpha': 0, 'min_child_weight': 1, 'max_depth': 4, 'learning_rate': 0.03, 'gamma': 0, 'colsample_bytree': 0.6, 'colsample_bylevel': 0.8, 'n_estimators': 300}",0.956132756132756,repeated_stratified,4,4,full,combined
8,7,0.875,8,5,0.625,8,8,1.0,0.8333333333333334,0.8287786774628879,0.9270833333333334,7,0,1,1,5,2,0,0,8,P03,xgb,148,"{'subsample': 0.8, 'reg_lambda': 10, 'reg_alpha': 0.1, 'min_child_weight': 1, 'max_depth': 16, 'learning_rate': 0.01, 'gamma': 0.1, 'colsample_bytree': 0.6, 'colsample_bylevel': 0.6, 'n_estimators': 300}",0.9248677248677248,repeated_stratified,5,0,full,combined
8,8,1.0,8,5,0.625,8,6,0.75,0.7916666666666666,0.7908496732026143,0.9270833333333334,8,0,0,0,5,3,0,2,6,P03,xgb,119,"{'subsample': 0.6, 'reg_lambda': 1, 'reg_alpha': 0, 'min_child_weight': 1, 'max_depth': 2, 'learning_rate': 0.03, 'gamma': 0, 'colsample_bytree': 0.6, 'colsample_bylevel': 0.6, 'n_estimators': 300}",0.9545935545935548,repeated_stratified,5,1,full,combined
8,8,1.0,8,5,0.625,8,7,0.875,0.8333333333333334,0.8306878306878307,0.953125,8,0,0,0,5,3,0,1,7,P03,xgb,134,"{'subsample': 0.6, 'reg_lambda': 1, 'reg_alpha': 0, 'min_child_weight': 1, 'max_depth': 2, 'learning_rate': 0.03, 'gamma': 0, 'colsample_bytree': 0.6, 'colsample_bylevel': 0.6, 'n_estimators': 300}",0.9335978835978836,repeated_stratified,5,2,full,combined
8,8,1.0,8,7,0.875,8,2,0.25,0.7083333333333334,0.6767676767676768,0.9166666666666666,8,0,0,0,7,1,0,6,2,P03,xgb,55,"{'subsample': 0.6, 'reg_lambda': 3, 'reg_alpha': 0.1, 'min_child_weight': 1, 'max_depth': 2, 'learning_rate': 0.05, 'gamma': 0, 'colsample_bytree': 0.7, 'colsample_bylevel': 0.6, 'n_estimators': 300}",0.9103174603174604,repeated_stratified,5,3,full,combined
8,8,1.0,8,6,0.75,8,5,0.625,0.7916666666666666,0.7908496732026143,0.8645833333333334,8,0,0,0,6,2,0,3,5,P03,xgb,45,"{'subsample': 0.6, 'reg_lambda': 3, 'reg_alpha': 0.1, 'min_child_weight': 1, 'max_depth': 2, 'learning_rate': 0.05, 'gamma': 0, 'colsample_bytree': 0.7, 'colsample_bylevel': 0.6, 'n_estimators': 300}",0.9344877344877344,repeated_stratified,5,4,full,combined
8,7,0.875,8,5,0.625,8,8,1.0,0.8333333333333334,0.8341880341880342,0.9244791666666666,7,0,1,0,5,3,0,0,8,P03,xgb,139,"{'subsample': 0.6, 'reg_lambda': 1, 'reg_alpha': 0, 'min_child_weight': 1, 'max_depth': 2, 'learning_rate': 0.03, 'gamma': 0, 'colsample_bytree': 0.6, 'colsample_bylevel': 0.6, 'n_estimators': 300}",0.9552910052910052,repeated_stratified,6,0,full,combined
8,8,1.0,8,5,0.625,8,6,0.75,0.7916666666666666,0.7908496732026143,0.9322916666666666,8,0,0,0,5,3,0,2,6,P03,xgb,132,"{'subsample': 0.6, 'reg_lambda': 5, 'reg_alpha': 0.5, 'min_child_weight': 1, 'max_depth': 8, 'learning_rate': 0.03, 'gamma': 0.3, 'colsample_bytree': 0.6, 'colsample_bylevel': 0.6, 'n_estimators': 300}",0.9324675324675326,repeated_stratified,6,1,full,combined
8,8,1.0,8,4,0.5,8,5,0.625,0.7083333333333334,0.6962962962962962,0.9192708333333334,8,0,0,2,4,2,0,3,5,P03,xgb,150,"{'subsample': 0.6, 'reg_lambda': 3, 'reg_alpha': 0.1, 'min_child_weight': 1, 'max_depth': 2, 'learning_rate': 0.05, 'gamma': 0, 'colsample_bytree': 0.7, 'colsample_bylevel': 0.6, 'n_estimators': 300}",0.9355940355940356,repeated_stratified,6,2,full,combined
8,8,1.0,8,7,0.875,8,4,0.5,0.7916666666666666,0.7840755735492578,0.9375,8,0,0,0,7,1,0,4,4,P03,xgb,114,"{'subsample': 0.6, 'reg_lambda': 1, 'reg_alpha': 0, 'min_child_weight': 1, 'max_depth': 2, 'learning_rate': 0.03, 'gamma': 0, 'colsample_bytree': 0.6, 'colsample_bylevel': 0.6, 'n_estimators': 300}",0.916041366041366,repeated_stratified,6,3,full,combined
8,7,0.875,8,7,0.875,8,3,0.375,0.7083333333333334,0.6982905982905984,0.859375,7,0,1,0,7,1,0,5,3,P03,xgb,34,"{'subsample': 1.0, 'reg_lambda': 3, 'reg_alpha': 0, 'min_child_weight': 1, 'max_depth': 4, 'learning_rate': 0.01, 'gamma': 0.3, 'colsample_bytree': 0.6, 'colsample_bylevel': 0.6, 'n_estimators': 300}",0.9568542568542568,repeated_stratified,6,4,full,combined
8,8,1.0,8,4,0.5,8,6,0.75,0.75,0.746031746031746,0.8776041666666666,8,0,0,0,4,4,0,2,6,P03,xgb,43,"{'subsample': 0.8, 'reg_lambda': 1, 'reg_alpha': 0, 'min_child_weight': 1, 'max_depth': 8, 'learning_rate': 0.01, 'gamma': 0.3, 'colsample_bytree': 0.6, 'colsample_bylevel': 0.8, 'n_estimators': 300}",0.9315776815776816,repeated_stratified,7,0,full,combined
8,8,1.0,8,5,0.625,8,6,0.75,0.7916666666666666,0.7908496732026143,0.9401041666666666,8,0,0,0,5,3,0,2,6,P03,xgb,136,"{'subsample': 0.8, 'reg_lambda': 10, 'reg_alpha': 0.1, 'min_child_weight': 1, 'max_depth': 16, 'learning_rate': 0.01, 'gamma': 0.1, 'colsample_bytree': 0.6, 'colsample_bylevel': 0.6, 'n_estimators': 300}",0.934175084175084,repeated_stratified,7,1,full,combined
8,8,1.0,8,6,0.75,8,5,0.625,0.7916666666666666,0.7871148459383753,0.9453125,8,0,0,1,6,1,0,3,5,P03,xgb,150,"{'subsample': 0.6, 'reg_lambda': 3, 'reg_alpha': 0.1, 'min_child_weight': 1, 'max_depth': 8, 'learning_rate': 0.05, 'gamma': 0, 'colsample_bytree': 0.7, 'colsample_bylevel': 0.8, 'n_estimators': 300}",0.9104377104377104,repeated_stratified,7,2,full,combined
8,7,0.875,8,6,0.75,8,7,0.875,0.8333333333333334,0.837037037037037,0.9166666666666666,7,0,1,0,6,2,0,1,7,P03,xgb,138,"{'subsample': 0.8, 'reg_lambda': 1, 'reg_alpha': 0.5, 'min_child_weight': 1, 'max_depth': 2, 'learning_rate': 0.01, 'gamma': 0.1, 'colsample_bytree': 0.7, 'colsample_bylevel': 0.6, 'n_estimators': 300}",0.9227272727272728,repeated_stratified,7,3,full,combined
8,7,0.875,8,6,0.75,8,4,0.5,0.7083333333333334,0.701860231271996,0.8411458333333334,7,0,1,2,6,0,0,4,4,P03,xgb,77,"{'subsample': 0.8, 'reg_lambda': 1, 'reg_alpha': 0, 'min_child_weight': 1, 'max_depth': 4, 'learning_rate': 0.01, 'gamma': 0, 'colsample_bytree': 0.7, 'colsample_bylevel': 0.8, 'n_estimators': 300}",0.8771043771043772,repeated_stratified,7,4,full,combined
8,8,1.0,8,6,0.75,8,5,0.625,0.7916666666666666,0.7871148459383753,0.9166666666666666,8,0,0,1,6,1,0,3,5,P03,xgb,149,"{'subsample': 0.6, 'reg_lambda': 1, 'reg_alpha': 0, 'min_child_weight': 1, 'max_depth': 2, 'learning_rate': 0.03, 'gamma': 0, 'colsample_bytree': 0.6, 'colsample_bylevel': 0.6, 'n_estimators': 300}",0.9157768157768156,repeated_stratified,8,0,full,combined
8,8,1.0,8,6,0.75,8,4,0.5,0.75,0.746031746031746,0.8802083333333334,8,0,0,0,6,2,0,4,4,P03,xgb,130,"{'subsample': 0.6, 'reg_lambda': 1, 'reg_alpha': 0, 'min_child_weight': 1, 'max_depth': 2, 'learning_rate': 0.03, 'gamma': 0, 'colsample_bytree': 0.6, 'colsample_bylevel': 0.6, 'n_estimators': 300}",0.9506012506012506,repeated_stratified,8,1,full,combined
8,6,0.75,8,3,0.375,8,7,0.875,0.6666666666666666,0.6645021645021645,0.9010416666666666,6,0,2,0,3,5,0,1,7,P03,xgb,74,"{'subsample': 0.6, 'reg_lambda': 3, 'reg_alpha': 0.1, 'min_child_weight': 1, 'max_depth': 2, 'learning_rate': 0.05, 'gamma': 0, 'colsample_bytree': 0.7, 'colsample_bylevel': 0.6, 'n_estimators': 300}",0.9468975468975468,repeated_stratified,8,2,full,combined
8,8,1.0,8,5,0.625,8,6,0.75,0.7916666666666666,0.7908496732026143,0.8802083333333334,8,0,0,0,5,3,0,2,6,P03,xgb,45,"{'subsample': 0.6, 'reg_lambda': 1, 'reg_alpha': 0, 'min_child_weight': 1, 'max_depth': 2, 'learning_rate': 0.03, 'gamma': 0, 'colsample_bytree': 0.6, 'colsample_bylevel': 0.6, 'n_estimators': 300}",0.9116402116402116,repeated_stratified,8,3,full,combined
8,8,1.0,8,5,0.625,8,4,0.5,0.7083333333333334,0.7002801120448178,0.8828125,8,0,0,1,5,2,0,4,4,P03,xgb,123,"{'subsample': 1.0, 'reg_lambda': 3, 'reg_alpha': 0, 'min_child_weight': 1, 'max_depth': 4, 'learning_rate': 0.01, 'gamma': 0.3, 'colsample_bytree': 0.6, 'colsample_bylevel': 0.6, 'n_estimators': 300}",0.9341510341510344,repeated_stratified,8,4,full,combined
8,8,1.0,8,7,0.875,8,4,0.5,0.7916666666666666,0.7840755735492578,0.9375,8,0,0,0,7,1,0,4,4,P03,xgb,111,"{'subsample': 0.6, 'reg_lambda': 3, 'reg_alpha': 0.1, 'min_child_weight': 1, 'max_depth': 8, 'learning_rate': 0.05, 'gamma': 0, 'colsample_bytree': 0.7, 'colsample_bylevel': 0.8, 'n_estimators': 300}",0.9230639730639733,repeated_stratified,9,0,full,combined
8,7,0.875,8,5,0.625,8,4,0.5,0.6666666666666666,0.6610644257703081,0.9088541666666666,7,0,1,2,5,1,0,4,4,P03,xgb,101,"{'subsample': 0.8, 'reg_lambda': 1, 'reg_alpha': 0, 'min_child_weight': 1, 'max_depth': 8, 'learning_rate': 0.01, 'gamma': 0.3, 'colsample_bytree': 0.6, 'colsample_bylevel': 0.8, 'n_estimators': 300}",0.9457671957671956,repeated_stratified,9,1,full,combined
8,7,0.875,8,5,0.625,8,5,0.625,0.7083333333333334,0.7083333333333334,0.8932291666666666,7,0,1,1,5,2,0,3,5,P03,xgb,42,"{'subsample': 0.8, 'reg_lambda': 10, 'reg_alpha': 0.1, 'min_child_weight': 1, 'max_depth': 16, 'learning_rate': 0.01, 'gamma': 0.1, 'colsample_bytree': 0.6, 'colsample_bylevel': 0.6, 'n_estimators': 300}",0.903030303030303,repeated_stratified,9,2,full,combined
8,8,1.0,8,5,0.625,8,8,1.0,0.875,0.8704453441295547,0.9401041666666666,8,0,0,0,5,3,0,0,8,P03,xgb,150,"{'subsample': 0.6, 'reg_lambda': 1, 'reg_alpha': 0, 'min_child_weight': 1, 'max_depth': 2, 'learning_rate': 0.03, 'gamma': 0, 'colsample_bytree': 0.6, 'colsample_bylevel': 0.6, 'n_estimators': 300}",0.9145983645983646,repeated_stratified,9,3,full,combined
8,8,1.0,8,4,0.5,8,6,0.75,0.75,0.746031746031746,0.8463541666666666,8,0,0,0,4,4,0,2,6,P03,xgb,131,"{'subsample': 0.6, 'reg_lambda': 1, 'reg_alpha': 0, 'min_child_weight': 1, 'max_depth': 2, 'learning_rate': 0.03, 'gamma': 0, 'colsample_bytree': 0.6, 'colsample_bylevel': 0.6, 'n_estimators': 300}",0.9512506012506012,repeated_stratified,9,4,full,combined
8,8,1.0,8,5,0.625,8,5,0.625,0.75,0.75,0.8645833333333334,8,0,0,0,5,3,0,3,5,P04,xgb,149,"{'subsample': 0.6, 'reg_lambda': 1, 'reg_alpha': 0, 'min_child_weight': 1, 'max_depth': 2, 'learning_rate': 0.03, 'gamma': 0, 'colsample_bytree': 0.6, 'colsample_bylevel': 0.6, 'n_estimators': 300}",0.9577441077441076,repeated_stratified,0,0,full,combined
8,7,0.875,8,5,0.625,8,3,0.375,0.625,0.621078431372549,0.8307291666666666,7,0,1,0,5,3,1,4,3,P04,xgb,150,"{'subsample': 0.6, 'reg_lambda': 1, 'reg_alpha': 0, 'min_child_weight': 1, 'max_depth': 2, 'learning_rate': 0.03, 'gamma': 0, 'colsample_bytree': 0.6, 'colsample_bylevel': 0.6, 'n_estimators': 300}",0.877946127946128,repeated_stratified,0,1,full,combined
8,8,1.0,8,3,0.375,8,4,0.5,0.625,0.6058201058201058,0.78125,8,0,0,1,3,4,1,3,4,P04,xgb,149,"{'subsample': 0.6, 'reg_lambda': 1, 'reg_alpha': 0, 'min_child_weight': 1, 'max_depth': 2, 'learning_rate': 0.03, 'gamma': 0, 'colsample_bytree': 0.6, 'colsample_bylevel': 0.6, 'n_estimators': 300}",0.9013949013949012,repeated_stratified,0,2,full,combined
8,7,0.875,8,6,0.75,8,5,0.625,0.75,0.7555555555555555,0.8880208333333334,7,1,0,0,6,2,0,3,5,P04,xgb,148,"{'subsample': 0.6, 'reg_lambda': 3, 'reg_alpha': 0.1, 'min_child_weight': 1, 'max_depth': 8, 'learning_rate': 0.05, 'gamma': 0, 'colsample_bytree': 0.7, 'colsample_bylevel': 0.8, 'n_estimators': 300}",0.922005772005772,repeated_stratified,0,3,full,combined
8,8,1.0,8,1,0.125,8,6,0.75,0.625,0.5629629629629629,0.859375,8,0,0,1,1,6,1,1,6,P04,xgb,149,"{'subsample': 0.6, 'reg_lambda': 1, 'reg_alpha': 0, 'min_child_weight': 1, 'max_depth': 2, 'learning_rate': 0.03, 'gamma': 0, 'colsample_bytree': 0.6, 'colsample_bylevel': 0.6, 'n_estimators': 300}",0.9443482443482444,repeated_stratified,0,4,full,combined
8,8,1.0,8,6,0.75,8,6,0.75,0.8333333333333334,0.8333333333333334,0.9479166666666666,8,0,0,0,6,2,0,2,6,P04,xgb,149,"{'subsample': 0.6, 'reg_lambda': 1, 'reg_alpha': 0, 'min_child_weight': 1, 'max_depth': 2, 'learning_rate': 0.03, 'gamma': 0, 'colsample_bytree': 0.6, 'colsample_bylevel': 0.6, 'n_estimators': 300}",0.9083213083213084,repeated_stratified,1,0,full,combined
8,8,1.0,8,6,0.75,8,3,0.375,0.7083333333333334,0.6897938662644546,0.8802083333333334,8,0,0,0,6,2,1,4,3,P04,xgb,149,"{'subsample': 0.6, 'reg_lambda': 3, 'reg_alpha': 0.1, 'min_child_weight': 1, 'max_depth': 2, 'learning_rate': 0.05, 'gamma': 0, 'colsample_bytree': 0.7, 'colsample_bylevel': 0.6, 'n_estimators': 300}",0.8971620971620973,repeated_stratified,1,1,full,combined
8,7,0.875,8,7,0.875,8,5,0.625,0.7916666666666666,0.7925925925925926,0.9505208333333334,7,0,1,0,7,1,0,3,5,P04,xgb,148,"{'subsample': 0.6, 'reg_lambda': 1, 'reg_alpha': 0, 'min_child_weight': 1, 'max_depth': 2, 'learning_rate': 0.03, 'gamma': 0, 'colsample_bytree': 0.6, 'colsample_bylevel': 0.6, 'n_estimators': 300}",0.8744829244829245,repeated_stratified,1,2,full,combined
8,8,1.0,8,3,0.375,8,3,0.375,0.5833333333333334,0.5833333333333334,0.7864583333333334,8,0,0,0,3,5,0,5,3,P04,xgb,150,"{'subsample': 0.6, 'reg_lambda': 3, 'reg_alpha': 0.1, 'min_child_weight': 1, 'max_depth': 2, 'learning_rate': 0.05, 'gamma': 0, 'colsample_bytree': 0.7, 'colsample_bylevel': 0.6, 'n_estimators': 300}",0.9238095238095236,repeated_stratified,1,3,full,combined
8,8,1.0,8,2,0.25,8,2,0.25,0.5,0.4581196581196581,0.7916666666666666,8,0,0,1,2,5,3,3,2,P04,xgb,150,"{'subsample': 0.6, 'reg_lambda': 1, 'reg_alpha': 0, 'min_child_weight': 1, 'max_depth': 2, 'learning_rate': 0.03, 'gamma': 0, 'colsample_bytree': 0.6, 'colsample_bylevel': 0.6, 'n_estimators': 300}",0.9428090428090428,repeated_stratified,1,4,full,combined
8,8,1.0,8,3,0.375,8,3,0.375,0.5833333333333334,0.5720588235294118,0.8255208333333334,8,0,0,0,3,5,1,4,3,P04,xgb,150,"{'subsample': 0.6, 'reg_lambda': 3, 'reg_alpha': 0.1, 'min_child_weight': 1, 'max_depth': 2, 'learning_rate': 0.05, 'gamma': 0, 'colsample_bytree': 0.7, 'colsample_bylevel': 0.6, 'n_estimators': 300}",0.9216931216931216,repeated_stratified,2,0,full,combined
8,8,1.0,8,7,0.875,8,5,0.625,0.8333333333333334,0.8263305322128852,0.9348958333333334,8,0,0,0,7,1,1,2,5,P04,xgb,148,"{'subsample': 0.6, 'reg_lambda': 3, 'reg_alpha': 0.1, 'min_child_weight': 1, 'max_depth': 8, 'learning_rate': 0.05, 'gamma': 0, 'colsample_bytree': 0.7, 'colsample_bylevel': 0.8, 'n_estimators': 300}",0.9189514189514189,repeated_stratified,2,1,full,combined
8,8,1.0,8,4,0.5,8,4,0.5,0.6666666666666666,0.6581699346405229,0.8567708333333334,8,0,0,1,4,3,0,4,4,P04,xgb,150,"{'subsample': 0.6, 'reg_lambda': 3, 'reg_alpha': 0.1, 'min_child_weight': 1, 'max_depth': 8, 'learning_rate': 0.05, 'gamma': 0, 'colsample_bytree': 0.7, 'colsample_bylevel': 0.8, 'n_estimators': 300}",0.9017797017797016,repeated_stratified,2,2,full,combined
8,6,0.75,8,4,0.5,8,4,0.5,0.5833333333333334,0.6005291005291006,0.8307291666666666,6,0,2,0,4,4,0,4,4,P04,xgb,150,"{'subsample': 0.6, 'reg_lambda': 1, 'reg_alpha': 0, 'min_child_weight': 1, 'max_depth': 2, 'learning_rate': 0.03, 'gamma': 0, 'colsample_bytree': 0.6, 'colsample_bylevel': 0.6, 'n_estimators': 300}",0.8984607984607984,repeated_stratified,2,3,full,combined
8,8,1.0,8,5,0.625,8,4,0.5,0.7083333333333334,0.6934001670843776,0.8723958333333334,8,0,0,1,5,2,2,2,4,P04,xgb,150,"{'subsample': 0.6, 'reg_lambda': 3, 'reg_alpha': 0.1, 'min_child_weight': 1, 'max_depth': 2, 'learning_rate': 0.05, 'gamma': 0, 'colsample_bytree': 0.7, 'colsample_bylevel': 0.6, 'n_estimators': 300}",0.9104858104858105,repeated_stratified,2,4,full,combined
8,7,0.875,8,2,0.25,8,4,0.5,0.5416666666666666,0.53505291005291,0.7864583333333334,7,1,0,0,2,6,1,3,4,P04,xgb,150,"{'subsample': 0.6, 'reg_lambda': 3, 'reg_alpha': 0.1, 'min_child_weight': 1, 'max_depth': 2, 'learning_rate': 0.05, 'gamma': 0, 'colsample_bytree': 0.7, 'colsample_bylevel': 0.6, 'n_estimators': 300}",0.917989417989418,repeated_stratified,3,0,full,combined
8,8,1.0,8,6,0.75,8,5,0.625,0.7916666666666666,0.7871148459383753,0.9140625,8,0,0,1,6,1,0,3,5,P04,xgb,150,"{'subsample': 0.6, 'reg_lambda': 1, 'reg_alpha': 0, 'min_child_weight': 1, 'max_depth': 2, 'learning_rate': 0.03, 'gamma': 0, 'colsample_bytree': 0.6, 'colsample_bylevel': 0.6, 'n_estimators': 300}",0.8792688792688793,repeated_stratified,3,1,full,combined
8,7,0.875,8,6,0.75,8,3,0.375,0.6666666666666666,0.6644945697577277,0.8619791666666666,7,0,1,0,6,2,0,5,3,P04,xgb,150,"{'subsample': 0.6, 'reg_lambda': 1, 'reg_alpha': 0, 'min_child_weight': 1, 'max_depth': 2, 'learning_rate': 0.03, 'gamma': 0, 'colsample_bytree': 0.6, 'colsample_bylevel': 0.6, 'n_estimators': 300}",0.9477633477633476,repeated_stratified,3,2,full,combined
8,8,1.0,8,6,0.75,8,6,0.75,0.8333333333333334,0.8303921568627451,0.890625,8,0,0,0,6,2,1,1,6,P04,xgb,149,"{'subsample': 0.6, 'reg_lambda': 1, 'reg_alpha': 0, 'min_child_weight': 1, 'max_depth': 2, 'learning_rate': 0.03, 'gamma': 0, 'colsample_bytree': 0.6, 'colsample_bylevel': 0.6, 'n_estimators': 300}",0.9018037518037518,repeated_stratified,3,3,full,combined
8,8,1.0,8,7,0.875,8,4,0.5,0.7916666666666666,0.77593430534607,0.8776041666666666,8,0,0,0,7,1,2,2,4,P04,xgb,150,"{'subsample': 0.6, 'reg_lambda': 1, 'reg_alpha': 0, 'min_child_weight': 1, 'max_depth': 2, 'learning_rate': 0.03, 'gamma': 0, 'colsample_bytree': 0.6, 'colsample_bylevel': 0.6, 'n_estimators': 300}",0.947979797979798,repeated_stratified,3,4,full,combined
8,8,1.0,8,5,0.625,8,5,0.625,0.75,0.75,0.9036458333333334,8,0,0,0,5,3,0,3,5,P04,xgb,150,"{'subsample': 0.6, 'reg_lambda': 1, 'reg_alpha': 0, 'min_child_weight': 1, 'max_depth': 2, 'learning_rate': 0.03, 'gamma': 0, 'colsample_bytree': 0.6, 'colsample_bylevel': 0.6, 'n_estimators': 300}",0.9173160173160174,repeated_stratified,4,0,full,combined
8,7,0.875,8,6,0.75,8,3,0.375,0.6666666666666666,0.6644945697577277,0.7994791666666666,7,0,1,0,6,2,0,5,3,P04,xgb,149,"{'subsample': 0.6, 'reg_lambda': 1, 'reg_alpha': 0, 'min_child_weight': 1, 'max_depth': 2, 'learning_rate': 0.03, 'gamma': 0, 'colsample_bytree': 0.6, 'colsample_bylevel': 0.6, 'n_estimators': 300}",0.9043530543530544,repeated_stratified,4,1,full,combined
8,8,1.0,8,4,0.5,8,3,0.375,0.625,0.6074074074074073,0.8255208333333334,8,0,0,0,4,4,2,3,3,P04,xgb,150,"{'subsample': 0.6, 'reg_lambda': 1, 'reg_alpha': 0, 'min_child_weight': 1, 'max_depth': 2, 'learning_rate': 0.03, 'gamma': 0, 'colsample_bytree': 0.6, 'colsample_bylevel': 0.6, 'n_estimators': 300}",0.9186868686868688,repeated_stratified,4,2,full,combined
8,8,1.0,8,5,0.625,8,4,0.5,0.7083333333333334,0.6962962962962962,0.8411458333333334,8,0,0,0,5,3,2,2,4,P04,xgb,146,"{'subsample': 0.6, 'reg_lambda': 3, 'reg_alpha': 0.1, 'min_child_weight': 1, 'max_depth': 2, 'learning_rate': 0.05, 'gamma': 0, 'colsample_bytree': 0.7, 'colsample_bylevel': 0.6, 'n_estimators': 300}",0.9091871091871092,repeated_stratified,4,3,full,combined
8,8,1.0,8,5,0.625,8,7,0.875,0.8333333333333334,0.8263305322128852,0.9401041666666666,8,0,0,1,5,2,0,1,7,P04,xgb,150,"{'subsample': 0.6, 'reg_lambda': 3, 'reg_alpha': 0.1, 'min_child_weight': 1, 'max_depth': 8, 'learning_rate': 0.05, 'gamma': 0, 'colsample_bytree': 0.7, 'colsample_bylevel': 0.8, 'n_estimators': 300}",0.948051948051948,repeated_stratified,4,4,full,combined
8,8,1.0,8,4,0.5,8,4,0.5,0.6666666666666666,0.6581699346405229,0.8411458333333334,8,0,0,1,4,3,0,4,4,P04,xgb,149,"{'subsample': 0.6, 'reg_lambda': 3, 'reg_alpha': 0.1, 'min_child_weight': 1, 'max_depth': 2, 'learning_rate': 0.05, 'gamma': 0, 'colsample_bytree': 0.7, 'colsample_bylevel': 0.6, 'n_estimators': 300}",0.8906685906685906,repeated_stratified,5,0,full,combined
8,7,0.875,8,3,0.375,8,3,0.375,0.5416666666666666,0.5537581699346406,0.7447916666666666,7,1,0,0,3,5,0,5,3,P04,xgb,147,"{'subsample': 0.6, 'reg_lambda': 1, 'reg_alpha': 0, 'min_child_weight': 1, 'max_depth': 2, 'learning_rate': 0.03, 'gamma': 0, 'colsample_bytree': 0.6, 'colsample_bylevel': 0.6, 'n_estimators': 300}",0.9100769600769602,repeated_stratified,5,1,full,combined
8,7,0.875,8,4,0.5,8,4,0.5,0.625,0.6189542483660131,0.8802083333333334,7,0,1,1,4,3,1,3,4,P04,xgb,150,"{'subsample': 0.6, 'reg_lambda': 1, 'reg_alpha': 0, 'min_child_weight': 1, 'max_depth': 2, 'learning_rate': 0.03, 'gamma': 0, 'colsample_bytree': 0.6, 'colsample_bylevel': 0.6, 'n_estimators': 300}",0.9146464646464648,repeated_stratified,5,2,full,combined
8,8,1.0,8,6,0.75,8,3,0.375,0.7083333333333334,0.685436567789509,0.8723958333333334,8,0,0,0,6,2,2,3,3,P04,xgb,150,"{'subsample': 0.6, 'reg_lambda': 1, 'reg_alpha': 0, 'min_child_weight': 1, 'max_depth': 2, 'learning_rate': 0.03, 'gamma': 0, 'colsample_bytree': 0.6, 'colsample_bylevel': 0.6, 'n_estimators': 300}",0.91005291005291,repeated_stratified,5,3,full,combined
8,8,1.0,8,4,0.5,8,3,0.375,0.625,0.6013366750208855,0.8359375,8,0,0,1,4,3,2,3,3,P04,xgb,149,"{'subsample': 0.6, 'reg_lambda': 1, 'reg_alpha': 0, 'min_child_weight': 1, 'max_depth': 2, 'learning_rate': 0.03, 'gamma': 0, 'colsample_bytree': 0.6, 'colsample_bylevel': 0.6, 'n_estimators': 300}",0.8999999999999999,repeated_stratified,5,4,full,combined
8,8,1.0,8,3,0.375,8,7,0.875,0.75,0.7333333333333334,0.8645833333333334,8,0,0,0,3,5,0,1,7,P04,xgb,149,"{'subsample': 0.6, 'reg_lambda': 1, 'reg_alpha': 0, 'min_child_weight': 1, 'max_depth': 2, 'learning_rate': 0.03, 'gamma': 0, 'colsample_bytree': 0.6, 'colsample_bylevel': 0.6, 'n_estimators': 300}",0.9086339586339586,repeated_stratified,6,0,full,combined
8,7,0.875,8,4,0.5,8,3,0.375,0.5833333333333334,0.5687830687830687,0.8229166666666666,7,1,0,1,4,3,2,3,3,P04,xgb,150,"{'subsample': 0.6, 'reg_lambda': 3, 'reg_alpha': 0.1, 'min_child_weight': 1, 'max_depth': 8, 'learning_rate': 0.05, 'gamma': 0, 'colsample_bytree': 0.7, 'colsample_bylevel': 0.8, 'n_estimators': 300}",0.8931697931697932,repeated_stratified,6,1,full,combined
8,8,1.0,8,5,0.625,8,3,0.375,0.6666666666666666,0.6416666666666667,0.8255208333333334,8,0,0,2,5,1,2,3,3,P04,xgb,150,"{'subsample': 0.6, 'reg_lambda': 3, 'reg_alpha': 0.1, 'min_child_weight': 1, 'max_depth': 2, 'learning_rate': 0.05, 'gamma': 0, 'colsample_bytree': 0.7, 'colsample_bylevel': 0.6, 'n_estimators': 300}",0.903896103896104,repeated_stratified,6,2,full,combined
8,8,1.0,8,4,0.5,8,6,0.75,0.75,0.7367724867724869,0.8489583333333334,8,0,0,2,4,2,0,2,6,P04,xgb,147,"{'subsample': 0.6, 'reg_lambda': 3, 'reg_alpha': 0.1, 'min_child_weight': 1, 'max_depth': 8, 'learning_rate': 0.05, 'gamma': 0, 'colsample_bytree': 0.7, 'colsample_bylevel': 0.8, 'n_estimators': 300}",0.892953342953343,repeated_stratified,6,3,full,combined
8,7,0.875,8,4,0.5,8,4,0.5,0.625,0.634640522875817,0.8151041666666666,7,0,1,0,4,4,0,4,4,P04,xgb,150,"{'subsample': 0.6, 'reg_lambda': 1, 'reg_alpha': 0, 'min_child_weight': 1, 'max_depth': 2, 'learning_rate': 0.03, 'gamma': 0, 'colsample_bytree': 0.6, 'colsample_bylevel': 0.6, 'n_estimators': 300}",0.913924963924964,repeated_stratified,6,4,full,combined
8,8,1.0,8,4,0.5,8,4,0.5,0.6666666666666666,0.6518518518518518,0.828125,8,0,0,1,4,3,1,3,4,P04,xgb,150,"{'subsample': 0.6, 'reg_lambda': 1, 'reg_alpha': 0, 'min_child_weight': 1, 'max_depth': 2, 'learning_rate': 0.03, 'gamma': 0, 'colsample_bytree': 0.6, 'colsample_bylevel': 0.6, 'n_estimators': 300}",0.9522607022607024,repeated_stratified,7,0,full,combined
8,7,0.875,8,6,0.75,8,3,0.375,0.6666666666666666,0.6567460317460317,0.8385416666666666,7,0,1,0,6,2,1,4,3,P04,xgb,147,"{'subsample': 0.6, 'reg_lambda': 3, 'reg_alpha': 0.1, 'min_child_weight': 1, 'max_depth': 2, 'learning_rate': 0.05, 'gamma': 0, 'colsample_bytree': 0.7, 'colsample_bylevel': 0.6, 'n_estimators': 300}",0.9244588744588744,repeated_stratified,7,1,full,combined
8,8,1.0,8,5,0.625,8,5,0.625,0.75,0.75,0.859375,8,0,0,0,5,3,0,3,5,P04,xgb,150,"{'subsample': 0.6, 'reg_lambda': 3, 'reg_alpha': 0.1, 'min_child_weight': 1, 'max_depth': 2, 'learning_rate': 0.05, 'gamma': 0, 'colsample_bytree': 0.7, 'colsample_bylevel': 0.6, 'n_estimators': 300}",0.9170274170274172,repeated_stratified,7,2,full,combined
8,7,0.875,8,2,0.25,8,6,0.75,0.625,0.6136752136752137,0.8359375,7,1,0,0,2,6,0,2,6,P04,xgb,150,"{'subsample': 0.6, 'reg_lambda': 3, 'reg_alpha': 0.1, 'min_child_weight': 1, 'max_depth': 2, 'learning_rate': 0.05, 'gamma': 0, 'colsample_bytree': 0.7, 'colsample_bylevel': 0.6, 'n_estimators': 300}",0.9124338624338624,repeated_stratified,7,3,full,combined
8,8,1.0,8,8,1.0,8,6,0.75,0.9166666666666666,0.9131652661064426,0.9713541666666666,8,0,0,0,8,0,1,1,6,P04,xgb,150,"{'subsample': 0.6, 'reg_lambda': 1, 'reg_alpha': 0, 'min_child_weight': 1, 'max_depth': 2, 'learning_rate': 0.03, 'gamma': 0, 'colsample_bytree': 0.6, 'colsample_bylevel': 0.6, 'n_estimators': 300}",0.8784271284271284,repeated_stratified,7,4,full,combined
8,6,0.75,8,5,0.625,8,6,0.75,0.7083333333333334,0.7162698412698413,0.8854166666666666,6,1,1,0,5,3,0,2,6,P04,xgb,149,"{'subsample': 0.6, 'reg_lambda': 1, 'reg_alpha': 0, 'min_child_weight': 1, 'max_depth': 2, 'learning_rate': 0.03, 'gamma': 0, 'colsample_bytree': 0.6, 'colsample_bylevel': 0.6, 'n_estimators': 300}",0.8876142376142376,repeated_stratified,8,0,full,combined
8,8,1.0,8,6,0.75,8,4,0.5,0.75,0.746031746031746,0.9505208333333334,8,0,0,0,6,2,0,4,4,P04,xgb,149,"{'subsample': 0.6, 'reg_lambda': 3, 'reg_alpha': 0.1, 'min_child_weight': 1, 'max_depth': 2, 'learning_rate': 0.05, 'gamma': 0, 'colsample_bytree': 0.7, 'colsample_bylevel': 0.6, 'n_estimators': 300}",0.9186147186147186,repeated_stratified,8,1,full,combined
8,8,1.0,8,4,0.5,8,4,0.5,0.6666666666666666,0.6666666666666666,0.796875,8,0,0,0,4,4,0,4,4,P04,xgb,150,"{'subsample': 0.6, 'reg_lambda': 1, 'reg_alpha': 0, 'min_child_weight': 1, 'max_depth': 2, 'learning_rate': 0.03, 'gamma': 0, 'colsample_bytree': 0.6, 'colsample_bylevel': 0.6, 'n_estimators': 300}",0.8936748436748437,repeated_stratified,8,2,full,combined
8,8,1.0,8,2,0.25,8,5,0.625,0.625,0.6002751977984175,0.7291666666666666,8,0,0,0,2,6,1,2,5,P04,xgb,150,"{'subsample': 0.6, 'reg_lambda': 1, 'reg_alpha': 0, 'min_child_weight': 1, 'max_depth': 2, 'learning_rate': 0.03, 'gamma': 0, 'colsample_bytree': 0.6, 'colsample_bylevel': 0.6, 'n_estimators': 300}",0.9154401154401154,repeated_stratified,8,3,full,combined
8,8,1.0,8,5,0.625,8,2,0.25,0.625,0.587891296869625,0.8203125,8,0,0,1,5,2,2,4,2,P04,xgb,150,"{'subsample': 0.6, 'reg_lambda': 1, 'reg_alpha': 0, 'min_child_weight': 1, 'max_depth': 2, 'learning_rate': 0.03, 'gamma': 0, 'colsample_bytree': 0.6, 'colsample_bylevel': 0.6, 'n_estimators': 300}",0.902188552188552,repeated_stratified,8,4,full,combined
8,7,0.875,8,4,0.5,8,4,0.5,0.625,0.625,0.7786458333333334,7,1,0,0,4,4,1,3,4,P04,xgb,150,"{'subsample': 0.6, 'reg_lambda': 1, 'reg_alpha': 0, 'min_child_weight': 1, 'max_depth': 2, 'learning_rate': 0.03, 'gamma': 0, 'colsample_bytree': 0.6, 'colsample_bylevel': 0.6, 'n_estimators': 300}",0.9143819143819144,repeated_stratified,9,0,full,combined
8,8,1.0,8,4,0.5,8,4,0.5,0.6666666666666666,0.6666666666666666,0.8177083333333334,8,0,0,0,4,4,0,4,4,P04,xgb,150,"{'subsample': 0.6, 'reg_lambda': 3, 'reg_alpha': 0.1, 'min_child_weight': 1, 'max_depth': 8, 'learning_rate': 0.05, 'gamma': 0, 'colsample_bytree': 0.7, 'colsample_bylevel': 0.8, 'n_estimators': 300}",0.9366281866281868,repeated_stratified,9,1,full,combined
8,8,1.0,8,5,0.625,8,4,0.5,0.7083333333333334,0.6998366013071896,0.8385416666666666,8,0,0,0,5,3,1,3,4,P04,xgb,149,"{'subsample': 0.6, 'reg_lambda': 1, 'reg_alpha': 0, 'min_child_weight': 1, 'max_depth': 2, 'learning_rate': 0.03, 'gamma': 0, 'colsample_bytree': 0.6, 'colsample_bylevel': 0.6, 'n_estimators': 300}",0.8789802789802789,repeated_stratified,9,2,full,combined
8,8,1.0,8,6,0.75,8,4,0.5,0.75,0.746031746031746,0.859375,8,0,0,0,6,2,0,4,4,P04,xgb,150,"{'subsample': 0.6, 'reg_lambda': 1, 'reg_alpha': 0, 'min_child_weight': 1, 'max_depth': 2, 'learning_rate': 0.03, 'gamma': 0, 'colsample_bytree': 0.6, 'colsample_bylevel': 0.6, 'n_estimators': 300}",0.904064454064454,repeated_stratified,9,3,full,combined
8,7,0.875,8,7,0.875,8,1,0.125,0.625,0.5684491978609626,0.8515625,7,0,1,0,7,1,2,5,1,P04,xgb,149,"{'subsample': 0.6, 'reg_lambda': 1, 'reg_alpha': 0, 'min_child_weight': 1, 'max_depth': 2, 'learning_rate': 0.03, 'gamma': 0, 'colsample_bytree': 0.6, 'colsample_bylevel': 0.6, 'n_estimators': 300}",0.8628908128908129,repeated_stratified,9,4,full,combined
8,8,1.0,8,5,0.625,8,4,0.5,0.7083333333333334,0.7071895424836602,0.8723958333333334,8,0,0,0,5,3,0,4,4,P05,xgb,150,"{'subsample': 0.6, 'reg_lambda': 1, 'reg_alpha': 0, 'min_child_weight': 1, 'max_depth': 2, 'learning_rate': 0.03, 'gamma': 0, 'colsample_bytree': 0.6, 'colsample_bylevel': 0.6, 'n_estimators': 300}",0.8930735930735931,repeated_stratified,0,0,full,combined
8,8,1.0,8,6,0.75,8,3,0.375,0.7083333333333334,0.6977058029689608,0.8671875,8,0,0,0,6,2,0,5,3,P05,xgb,150,"{'subsample': 0.6, 'reg_lambda': 1, 'reg_alpha': 0, 'min_child_weight': 1, 'max_depth': 2, 'learning_rate': 0.03, 'gamma': 0, 'colsample_bytree': 0.6, 'colsample_bylevel': 0.6, 'n_estimators': 300}",0.8681337181337181,repeated_stratified,0,1,full,combined
8,8,1.0,8,5,0.625,8,3,0.375,0.6666666666666666,0.6526610644257703,0.7786458333333334,8,0,0,0,5,3,1,4,3,P05,xgb,150,"{'subsample': 0.6, 'reg_lambda': 1, 'reg_alpha': 0, 'min_child_weight': 1, 'max_depth': 2, 'learning_rate': 0.03, 'gamma': 0, 'colsample_bytree': 0.6, 'colsample_bylevel': 0.6, 'n_estimators': 300}",0.8653198653198654,repeated_stratified,0,2,full,combined
8,8,1.0,8,3,0.375,8,6,0.75,0.7083333333333334,0.697705802968961,0.8802083333333334,8,0,0,0,3,5,0,2,6,P05,xgb,150,"{'subsample': 0.6, 'reg_lambda': 5, 'reg_alpha': 0.5, 'min_child_weight': 1, 'max_depth': 8, 'learning_rate': 0.03, 'gamma': 0.3, 'colsample_bytree': 0.6, 'colsample_bylevel': 0.6, 'n_estimators': 300}",0.886002886002886,repeated_stratified,0,3,full,combined
8,8,1.0,8,4,0.5,8,5,0.625,0.7083333333333334,0.6998366013071896,0.875,8,0,0,1,4,3,0,3,5,P05,xgb,150,"{'subsample': 0.6, 'reg_lambda': 1, 'reg_alpha': 0, 'min_child_weight': 1, 'max_depth': 2, 'learning_rate': 0.03, 'gamma': 0, 'colsample_bytree': 0.6, 'colsample_bylevel': 0.6, 'n_estimators': 300}",0.8817219817219817,repeated_stratified,0,4,full,combined
8,8,1.0,8,5,0.625,8,2,0.25,0.625,0.611336032388664,0.7942708333333334,8,0,0,0,5,3,0,6,2,P05,xgb,149,"{'subsample': 0.6, 'reg_lambda': 1, 'reg_alpha': 0, 'min_child_weight': 1, 'max_depth': 2, 'learning_rate': 0.03, 'gamma': 0, 'colsample_bytree': 0.6, 'colsample_bylevel': 0.6, 'n_estimators': 300}",0.8506734006734007,repeated_stratified,1,0,full,combined
8,8,1.0,8,6,0.75,8,2,0.25,0.6666666666666666,0.6444444444444445,0.8072916666666666,8,0,0,0,6,2,0,6,2,P05,xgb,150,"{'subsample': 0.6, 'reg_lambda': 1, 'reg_alpha': 0, 'min_child_weight': 1, 'max_depth': 2, 'learning_rate': 0.03, 'gamma': 0, 'colsample_bytree': 0.6, 'colsample_bylevel': 0.6, 'n_estimators': 300}",0.8837662337662336,repeated_stratified,1,1,full,combined
8,8,1.0,8,4,0.5,8,2,0.25,0.5833333333333334,0.5767195767195767,0.7630208333333334,8,0,0,0,4,4,0,6,2,P05,xgb,150,"{'subsample': 0.6, 'reg_lambda': 3, 'reg_alpha': 0.1, 'min_child_weight': 1, 'max_depth': 2, 'learning_rate': 0.05, 'gamma': 0, 'colsample_bytree': 0.7, 'colsample_bylevel': 0.6, 'n_estimators': 300}",0.8644540644540645,repeated_stratified,1,2,full,combined
8,8,1.0,8,4,0.5,8,3,0.375,0.625,0.6235294117647059,0.8151041666666666,8,0,0,0,4,4,0,5,3,P05,xgb,150,"{'subsample': 0.6, 'reg_lambda': 3, 'reg_alpha': 0.1, 'min_child_weight': 1, 'max_depth': 2, 'learning_rate': 0.05, 'gamma': 0, 'colsample_bytree': 0.7, 'colsample_bylevel': 0.6, 'n_estimators': 300}",0.9227994227994228,repeated_stratified,1,3,full,combined
8,8,1.0,8,6,0.75,8,3,0.375,0.7083333333333334,0.6897938662644546,0.8671875,8,0,0,0,6,2,1,4,3,P05,xgb,150,"{'subsample': 0.6, 'reg_lambda': 10, 'reg_alpha': 0.5, 'min_child_weight': 1, 'max_depth': 2, 'learning_rate': 0.05, 'gamma': 0.1, 'colsample_bytree': 0.6, 'colsample_bylevel': 0.6, 'n_estimators': 300}",0.9189754689754688,repeated_stratified,1,4,full,combined
8,8,1.0,8,6,0.75,8,3,0.375,0.7083333333333334,0.6977058029689608,0.8385416666666666,8,0,0,0,6,2,0,5,3,P05,xgb,150,"{'subsample': 0.8, 'reg_lambda': 10, 'reg_alpha': 0, 'min_child_weight': 1, 'max_depth': 4, 'learning_rate': 0.03, 'gamma': 0, 'colsample_bytree': 0.6, 'colsample_bylevel': 0.8, 'n_estimators': 300}",0.8908609908609909,repeated_stratified,2,0,full,combined
8,8,1.0,8,5,0.625,8,3,0.375,0.6666666666666666,0.6526610644257703,0.8567708333333334,8,0,0,0,5,3,1,4,3,P05,xgb,149,"{'subsample': 0.6, 'reg_lambda': 1, 'reg_alpha': 0, 'min_child_weight': 1, 'max_depth': 2, 'learning_rate': 0.03, 'gamma': 0, 'colsample_bytree': 0.6, 'colsample_bylevel': 0.6, 'n_estimators': 300}",0.8682539682539683,repeated_stratified,2,1,full,combined
8,8,1.0,8,3,0.375,8,6,0.75,0.7083333333333334,0.697705802968961,0.8125,8,0,0,0,3,5,0,2,6,P05,xgb,150,"{'subsample': 0.6, 'reg_lambda': 3, 'reg_alpha': 0.1, 'min_child_weight': 1, 'max_depth': 8, 'learning_rate': 0.05, 'gamma': 0, 'colsample_bytree': 0.7, 'colsample_bylevel': 0.8, 'n_estimators': 300}",0.8756613756613757,repeated_stratified,2,2,full,combined
8,8,1.0,8,5,0.625,8,3,0.375,0.6666666666666666,0.6613756613756614,0.7942708333333334,8,0,0,0,5,3,0,5,3,P05,xgb,150,"{'subsample': 0.6, 'reg_lambda': 3, 'reg_alpha': 0.1, 'min_child_weight': 1, 'max_depth': 8, 'learning_rate': 0.05, 'gamma': 0, 'colsample_bytree': 0.7, 'colsample_bylevel': 0.8, 'n_estimators': 300}",0.8719095719095719,repeated_stratified,2,3,full,combined
8,5,0.625,8,4,0.5,8,3,0.375,0.5,0.4993386243386243,0.7916666666666666,5,3,0,1,4,3,2,3,3,P05,xgb,150,"{'subsample': 0.8, 'reg_lambda': 1, 'reg_alpha': 0, 'min_child_weight': 1, 'max_depth': 4, 'learning_rate': 0.01, 'gamma': 0, 'colsample_bytree': 0.7, 'colsample_bylevel': 0.8, 'n_estimators': 300}",0.8797979797979797,repeated_stratified,2,4,full,combined
8,8,1.0,8,4,0.5,8,5,0.625,0.7083333333333334,0.700280112044818,0.921875,8,0,0,0,4,4,1,2,5,P05,xgb,149,"{'subsample': 0.6, 'reg_lambda': 3, 'reg_alpha': 0.1, 'min_child_weight': 1, 'max_depth': 2, 'learning_rate': 0.05, 'gamma': 0, 'colsample_bytree': 0.7, 'colsample_bylevel': 0.6, 'n_estimators': 300}",0.8829244829244828,repeated_stratified,3,0,full,combined
8,8,1.0,8,3,0.375,8,3,0.375,0.5833333333333334,0.5833333333333334,0.7630208333333334,8,0,0,0,3,5,0,5,3,P05,xgb,150,"{'subsample': 0.6, 'reg_lambda': 3, 'reg_alpha': 0.1, 'min_child_weight': 1, 'max_depth': 8, 'learning_rate': 0.05, 'gamma': 0, 'colsample_bytree': 0.7, 'colsample_bylevel': 0.8, 'n_estimators': 300}",0.9191919191919192,repeated_stratified,3,1,full,combined
8,8,1.0,8,6,0.75,8,4,0.5,0.75,0.746031746031746,0.8645833333333334,8,0,0,0,6,2,0,4,4,P05,xgb,150,"{'subsample': 0.8, 'reg_lambda': 1, 'reg_alpha': 0, 'min_child_weight': 1, 'max_depth': 8, 'learning_rate': 0.01, 'gamma': 0.3, 'colsample_bytree': 0.6, 'colsample_bylevel': 0.8, 'n_estimators': 300}",0.9031986531986532,repeated_stratified,3,2,full,combined
8,8,1.0,8,5,0.625,8,3,0.375,0.6666666666666666,0.6613756613756614,0.8723958333333334,8,0,0,0,5,3,0,5,3,P05,xgb,150,"{'subsample': 0.6, 'reg_lambda': 1, 'reg_alpha': 0, 'min_child_weight': 1, 'max_depth': 2, 'learning_rate': 0.03, 'gamma': 0, 'colsample_bytree': 0.6, 'colsample_bylevel': 0.6, 'n_estimators': 300}",0.9086580086580086,repeated_stratified,3,3,full,combined
8,8,1.0,8,4,0.5,8,3,0.375,0.625,0.5982905982905984,0.7708333333333334,8,0,0,2,4,2,2,3,3,P05,xgb,150,"{'subsample': 0.8, 'reg_lambda': 1, 'reg_alpha': 0, 'min_child_weight': 1, 'max_depth': 4, 'learning_rate': 0.01, 'gamma': 0, 'colsample_bytree': 0.7, 'colsample_bylevel': 0.8, 'n_estimators': 300}",0.8891534391534393,repeated_stratified,3,4,full,combined
8,8,1.0,8,4,0.5,8,5,0.625,0.7083333333333334,0.7071895424836602,0.8723958333333334,8,0,0,0,4,4,0,3,5,P05,xgb,150,"{'subsample': 0.6, 'reg_lambda': 3, 'reg_alpha': 0.1, 'min_child_weight': 1, 'max_depth': 2, 'learning_rate': 0.05, 'gamma': 0, 'colsample_bytree': 0.7, 'colsample_bylevel': 0.6, 'n_estimators': 300}",0.9205146705146706,repeated_stratified,4,0,full,combined
8,8,1.0,8,3,0.375,8,6,0.75,0.7083333333333334,0.697705802968961,0.84375,8,0,0,0,3,5,0,2,6,P05,xgb,148,"{'subsample': 0.6, 'reg_lambda': 1, 'reg_alpha': 0, 'min_child_weight': 1, 'max_depth': 2, 'learning_rate': 0.03, 'gamma': 0, 'colsample_bytree': 0.6, 'colsample_bylevel': 0.6, 'n_estimators': 300}",0.9041847041847042,repeated_stratified,4,1,full,combined
8,8,1.0,8,5,0.625,8,4,0.5,0.7083333333333334,0.7071895424836602,0.8567708333333334,8,0,0,0,5,3,0,4,4,P05,xgb,150,"{'subsample': 0.6, 'reg_lambda': 5, 'reg_alpha': 0.5, 'min_child_weight': 1, 'max_depth': 8, 'learning_rate': 0.03, 'gamma': 0.3, 'colsample_bytree': 0.6, 'colsample_bylevel': 0.6, 'n_estimators': 300}",0.851082251082251,repeated_stratified,4,2,full,combined
8,8,1.0,8,4,0.5,8,2,0.25,0.5833333333333334,0.5486756105951153,0.8333333333333334,8,0,0,2,4,2,1,5,2,P05,xgb,149,"{'subsample': 0.8, 'reg_lambda': 10, 'reg_alpha': 0, 'min_child_weight': 1, 'max_depth': 8, 'learning_rate': 0.05, 'gamma': 0, 'colsample_bytree': 0.7, 'colsample_bylevel': 0.6, 'n_estimators': 300}",0.8863876863876864,repeated_stratified,4,3,full,combined
8,8,1.0,8,6,0.75,8,3,0.375,0.7083333333333334,0.6977058029689608,0.8177083333333334,8,0,0,0,6,2,0,5,3,P05,xgb,150,"{'subsample': 0.6, 'reg_lambda': 1, 'reg_alpha': 0, 'min_child_weight': 1, 'max_depth': 2, 'learning_rate': 0.03, 'gamma': 0, 'colsample_bytree': 0.6, 'colsample_bylevel': 0.6, 'n_estimators': 300}",0.9389129389129388,repeated_stratified,4,4,full,combined
8,8,1.0,8,1,0.125,8,5,0.625,0.5833333333333334,0.5555555555555556,0.8177083333333334,8,0,0,0,1,7,0,3,5,P05,xgb,150,"{'subsample': 0.6, 'reg_lambda': 3, 'reg_alpha': 0.1, 'min_child_weight': 1, 'max_depth': 2, 'learning_rate': 0.05, 'gamma': 0, 'colsample_bytree': 0.7, 'colsample_bylevel': 0.6, 'n_estimators': 300}",0.916113516113516,repeated_stratified,5,0,full,combined
8,8,1.0,8,2,0.25,8,6,0.75,0.6666666666666666,0.6353629170966631,0.8567708333333334,8,0,0,1,2,5,0,2,6,P05,xgb,150,"{'subsample': 0.8, 'reg_lambda': 10, 'reg_alpha': 0, 'min_child_weight': 1, 'max_depth': 8, 'learning_rate': 0.05, 'gamma': 0, 'colsample_bytree': 0.7, 'colsample_bylevel': 0.6, 'n_estimators': 300}",0.903944203944204,repeated_stratified,5,1,full,combined
8,8,1.0,8,4,0.5,8,5,0.625,0.7083333333333334,0.7071895424836602,0.8880208333333334,8,0,0,0,4,4,0,3,5,P05,xgb,150,"{'subsample': 0.6, 'reg_lambda': 3, 'reg_alpha': 0.1, 'min_child_weight': 1, 'max_depth': 8, 'learning_rate': 0.05, 'gamma': 0, 'colsample_bytree': 0.7, 'colsample_bylevel': 0.8, 'n_estimators': 300}",0.8786676286676287,repeated_stratified,5,2,full,combined
8,7,0.875,8,5,0.625,8,4,0.5,0.6666666666666666,0.674074074074074,0.8229166666666666,7,1,0,0,5,3,0,4,4,P05,xgb,150,"{'subsample': 0.6, 'reg_lambda': 3, 'reg_alpha': 0.1, 'min_child_weight': 1, 'max_depth': 8, 'learning_rate': 0.05, 'gamma': 0, 'colsample_bytree': 0.7, 'colsample_bylevel': 0.8, 'n_estimators': 300}",0.8621933621933623,repeated_stratified,5,3,full,combined
8,8,1.0,8,3,0.375,8,5,0.625,0.6666666666666666,0.6613756613756614,0.8697916666666666,8,0,0,0,3,5,0,3,5,P05,xgb,150,"{'subsample': 0.6, 'reg_lambda': 1, 'reg_alpha': 0, 'min_child_weight': 1, 'max_depth': 2, 'learning_rate': 0.03, 'gamma': 0, 'colsample_bytree': 0.6, 'colsample_bylevel': 0.6, 'n_estimators': 300}",0.9214045214045212,repeated_stratified,5,4,full,combined
8,8,1.0,8,5,0.625,8,6,0.75,0.7916666666666666,0.7908496732026143,0.8723958333333334,8,0,0,0,5,3,0,2,6,P05,xgb,150,"{'subsample': 0.6, 'reg_lambda': 3, 'reg_alpha': 0.1, 'min_child_weight': 1, 'max_depth': 2, 'learning_rate': 0.05, 'gamma': 0, 'colsample_bytree': 0.7, 'colsample_bylevel': 0.6, 'n_estimators': 300}",0.8753246753246753,repeated_stratified,6,0,full,combined
8,8,1.0,8,3,0.375,8,5,0.625,0.6666666666666666,0.6613756613756614,0.8723958333333334,8,0,0,0,3,5,0,3,5,P05,xgb,150,"{'subsample': 0.6, 'reg_lambda': 3, 'reg_alpha': 0.1, 'min_child_weight': 1, 'max_depth': 2, 'learning_rate': 0.05, 'gamma': 0, 'colsample_bytree': 0.7, 'colsample_bylevel': 0.6, 'n_estimators': 300}",0.8906445406445407,repeated_stratified,6,1,full,combined
8,8,1.0,8,5,0.625,8,5,0.625,0.75,0.75,0.8723958333333334,8,0,0,0,5,3,0,3,5,P05,xgb,149,"{'subsample': 0.6, 'reg_lambda': 3, 'reg_alpha': 0.1, 'min_child_weight': 1, 'max_depth': 8, 'learning_rate': 0.05, 'gamma': 0, 'colsample_bytree': 0.7, 'colsample_bylevel': 0.8, 'n_estimators': 300}",0.9203222703222704,repeated_stratified,6,2,full,combined
8,7,0.875,8,4,0.5,8,3,0.375,0.5833333333333334,0.5687830687830687,0.8203125,7,1,0,1,4,3,2,3,3,P05,xgb,149,"{'subsample': 0.6, 'reg_lambda': 5, 'reg_alpha': 0, 'min_child_weight': 1, 'max_depth': 2, 'learning_rate': 0.01, 'gamma': 0.3, 'colsample_bytree': 0.7, 'colsample_bylevel': 0.6, 'n_estimators': 300}",0.8493025493025493,repeated_stratified,6,3,full,combined
8,7,0.875,8,4,0.5,8,6,0.75,0.7083333333333334,0.7111111111111111,0.9010416666666666,7,1,0,0,4,4,0,2,6,P05,xgb,150,"{'subsample': 0.8, 'reg_lambda': 10, 'reg_alpha': 0, 'min_child_weight': 1, 'max_depth': 8, 'learning_rate': 0.05, 'gamma': 0, 'colsample_bytree': 0.7, 'colsample_bylevel': 0.6, 'n_estimators': 300}",0.874001924001924,repeated_stratified,6,4,full,combined
8,7,0.875,8,6,0.75,8,5,0.625,0.75,0.7555555555555555,0.8828125,7,1,0,0,6,2,0,3,5,P05,xgb,150,"{'subsample': 0.8, 'reg_lambda': 10, 'reg_alpha': 0, 'min_child_weight': 1, 'max_depth': 4, 'learning_rate': 0.03, 'gamma': 0, 'colsample_bytree': 0.6, 'colsample_bylevel': 0.8, 'n_estimators': 300}",0.8496392496392495,repeated_stratified,7,0,full,combined
8,8,1.0,8,4,0.5,8,4,0.5,0.6666666666666666,0.6581699346405229,0.84375,8,0,0,0,4,4,1,3,4,P05,xgb,150,"{'subsample': 0.6, 'reg_lambda': 3, 'reg_alpha': 0.1, 'min_child_weight': 1, 'max_depth': 2, 'learning_rate': 0.05, 'gamma': 0, 'colsample_bytree': 0.7, 'colsample_bylevel': 0.6, 'n_estimators': 300}",0.930928330928331,repeated_stratified,7,1,full,combined
8,8,1.0,8,5,0.625,8,2,0.25,0.625,0.6014747779453662,0.8645833333333334,8,0,0,0,5,3,1,5,2,P05,xgb,132,"{'subsample': 0.8, 'reg_lambda': 3, 'reg_alpha': 0.1, 'min_child_weight': 1, 'max_depth': 2, 'learning_rate': 0.03, 'gamma': 1, 'colsample_bytree': 0.6, 'colsample_bylevel': 0.6, 'n_estimators': 300}",0.8790043290043289,repeated_stratified,7,2,full,combined
8,8,1.0,8,3,0.375,8,3,0.375,0.5833333333333334,0.5833333333333334,0.7916666666666666,8,0,0,0,3,5,0,5,3,P05,xgb,150,"{'subsample': 0.6, 'reg_lambda': 3, 'reg_alpha': 0.1, 'min_child_weight': 1, 'max_depth': 8, 'learning_rate': 0.05, 'gamma': 0, 'colsample_bytree': 0.7, 'colsample_bylevel': 0.8, 'n_estimators': 300}",0.873977873977874,repeated_stratified,7,3,full,combined
8,8,1.0,8,5,0.625,8,4,0.5,0.7083333333333334,0.7071895424836602,0.8671875,8,0,0,0,5,3,0,4,4,P05,xgb,150,"{'subsample': 0.6, 'reg_lambda': 10, 'reg_alpha': 0.5, 'min_child_weight': 1, 'max_depth': 2, 'learning_rate': 0.05, 'gamma': 0.1, 'colsample_bytree': 0.6, 'colsample_bylevel': 0.6, 'n_estimators': 300}",0.8417267917267917,repeated_stratified,7,4,full,combined
8,8,1.0,8,3,0.375,8,3,0.375,0.5833333333333334,0.5833333333333334,0.7604166666666666,8,0,0,0,3,5,0,5,3,P05,xgb,150,"{'subsample': 0.6, 'reg_lambda': 3, 'reg_alpha': 0.1, 'min_child_weight': 1, 'max_depth': 8, 'learning_rate': 0.05, 'gamma': 0, 'colsample_bytree': 0.7, 'colsample_bylevel': 0.8, 'n_estimators': 300}",0.8912217412217412,repeated_stratified,8,0,full,combined
8,8,1.0,8,4,0.5,8,6,0.75,0.75,0.746031746031746,0.90625,8,0,0,0,4,4,0,2,6,P05,xgb,150,"{'subsample': 0.6, 'reg_lambda': 5, 'reg_alpha': 0.5, 'min_child_weight': 1, 'max_depth': 8, 'learning_rate': 0.03, 'gamma': 0.3, 'colsample_bytree': 0.6, 'colsample_bylevel': 0.6, 'n_estimators': 300}",0.8770803270803271,repeated_stratified,8,1,full,combined
8,7,0.875,8,3,0.375,8,5,0.625,0.625,0.6296296296296297,0.8359375,7,1,0,0,3,5,0,3,5,P05,xgb,149,"{'subsample': 0.6, 'reg_lambda': 3, 'reg_alpha': 0.1, 'min_child_weight': 1, 'max_depth': 8, 'learning_rate': 0.05, 'gamma': 0, 'colsample_bytree': 0.7, 'colsample_bylevel': 0.8, 'n_estimators': 300}",0.902044252044252,repeated_stratified,8,2,full,combined
8,7,0.875,8,4,0.5,8,3,0.375,0.5833333333333334,0.5818627450980393,0.7760416666666666,7,1,0,0,4,4,1,4,3,P05,xgb,150,"{'subsample': 0.6, 'reg_lambda': 3, 'reg_alpha': 0.1, 'min_child_weight': 1, 'max_depth': 8, 'learning_rate': 0.05, 'gamma': 0, 'colsample_bytree': 0.7, 'colsample_bylevel': 0.8, 'n_estimators': 300}",0.93015873015873,repeated_stratified,8,3,full,combined
8,8,1.0,8,4,0.5,8,5,0.625,0.7083333333333334,0.7071895424836602,0.8619791666666666,8,0,0,0,4,4,0,3,5,P05,xgb,149,"{'subsample': 0.6, 'reg_lambda': 3, 'reg_alpha': 0.1, 'min_child_weight': 1, 'max_depth': 2, 'learning_rate': 0.05, 'gamma': 0, 'colsample_bytree': 0.7, 'colsample_bylevel': 0.6, 'n_estimators': 300}",0.8688071188071188,repeated_stratified,8,4,full,combined
8,8,1.0,8,7,0.875,8,6,0.75,0.875,0.8720588235294118,0.8958333333333334,8,0,0,0,7,1,1,1,6,P05,xgb,150,"{'subsample': 0.6, 'reg_lambda': 3, 'reg_alpha': 0.1, 'min_child_weight': 1, 'max_depth': 8, 'learning_rate': 0.05, 'gamma': 0, 'colsample_bytree': 0.7, 'colsample_bylevel': 0.8, 'n_estimators': 300}",0.9056277056277056,repeated_stratified,9,0,full,combined
8,7,0.875,8,4,0.5,8,3,0.375,0.5833333333333334,0.5925925925925926,0.734375,7,1,0,0,4,4,0,5,3,P05,xgb,149,"{'subsample': 0.6, 'reg_lambda': 3, 'reg_alpha': 0.1, 'min_child_weight': 1, 'max_depth': 2, 'learning_rate': 0.05, 'gamma': 0, 'colsample_bytree': 0.7, 'colsample_bylevel': 0.6, 'n_estimators': 300}",0.8575517075517075,repeated_stratified,9,1,full,combined
8,8,1.0,8,3,0.375,8,5,0.625,0.6666666666666666,0.6613756613756614,0.8541666666666666,8,0,0,0,3,5,0,3,5,P05,xgb,149,"{'subsample': 0.6, 'reg_lambda': 3, 'reg_alpha': 0.1, 'min_child_weight': 1, 'max_depth': 2, 'learning_rate': 0.05, 'gamma': 0, 'colsample_bytree': 0.7, 'colsample_bylevel': 0.6, 'n_estimators': 300}",0.8987734487734488,repeated_stratified,9,2,full,combined
8,8,1.0,8,5,0.625,8,1,0.125,0.5833333333333334,0.5555555555555556,0.7630208333333334,8,0,0,0,5,3,0,7,1,P05,xgb,150,"{'subsample': 0.6, 'reg_lambda': 1, 'reg_alpha': 0, 'min_child_weight': 1, 'max_depth': 2, 'learning_rate': 0.03, 'gamma': 0, 'colsample_bytree': 0.6, 'colsample_bylevel': 0.6, 'n_estimators': 300}",0.8556036556036556,repeated_stratified,9,3,full,combined
8,8,1.0,8,5,0.625,8,6,0.75,0.7916666666666666,0.7859477124183006,0.890625,8,0,0,1,5,2,0,2,6,P05,xgb,150,"{'subsample': 0.6, 'reg_lambda': 3, 'reg_alpha': 0.1, 'min_child_weight': 1, 'max_depth': 2, 'learning_rate': 0.05, 'gamma': 0, 'colsample_bytree': 0.7, 'colsample_bylevel': 0.6, 'n_estimators': 300}",0.9204184704184704,repeated_stratified,9,4,full,combined
8,8,1.0,8,4,0.5,8,6,0.75,0.75,0.7410759175465058,0.9036458333333334,8,0,0,0,4,4,1,1,6,P06,xgb,150,"{'subsample': 0.6, 'reg_lambda': 1, 'reg_alpha': 0, 'min_child_weight': 1, 'max_depth': 2, 'learning_rate': 0.03, 'gamma': 0, 'colsample_bytree': 0.6, 'colsample_bylevel': 0.6, 'n_estimators': 300}",0.8172438672438673,repeated_stratified,0,0,full,combined
8,8,1.0,8,3,0.375,8,3,0.375,0.5833333333333334,0.5833333333333334,0.8177083333333334,8,0,0,0,3,5,0,5,3,P06,xgb,150,"{'subsample': 0.6, 'reg_lambda': 1, 'reg_alpha': 0, 'min_child_weight': 1, 'max_depth': 2, 'learning_rate': 0.03, 'gamma': 0, 'colsample_bytree': 0.6, 'colsample_bylevel': 0.6, 'n_estimators': 300}",0.8616402116402115,repeated_stratified,0,1,full,combined
8,8,1.0,8,6,0.75,8,4,0.5,0.75,0.746031746031746,0.8723958333333334,8,0,0,0,6,2,0,4,4,P06,xgb,148,"{'subsample': 0.6, 'reg_lambda': 3, 'reg_alpha': 0.1, 'min_child_weight': 1, 'max_depth': 2, 'learning_rate': 0.05, 'gamma': 0, 'colsample_bytree': 0.7, 'colsample_bylevel': 0.6, 'n_estimators': 300}",0.9353294853294852,repeated_stratified,0,2,full,combined
8,8,1.0,8,3,0.375,8,3,0.375,0.5833333333333334,0.5720588235294118,0.8203125,8,0,0,1,3,4,0,5,3,P06,xgb,147,"{'subsample': 0.6, 'reg_lambda': 1, 'reg_alpha': 0, 'min_child_weight': 1, 'max_depth': 2, 'learning_rate': 0.03, 'gamma': 0, 'colsample_bytree': 0.6, 'colsample_bylevel': 0.6, 'n_estimators': 300}",0.8925925925925925,repeated_stratified,0,3,full,combined
8,8,1.0,8,5,0.625,8,4,0.5,0.7083333333333334,0.7002801120448178,0.9036458333333334,8,0,0,1,5,2,0,4,4,P06,xgb,150,"{'subsample': 0.6, 'reg_lambda': 1, 'reg_alpha': 0, 'min_child_weight': 1, 'max_depth': 2, 'learning_rate': 0.03, 'gamma': 0, 'colsample_bytree': 0.6, 'colsample_bylevel': 0.6, 'n_estimators': 300}",0.881914381914382,repeated_stratified,0,4,full,combined
8,8,1.0,8,2,0.25,8,5,0.625,0.625,0.6014747779453662,0.828125,8,0,0,1,2,5,0,3,5,P06,xgb,150,"{'subsample': 0.6, 'reg_lambda': 3, 'reg_alpha': 0.1, 'min_child_weight': 1, 'max_depth': 8, 'learning_rate': 0.05, 'gamma': 0, 'colsample_bytree': 0.7, 'colsample_bylevel': 0.8, 'n_estimators': 300}",0.8571909571909572,repeated_stratified,1,0,full,combined
8,7,0.875,8,5,0.625,8,2,0.25,0.5833333333333334,0.5803418803418804,0.7916666666666666,7,1,0,0,5,3,0,6,2,P06,xgb,149,"{'subsample': 0.6, 'reg_lambda': 1, 'reg_alpha': 0, 'min_child_weight': 1, 'max_depth': 2, 'learning_rate': 0.03, 'gamma': 0, 'colsample_bytree': 0.6, 'colsample_bylevel': 0.6, 'n_estimators': 300}",0.9505291005291006,repeated_stratified,1,1,full,combined
8,8,1.0,8,6,0.75,8,3,0.375,0.7083333333333334,0.6977058029689608,0.8463541666666666,8,0,0,0,6,2,0,5,3,P06,xgb,123,"{'subsample': 0.6, 'reg_lambda': 1, 'reg_alpha': 0, 'min_child_weight': 1, 'max_depth': 2, 'learning_rate': 0.03, 'gamma': 0, 'colsample_bytree': 0.6, 'colsample_bylevel': 0.6, 'n_estimators': 300}",0.8853535353535354,repeated_stratified,1,2,full,combined
8,8,1.0,8,4,0.5,8,7,0.875,0.7916666666666666,0.7840755735492578,0.8489583333333334,8,0,0,0,4,4,0,1,7,P06,xgb,150,"{'subsample': 0.6, 'reg_lambda': 3, 'reg_alpha': 0.1, 'min_child_weight': 1, 'max_depth': 8, 'learning_rate': 0.05, 'gamma': 0, 'colsample_bytree': 0.7, 'colsample_bylevel': 0.8, 'n_estimators': 300}",0.8648629148629149,repeated_stratified,1,3,full,combined
8,8,1.0,8,6,0.75,8,4,0.5,0.75,0.7410759175465058,0.8489583333333334,8,0,0,1,6,1,0,4,4,P06,xgb,150,"{'subsample': 0.6, 'reg_lambda': 3, 'reg_alpha': 0.1, 'min_child_weight': 1, 'max_depth': 2, 'learning_rate': 0.05, 'gamma': 0, 'colsample_bytree': 0.7, 'colsample_bylevel': 0.6, 'n_estimators': 300}",0.8634920634920634,repeated_stratified,1,4,full,combined
8,7,0.875,8,4,0.5,8,4,0.5,0.625,0.625,0.8463541666666666,7,0,1,1,4,3,0,4,4,P06,xgb,149,"{'subsample': 0.6, 'reg_lambda': 5, 'reg_alpha': 0.5, 'min_child_weight': 1, 'max_depth': 8, 'learning_rate': 0.03, 'gamma': 0.3, 'colsample_bytree': 0.6, 'colsample_bylevel': 0.6, 'n_estimators': 300}",0.8965127465127464,repeated_stratified,2,0,full,combined
8,8,1.0,8,6,0.75,8,4,0.5,0.75,0.7358299595141701,0.8958333333333334,8,0,0,1,6,1,2,2,4,P06,xgb,149,"{'subsample': 0.6, 'reg_lambda': 10, 'reg_alpha': 0.1, 'min_child_weight': 1, 'max_depth': 8, 'learning_rate': 0.03, 'gamma': 0.3, 'colsample_bytree': 0.6, 'colsample_bylevel': 0.8, 'n_estimators': 300}",0.8683261183261183,repeated_stratified,2,1,full,combined
8,7,0.875,8,3,0.375,8,4,0.5,0.5833333333333334,0.5745098039215687,0.8203125,7,0,1,2,3,3,0,4,4,P06,xgb,149,"{'subsample': 0.6, 'reg_lambda': 3, 'reg_alpha': 0.1, 'min_child_weight': 1, 'max_depth': 8, 'learning_rate': 0.05, 'gamma': 0, 'colsample_bytree': 0.7, 'colsample_bylevel': 0.8, 'n_estimators': 300}",0.8767195767195767,repeated_stratified,2,2,full,combined
8,8,1.0,8,3,0.375,8,4,0.5,0.625,0.6235294117647059,0.7916666666666666,8,0,0,0,3,5,0,4,4,P06,xgb,150,"{'subsample': 0.6, 'reg_lambda': 10, 'reg_alpha': 0.5, 'min_child_weight': 1, 'max_depth': 2, 'learning_rate': 0.05, 'gamma': 0.1, 'colsample_bytree': 0.6, 'colsample_bylevel': 0.6, 'n_estimators': 300}",0.9047138047138048,repeated_stratified,2,3,full,combined
8,8,1.0,8,6,0.75,8,4,0.5,0.75,0.746031746031746,0.859375,8,0,0,0,6,2,0,4,4,P06,xgb,150,"{'subsample': 0.6, 'reg_lambda': 3, 'reg_alpha': 0.1, 'min_child_weight': 1, 'max_depth': 2, 'learning_rate': 0.05, 'gamma': 0, 'colsample_bytree': 0.7, 'colsample_bylevel': 0.6, 'n_estimators': 300}",0.951106301106301,repeated_stratified,2,4,full,combined
8,8,1.0,8,3,0.375,8,4,0.5,0.625,0.6058201058201058,0.7786458333333334,8,0,0,1,3,4,1,3,4,P06,xgb,149,"{'subsample': 0.6, 'reg_lambda': 3, 'reg_alpha': 0.1, 'min_child_weight': 1, 'max_depth': 8, 'learning_rate': 0.05, 'gamma': 0, 'colsample_bytree': 0.7, 'colsample_bylevel': 0.8, 'n_estimators': 300}",0.8993987493987494,repeated_stratified,3,0,full,combined
8,8,1.0,8,2,0.25,8,2,0.25,0.5,0.5,0.7135416666666666,8,0,0,0,2,6,0,6,2,P06,xgb,150,"{'subsample': 0.6, 'reg_lambda': 3, 'reg_alpha': 0.1, 'min_child_weight': 1, 'max_depth': 8, 'learning_rate': 0.05, 'gamma': 0, 'colsample_bytree': 0.7, 'colsample_bylevel': 0.8, 'n_estimators': 300}",0.865945165945166,repeated_stratified,3,1,full,combined
8,8,1.0,8,6,0.75,8,1,0.125,0.625,0.5844155844155844,0.7916666666666666,8,0,0,0,6,2,0,7,1,P06,xgb,149,"{'subsample': 0.8, 'reg_lambda': 1, 'reg_alpha': 0, 'min_child_weight': 1, 'max_depth': 8, 'learning_rate': 0.01, 'gamma': 0.3, 'colsample_bytree': 0.6, 'colsample_bylevel': 0.8, 'n_estimators': 300}",0.921813371813372,repeated_stratified,3,2,full,combined
8,7,0.875,8,6,0.75,8,5,0.625,0.75,0.7491830065359477,0.8854166666666666,7,0,1,1,6,1,0,3,5,P06,xgb,148,"{'subsample': 0.6, 'reg_lambda': 1, 'reg_alpha': 0, 'min_child_weight': 1, 'max_depth': 2, 'learning_rate': 0.03, 'gamma': 0, 'colsample_bytree': 0.6, 'colsample_bylevel': 0.6, 'n_estimators': 300}",0.8642857142857143,repeated_stratified,3,3,full,combined
8,8,1.0,8,4,0.5,8,4,0.5,0.6666666666666666,0.6581699346405229,0.8541666666666666,8,0,0,1,4,3,0,4,4,P06,xgb,150,"{'subsample': 0.6, 'reg_lambda': 3, 'reg_alpha': 0.1, 'min_child_weight': 1, 'max_depth': 8, 'learning_rate': 0.05, 'gamma': 0, 'colsample_bytree': 0.7, 'colsample_bylevel': 0.8, 'n_estimators': 300}",0.9008177008177009,repeated_stratified,3,4,full,combined
8,8,1.0,8,4,0.5,8,2,0.25,0.5833333333333334,0.5767195767195767,0.7734375,8,0,0,0,4,4,0,6,2,P06,xgb,150,"{'subsample': 0.6, 'reg_lambda': 1, 'reg_alpha': 0, 'min_child_weight': 1, 'max_depth': 2, 'learning_rate': 0.03, 'gamma': 0, 'colsample_bytree': 0.6, 'colsample_bylevel': 0.6, 'n_estimators': 300}",0.8692159692159692,repeated_stratified,4,0,full,combined
8,8,1.0,8,5,0.625,8,5,0.625,0.75,0.75,0.8619791666666666,8,0,0,0,5,3,0,3,5,P06,xgb,150,"{'subsample': 0.6, 'reg_lambda': 1, 'reg_alpha': 0, 'min_child_weight': 1, 'max_depth': 2, 'learning_rate': 0.03, 'gamma': 0, 'colsample_bytree': 0.6, 'colsample_bylevel': 0.6, 'n_estimators': 300}",0.8277777777777778,repeated_stratified,4,1,full,combined
8,8,1.0,8,4,0.5,8,2,0.25,0.5833333333333334,0.5557231439584381,0.859375,8,0,0,1,4,3,1,5,2,P06,xgb,150,"{'subsample': 0.6, 'reg_lambda': 3, 'reg_alpha': 0.1, 'min_child_weight': 1, 'max_depth': 8, 'learning_rate': 0.05, 'gamma': 0, 'colsample_bytree': 0.7, 'colsample_bylevel': 0.8, 'n_estimators': 300}",0.9173881673881676,repeated_stratified,4,2,full,combined
8,8,1.0,8,3,0.375,8,3,0.375,0.5833333333333334,0.5720588235294118,0.8229166666666666,8,0,0,1,3,4,0,5,3,P06,xgb,149,"{'subsample': 0.6, 'reg_lambda': 1, 'reg_alpha': 0, 'min_child_weight': 1, 'max_depth': 2, 'learning_rate': 0.03, 'gamma': 0, 'colsample_bytree': 0.6, 'colsample_bylevel': 0.6, 'n_estimators': 300}",0.8865800865800866,repeated_stratified,4,3,full,combined
8,7,0.875,8,6,0.75,8,3,0.375,0.6666666666666666,0.6644945697577277,0.8098958333333334,7,0,1,0,6,2,0,5,3,P06,xgb,150,"{'subsample': 0.8, 'reg_lambda': 5, 'reg_alpha': 0.1, 'min_child_weight': 1, 'max_depth': 8, 'learning_rate': 0.03, 'gamma': 0, 'colsample_bytree': 0.6, 'colsample_bylevel': 0.6, 'n_estimators': 300}",0.8588263588263588,repeated_stratified,4,4,full,combined
8,8,1.0,8,6,0.75,8,2,0.25,0.6666666666666666,0.6353629170966631,0.8645833333333334,8,0,0,0,6,2,1,5,2,P06,xgb,140,"{'subsample': 0.6, 'reg_lambda': 5, 'reg_alpha': 0.5, 'min_child_weight': 1, 'max_depth': 8, 'learning_rate': 0.03, 'gamma': 0.3, 'colsample_bytree': 0.6, 'colsample_bylevel': 0.6, 'n_estimators': 300}",0.8551467051467051,repeated_stratified,5,0,full,combined
8,8,1.0,8,3,0.375,8,4,0.5,0.625,0.6134453781512605,0.7994791666666666,8,0,0,0,3,5,1,3,4,P06,xgb,149,"{'subsample': 0.8, 'reg_lambda': 10, 'reg_alpha': 0, 'min_child_weight': 1, 'max_depth': 4, 'learning_rate': 0.03, 'gamma': 0, 'colsample_bytree': 0.6, 'colsample_bylevel': 0.8, 'n_estimators': 300}",0.9423520923520924,repeated_stratified,5,1,full,combined
8,8,1.0,8,4,0.5,8,5,0.625,0.7083333333333334,0.700280112044818,0.8723958333333334,8,0,0,0,4,4,1,2,5,P06,xgb,150,"{'subsample': 0.8, 'reg_lambda': 10, 'reg_alpha': 0, 'min_child_weight': 1, 'max_depth': 4, 'learning_rate': 0.03, 'gamma': 0, 'colsample_bytree': 0.6, 'colsample_bylevel': 0.8, 'n_estimators': 300}",0.8940836940836941,repeated_stratified,5,2,full,combined
8,8,1.0,8,4,0.5,8,2,0.25,0.5833333333333334,0.5644377409083291,0.8098958333333334,8,0,0,1,4,3,0,6,2,P06,xgb,150,"{'subsample': 0.6, 'reg_lambda': 1, 'reg_alpha': 0, 'min_child_weight': 1, 'max_depth': 2, 'learning_rate': 0.03, 'gamma': 0, 'colsample_bytree': 0.6, 'colsample_bylevel': 0.6, 'n_estimators': 300}",0.8452380952380952,repeated_stratified,5,3,full,combined
8,7,0.875,8,5,0.625,8,3,0.375,0.625,0.6197089947089948,0.8463541666666666,7,0,1,1,5,2,0,5,3,P06,xgb,150,"{'subsample': 0.6, 'reg_lambda': 1, 'reg_alpha': 0, 'min_child_weight': 1, 'max_depth': 2, 'learning_rate': 0.03, 'gamma': 0, 'colsample_bytree': 0.6, 'colsample_bylevel': 0.6, 'n_estimators': 300}",0.8506012506012506,repeated_stratified,5,4,full,combined
8,8,1.0,8,5,0.625,8,6,0.75,0.7916666666666666,0.7908496732026143,0.859375,8,0,0,0,5,3,0,2,6,P06,xgb,150,"{'subsample': 0.8, 'reg_lambda': 10, 'reg_alpha': 0, 'min_child_weight': 1, 'max_depth': 8, 'learning_rate': 0.05, 'gamma': 0, 'colsample_bytree': 0.7, 'colsample_bylevel': 0.6, 'n_estimators': 300}",0.8195286195286196,repeated_stratified,6,0,full,combined
8,8,1.0,8,3,0.375,8,3,0.375,0.5833333333333334,0.5833333333333334,0.8020833333333334,8,0,0,0,3,5,0,5,3,P06,xgb,150,"{'subsample': 0.6, 'reg_lambda': 1, 'reg_alpha': 0, 'min_child_weight': 1, 'max_depth': 2, 'learning_rate': 0.03, 'gamma': 0, 'colsample_bytree': 0.6, 'colsample_bylevel': 0.6, 'n_estimators': 300}",0.9271284271284272,repeated_stratified,6,1,full,combined
8,8,1.0,8,3,0.375,8,5,0.625,0.6666666666666666,0.6462208815149992,0.8385416666666666,8,0,0,1,3,4,1,2,5,P06,xgb,150,"{'subsample': 0.6, 'reg_lambda': 1, 'reg_alpha': 0, 'min_child_weight': 1, 'max_depth': 2, 'learning_rate': 0.03, 'gamma': 0, 'colsample_bytree': 0.6, 'colsample_bylevel': 0.6, 'n_estimators': 300}",0.8575998075998076,repeated_stratified,6,2,full,combined
8,8,1.0,8,4,0.5,8,4,0.5,0.6666666666666666,0.6666666666666666,0.8411458333333334,8,0,0,0,4,4,0,4,4,P06,xgb,150,"{'subsample': 0.6, 'reg_lambda': 3, 'reg_alpha': 0.1, 'min_child_weight': 1, 'max_depth': 8, 'learning_rate': 0.05, 'gamma': 0, 'colsample_bytree': 0.7, 'colsample_bylevel': 0.8, 'n_estimators': 300}",0.8714526214526214,repeated_stratified,6,3,full,combined
8,8,1.0,8,5,0.625,8,4,0.5,0.7083333333333334,0.7002801120448178,0.8776041666666666,8,0,0,1,5,2,0,4,4,P06,xgb,149,"{'subsample': 0.6, 'reg_lambda': 1, 'reg_alpha': 0, 'min_child_weight': 1, 'max_depth': 2, 'learning_rate': 0.03, 'gamma': 0, 'colsample_bytree': 0.6, 'colsample_bylevel': 0.6, 'n_estimators': 300}",0.8707070707070708,repeated_stratified,6,4,full,combined
8,7,0.875,8,4,0.5,8,7,0.875,0.75,0.7495726495726496,0.8515625,7,0,1,0,4,4,0,1,7,P06,xgb,149,"{'subsample': 0.6, 'reg_lambda': 1, 'reg_alpha': 0, 'min_child_weight': 1, 'max_depth': 2, 'learning_rate': 0.03, 'gamma': 0, 'colsample_bytree': 0.6, 'colsample_bylevel': 0.6, 'n_estimators': 300}",0.916065416065416,repeated_stratified,7,0,full,combined
8,8,1.0,8,3,0.375,8,2,0.25,0.5416666666666666,0.5165343915343915,0.7890625,8,0,0,1,3,4,1,5,2,P06,xgb,150,"{'subsample': 0.6, 'reg_lambda': 1, 'reg_alpha': 0, 'min_child_weight': 1, 'max_depth': 2, 'learning_rate': 0.03, 'gamma': 0, 'colsample_bytree': 0.6, 'colsample_bylevel': 0.6, 'n_estimators': 300}",0.8603415103415104,repeated_stratified,7,1,full,combined
8,8,1.0,8,2,0.25,8,4,0.5,0.5833333333333334,0.565826330532213,0.78125,8,0,0,1,2,5,0,4,4,P06,xgb,150,"{'subsample': 0.6, 'reg_lambda': 3, 'reg_alpha': 0.1, 'min_child_weight': 1, 'max_depth': 8, 'learning_rate': 0.05, 'gamma': 0, 'colsample_bytree': 0.7, 'colsample_bylevel': 0.8, 'n_estimators': 300}",0.9146945646945648,repeated_stratified,7,2,full,combined
8,8,1.0,8,4,0.5,8,5,0.625,0.7083333333333334,0.7071895424836602,0.8619791666666666,8,0,0,0,4,4,0,3,5,P06,xgb,121,"{'subsample': 1.0, 'reg_lambda': 5, 'reg_alpha': 0.1, 'min_child_weight': 1, 'max_depth': 8, 'learning_rate': 0.03, 'gamma': 0.1, 'colsample_bytree': 0.7, 'colsample_bylevel': 0.8, 'n_estimators': 300}",0.8977392977392976,repeated_stratified,7,3,full,combined
8,8,1.0,8,3,0.375,8,2,0.25,0.5416666666666666,0.5276143790849673,0.7890625,8,0,0,0,3,5,1,5,2,P06,xgb,150,"{'subsample': 0.6, 'reg_lambda': 1, 'reg_alpha': 0, 'min_child_weight': 1, 'max_depth': 2, 'learning_rate': 0.03, 'gamma': 0, 'colsample_bytree': 0.6, 'colsample_bylevel': 0.6, 'n_estimators': 300}",0.8628667628667629,repeated_stratified,7,4,full,combined
8,8,1.0,8,5,0.625,8,4,0.5,0.7083333333333334,0.7002801120448178,0.8515625,8,0,0,1,5,2,0,4,4,P06,xgb,149,"{'subsample': 0.6, 'reg_lambda': 3, 'reg_alpha': 0.1, 'min_child_weight': 1, 'max_depth': 8, 'learning_rate': 0.05, 'gamma': 0, 'colsample_bytree': 0.7, 'colsample_bylevel': 0.8, 'n_estimators': 300}",0.8778018278018279,repeated_stratified,8,0,full,combined
8,7,0.875,8,6,0.75,8,3,0.375,0.6666666666666666,0.6644945697577277,0.8463541666666666,7,0,1,0,6,2,0,5,3,P06,xgb,150,"{'subsample': 0.6, 'reg_lambda': 3, 'reg_alpha': 0.1, 'min_child_weight': 1, 'max_depth': 8, 'learning_rate': 0.05, 'gamma': 0, 'colsample_bytree': 0.7, 'colsample_bylevel': 0.8, 'n_estimators': 300}",0.9132275132275132,repeated_stratified,8,1,full,combined
8,8,1.0,8,4,0.5,8,3,0.375,0.625,0.6134453781512604,0.84375,8,0,0,1,4,3,0,5,3,P06,xgb,150,"{'subsample': 0.6, 'reg_lambda': 1, 'reg_alpha': 0, 'min_child_weight': 1, 'max_depth': 2, 'learning_rate': 0.03, 'gamma': 0, 'colsample_bytree': 0.6, 'colsample_bylevel': 0.6, 'n_estimators': 300}",0.8852573352573353,repeated_stratified,8,2,full,combined
8,8,1.0,8,4,0.5,8,5,0.625,0.7083333333333334,0.7071895424836602,0.8619791666666666,8,0,0,0,4,4,0,3,5,P06,xgb,148,"{'subsample': 0.6, 'reg_lambda': 10, 'reg_alpha': 0.1, 'min_child_weight': 1, 'max_depth': 8, 'learning_rate': 0.03, 'gamma': 0.3, 'colsample_bytree': 0.6, 'colsample_bylevel': 0.8, 'n_estimators': 300}",0.8599086099086098,repeated_stratified,8,3,full,combined
8,8,1.0,8,3,0.375,8,5,0.625,0.6666666666666666,0.6613756613756614,0.8072916666666666,8,0,0,0,3,5,0,3,5,P06,xgb,147,"{'subsample': 0.6, 'reg_lambda': 1, 'reg_alpha': 0, 'min_child_weight': 1, 'max_depth': 2, 'learning_rate': 0.03, 'gamma': 0, 'colsample_bytree': 0.6, 'colsample_bylevel': 0.6, 'n_estimators': 300}",0.8532948532948533,repeated_stratified,8,4,full,combined
8,8,1.0,8,4,0.5,8,2,0.25,0.5833333333333334,0.5767195767195767,0.7890625,8,0,0,0,4,4,0,6,2,P06,xgb,150,"{'subsample': 0.6, 'reg_lambda': 10, 'reg_alpha': 0.1, 'min_child_weight': 1, 'max_depth': 8, 'learning_rate': 0.03, 'gamma': 0.3, 'colsample_bytree': 0.6, 'colsample_bylevel': 0.8, 'n_estimators': 300}",0.8713083213083214,repeated_stratified,9,0,full,combined
8,8,1.0,8,3,0.375,8,1,0.125,0.5,0.4689153439153439,0.7916666666666666,8,0,0,0,3,5,2,5,1,P06,xgb,149,"{'subsample': 0.6, 'reg_lambda': 5, 'reg_alpha': 0.5, 'min_child_weight': 1, 'max_depth': 8, 'learning_rate': 0.03, 'gamma': 0.3, 'colsample_bytree': 0.6, 'colsample_bylevel': 0.6, 'n_estimators': 300}",0.8933381433381432,repeated_stratified,9,1,full,combined
8,8,1.0,8,5,0.625,8,4,0.5,0.7083333333333334,0.7002801120448178,0.8359375,8,0,0,1,5,2,0,4,4,P06,xgb,149,"{'subsample': 0.8, 'reg_lambda': 1, 'reg_alpha': 0.1, 'min_child_weight': 1, 'max_depth': 4, 'learning_rate': 0.05, 'gamma': 0.5, 'colsample_bytree': 0.7, 'colsample_bylevel': 0.6, 'n_estimators': 300}",0.8712121212121212,repeated_stratified,9,2,full,combined
8,8,1.0,8,6,0.75,8,2,0.25,0.6666666666666666,0.6349376114081996,0.8255208333333334,8,0,0,1,6,1,0,6,2,P06,xgb,150,"{'subsample': 0.6, 'reg_lambda': 3, 'reg_alpha': 0.1, 'min_child_weight': 1, 'max_depth': 8, 'learning_rate': 0.05, 'gamma': 0, 'colsample_bytree': 0.7, 'colsample_bylevel': 0.8, 'n_estimators': 300}",0.8154160654160654,repeated_stratified,9,3,full,combined
8,7,0.875,8,7,0.875,8,6,0.75,0.8333333333333334,0.837037037037037,0.9166666666666666,7,1,0,0,7,1,0,2,6,P06,xgb,150,"{'subsample': 0.8, 'reg_lambda': 10, 'reg_alpha': 0, 'min_child_weight': 1, 'max_depth': 8, 'learning_rate': 0.05, 'gamma': 0, 'colsample_bytree': 0.7, 'colsample_bylevel': 0.6, 'n_estimators': 300}",0.846849446849447,repeated_stratified,9,4,full,combined
9,9,1.0,8,8,1.0,9,8,0.8888888888888888,0.9615384615384616,0.9628482972136222,0.9912854030501088,9,0,0,0,8,0,1,0,8,P07,xgb,58,"{'subsample': 0.8, 'reg_lambda': 10, 'reg_alpha': 0, 'min_child_weight': 1, 'max_depth': 8, 'learning_rate': 0.05, 'gamma': 0, 'colsample_bytree': 0.7, 'colsample_bylevel': 0.6, 'n_estimators': 300}",0.9927118762757762,repeated_stratified,0,0,full,combined
9,9,1.0,8,8,1.0,9,7,0.7777777777777778,0.9230769230769232,0.9211816305469556,1.0,9,0,0,0,8,0,1,1,7,P07,xgb,55,"{'subsample': 0.8, 'reg_lambda': 1, 'reg_alpha': 0, 'min_child_weight': 1, 'max_depth': 8, 'learning_rate': 0.01, 'gamma': 0.3, 'colsample_bytree': 0.6, 'colsample_bylevel': 0.8, 'n_estimators': 300}",0.9675529052999408,repeated_stratified,0,1,full,combined
8,7,0.875,8,8,1.0,9,8,0.8888888888888888,0.92,0.9212962962962964,0.9904684095860566,7,0,1,0,8,0,1,0,8,P07,xgb,51,"{'subsample': 1.0, 'reg_lambda': 3, 'reg_alpha': 0.5, 'min_child_weight': 1, 'max_depth': 2, 'learning_rate': 0.05, 'gamma': 0, 'colsample_bytree': 0.7, 'colsample_bylevel': 0.8, 'n_estimators': 300}",0.9850680720245938,repeated_stratified,0,2,full,combined
9,6,0.6666666666666666,8,8,1.0,8,6,0.75,0.8,0.8039215686274511,0.9309640522875816,6,0,3,0,8,0,2,0,6,P07,xgb,52,"{'subsample': 0.8, 'reg_lambda': 5, 'reg_alpha': 0.1, 'min_child_weight': 1, 'max_depth': 8, 'learning_rate': 0.03, 'gamma': 0, 'colsample_bytree': 0.6, 'colsample_bylevel': 0.6, 'n_estimators': 300}",0.9564302444737228,repeated_stratified,0,3,full,combined
9,9,1.0,7,7,1.0,9,4,0.4444444444444444,0.8,0.7993311036789298,0.925925925925926,9,0,0,0,7,0,5,0,4,P07,xgb,32,"{'subsample': 0.6, 'reg_lambda': 1, 'reg_alpha': 0, 'min_child_weight': 1, 'max_depth': 2, 'learning_rate': 0.03, 'gamma': 0, 'colsample_bytree': 0.6, 'colsample_bylevel': 0.6, 'n_estimators': 300}",0.9345447225882008,repeated_stratified,0,4,full,combined
9,8,0.8888888888888888,8,8,1.0,9,9,1.0,0.9615384615384616,0.9628482972136224,0.9912854030501088,8,0,1,0,8,0,0,0,9,P07,xgb,47,"{'subsample': 1.0, 'reg_lambda': 3, 'reg_alpha': 0.5, 'min_child_weight': 1, 'max_depth': 2, 'learning_rate': 0.05, 'gamma': 0, 'colsample_bytree': 0.7, 'colsample_bylevel': 0.8, 'n_estimators': 300}",0.9872456448543404,repeated_stratified,1,0,full,combined
9,7,0.7777777777777778,8,8,1.0,9,7,0.7777777777777778,0.8461538461538461,0.8518518518518517,0.9673202614379084,7,0,2,0,8,0,2,0,7,P07,xgb,55,"{'subsample': 1.0, 'reg_lambda': 3, 'reg_alpha': 0.5, 'min_child_weight': 1, 'max_depth': 2, 'learning_rate': 0.05, 'gamma': 0, 'colsample_bytree': 0.7, 'colsample_bylevel': 0.8, 'n_estimators': 300}",0.9852991455428872,repeated_stratified,1,1,full,combined
8,8,1.0,8,8,1.0,9,8,0.8888888888888888,0.96,0.9607843137254902,0.9761710239651415,8,0,0,0,8,0,1,0,8,P07,xgb,54,"{'subsample': 0.8, 'reg_lambda': 10, 'reg_alpha': 0, 'min_child_weight': 1, 'max_depth': 4, 'learning_rate': 0.03, 'gamma': 0, 'colsample_bytree': 0.6, 'colsample_bylevel': 0.8, 'n_estimators': 300}",0.9786817449860928,repeated_stratified,1,2,full,combined
9,8,0.8888888888888888,8,8,1.0,8,8,1.0,0.96,0.9607843137254902,0.9904684095860566,8,0,1,0,8,0,0,0,8,P07,xgb,58,"{'subsample': 0.8, 'reg_lambda': 1, 'reg_alpha': 0, 'min_child_weight': 1, 'max_depth': 4, 'learning_rate': 0.01, 'gamma': 0, 'colsample_bytree': 0.7, 'colsample_bylevel': 0.8, 'n_estimators': 300}",0.9795966915532132,repeated_stratified,1,3,full,combined
9,3,0.3333333333333333,7,7,1.0,9,7,0.7777777777777778,0.68,0.677078477078477,0.8611111111111112,3,0,6,0,7,0,1,1,7,P07,xgb,17,"{'subsample': 0.8, 'reg_lambda': 1, 'reg_alpha': 0, 'min_child_weight': 1, 'max_depth': 4, 'learning_rate': 0.01, 'gamma': 0, 'colsample_bytree': 0.7, 'colsample_bylevel': 0.8, 'n_estimators': 300}",0.924864587908066,repeated_stratified,1,4,full,combined
9,8,0.8888888888888888,8,8,1.0,9,9,1.0,0.9615384615384616,0.9628482972136224,0.9956427015250544,8,0,1,0,8,0,0,0,9,P07,xgb,37,"{'subsample': 0.6, 'reg_lambda': 10, 'reg_alpha': 0.5, 'min_child_weight': 1, 'max_depth': 2, 'learning_rate': 0.05, 'gamma': 0.1, 'colsample_bytree': 0.6, 'colsample_bylevel': 0.6, 'n_estimators': 300}",0.9724992411092542,repeated_stratified,2,0,full,combined
9,7,0.7777777777777778,8,8,1.0,9,9,1.0,0.9230769230769232,0.925,0.9847494553376906,7,0,2,0,8,0,0,0,9,P07,xgb,53,"{'subsample': 0.6, 'reg_lambda': 5, 'reg_alpha': 0.5, 'min_child_weight': 1, 'max_depth': 8, 'learning_rate': 0.03, 'gamma': 0.3, 'colsample_bytree': 0.6, 'colsample_bylevel': 0.6, 'n_estimators': 300}",0.9708139174542336,repeated_stratified,2,1,full,combined
8,6,0.75,8,8,1.0,9,5,0.5555555555555556,0.76,0.7638888888888888,0.9071350762527234,6,0,2,0,8,0,4,0,5,P07,xgb,39,"{'subsample': 0.6, 'reg_lambda': 1, 'reg_alpha': 0, 'min_child_weight': 1, 'max_depth': 2, 'learning_rate': 0.03, 'gamma': 0, 'colsample_bytree': 0.6, 'colsample_bylevel': 0.6, 'n_estimators': 300}",0.946658615136876,repeated_stratified,2,2,full,combined
9,7,0.7777777777777778,8,8,1.0,8,8,1.0,0.92,0.9212962962962964,0.9761710239651414,7,0,2,0,8,0,0,0,8,P07,xgb,54,"{'subsample': 0.8, 'reg_lambda': 10, 'reg_alpha': 0, 'min_child_weight': 1, 'max_depth': 8, 'learning_rate': 0.05, 'gamma': 0, 'colsample_bytree': 0.7, 'colsample_bylevel': 0.6, 'n_estimators': 300}",0.9889474454691846,repeated_stratified,2,3,full,combined
9,8,0.8888888888888888,7,7,1.0,9,7,0.7777777777777778,0.88,0.8885448916408668,0.9907407407407408,8,0,1,0,7,0,2,0,7,P07,xgb,50,"{'subsample': 0.8, 'reg_lambda': 1, 'reg_alpha': 0.1, 'min_child_weight': 1, 'max_depth': 4, 'learning_rate': 0.05, 'gamma': 0.5, 'colsample_bytree': 0.7, 'colsample_bylevel': 0.6, 'n_estimators': 300}",0.9315253989167032,repeated_stratified,2,4,full,combined
9,7,0.7777777777777778,8,8,1.0,9,8,0.8888888888888888,0.8846153846153846,0.8885448916408668,0.9673202614379084,7,0,2,0,8,0,1,0,8,P07,xgb,52,"{'subsample': 0.6, 'reg_lambda': 3, 'reg_alpha': 0.1, 'min_child_weight': 1, 'max_depth': 8, 'learning_rate': 0.05, 'gamma': 0, 'colsample_bytree': 0.7, 'colsample_bylevel': 0.8, 'n_estimators': 300}",0.982460672348683,repeated_stratified,3,0,full,combined
9,8,0.8888888888888888,8,8,1.0,9,7,0.7777777777777778,0.8846153846153846,0.8885448916408668,0.915032679738562,8,0,1,0,8,0,2,0,7,P07,xgb,51,"{'subsample': 0.6, 'reg_lambda': 3, 'reg_alpha': 0.1, 'min_child_weight': 1, 'max_depth': 8, 'learning_rate': 0.05, 'gamma': 0, 'colsample_bytree': 0.7, 'colsample_bylevel': 0.8, 'n_estimators': 300}",0.948236521688432,repeated_stratified,3,1,full,combined
8,5,0.625,8,8,1.0,9,7,0.7777777777777778,0.8,0.8011695906432749,0.9285130718954248,5,0,3,0,8,0,2,0,7,P07,xgb,35,"{'subsample': 0.6, 'reg_lambda': 1, 'reg_alpha': 0, 'min_child_weight': 1, 'max_depth': 2, 'learning_rate': 0.03, 'gamma': 0, 'colsample_bytree': 0.6, 'colsample_bylevel': 0.6, 'n_estimators': 300}",0.939156053286488,repeated_stratified,3,2,full,combined
9,7,0.7777777777777778,8,8,1.0,8,7,0.875,0.88,0.8823529411764706,0.9857026143790848,7,0,2,0,8,0,1,0,7,P07,xgb,60,"{'subsample': 1.0, 'reg_lambda': 5, 'reg_alpha': 0.5, 'min_child_weight': 1, 'max_depth': 4, 'learning_rate': 0.03, 'gamma': 0, 'colsample_bytree': 0.6, 'colsample_bylevel': 0.8, 'n_estimators': 300}",0.9834760649978042,repeated_stratified,3,3,full,combined
9,9,1.0,7,7,1.0,9,7,0.7777777777777778,0.92,0.925,1.0,9,0,0,0,7,0,2,0,7,P07,xgb,52,"{'subsample': 0.8, 'reg_lambda': 10, 'reg_alpha': 0, 'min_child_weight': 1, 'max_depth': 8, 'learning_rate': 0.05, 'gamma': 0, 'colsample_bytree': 0.7, 'colsample_bylevel': 0.6, 'n_estimators': 300}",0.9786817449860928,repeated_stratified,3,4,full,combined
9,9,1.0,8,8,1.0,9,8,0.8888888888888888,0.9615384615384616,0.9628482972136222,0.9694989106753812,9,0,0,0,8,0,1,0,8,P07,xgb,51,"{'subsample': 1.0, 'reg_lambda': 5, 'reg_alpha': 0.5, 'min_child_weight': 1, 'max_depth': 4, 'learning_rate': 0.03, 'gamma': 0, 'colsample_bytree': 0.6, 'colsample_bylevel': 0.8, 'n_estimators': 300}",0.9813499826675058,repeated_stratified,4,0,full,combined
9,7,0.7777777777777778,8,8,1.0,9,8,0.8888888888888888,0.8846153846153846,0.8885448916408668,0.9629629629629628,7,0,2,0,8,0,1,0,8,P07,xgb,59,"{'subsample': 1.0, 'reg_lambda': 3, 'reg_alpha': 0.5, 'min_child_weight': 1, 'max_depth': 2, 'learning_rate': 0.05, 'gamma': 0, 'colsample_bytree': 0.7, 'colsample_bylevel': 0.8, 'n_estimators': 300}",0.990355987885632,repeated_stratified,4,1,full,combined
8,7,0.875,8,8,1.0,9,8,0.8888888888888888,0.92,0.9212962962962964,0.9858387799564272,7,0,1,0,8,0,1,0,8,P07,xgb,53,"{'subsample': 1.0, 'reg_lambda': 5, 'reg_alpha': 0.5, 'min_child_weight': 1, 'max_depth': 4, 'learning_rate': 0.03, 'gamma': 0, 'colsample_bytree': 0.6, 'colsample_bylevel': 0.8, 'n_estimators': 300}",0.9825062216366564,repeated_stratified,4,2,full,combined
9,7,0.7777777777777778,8,8,1.0,8,8,1.0,0.92,0.9212962962962964,0.9952342047930284,7,0,2,0,8,0,0,0,8,P07,xgb,59,"{'subsample': 0.6, 'reg_lambda': 10, 'reg_alpha': 0.1, 'min_child_weight': 1, 'max_depth': 8, 'learning_rate': 0.03, 'gamma': 0.3, 'colsample_bytree': 0.6, 'colsample_bylevel': 0.8, 'n_estimators': 300}",0.9786268481920656,repeated_stratified,4,3,full,combined
9,7,0.7777777777777778,7,7,1.0,9,7,0.7777777777777778,0.84,0.844880174291939,0.9398148148148148,7,0,2,0,7,0,1,1,7,P07,xgb,20,"{'subsample': 1.0, 'reg_lambda': 3, 'reg_alpha': 0, 'min_child_weight': 1, 'max_depth': 4, 'learning_rate': 0.01, 'gamma': 0.3, 'colsample_bytree': 0.6, 'colsample_bylevel': 0.6, 'n_estimators': 300}",0.9355145659493486,repeated_stratified,4,4,full,combined
9,7,0.7777777777777778,8,8,1.0,9,8,0.8888888888888888,0.8846153846153846,0.8885448916408668,0.9738562091503268,7,0,2,0,8,0,1,0,8,P07,xgb,54,"{'subsample': 0.8, 'reg_lambda': 5, 'reg_alpha': 0.1, 'min_child_weight': 1, 'max_depth': 8, 'learning_rate': 0.03, 'gamma': 0, 'colsample_bytree': 0.6, 'colsample_bylevel': 0.6, 'n_estimators': 300}",0.982276494792964,repeated_stratified,5,0,full,combined
9,8,0.8888888888888888,8,8,1.0,9,7,0.7777777777777778,0.8846153846153846,0.8885448916408668,0.982570806100218,8,0,1,0,8,0,2,0,7,P07,xgb,59,"{'subsample': 0.6, 'reg_lambda': 3, 'reg_alpha': 0.1, 'min_child_weight': 1, 'max_depth': 2, 'learning_rate': 0.05, 'gamma': 0, 'colsample_bytree': 0.7, 'colsample_bylevel': 0.6, 'n_estimators': 300}",0.9755900177507556,repeated_stratified,5,1,full,combined
8,8,1.0,8,8,1.0,9,8,0.8888888888888888,0.96,0.9607843137254902,1.0,8,0,0,0,8,0,1,0,8,P07,xgb,51,"{'subsample': 0.8, 'reg_lambda': 10, 'reg_alpha': 0, 'min_child_weight': 1, 'max_depth': 4, 'learning_rate': 0.03, 'gamma': 0, 'colsample_bytree': 0.6, 'colsample_bylevel': 0.8, 'n_estimators': 300}",0.9716000585565802,repeated_stratified,5,2,full,combined
9,8,0.8888888888888888,8,8,1.0,8,6,0.75,0.88,0.8807017543859649,0.9523420479302832,8,0,1,0,8,0,2,0,6,P07,xgb,55,"{'subsample': 0.6, 'reg_lambda': 3, 'reg_alpha': 0.1, 'min_child_weight': 1, 'max_depth': 2, 'learning_rate': 0.05, 'gamma': 0, 'colsample_bytree': 0.7, 'colsample_bylevel': 0.6, 'n_estimators': 300}",0.987629922412531,repeated_stratified,5,3,full,combined
9,6,0.6666666666666666,7,7,1.0,9,7,0.7777777777777778,0.8,0.8142414860681115,0.949074074074074,6,0,3,0,7,0,2,0,7,P07,xgb,33,"{'subsample': 0.6, 'reg_lambda': 3, 'reg_alpha': 0.1, 'min_child_weight': 1, 'max_depth': 2, 'learning_rate': 0.05, 'gamma': 0, 'colsample_bytree': 0.7, 'colsample_bylevel': 0.6, 'n_estimators': 300}",0.9470794905577514,repeated_stratified,5,4,full,combined
9,9,1.0,8,8,1.0,9,8,0.8888888888888888,0.9615384615384616,0.9628482972136222,1.0,9,0,0,0,8,0,1,0,8,P07,xgb,49,"{'subsample': 1.0, 'reg_lambda': 3, 'reg_alpha': 0, 'min_child_weight': 1, 'max_depth': 4, 'learning_rate': 0.01, 'gamma': 0.3, 'colsample_bytree': 0.6, 'colsample_bylevel': 0.6, 'n_estimators': 300}",0.98162098112691,repeated_stratified,6,0,full,combined
9,8,0.8888888888888888,8,8,1.0,9,9,1.0,0.9615384615384616,0.9628482972136224,1.0,8,0,1,0,8,0,0,0,9,P07,xgb,54,"{'subsample': 0.8, 'reg_lambda': 1, 'reg_alpha': 0, 'min_child_weight': 1, 'max_depth': 8, 'learning_rate': 0.01, 'gamma': 0.3, 'colsample_bytree': 0.6, 'colsample_bylevel': 0.8, 'n_estimators': 300}",0.9806878148446,repeated_stratified,6,1,full,combined
8,5,0.625,8,8,1.0,9,6,0.6666666666666666,0.76,0.7581699346405228,0.9170751633986928,5,0,3,0,8,0,2,1,6,P07,xgb,20,"{'subsample': 0.8, 'reg_lambda': 10, 'reg_alpha': 0, 'min_child_weight': 1, 'max_depth': 8, 'learning_rate': 0.05, 'gamma': 0, 'colsample_bytree': 0.7, 'colsample_bylevel': 0.6, 'n_estimators': 300}",0.9070048309178744,repeated_stratified,6,2,full,combined
9,9,1.0,8,8,1.0,8,6,0.75,0.92,0.919047619047619,0.9950980392156864,9,0,0,0,8,0,2,0,6,P07,xgb,56,"{'subsample': 0.6, 'reg_lambda': 5, 'reg_alpha': 0, 'min_child_weight': 1, 'max_depth': 2, 'learning_rate': 0.01, 'gamma': 0.3, 'colsample_bytree': 0.7, 'colsample_bylevel': 0.6, 'n_estimators': 300}",0.9730273752012882,repeated_stratified,6,3,full,combined
9,4,0.4444444444444444,7,7,1.0,9,8,0.8888888888888888,0.76,0.7662337662337663,0.9166666666666666,4,0,5,0,7,0,1,0,8,P07,xgb,54,"{'subsample': 0.8, 'reg_lambda': 10, 'reg_alpha': 0.5, 'min_child_weight': 1, 'max_depth': 8, 'learning_rate': 0.01, 'gamma': 0.3, 'colsample_bytree': 0.7, 'colsample_bylevel': 0.6, 'n_estimators': 300}",0.9748206704728444,repeated_stratified,6,4,full,combined
9,6,0.6666666666666666,8,8,1.0,9,6,0.6666666666666666,0.7692307692307693,0.7777777777777777,0.9041394335511984,6,0,3,0,8,0,3,0,6,P07,xgb,55,"{'subsample': 0.6, 'reg_lambda': 1, 'reg_alpha': 0, 'min_child_weight': 1, 'max_depth': 2, 'learning_rate': 0.03, 'gamma': 0, 'colsample_bytree': 0.6, 'colsample_bylevel': 0.6, 'n_estimators': 300}",0.994418825940565,repeated_stratified,7,0,full,combined
9,5,0.5555555555555556,8,8,1.0,9,7,0.7777777777777778,0.7692307692307693,0.775,0.8997821350762528,5,0,4,0,8,0,2,0,7,P07,xgb,42,"{'subsample': 0.6, 'reg_lambda': 1, 'reg_alpha': 0, 'min_child_weight': 1, 'max_depth': 2, 'learning_rate': 0.03, 'gamma': 0, 'colsample_bytree': 0.6, 'colsample_bylevel': 0.6, 'n_estimators': 300}",0.9501103005714336,repeated_stratified,7,1,full,combined
8,8,1.0,8,8,1.0,9,6,0.6666666666666666,0.88,0.8807017543859649,0.9666394335511984,8,0,0,0,8,0,3,0,6,P07,xgb,51,"{'subsample': 0.6, 'reg_lambda': 1, 'reg_alpha': 0, 'min_child_weight': 1, 'max_depth': 2, 'learning_rate': 0.03, 'gamma': 0, 'colsample_bytree': 0.6, 'colsample_bylevel': 0.6, 'n_estimators': 300}",0.9517640169814082,repeated_stratified,7,2,full,combined
9,9,1.0,8,8,1.0,8,7,0.875,0.96,0.9602339181286548,1.0,9,0,0,0,8,0,1,0,7,P07,xgb,50,"{'subsample': 0.8, 'reg_lambda': 5, 'reg_alpha': 0.1, 'min_child_weight': 1, 'max_depth': 8, 'learning_rate': 0.03, 'gamma': 0, 'colsample_bytree': 0.6, 'colsample_bylevel': 0.6, 'n_estimators': 300}",0.949074074074074,repeated_stratified,7,3,full,combined
9,8,0.8888888888888888,7,7,1.0,9,6,0.6666666666666666,0.84,0.85,0.9305555555555556,8,0,1,0,7,0,3,0,6,P07,xgb,53,"{'subsample': 0.6, 'reg_lambda': 5, 'reg_alpha': 0.5, 'min_child_weight': 1, 'max_depth': 8, 'learning_rate': 0.03, 'gamma': 0.3, 'colsample_bytree': 0.6, 'colsample_bylevel': 0.6, 'n_estimators': 300}",0.9287988581466844,repeated_stratified,7,4,full,combined
9,5,0.5555555555555556,8,8,1.0,9,6,0.6666666666666666,0.7307692307692307,0.739938080495356,0.8736383442265795,5,0,4,0,8,0,3,0,6,P07,xgb,32,"{'subsample': 0.8, 'reg_lambda': 5, 'reg_alpha': 0.1, 'min_child_weight': 1, 'max_depth': 8, 'learning_rate': 0.03, 'gamma': 0, 'colsample_bytree': 0.6, 'colsample_bylevel': 0.6, 'n_estimators': 300}",0.9438111905173828,repeated_stratified,8,0,full,combined
9,7,0.7777777777777778,8,8,1.0,9,9,1.0,0.9230769230769232,0.925,0.982570806100218,7,0,2,0,8,0,0,0,9,P07,xgb,53,"{'subsample': 0.8, 'reg_lambda': 10, 'reg_alpha': 0.1, 'min_child_weight': 1, 'max_depth': 16, 'learning_rate': 0.01, 'gamma': 0.1, 'colsample_bytree': 0.6, 'colsample_bylevel': 0.6, 'n_estimators': 300}",0.9710853119944028,repeated_stratified,8,1,full,combined
8,5,0.625,8,8,1.0,9,6,0.6666666666666666,0.76,0.7638888888888888,0.9117647058823528,5,0,3,0,8,0,3,0,6,P07,xgb,56,"{'subsample': 0.6, 'reg_lambda': 10, 'reg_alpha': 0.1, 'min_child_weight': 1, 'max_depth': 8, 'learning_rate': 0.03, 'gamma': 0.3, 'colsample_bytree': 0.6, 'colsample_bylevel': 0.8, 'n_estimators': 300}",0.9530083443126922,repeated_stratified,8,2,full,combined
9,8,0.8888888888888888,8,8,1.0,8,5,0.625,0.84,0.8380952380952381,0.9833877995642702,8,0,1,0,8,0,3,0,5,P07,xgb,36,"{'subsample': 0.6, 'reg_lambda': 1, 'reg_alpha': 0, 'min_child_weight': 1, 'max_depth': 2, 'learning_rate': 0.03, 'gamma': 0, 'colsample_bytree': 0.6, 'colsample_bylevel': 0.6, 'n_estimators': 300}",0.9534292197335676,repeated_stratified,8,3,full,combined
9,8,0.8888888888888888,7,7,1.0,9,8,0.8888888888888888,0.92,0.925925925925926,0.9537037037037036,8,0,1,0,7,0,1,0,8,P07,xgb,53,"{'subsample': 0.6, 'reg_lambda': 1, 'reg_alpha': 0, 'min_child_weight': 1, 'max_depth': 2, 'learning_rate': 0.03, 'gamma': 0, 'colsample_bytree': 0.6, 'colsample_bylevel': 0.6, 'n_estimators': 300}",0.9769799443712488,repeated_stratified,8,4,full,combined
9,7,0.7777777777777778,8,8,1.0,9,6,0.6666666666666666,0.8076923076923077,0.8142414860681115,0.9477124183006534,7,0,2,0,8,0,3,0,6,P07,xgb,26,"{'subsample': 0.6, 'reg_lambda': 1, 'reg_alpha': 0, 'min_child_weight': 1, 'max_depth': 2, 'learning_rate': 0.03, 'gamma': 0, 'colsample_bytree': 0.6, 'colsample_bylevel': 0.6, 'n_estimators': 300}",0.8978081524194831,repeated_stratified,9,0,full,combined
9,8,0.8888888888888888,8,8,1.0,9,6,0.6666666666666666,0.8461538461538461,0.85,0.9346405228758168,8,0,1,0,8,0,3,0,6,P07,xgb,55,"{'subsample': 0.6, 'reg_lambda': 1, 'reg_alpha': 0, 'min_child_weight': 1, 'max_depth': 2, 'learning_rate': 0.03, 'gamma': 0, 'colsample_bytree': 0.6, 'colsample_bylevel': 0.6, 'n_estimators': 300}",0.9557868508790776,repeated_stratified,9,1,full,combined
8,6,0.75,8,8,1.0,9,8,0.8888888888888888,0.88,0.8807017543859649,0.9881535947712418,6,0,2,0,8,0,1,0,8,P07,xgb,56,"{'subsample': 0.8, 'reg_lambda': 1, 'reg_alpha': 0, 'min_child_weight': 1, 'max_depth': 4, 'learning_rate': 0.01, 'gamma': 0, 'colsample_bytree': 0.7, 'colsample_bylevel': 0.8, 'n_estimators': 300}",0.973686136729615,repeated_stratified,9,2,full,combined
9,9,1.0,8,8,1.0,8,7,0.875,0.96,0.9602339181286548,1.0,9,0,0,0,8,0,1,0,7,P07,xgb,51,"{'subsample': 0.6, 'reg_lambda': 3, 'reg_alpha': 0.1, 'min_child_weight': 1, 'max_depth': 8, 'learning_rate': 0.05, 'gamma': 0, 'colsample_bytree': 0.7, 'colsample_bylevel': 0.8, 'n_estimators': 300}",0.9728626848192063,repeated_stratified,9,3,full,combined
9,7,0.7777777777777778,7,7,1.0,9,5,0.5555555555555556,0.76,0.775,0.9143518518518516,7,0,2,0,7,0,4,0,5,P07,xgb,48,"{'subsample': 0.6, 'reg_lambda': 5, 'reg_alpha': 0.5, 'min_child_weight': 1, 'max_depth': 8, 'learning_rate': 0.03, 'gamma': 0.3, 'colsample_bytree': 0.6, 'colsample_bylevel': 0.6, 'n_estimators': 300}",0.9404369784804568,repeated_stratified,9,4,full,combined
8,7,0.875,8,7,0.875,8,8,1.0,0.9166666666666666,0.9166666666666666,0.9869791666666666,7,1,0,1,7,0,0,0,8,P08,xgb,144,"{'subsample': 0.6, 'reg_lambda': 1, 'reg_alpha': 0, 'min_child_weight': 1, 'max_depth': 2, 'learning_rate': 0.03, 'gamma': 0, 'colsample_bytree': 0.6, 'colsample_bylevel': 0.6, 'n_estimators': 300}",0.9622013788680456,repeated_stratified,0,0,full,combined
8,6,0.75,8,8,1.0,8,8,1.0,0.9166666666666666,0.9153439153439152,0.9609375,6,2,0,0,8,0,0,0,8,P08,xgb,150,"{'subsample': 0.6, 'reg_lambda': 1, 'reg_alpha': 0, 'min_child_weight': 1, 'max_depth': 2, 'learning_rate': 0.03, 'gamma': 0, 'colsample_bytree': 0.6, 'colsample_bylevel': 0.6, 'n_estimators': 300}",0.9709475709475708,repeated_stratified,0,1,full,combined
7,6,0.8571428571428571,8,5,0.625,8,7,0.875,0.782608695652174,0.7805555555555556,0.960515873015873,6,1,0,2,5,1,0,1,7,P08,xgb,148,"{'subsample': 0.8, 'reg_lambda': 1, 'reg_alpha': 0, 'min_child_weight': 1, 'max_depth': 4, 'learning_rate': 0.01, 'gamma': 0, 'colsample_bytree': 0.7, 'colsample_bylevel': 0.8, 'n_estimators': 300}",0.9794853294853296,repeated_stratified,0,2,full,combined
7,6,0.8571428571428571,8,8,1.0,8,7,0.875,0.9130434782608696,0.9150997150997152,0.954563492063492,6,1,0,0,8,0,0,1,7,P08,xgb,143,"{'subsample': 0.6, 'reg_lambda': 1, 'reg_alpha': 0, 'min_child_weight': 1, 'max_depth': 2, 'learning_rate': 0.03, 'gamma': 0, 'colsample_bytree': 0.6, 'colsample_bylevel': 0.6, 'n_estimators': 300}",0.9774410774410774,repeated_stratified,0,3,full,combined
7,6,0.8571428571428571,8,6,0.75,8,8,1.0,0.8695652173913043,0.8666666666666667,0.9827380952380952,6,1,0,2,6,0,0,0,8,P08,xgb,145,"{'subsample': 0.8, 'reg_lambda': 10, 'reg_alpha': 0, 'min_child_weight': 1, 'max_depth': 4, 'learning_rate': 0.03, 'gamma': 0, 'colsample_bytree': 0.6, 'colsample_bylevel': 0.8, 'n_estimators': 300}",0.9788600288600288,repeated_stratified,0,4,full,combined
8,6,0.75,8,7,0.875,8,8,1.0,0.875,0.8745098039215686,0.984375,6,2,0,1,7,0,0,0,8,P08,xgb,148,"{'subsample': 0.6, 'reg_lambda': 1, 'reg_alpha': 0, 'min_child_weight': 1, 'max_depth': 2, 'learning_rate': 0.03, 'gamma': 0, 'colsample_bytree': 0.6, 'colsample_bylevel': 0.6, 'n_estimators': 300}",0.965712682379349,repeated_stratified,1,0,full,combined
8,7,0.875,8,8,1.0,8,6,0.75,0.875,0.8775271512113617,0.9401041666666666,7,1,0,0,8,0,0,2,6,P08,xgb,149,"{'subsample': 0.6, 'reg_lambda': 1, 'reg_alpha': 0, 'min_child_weight': 1, 'max_depth': 2, 'learning_rate': 0.03, 'gamma': 0, 'colsample_bytree': 0.6, 'colsample_bylevel': 0.6, 'n_estimators': 300}",0.9776735610068944,repeated_stratified,1,1,full,combined
7,5,0.7142857142857143,8,7,0.875,8,8,1.0,0.8695652173913043,0.8618024132730016,0.9478174603174604,5,1,1,1,7,0,0,0,8,P08,xgb,149,"{'subsample': 0.6, 'reg_lambda': 1, 'reg_alpha': 0, 'min_child_weight': 1, 'max_depth': 2, 'learning_rate': 0.03, 'gamma': 0, 'colsample_bytree': 0.6, 'colsample_bylevel': 0.6, 'n_estimators': 300}",0.9568542568542568,repeated_stratified,1,2,full,combined
7,6,0.8571428571428571,8,8,1.0,8,8,1.0,0.9565217391304348,0.9547511312217196,0.9827380952380952,6,1,0,0,8,0,0,0,8,P08,xgb,147,"{'subsample': 0.6, 'reg_lambda': 1, 'reg_alpha': 0, 'min_child_weight': 1, 'max_depth': 2, 'learning_rate': 0.03, 'gamma': 0, 'colsample_bytree': 0.6, 'colsample_bylevel': 0.6, 'n_estimators': 300}",0.96002886002886,repeated_stratified,1,3,full,combined
7,7,1.0,8,6,0.75,8,8,1.0,0.9130434782608696,0.9107142857142856,0.9714285714285716,7,0,0,2,6,0,0,0,8,P08,xgb,150,"{'subsample': 0.8, 'reg_lambda': 5, 'reg_alpha': 0.1, 'min_child_weight': 1, 'max_depth': 8, 'learning_rate': 0.03, 'gamma': 0, 'colsample_bytree': 0.6, 'colsample_bylevel': 0.6, 'n_estimators': 300}",0.9681818181818184,repeated_stratified,1,4,full,combined
8,6,0.75,8,7,0.875,8,8,1.0,0.875,0.8745098039215686,0.9479166666666666,6,2,0,1,7,0,0,0,8,P08,xgb,147,"{'subsample': 0.8, 'reg_lambda': 1, 'reg_alpha': 0, 'min_child_weight': 1, 'max_depth': 8, 'learning_rate': 0.01, 'gamma': 0.3, 'colsample_bytree': 0.6, 'colsample_bylevel': 0.8, 'n_estimators': 300}",0.9770161936828604,repeated_stratified,2,0,full,combined
8,6,0.75,8,7,0.875,8,7,0.875,0.8333333333333334,0.837037037037037,0.9348958333333334,6,2,0,1,7,0,0,1,7,P08,xgb,147,"{'subsample': 0.6, 'reg_lambda': 3, 'reg_alpha': 0.1, 'min_child_weight': 1, 'max_depth': 2, 'learning_rate': 0.05, 'gamma': 0, 'colsample_bytree': 0.7, 'colsample_bylevel': 0.6, 'n_estimators': 300}",0.9716770883437552,repeated_stratified,2,1,full,combined
7,4,0.5714285714285714,8,7,0.875,8,8,1.0,0.8260869565217391,0.8148148148148149,0.9482142857142856,4,3,0,1,7,0,0,0,8,P08,xgb,149,"{'subsample': 0.6, 'reg_lambda': 1, 'reg_alpha': 0, 'min_child_weight': 1, 'max_depth': 2, 'learning_rate': 0.03, 'gamma': 0, 'colsample_bytree': 0.6, 'colsample_bylevel': 0.6, 'n_estimators': 300}",0.9683501683501682,repeated_stratified,2,2,full,combined
7,7,1.0,8,6,0.75,8,8,1.0,0.9130434782608696,0.9107142857142856,0.9767857142857144,7,0,0,2,6,0,0,0,8,P08,xgb,149,"{'subsample': 0.8, 'reg_lambda': 3, 'reg_alpha': 0.1, 'min_child_weight': 1, 'max_depth': 2, 'learning_rate': 0.05, 'gamma': 2, 'colsample_bytree': 0.7, 'colsample_bylevel': 0.6, 'n_estimators': 300}",0.9644059644059644,repeated_stratified,2,3,full,combined
7,7,1.0,8,8,1.0,8,7,0.875,0.9565217391304348,0.9581699346405228,0.9916666666666668,7,0,0,0,8,0,0,1,7,P08,xgb,148,"{'subsample': 0.6, 'reg_lambda': 1, 'reg_alpha': 0, 'min_child_weight': 1, 'max_depth': 2, 'learning_rate': 0.03, 'gamma': 0, 'colsample_bytree': 0.6, 'colsample_bylevel': 0.6, 'n_estimators': 300}",0.9673160173160174,repeated_stratified,2,4,full,combined
8,6,0.75,8,7,0.875,8,8,1.0,0.875,0.8745098039215686,0.9609375,6,2,0,1,7,0,0,0,8,P08,xgb,148,"{'subsample': 0.8, 'reg_lambda': 10, 'reg_alpha': 0.1, 'min_child_weight': 1, 'max_depth': 16, 'learning_rate': 0.01, 'gamma': 0.1, 'colsample_bytree': 0.6, 'colsample_bylevel': 0.6, 'n_estimators': 300}",0.960357543690877,repeated_stratified,3,0,full,combined
8,8,1.0,8,7,0.875,8,7,0.875,0.9166666666666666,0.9165032679738562,0.9557291666666666,8,0,0,1,7,0,0,1,7,P08,xgb,150,"{'subsample': 0.8, 'reg_lambda': 1, 'reg_alpha': 0, 'min_child_weight': 1, 'max_depth': 4, 'learning_rate': 0.01, 'gamma': 0, 'colsample_bytree': 0.7, 'colsample_bylevel': 0.8, 'n_estimators': 300}",0.9769520602853936,repeated_stratified,3,1,full,combined
7,7,1.0,8,7,0.875,8,8,1.0,0.9565217391304348,0.9555555555555556,0.9884920634920636,7,0,0,1,7,0,0,0,8,P08,xgb,149,"{'subsample': 0.6, 'reg_lambda': 1, 'reg_alpha': 0, 'min_child_weight': 1, 'max_depth': 2, 'learning_rate': 0.03, 'gamma': 0, 'colsample_bytree': 0.6, 'colsample_bylevel': 0.6, 'n_estimators': 300}",0.9526455026455026,repeated_stratified,3,2,full,combined
7,2,0.2857142857142857,8,7,0.875,8,8,1.0,0.7391304347826086,0.7000000000000001,0.9422619047619047,2,5,0,1,7,0,0,0,8,P08,xgb,150,"{'subsample': 0.8, 'reg_lambda': 10, 'reg_alpha': 0, 'min_child_weight': 1, 'max_depth': 4, 'learning_rate': 0.03, 'gamma': 0, 'colsample_bytree': 0.6, 'colsample_bylevel': 0.8, 'n_estimators': 300}",0.974170274170274,repeated_stratified,3,3,full,combined
7,7,1.0,8,7,0.875,8,7,0.875,0.9130434782608696,0.9138888888888888,0.9666666666666668,7,0,0,1,7,0,0,1,7,P08,xgb,142,"{'subsample': 0.6, 'reg_lambda': 3, 'reg_alpha': 0.1, 'min_child_weight': 1, 'max_depth': 2, 'learning_rate': 0.05, 'gamma': 0, 'colsample_bytree': 0.7, 'colsample_bylevel': 0.6, 'n_estimators': 300}",0.981890331890332,repeated_stratified,3,4,full,combined
8,8,1.0,8,8,1.0,8,7,0.875,0.9583333333333334,0.9581699346405228,0.9505208333333334,8,0,0,0,8,0,0,1,7,P08,xgb,144,"{'subsample': 0.6, 'reg_lambda': 3, 'reg_alpha': 0.1, 'min_child_weight': 1, 'max_depth': 2, 'learning_rate': 0.05, 'gamma': 0, 'colsample_bytree': 0.7, 'colsample_bylevel': 0.6, 'n_estimators': 300}",0.9684944684944684,repeated_stratified,4,0,full,combined
8,6,0.75,8,6,0.75,8,8,1.0,0.8333333333333334,0.8333333333333334,0.9296875,6,2,0,2,6,0,0,0,8,P08,xgb,149,"{'subsample': 0.8, 'reg_lambda': 10, 'reg_alpha': 0, 'min_child_weight': 1, 'max_depth': 8, 'learning_rate': 0.05, 'gamma': 0, 'colsample_bytree': 0.7, 'colsample_bylevel': 0.6, 'n_estimators': 300}",0.9811527978194644,repeated_stratified,4,1,full,combined
7,4,0.5714285714285714,8,8,1.0,8,7,0.875,0.8260869565217391,0.8147926634768741,0.9053571428571427,4,2,1,0,8,0,0,1,7,P08,xgb,149,"{'subsample': 0.8, 'reg_lambda': 5, 'reg_alpha': 0.1, 'min_child_weight': 1, 'max_depth': 8, 'learning_rate': 0.03, 'gamma': 0, 'colsample_bytree': 0.6, 'colsample_bylevel': 0.6, 'n_estimators': 300}",0.9673881673881674,repeated_stratified,4,2,full,combined
7,7,1.0,8,8,1.0,8,8,1.0,1.0,1.0,0.9972222222222222,7,0,0,0,8,0,0,0,8,P08,xgb,150,"{'subsample': 0.6, 'reg_lambda': 1, 'reg_alpha': 0, 'min_child_weight': 1, 'max_depth': 2, 'learning_rate': 0.03, 'gamma': 0, 'colsample_bytree': 0.6, 'colsample_bylevel': 0.6, 'n_estimators': 300}",0.968061568061568,repeated_stratified,4,3,full,combined
7,6,0.8571428571428571,8,7,0.875,8,8,1.0,0.9130434782608696,0.9107142857142856,0.985515873015873,6,1,0,1,7,0,0,0,8,P08,xgb,148,"{'subsample': 0.6, 'reg_lambda': 3, 'reg_alpha': 0.1, 'min_child_weight': 1, 'max_depth': 2, 'learning_rate': 0.05, 'gamma': 0, 'colsample_bytree': 0.7, 'colsample_bylevel': 0.6, 'n_estimators': 300}",0.9509860509860508,repeated_stratified,4,4,full,combined
8,7,0.875,8,7,0.875,8,7,0.875,0.875,0.8772875816993464,0.9348958333333334,7,1,0,1,7,0,0,1,7,P08,xgb,149,"{'subsample': 0.8, 'reg_lambda': 10, 'reg_alpha': 0.1, 'min_child_weight': 1, 'max_depth': 16, 'learning_rate': 0.01, 'gamma': 0.1, 'colsample_bytree': 0.6, 'colsample_bylevel': 0.6, 'n_estimators': 300}",0.9668831168831168,repeated_stratified,5,0,full,combined
8,7,0.875,8,7,0.875,8,8,1.0,0.9166666666666666,0.9166666666666666,0.9609375,7,1,0,1,7,0,0,0,8,P08,xgb,146,"{'subsample': 0.6, 'reg_lambda': 1, 'reg_alpha': 0, 'min_child_weight': 1, 'max_depth': 2, 'learning_rate': 0.03, 'gamma': 0, 'colsample_bytree': 0.6, 'colsample_bylevel': 0.6, 'n_estimators': 300}",0.965897065897066,repeated_stratified,5,1,full,combined
7,6,0.8571428571428571,8,7,0.875,8,8,1.0,0.9130434782608696,0.9107142857142856,0.9942460317460317,6,1,0,1,7,0,0,0,8,P08,xgb,144,"{'subsample': 1.0, 'reg_lambda': 5, 'reg_alpha': 0.5, 'min_child_weight': 1, 'max_depth': 4, 'learning_rate': 0.03, 'gamma': 0, 'colsample_bytree': 0.6, 'colsample_bylevel': 0.8, 'n_estimators': 300}",0.9816979316979316,repeated_stratified,5,2,full,combined
7,4,0.5714285714285714,8,6,0.75,8,7,0.875,0.7391304347826086,0.7384615384615385,0.846031746031746,4,3,0,2,6,0,0,1,7,P08,xgb,147,"{'subsample': 1.0, 'reg_lambda': 3, 'reg_alpha': 0, 'min_child_weight': 1, 'max_depth': 4, 'learning_rate': 0.01, 'gamma': 0.3, 'colsample_bytree': 0.6, 'colsample_bylevel': 0.6, 'n_estimators': 300}",0.977008177008177,repeated_stratified,5,3,full,combined
7,6,0.8571428571428571,8,8,1.0,8,8,1.0,0.9565217391304348,0.9547511312217196,0.988095238095238,6,0,1,0,8,0,0,0,8,P08,xgb,150,"{'subsample': 0.8, 'reg_lambda': 10, 'reg_alpha': 0.1, 'min_child_weight': 1, 'max_depth': 16, 'learning_rate': 0.01, 'gamma': 0.1, 'colsample_bytree': 0.6, 'colsample_bylevel': 0.6, 'n_estimators': 300}",0.9798220298220298,repeated_stratified,5,4,full,combined
8,7,0.875,8,7,0.875,8,8,1.0,0.9166666666666666,0.9166666666666666,0.9921875,7,1,0,1,7,0,0,0,8,P08,xgb,150,"{'subsample': 0.6, 'reg_lambda': 3, 'reg_alpha': 0.1, 'min_child_weight': 1, 'max_depth': 8, 'learning_rate': 0.05, 'gamma': 0, 'colsample_bytree': 0.7, 'colsample_bylevel': 0.8, 'n_estimators': 300}",0.961319544652878,repeated_stratified,6,0,full,combined
8,7,0.875,8,7,0.875,8,7,0.875,0.875,0.8772875816993464,0.9505208333333334,7,1,0,1,7,0,0,1,7,P08,xgb,150,"{'subsample': 0.6, 'reg_lambda': 1, 'reg_alpha': 0, 'min_child_weight': 1, 'max_depth': 2, 'learning_rate': 0.03, 'gamma': 0, 'colsample_bytree': 0.6, 'colsample_bylevel': 0.6, 'n_estimators': 300}",0.9781545614878948,repeated_stratified,6,1,full,combined
7,6,0.8571428571428571,8,6,0.75,8,8,1.0,0.8695652173913043,0.8666666666666667,0.939484126984127,6,1,0,2,6,0,0,0,8,P08,xgb,147,"{'subsample': 0.6, 'reg_lambda': 5, 'reg_alpha': 0.5, 'min_child_weight': 1, 'max_depth': 8, 'learning_rate': 0.03, 'gamma': 0.3, 'colsample_bytree': 0.6, 'colsample_bylevel': 0.6, 'n_estimators': 300}",0.9603896103896103,repeated_stratified,6,2,full,combined
7,4,0.5714285714285714,8,7,0.875,8,7,0.875,0.782608695652174,0.7789473684210527,0.9343253968253968,4,3,0,1,7,0,0,1,7,P08,xgb,148,"{'subsample': 1.0, 'reg_lambda': 3, 'reg_alpha': 0, 'min_child_weight': 1, 'max_depth': 4, 'learning_rate': 0.01, 'gamma': 0.3, 'colsample_bytree': 0.6, 'colsample_bylevel': 0.6, 'n_estimators': 300}",0.9772967772967774,repeated_stratified,6,3,full,combined
7,7,1.0,8,7,0.875,8,8,1.0,0.9565217391304348,0.9555555555555556,1.0,7,0,0,1,7,0,0,0,8,P08,xgb,145,"{'subsample': 0.6, 'reg_lambda': 3, 'reg_alpha': 0.1, 'min_child_weight': 1, 'max_depth': 8, 'learning_rate': 0.05, 'gamma': 0, 'colsample_bytree': 0.7, 'colsample_bylevel': 0.8, 'n_estimators': 300}",0.964045214045214,repeated_stratified,6,4,full,combined
8,7,0.875,8,7,0.875,8,8,1.0,0.9166666666666666,0.9166666666666666,0.9322916666666666,7,1,0,1,7,0,0,0,8,P08,xgb,148,"{'subsample': 1.0, 'reg_lambda': 3, 'reg_alpha': 0, 'min_child_weight': 1, 'max_depth': 4, 'learning_rate': 0.01, 'gamma': 0.3, 'colsample_bytree': 0.6, 'colsample_bylevel': 0.6, 'n_estimators': 300}",0.9921917588584256,repeated_stratified,7,0,full,combined
8,7,0.875,8,8,1.0,8,8,1.0,0.9583333333333334,0.9581699346405228,0.9765625,7,1,0,0,8,0,0,0,8,P08,xgb,147,"{'subsample': 0.6, 'reg_lambda': 3, 'reg_alpha': 0.1, 'min_child_weight': 1, 'max_depth': 8, 'learning_rate': 0.05, 'gamma': 0, 'colsample_bytree': 0.7, 'colsample_bylevel': 0.8, 'n_estimators': 300}",0.9664983164983164,repeated_stratified,7,1,full,combined
7,7,1.0,8,8,1.0,8,8,1.0,1.0,1.0,1.0,7,0,0,0,8,0,0,0,8,P08,xgb,149,"{'subsample': 0.6, 'reg_lambda': 3, 'reg_alpha': 0.1, 'min_child_weight': 1, 'max_depth': 2, 'learning_rate': 0.05, 'gamma': 0, 'colsample_bytree': 0.7, 'colsample_bylevel': 0.6, 'n_estimators': 300}",0.9647426647426648,repeated_stratified,7,2,full,combined
7,6,0.8571428571428571,8,6,0.75,8,6,0.75,0.782608695652174,0.7876750700280112,0.919047619047619,6,1,0,2,6,0,0,2,6,P08,xgb,145,"{'subsample': 0.6, 'reg_lambda': 3, 'reg_alpha': 0.1, 'min_child_weight': 1, 'max_depth': 2, 'learning_rate': 0.05, 'gamma': 0, 'colsample_bytree': 0.7, 'colsample_bylevel': 0.6, 'n_estimators': 300}",0.986026936026936,repeated_stratified,7,3,full,combined
7,5,0.7142857142857143,8,8,1.0,8,8,1.0,0.9130434782608696,0.9074074074074074,0.9942460317460317,5,2,0,0,8,0,0,0,8,P08,xgb,147,"{'subsample': 0.6, 'reg_lambda': 3, 'reg_alpha': 0.1, 'min_child_weight': 1, 'max_depth': 2, 'learning_rate': 0.05, 'gamma': 0, 'colsample_bytree': 0.7, 'colsample_bylevel': 0.6, 'n_estimators': 300}",0.9592111592111592,repeated_stratified,7,4,full,combined
8,7,0.875,8,6,0.75,8,8,1.0,0.875,0.8745098039215686,0.9479166666666666,7,1,0,2,6,0,0,0,8,P08,xgb,150,"{'subsample': 0.8, 'reg_lambda': 5, 'reg_alpha': 0.1, 'min_child_weight': 1, 'max_depth': 8, 'learning_rate': 0.03, 'gamma': 0, 'colsample_bytree': 0.6, 'colsample_bylevel': 0.6, 'n_estimators': 300}",0.9725028058361392,repeated_stratified,8,0,full,combined
8,8,1.0,8,7,0.875,8,8,1.0,0.9583333333333334,0.9581699346405228,0.9921875,8,0,0,1,7,0,0,0,8,P08,xgb,143,"{'subsample': 0.6, 'reg_lambda': 3, 'reg_alpha': 0.1, 'min_child_weight': 1, 'max_depth': 8, 'learning_rate': 0.05, 'gamma': 0, 'colsample_bytree': 0.7, 'colsample_bylevel': 0.8, 'n_estimators': 300}",0.968013468013468,repeated_stratified,8,1,full,combined
7,6,0.8571428571428571,8,8,1.0,8,7,0.875,0.9130434782608696,0.9150997150997152,0.9259920634920636,6,1,0,0,8,0,0,1,7,P08,xgb,148,"{'subsample': 0.6, 'reg_lambda': 3, 'reg_alpha': 0.1, 'min_child_weight': 1, 'max_depth': 8, 'learning_rate': 0.05, 'gamma': 0, 'colsample_bytree': 0.7, 'colsample_bylevel': 0.8, 'n_estimators': 300}",0.9871332371332372,repeated_stratified,8,2,full,combined
7,6,0.8571428571428571,8,7,0.875,8,7,0.875,0.8695652173913043,0.8713352007469654,0.9410714285714288,6,1,0,1,7,0,0,1,7,P08,xgb,148,"{'subsample': 0.6, 'reg_lambda': 3, 'reg_alpha': 0.1, 'min_child_weight': 1, 'max_depth': 2, 'learning_rate': 0.05, 'gamma': 0, 'colsample_bytree': 0.7, 'colsample_bylevel': 0.6, 'n_estimators': 300}",0.9788359788359788,repeated_stratified,8,3,full,combined
7,7,1.0,8,8,1.0,8,8,1.0,1.0,1.0,1.0,7,0,0,0,8,0,0,0,8,P08,xgb,149,"{'subsample': 0.6, 'reg_lambda': 3, 'reg_alpha': 0.1, 'min_child_weight': 1, 'max_depth': 2, 'learning_rate': 0.05, 'gamma': 0, 'colsample_bytree': 0.7, 'colsample_bylevel': 0.6, 'n_estimators': 300}",0.971933621933622,repeated_stratified,8,4,full,combined
8,7,0.875,8,6,0.75,8,8,1.0,0.875,0.8745098039215686,0.9427083333333334,7,1,0,2,6,0,0,0,8,P08,xgb,149,"{'subsample': 0.8, 'reg_lambda': 1, 'reg_alpha': 0, 'min_child_weight': 1, 'max_depth': 8, 'learning_rate': 0.01, 'gamma': 0.3, 'colsample_bytree': 0.6, 'colsample_bylevel': 0.8, 'n_estimators': 300}",0.9865319865319866,repeated_stratified,9,0,full,combined
8,5,0.625,8,8,1.0,8,8,1.0,0.875,0.866432042902631,0.9895833333333334,5,2,1,0,8,0,0,0,8,P08,xgb,111,"{'subsample': 0.8, 'reg_lambda': 1, 'reg_alpha': 0.1, 'min_child_weight': 1, 'max_depth': 4, 'learning_rate': 0.05, 'gamma': 0.5, 'colsample_bytree': 0.7, 'colsample_bylevel': 0.6, 'n_estimators': 300}",0.9719656886323554,repeated_stratified,9,1,full,combined
7,5,0.7142857142857143,8,8,1.0,8,8,1.0,0.9130434782608696,0.9052287581699346,0.988690476190476,5,1,1,0,8,0,0,0,8,P08,xgb,145,"{'subsample': 0.6, 'reg_lambda': 3, 'reg_alpha': 0.1, 'min_child_weight': 1, 'max_depth': 2, 'learning_rate': 0.05, 'gamma': 0, 'colsample_bytree': 0.7, 'colsample_bylevel': 0.6, 'n_estimators': 300}",0.9446849446849448,repeated_stratified,9,2,full,combined
7,6,0.8571428571428571,8,6,0.75,8,7,0.875,0.8260869565217391,0.8277777777777778,0.9547619047619048,6,1,0,2,6,0,0,1,7,P08,xgb,146,"{'subsample': 0.8, 'reg_lambda': 10, 'reg_alpha': 0.1, 'min_child_weight': 1, 'max_depth': 16, 'learning_rate': 0.01, 'gamma': 0.1, 'colsample_bytree': 0.6, 'colsample_bylevel': 0.6, 'n_estimators': 300}",0.9682539682539684,repeated_stratified,9,3,full,combined
7,6,0.8571428571428571,8,7,0.875,8,7,0.875,0.8695652173913043,0.8713352007469654,0.9660714285714286,6,1,0,1,7,0,0,1,7,P08,xgb,147,"{'subsample': 0.8, 'reg_lambda': 5, 'reg_alpha': 0.1, 'min_child_weight': 1, 'max_depth': 8, 'learning_rate': 0.03, 'gamma': 0, 'colsample_bytree': 0.6, 'colsample_bylevel': 0.6, 'n_estimators': 300}",0.9809523809523808,repeated_stratified,9,4,full,combined
8,6,0.75,8,8,1.0,8,8,1.0,0.9166666666666666,0.9131652661064426,0.9895833333333334,6,1,1,0,8,0,0,0,8,P09,xgb,150,"{'subsample': 0.6, 'reg_lambda': 3, 'reg_alpha': 0.1, 'min_child_weight': 1, 'max_depth': 8, 'learning_rate': 0.05, 'gamma': 0, 'colsample_bytree': 0.7, 'colsample_bylevel': 0.8, 'n_estimators': 300}",0.9994949494949495,repeated_stratified,0,0,full,combined
8,8,1.0,8,7,0.875,8,8,1.0,0.9583333333333334,0.9581699346405228,1.0,8,0,0,0,7,1,0,0,8,P09,xgb,149,"{'subsample': 0.6, 'reg_lambda': 1, 'reg_alpha': 0, 'min_child_weight': 1, 'max_depth': 2, 'learning_rate': 0.03, 'gamma': 0, 'colsample_bytree': 0.6, 'colsample_bylevel': 0.6, 'n_estimators': 300}",0.9975228475228476,repeated_stratified,0,1,full,combined
8,8,1.0,8,6,0.75,8,7,0.875,0.875,0.8720588235294118,0.953125,8,0,0,1,6,1,0,1,7,P09,xgb,147,"{'subsample': 0.6, 'reg_lambda': 3, 'reg_alpha': 0.1, 'min_child_weight': 1, 'max_depth': 2, 'learning_rate': 0.05, 'gamma': 0, 'colsample_bytree': 0.7, 'colsample_bylevel': 0.6, 'n_estimators': 300}",0.998003848003848,repeated_stratified,0,2,full,combined
8,8,1.0,8,8,1.0,8,8,1.0,1.0,1.0,1.0,8,0,0,0,8,0,0,0,8,P09,xgb,147,"{'subsample': 0.6, 'reg_lambda': 1, 'reg_alpha': 0, 'min_child_weight': 1, 'max_depth': 2, 'learning_rate': 0.03, 'gamma': 0, 'colsample_bytree': 0.6, 'colsample_bylevel': 0.6, 'n_estimators': 300}",0.9985329485329486,repeated_stratified,0,3,full,combined
8,8,1.0,8,8,1.0,8,7,0.875,0.9583333333333334,0.9581699346405228,0.9921875,8,0,0,0,8,0,1,0,7,P09,xgb,149,"{'subsample': 0.6, 'reg_lambda': 1, 'reg_alpha': 0, 'min_child_weight': 1, 'max_depth': 2, 'learning_rate': 0.03, 'gamma': 0, 'colsample_bytree': 0.6, 'colsample_bylevel': 0.6, 'n_estimators': 300}",0.998989898989899,repeated_stratified,0,4,full,combined
8,7,0.875,8,8,1.0,8,7,0.875,0.9166666666666666,0.9165032679738562,0.984375,7,0,1,0,8,0,0,1,7,P09,xgb,149,"{'subsample': 0.6, 'reg_lambda': 3, 'reg_alpha': 0.1, 'min_child_weight': 1, 'max_depth': 2, 'learning_rate': 0.05, 'gamma': 0, 'colsample_bytree': 0.7, 'colsample_bylevel': 0.6, 'n_estimators': 300}",0.9990379990379992,repeated_stratified,1,0,full,combined
8,7,0.875,8,7,0.875,8,8,1.0,0.9166666666666666,0.9165032679738562,0.9869791666666666,7,1,0,0,7,1,0,0,8,P09,xgb,142,"{'subsample': 0.6, 'reg_lambda': 1, 'reg_alpha': 0, 'min_child_weight': 1, 'max_depth': 2, 'learning_rate': 0.03, 'gamma': 0, 'colsample_bytree': 0.6, 'colsample_bylevel': 0.6, 'n_estimators': 300}",0.9877825877825878,repeated_stratified,1,1,full,combined
8,7,0.875,8,7,0.875,8,7,0.875,0.875,0.8772875816993464,0.984375,7,1,0,0,7,1,0,1,7,P09,xgb,150,"{'subsample': 0.6, 'reg_lambda': 3, 'reg_alpha': 0.1, 'min_child_weight': 1, 'max_depth': 2, 'learning_rate': 0.05, 'gamma': 0, 'colsample_bytree': 0.7, 'colsample_bylevel': 0.6, 'n_estimators': 300}",0.994083694083694,repeated_stratified,1,2,full,combined
8,7,0.875,8,8,1.0,8,8,1.0,0.9583333333333334,0.9581699346405228,1.0,7,0,1,0,8,0,0,0,8,P09,xgb,149,"{'subsample': 0.6, 'reg_lambda': 10, 'reg_alpha': 0.5, 'min_child_weight': 1, 'max_depth': 2, 'learning_rate': 0.05, 'gamma': 0.1, 'colsample_bytree': 0.6, 'colsample_bylevel': 0.6, 'n_estimators': 300}",1.0,repeated_stratified,1,3,full,combined
8,8,1.0,8,7,0.875,8,8,1.0,0.9583333333333334,0.9581699346405228,1.0,8,0,0,0,7,1,0,0,8,P09,xgb,150,"{'subsample': 0.6, 'reg_lambda': 1, 'reg_alpha': 0, 'min_child_weight': 1, 'max_depth': 2, 'learning_rate': 0.03, 'gamma': 0, 'colsample_bytree': 0.6, 'colsample_bylevel': 0.6, 'n_estimators': 300}",0.9847041847041846,repeated_stratified,1,4,full,combined
8,7,0.875,8,8,1.0,8,8,1.0,0.9583333333333334,0.9581699346405228,1.0,7,1,0,0,8,0,0,0,8,P09,xgb,149,"{'subsample': 0.6, 'reg_lambda': 3, 'reg_alpha': 0.1, 'min_child_weight': 1, 'max_depth': 2, 'learning_rate': 0.05, 'gamma': 0, 'colsample_bytree': 0.7, 'colsample_bylevel': 0.6, 'n_estimators': 300}",0.999013949013949,repeated_stratified,2,0,full,combined
8,7,0.875,8,6,0.75,8,8,1.0,0.875,0.8740740740740741,0.9817708333333334,7,1,0,0,6,2,0,0,8,P09,xgb,149,"{'subsample': 0.6, 'reg_lambda': 1, 'reg_alpha': 0, 'min_child_weight': 1, 'max_depth': 2, 'learning_rate': 0.03, 'gamma': 0, 'colsample_bytree': 0.6, 'colsample_bylevel': 0.6, 'n_estimators': 300}",0.998075998075998,repeated_stratified,2,1,full,combined
8,7,0.875,8,8,1.0,8,8,1.0,0.9583333333333334,0.9581699346405228,1.0,7,0,1,0,8,0,0,0,8,P09,xgb,150,"{'subsample': 0.6, 'reg_lambda': 1, 'reg_alpha': 0, 'min_child_weight': 1, 'max_depth': 2, 'learning_rate': 0.03, 'gamma': 0, 'colsample_bytree': 0.6, 'colsample_bylevel': 0.6, 'n_estimators': 300}",0.9995189995189996,repeated_stratified,2,2,full,combined
8,8,1.0,8,7,0.875,8,8,1.0,0.9583333333333334,0.9581699346405228,1.0,8,0,0,0,7,1,0,0,8,P09,xgb,150,"{'subsample': 0.8, 'reg_lambda': 5, 'reg_alpha': 0.1, 'min_child_weight': 1, 'max_depth': 8, 'learning_rate': 0.03, 'gamma': 0, 'colsample_bytree': 0.6, 'colsample_bylevel': 0.6, 'n_estimators': 300}",1.0,repeated_stratified,2,3,full,combined
8,8,1.0,8,7,0.875,8,8,1.0,0.9583333333333334,0.9581699346405228,0.9765625,8,0,0,0,7,1,0,0,8,P09,xgb,149,"{'subsample': 0.6, 'reg_lambda': 3, 'reg_alpha': 0.1, 'min_child_weight': 1, 'max_depth': 2, 'learning_rate': 0.05, 'gamma': 0, 'colsample_bytree': 0.7, 'colsample_bylevel': 0.6, 'n_estimators': 300}",0.9975228475228476,repeated_stratified,2,4,full,combined
8,7,0.875,8,7,0.875,8,7,0.875,0.875,0.8772875816993464,0.984375,7,1,0,1,7,0,1,0,7,P09,xgb,148,"{'subsample': 0.6, 'reg_lambda': 3, 'reg_alpha': 0.1, 'min_child_weight': 1, 'max_depth': 2, 'learning_rate': 0.05, 'gamma': 0, 'colsample_bytree': 0.7, 'colsample_bylevel': 0.6, 'n_estimators': 300}",0.9985088985088986,repeated_stratified,3,0,full,combined
8,8,1.0,8,5,0.625,8,6,0.75,0.7916666666666666,0.796092796092796,0.9765625,8,0,0,3,5,0,2,0,6,P09,xgb,148,"{'subsample': 0.8, 'reg_lambda': 5, 'reg_alpha': 0.1, 'min_child_weight': 1, 'max_depth': 8, 'learning_rate': 0.03, 'gamma': 0, 'colsample_bytree': 0.6, 'colsample_bylevel': 0.6, 'n_estimators': 300}",0.998989898989899,repeated_stratified,3,1,full,combined
8,6,0.75,8,8,1.0,8,8,1.0,0.9166666666666666,0.9131652661064426,0.9973958333333334,6,1,1,0,8,0,0,0,8,P09,xgb,149,"{'subsample': 0.6, 'reg_lambda': 1, 'reg_alpha': 0, 'min_child_weight': 1, 'max_depth': 2, 'learning_rate': 0.03, 'gamma': 0, 'colsample_bytree': 0.6, 'colsample_bylevel': 0.6, 'n_estimators': 300}",0.9911976911976912,repeated_stratified,3,2,full,combined
8,8,1.0,8,8,1.0,8,8,1.0,1.0,1.0,1.0,8,0,0,0,8,0,0,0,8,P09,xgb,149,"{'subsample': 0.6, 'reg_lambda': 3, 'reg_alpha': 0.1, 'min_child_weight': 1, 'max_depth': 2, 'learning_rate': 0.05, 'gamma': 0, 'colsample_bytree': 0.7, 'colsample_bylevel': 0.6, 'n_estimators': 300}",0.9955266955266956,repeated_stratified,3,3,full,combined
8,7,0.875,8,8,1.0,8,6,0.75,0.875,0.8739495798319328,0.984375,7,1,0,0,8,0,2,0,6,P09,xgb,150,"{'subsample': 0.6, 'reg_lambda': 3, 'reg_alpha': 0.1, 'min_child_weight': 1, 'max_depth': 2, 'learning_rate': 0.05, 'gamma': 0, 'colsample_bytree': 0.7, 'colsample_bylevel': 0.6, 'n_estimators': 300}",0.9975949975949976,repeated_stratified,3,4,full,combined
8,8,1.0,8,8,1.0,8,8,1.0,1.0,1.0,1.0,8,0,0,0,8,0,0,0,8,P09,xgb,149,"{'subsample': 0.6, 'reg_lambda': 3, 'reg_alpha': 0.1, 'min_child_weight': 1, 'max_depth': 2, 'learning_rate': 0.05, 'gamma': 0, 'colsample_bytree': 0.7, 'colsample_bylevel': 0.6, 'n_estimators': 300}",0.9980278980278982,repeated_stratified,4,0,full,combined
8,8,1.0,8,6,0.75,8,7,0.875,0.875,0.8720588235294118,0.9921875,8,0,0,1,6,1,0,1,7,P09,xgb,148,"{'subsample': 0.6, 'reg_lambda': 1, 'reg_alpha': 0, 'min_child_weight': 1, 'max_depth': 2, 'learning_rate': 0.03, 'gamma': 0, 'colsample_bytree': 0.6, 'colsample_bylevel': 0.6, 'n_estimators': 300}",0.997979797979798,repeated_stratified,4,1,full,combined
8,8,1.0,8,7,0.875,8,8,1.0,0.9583333333333334,0.9581699346405228,0.9869791666666666,8,0,0,0,7,1,0,0,8,P09,xgb,148,"{'subsample': 0.6, 'reg_lambda': 3, 'reg_alpha': 0.1, 'min_child_weight': 1, 'max_depth': 2, 'learning_rate': 0.05, 'gamma': 0, 'colsample_bytree': 0.7, 'colsample_bylevel': 0.6, 'n_estimators': 300}",0.9985329485329486,repeated_stratified,4,2,full,combined
8,8,1.0,8,8,1.0,8,7,0.875,0.9583333333333334,0.9581699346405228,1.0,8,0,0,0,8,0,0,1,7,P09,xgb,150,"{'subsample': 0.6, 'reg_lambda': 3, 'reg_alpha': 0.1, 'min_child_weight': 1, 'max_depth': 8, 'learning_rate': 0.05, 'gamma': 0, 'colsample_bytree': 0.7, 'colsample_bylevel': 0.8, 'n_estimators': 300}",0.9922077922077922,repeated_stratified,4,3,full,combined
8,8,1.0,8,8,1.0,8,6,0.75,0.9166666666666666,0.9153439153439152,1.0,8,0,0,0,8,0,0,2,6,P09,xgb,150,"{'subsample': 0.6, 'reg_lambda': 1, 'reg_alpha': 0, 'min_child_weight': 1, 'max_depth': 2, 'learning_rate': 0.03, 'gamma': 0, 'colsample_bytree': 0.6, 'colsample_bylevel': 0.6, 'n_estimators': 300}",0.9974987974987974,repeated_stratified,4,4,full,combined
8,8,1.0,8,8,1.0,8,6,0.75,0.9166666666666666,0.9131652661064426,0.9895833333333334,8,0,0,0,8,0,1,1,6,P09,xgb,150,"{'subsample': 0.6, 'reg_lambda': 1, 'reg_alpha': 0, 'min_child_weight': 1, 'max_depth': 2, 'learning_rate': 0.03, 'gamma': 0, 'colsample_bytree': 0.6, 'colsample_bylevel': 0.6, 'n_estimators': 300}",1.0,repeated_stratified,5,0,full,combined
8,7,0.875,8,8,1.0,8,8,1.0,0.9583333333333334,0.9581699346405228,1.0,7,1,0,0,8,0,0,0,8,P09,xgb,150,"{'subsample': 0.6, 'reg_lambda': 5, 'reg_alpha': 0, 'min_child_weight': 1, 'max_depth': 2, 'learning_rate': 0.01, 'gamma': 0.3, 'colsample_bytree': 0.7, 'colsample_bylevel': 0.6, 'n_estimators': 300}",0.9995189995189996,repeated_stratified,5,1,full,combined
8,7,0.875,8,8,1.0,8,8,1.0,0.9583333333333334,0.9581699346405228,0.9921875,7,1,0,0,8,0,0,0,8,P09,xgb,128,"{'subsample': 0.6, 'reg_lambda': 3, 'reg_alpha': 0.1, 'min_child_weight': 1, 'max_depth': 2, 'learning_rate': 0.05, 'gamma': 0, 'colsample_bytree': 0.7, 'colsample_bylevel': 0.6, 'n_estimators': 300}",0.9990379990379992,repeated_stratified,5,2,full,combined
8,6,0.75,8,6,0.75,8,8,1.0,0.8333333333333334,0.8380952380952381,0.9895833333333334,6,0,2,0,6,2,0,0,8,P09,xgb,150,"{'subsample': 0.6, 'reg_lambda': 1, 'reg_alpha': 0, 'min_child_weight': 1, 'max_depth': 2, 'learning_rate': 0.03, 'gamma': 0, 'colsample_bytree': 0.6, 'colsample_bylevel': 0.6, 'n_estimators': 300}",0.9985569985569984,repeated_stratified,5,3,full,combined
8,8,1.0,8,7,0.875,8,8,1.0,0.9583333333333334,0.9581699346405228,1.0,8,0,0,1,7,0,0,0,8,P09,xgb,149,"{'subsample': 0.6, 'reg_lambda': 3, 'reg_alpha': 0.1, 'min_child_weight': 1, 'max_depth': 2, 'learning_rate': 0.05, 'gamma': 0, 'colsample_bytree': 0.7, 'colsample_bylevel': 0.6, 'n_estimators': 300}",0.9995189995189996,repeated_stratified,5,4,full,combined
8,8,1.0,8,8,1.0,8,8,1.0,1.0,1.0,1.0,8,0,0,0,8,0,0,0,8,P09,xgb,147,"{'subsample': 0.6, 'reg_lambda': 1, 'reg_alpha': 0, 'min_child_weight': 1, 'max_depth': 2, 'learning_rate': 0.03, 'gamma': 0, 'colsample_bytree': 0.6, 'colsample_bylevel': 0.6, 'n_estimators': 300}",0.9965848965848966,repeated_stratified,6,0,full,combined
8,8,1.0,8,8,1.0,8,8,1.0,1.0,1.0,1.0,8,0,0,0,8,0,0,0,8,P09,xgb,148,"{'subsample': 0.6, 'reg_lambda': 3, 'reg_alpha': 0.1, 'min_child_weight': 1, 'max_depth': 2, 'learning_rate': 0.05, 'gamma': 0, 'colsample_bytree': 0.7, 'colsample_bylevel': 0.6, 'n_estimators': 300}",0.9994949494949495,repeated_stratified,6,1,full,combined
8,7,0.875,8,8,1.0,8,4,0.5,0.7916666666666666,0.7805555555555556,0.9635416666666666,7,1,0,0,8,0,1,3,4,P09,xgb,150,"{'subsample': 0.8, 'reg_lambda': 5, 'reg_alpha': 0.1, 'min_child_weight': 1, 'max_depth': 8, 'learning_rate': 0.03, 'gamma': 0, 'colsample_bytree': 0.6, 'colsample_bylevel': 0.6, 'n_estimators': 300}",0.999013949013949,repeated_stratified,6,2,full,combined
8,8,1.0,8,7,0.875,8,8,1.0,0.9583333333333334,0.9581699346405228,0.9895833333333334,8,0,0,0,7,1,0,0,8,P09,xgb,149,"{'subsample': 0.6, 'reg_lambda': 3, 'reg_alpha': 0.1, 'min_child_weight': 1, 'max_depth': 2, 'learning_rate': 0.05, 'gamma': 0, 'colsample_bytree': 0.7, 'colsample_bylevel': 0.6, 'n_estimators': 300}",0.999013949013949,repeated_stratified,6,3,full,combined
8,7,0.875,8,7,0.875,8,8,1.0,0.9166666666666666,0.9185185185185184,0.9869791666666666,7,0,1,0,7,1,0,0,8,P09,xgb,149,"{'subsample': 0.6, 'reg_lambda': 1, 'reg_alpha': 0, 'min_child_weight': 1, 'max_depth': 2, 'learning_rate': 0.03, 'gamma': 0, 'colsample_bytree': 0.6, 'colsample_bylevel': 0.6, 'n_estimators': 300}",0.996079846079846,repeated_stratified,6,4,full,combined
8,7,0.875,8,6,0.75,8,6,0.75,0.7916666666666666,0.7916666666666666,0.9583333333333334,7,0,1,1,6,1,0,2,6,P09,xgb,150,"{'subsample': 0.6, 'reg_lambda': 1, 'reg_alpha': 0, 'min_child_weight': 1, 'max_depth': 2, 'learning_rate': 0.03, 'gamma': 0, 'colsample_bytree': 0.6, 'colsample_bylevel': 0.6, 'n_estimators': 300}",0.987999037999038,repeated_stratified,7,0,full,combined
8,7,0.875,8,8,1.0,8,7,0.875,0.9166666666666666,0.9165032679738562,0.984375,7,0,1,0,8,0,0,1,7,P09,xgb,148,"{'subsample': 0.6, 'reg_lambda': 1, 'reg_alpha': 0, 'min_child_weight': 1, 'max_depth': 2, 'learning_rate': 0.03, 'gamma': 0, 'colsample_bytree': 0.6, 'colsample_bylevel': 0.6, 'n_estimators': 300}",0.995093795093795,repeated_stratified,7,1,full,combined
8,7,0.875,8,7,0.875,8,6,0.75,0.8333333333333334,0.832843137254902,0.96875,7,1,0,0,7,1,2,0,6,P09,xgb,146,"{'subsample': 0.6, 'reg_lambda': 3, 'reg_alpha': 0.1, 'min_child_weight': 1, 'max_depth': 8, 'learning_rate': 0.05, 'gamma': 0, 'colsample_bytree': 0.7, 'colsample_bylevel': 0.8, 'n_estimators': 300}",0.9995189995189996,repeated_stratified,7,2,full,combined
8,7,0.875,8,8,1.0,8,8,1.0,0.9583333333333334,0.9581699346405228,1.0,7,1,0,0,8,0,0,0,8,P09,xgb,148,"{'subsample': 0.6, 'reg_lambda': 1, 'reg_alpha': 0, 'min_child_weight': 1, 'max_depth': 2, 'learning_rate': 0.03, 'gamma': 0, 'colsample_bytree': 0.6, 'colsample_bylevel': 0.6, 'n_estimators': 300}",0.999013949013949,repeated_stratified,7,3,full,combined
8,8,1.0,8,7,0.875,8,8,1.0,0.9583333333333334,0.9581699346405228,0.9895833333333334,8,0,0,0,7,1,0,0,8,P09,xgb,150,"{'subsample': 0.6, 'reg_lambda': 1, 'reg_alpha': 0, 'min_child_weight': 1, 'max_depth': 2, 'learning_rate': 0.03, 'gamma': 0, 'colsample_bytree': 0.6, 'colsample_bylevel': 0.6, 'n_estimators': 300}",0.9956228956228956,repeated_stratified,7,4,full,combined
8,7,0.875,8,7,0.875,8,8,1.0,0.9166666666666666,0.9165032679738562,0.9791666666666666,7,1,0,0,7,1,0,0,8,P09,xgb,150,"{'subsample': 0.6, 'reg_lambda': 1, 'reg_alpha': 0, 'min_child_weight': 1, 'max_depth': 2, 'learning_rate': 0.03, 'gamma': 0, 'colsample_bytree': 0.6, 'colsample_bylevel': 0.6, 'n_estimators': 300}",1.0,repeated_stratified,8,0,full,combined
8,6,0.75,8,8,1.0,8,8,1.0,0.9166666666666666,0.9153439153439152,0.9791666666666666,6,2,0,0,8,0,0,0,8,P09,xgb,149,"{'subsample': 0.6, 'reg_lambda': 1, 'reg_alpha': 0, 'min_child_weight': 1, 'max_depth': 2, 'learning_rate': 0.03, 'gamma': 0, 'colsample_bytree': 0.6, 'colsample_bylevel': 0.6, 'n_estimators': 300}",0.9951899951899952,repeated_stratified,8,1,full,combined
8,8,1.0,8,8,1.0,8,7,0.875,0.9583333333333334,0.9581699346405228,1.0,8,0,0,0,8,0,1,0,7,P09,xgb,145,"{'subsample': 0.6, 'reg_lambda': 1, 'reg_alpha': 0, 'min_child_weight': 1, 'max_depth': 2, 'learning_rate': 0.03, 'gamma': 0, 'colsample_bytree': 0.6, 'colsample_bylevel': 0.6, 'n_estimators': 300}",0.9975949975949976,repeated_stratified,8,2,full,combined
8,8,1.0,8,7,0.875,8,5,0.625,0.8333333333333334,0.8263305322128852,0.9765625,8,0,0,0,7,1,1,2,5,P09,xgb,149,"{'subsample': 0.6, 'reg_lambda': 1, 'reg_alpha': 0, 'min_child_weight': 1, 'max_depth': 2, 'learning_rate': 0.03, 'gamma': 0, 'colsample_bytree': 0.6, 'colsample_bylevel': 0.6, 'n_estimators': 300}",0.9985569985569984,repeated_stratified,8,3,full,combined
8,8,1.0,8,7,0.875,8,7,0.875,0.9166666666666666,0.9166666666666666,0.9817708333333334,8,0,0,0,7,1,0,1,7,P09,xgb,150,"{'subsample': 0.6, 'reg_lambda': 1, 'reg_alpha': 0, 'min_child_weight': 1, 'max_depth': 2, 'learning_rate': 0.03, 'gamma': 0, 'colsample_bytree': 0.6, 'colsample_bylevel': 0.6, 'n_estimators': 300}",0.983742183742184,repeated_stratified,8,4,full,combined
8,7,0.875,8,8,1.0,8,8,1.0,0.9583333333333334,0.9581699346405228,1.0,7,1,0,0,8,0,0,0,8,P09,xgb,146,"{'subsample': 0.6, 'reg_lambda': 1, 'reg_alpha': 0, 'min_child_weight': 1, 'max_depth': 2, 'learning_rate': 0.03, 'gamma': 0, 'colsample_bytree': 0.6, 'colsample_bylevel': 0.6, 'n_estimators': 300}",1.0,repeated_stratified,9,0,full,combined
8,7,0.875,8,8,1.0,8,8,1.0,0.9583333333333334,0.9581699346405228,1.0,7,1,0,0,8,0,0,0,8,P09,xgb,149,"{'subsample': 0.6, 'reg_lambda': 3, 'reg_alpha': 0.1, 'min_child_weight': 1, 'max_depth': 8, 'learning_rate': 0.05, 'gamma': 0, 'colsample_bytree': 0.7, 'colsample_bylevel': 0.8, 'n_estimators': 300}",1.0,repeated_stratified,9,1,full,combined
8,6,0.75,8,7,0.875,8,7,0.875,0.8333333333333334,0.8356209150326798,0.9765625,6,2,0,1,7,0,1,0,7,P09,xgb,146,"{'subsample': 0.6, 'reg_lambda': 1, 'reg_alpha': 0, 'min_child_weight': 1, 'max_depth': 2, 'learning_rate': 0.03, 'gamma': 0, 'colsample_bytree': 0.6, 'colsample_bylevel': 0.6, 'n_estimators': 300}",0.9941798941798942,repeated_stratified,9,2,full,combined
8,7,0.875,8,8,1.0,8,6,0.75,0.875,0.8739495798319328,0.9661458333333334,7,1,0,0,8,0,2,0,6,P09,xgb,149,"{'subsample': 0.8, 'reg_lambda': 10, 'reg_alpha': 0.1, 'min_child_weight': 1, 'max_depth': 16, 'learning_rate': 0.01, 'gamma': 0.1, 'colsample_bytree': 0.6, 'colsample_bylevel': 0.6, 'n_estimators': 300}",0.9985088985088983,repeated_stratified,9,3,full,combined
8,8,1.0,8,7,0.875,8,8,1.0,0.9583333333333334,0.9581699346405228,0.9973958333333334,8,0,0,0,7,1,0,0,8,P09,xgb,148,"{'subsample': 0.6, 'reg_lambda': 3, 'reg_alpha': 0.1, 'min_child_weight': 1, 'max_depth': 8, 'learning_rate': 0.05, 'gamma': 0, 'colsample_bytree': 0.7, 'colsample_bylevel': 0.8, 'n_estimators': 300}",0.9955988455988456,repeated_stratified,9,4,full,combined
8,7,0.875,8,2,0.25,9,6,0.6666666666666666,0.6,0.5767195767195767,0.858251633986928,7,1,0,3,2,3,0,3,6,P10,xgb,150,"{'subsample': 0.6, 'reg_lambda': 1, 'reg_alpha': 0, 'min_child_weight': 1, 'max_depth': 2, 'learning_rate': 0.03, 'gamma': 0, 'colsample_bytree': 0.6, 'colsample_bylevel': 0.6, 'n_estimators': 300}",0.9604705059250516,repeated_stratified,0,0,full,combined
9,7,0.7777777777777778,8,7,0.875,8,6,0.75,0.8,0.8009259259259259,0.8858932461873638,7,1,1,0,7,1,0,2,6,P10,xgb,150,"{'subsample': 0.6, 'reg_lambda': 1, 'reg_alpha': 0, 'min_child_weight': 1, 'max_depth': 2, 'learning_rate': 0.03, 'gamma': 0, 'colsample_bytree': 0.6, 'colsample_bylevel': 0.6, 'n_estimators': 300}",0.970543093270366,repeated_stratified,0,1,full,combined
8,6,0.75,8,6,0.75,8,8,1.0,0.8333333333333334,0.8330827067669172,0.9557291666666666,6,1,1,0,6,2,0,0,8,P10,xgb,148,"{'subsample': 0.6, 'reg_lambda': 1, 'reg_alpha': 0, 'min_child_weight': 1, 'max_depth': 2, 'learning_rate': 0.03, 'gamma': 0, 'colsample_bytree': 0.6, 'colsample_bylevel': 0.6, 'n_estimators': 300}",0.966323407232498,repeated_stratified,0,2,full,combined
8,8,1.0,8,3,0.375,8,4,0.5,0.625,0.6134453781512605,0.828125,8,0,0,0,3,5,1,3,4,P10,xgb,149,"{'subsample': 0.6, 'reg_lambda': 3, 'reg_alpha': 0.1, 'min_child_weight': 1, 'max_depth': 8, 'learning_rate': 0.05, 'gamma': 0, 'colsample_bytree': 0.7, 'colsample_bylevel': 0.8, 'n_estimators': 300}",0.9680331453058728,repeated_stratified,0,3,full,combined
8,8,1.0,8,7,0.875,8,5,0.625,0.8333333333333334,0.8293950058655941,0.9557291666666666,8,0,0,1,7,0,0,3,5,P10,xgb,150,"{'subsample': 0.6, 'reg_lambda': 1, 'reg_alpha': 0, 'min_child_weight': 1, 'max_depth': 2, 'learning_rate': 0.03, 'gamma': 0, 'colsample_bytree': 0.6, 'colsample_bylevel': 0.6, 'n_estimators': 300}",0.9637609864882593,repeated_stratified,0,4,full,combined
8,6,0.75,8,8,1.0,9,4,0.4444444444444444,0.72,0.7111111111111111,0.8939270152505446,6,0,2,0,8,0,1,4,4,P10,xgb,150,"{'subsample': 0.6, 'reg_lambda': 1, 'reg_alpha': 0, 'min_child_weight': 1, 'max_depth': 2, 'learning_rate': 0.03, 'gamma': 0, 'colsample_bytree': 0.6, 'colsample_bylevel': 0.6, 'n_estimators': 300}",0.9413310595128777,repeated_stratified,1,0,full,combined
9,9,1.0,8,6,0.75,8,6,0.75,0.84,0.8333333333333334,0.9705882352941176,9,0,0,0,6,2,0,2,6,P10,xgb,149,"{'subsample': 0.6, 'reg_lambda': 3, 'reg_alpha': 0.1, 'min_child_weight': 1, 'max_depth': 2, 'learning_rate': 0.05, 'gamma': 0, 'colsample_bytree': 0.7, 'colsample_bylevel': 0.6, 'n_estimators': 300}",0.9418011281647644,repeated_stratified,1,1,full,combined
8,6,0.75,8,7,0.875,8,5,0.625,0.75,0.7481481481481481,0.8255208333333334,6,1,1,0,7,1,1,2,5,P10,xgb,149,"{'subsample': 0.6, 'reg_lambda': 1, 'reg_alpha': 0, 'min_child_weight': 1, 'max_depth': 2, 'learning_rate': 0.03, 'gamma': 0, 'colsample_bytree': 0.6, 'colsample_bylevel': 0.6, 'n_estimators': 300}",0.971043771043771,repeated_stratified,1,2,full,combined
8,7,0.875,8,4,0.5,8,6,0.75,0.7083333333333334,0.701860231271996,0.8984375,7,0,1,1,4,3,1,1,6,P10,xgb,150,"{'subsample': 0.6, 'reg_lambda': 1, 'reg_alpha': 0, 'min_child_weight': 1, 'max_depth': 2, 'learning_rate': 0.03, 'gamma': 0, 'colsample_bytree': 0.6, 'colsample_bylevel': 0.6, 'n_estimators': 300}",0.9549193231011412,repeated_stratified,1,3,full,combined
8,8,1.0,8,6,0.75,8,7,0.875,0.875,0.8775271512113617,0.9583333333333334,8,0,0,2,6,0,1,0,7,P10,xgb,150,"{'subsample': 0.6, 'reg_lambda': 1, 'reg_alpha': 0, 'min_child_weight': 1, 'max_depth': 2, 'learning_rate': 0.03, 'gamma': 0, 'colsample_bytree': 0.6, 'colsample_bylevel': 0.6, 'n_estimators': 300}",0.9554243736061916,repeated_stratified,1,4,full,combined
8,8,1.0,8,8,1.0,9,8,0.8888888888888888,0.96,0.9607843137254902,1.0,8,0,0,0,8,0,0,1,8,P10,xgb,150,"{'subsample': 0.6, 'reg_lambda': 1, 'reg_alpha': 0, 'min_child_weight': 1, 'max_depth': 2, 'learning_rate': 0.03, 'gamma': 0, 'colsample_bytree': 0.6, 'colsample_bylevel': 0.6, 'n_estimators': 300}",0.9605579605579608,repeated_stratified,2,0,full,combined
9,8,0.8888888888888888,8,4,0.5,8,7,0.875,0.76,0.745687748783724,0.9324618736383442,8,1,0,2,4,2,0,1,7,P10,xgb,149,"{'subsample': 0.6, 'reg_lambda': 3, 'reg_alpha': 0.1, 'min_child_weight': 1, 'max_depth': 2, 'learning_rate': 0.05, 'gamma': 0, 'colsample_bytree': 0.7, 'colsample_bylevel': 0.6, 'n_estimators': 300}",0.9520333202151384,repeated_stratified,2,1,full,combined
8,8,1.0,8,8,1.0,8,6,0.75,0.9166666666666666,0.9131652661064426,0.9036458333333334,8,0,0,0,8,0,1,1,6,P10,xgb,149,"{'subsample': 0.6, 'reg_lambda': 1, 'reg_alpha': 0, 'min_child_weight': 1, 'max_depth': 2, 'learning_rate': 0.03, 'gamma': 0, 'colsample_bytree': 0.6, 'colsample_bylevel': 0.6, 'n_estimators': 300}",0.9691788009969828,repeated_stratified,2,2,full,combined
8,5,0.625,8,6,0.75,8,5,0.625,0.6666666666666666,0.6786324786324786,0.8671875,5,3,0,0,6,2,0,3,5,P10,xgb,150,"{'subsample': 0.6, 'reg_lambda': 1, 'reg_alpha': 0, 'min_child_weight': 1, 'max_depth': 2, 'learning_rate': 0.03, 'gamma': 0, 'colsample_bytree': 0.6, 'colsample_bylevel': 0.6, 'n_estimators': 300}",0.962565044383226,repeated_stratified,2,3,full,combined
8,7,0.875,8,5,0.625,8,3,0.375,0.625,0.621078431372549,0.8515625,7,0,1,0,5,3,1,4,3,P10,xgb,149,"{'subsample': 0.6, 'reg_lambda': 1, 'reg_alpha': 0, 'min_child_weight': 1, 'max_depth': 2, 'learning_rate': 0.03, 'gamma': 0, 'colsample_bytree': 0.6, 'colsample_bylevel': 0.6, 'n_estimators': 300}",0.9576632122086668,repeated_stratified,2,4,full,combined
8,6,0.75,8,6,0.75,9,7,0.7777777777777778,0.76,0.7622807017543859,0.9114923747276688,6,1,1,0,6,2,1,1,7,P10,xgb,150,"{'subsample': 0.6, 'reg_lambda': 1, 'reg_alpha': 0, 'min_child_weight': 1, 'max_depth': 2, 'learning_rate': 0.03, 'gamma': 0, 'colsample_bytree': 0.6, 'colsample_bylevel': 0.6, 'n_estimators': 300}",0.950557523284796,repeated_stratified,3,0,full,combined
9,7,0.7777777777777778,8,5,0.625,8,7,0.875,0.76,0.7630952380952382,0.9196623093681916,7,0,2,0,5,3,0,1,7,P10,xgb,148,"{'subsample': 0.6, 'reg_lambda': 1, 'reg_alpha': 0, 'min_child_weight': 1, 'max_depth': 2, 'learning_rate': 0.03, 'gamma': 0, 'colsample_bytree': 0.6, 'colsample_bylevel': 0.6, 'n_estimators': 300}",0.9758406576588392,repeated_stratified,3,1,full,combined
8,7,0.875,8,6,0.75,8,4,0.5,0.7083333333333334,0.7043650793650794,0.8854166666666666,7,1,0,0,6,2,1,3,4,P10,xgb,150,"{'subsample': 0.6, 'reg_lambda': 1, 'reg_alpha': 0, 'min_child_weight': 1, 'max_depth': 2, 'learning_rate': 0.03, 'gamma': 0, 'colsample_bytree': 0.6, 'colsample_bylevel': 0.6, 'n_estimators': 300}",0.9616423980060343,repeated_stratified,3,2,full,combined
8,8,1.0,8,2,0.25,8,6,0.75,0.6666666666666666,0.6353629170966631,0.8177083333333334,8,0,0,1,2,5,0,2,6,P10,xgb,149,"{'subsample': 0.6, 'reg_lambda': 1, 'reg_alpha': 0, 'min_child_weight': 1, 'max_depth': 2, 'learning_rate': 0.03, 'gamma': 0, 'colsample_bytree': 0.6, 'colsample_bylevel': 0.6, 'n_estimators': 300}",0.9425160697887972,repeated_stratified,3,3,full,combined
8,7,0.875,8,8,1.0,8,6,0.75,0.875,0.8740740740740741,0.9427083333333334,7,0,1,0,8,0,0,2,6,P10,xgb,148,"{'subsample': 0.6, 'reg_lambda': 3, 'reg_alpha': 0.1, 'min_child_weight': 1, 'max_depth': 2, 'learning_rate': 0.05, 'gamma': 0, 'colsample_bytree': 0.7, 'colsample_bylevel': 0.6, 'n_estimators': 300}",0.9664567755476848,repeated_stratified,3,4,full,combined
8,7,0.875,8,5,0.625,9,8,0.8888888888888888,0.8,0.802045177045177,0.8853485838779956,7,0,1,0,5,3,1,0,8,P10,xgb,150,"{'subsample': 0.6, 'reg_lambda': 1, 'reg_alpha': 0, 'min_child_weight': 1, 'max_depth': 2, 'learning_rate': 0.03, 'gamma': 0, 'colsample_bytree': 0.6, 'colsample_bylevel': 0.6, 'n_estimators': 300}",0.9597227688136778,repeated_stratified,4,0,full,combined
9,9,1.0,8,7,0.875,8,6,0.75,0.88,0.8760135633200649,0.9754901960784316,9,0,0,1,7,0,0,2,6,P10,xgb,149,"{'subsample': 0.6, 'reg_lambda': 1, 'reg_alpha': 0, 'min_child_weight': 1, 'max_depth': 2, 'learning_rate': 0.03, 'gamma': 0, 'colsample_bytree': 0.6, 'colsample_bylevel': 0.6, 'n_estimators': 300}",0.938379465652193,repeated_stratified,4,1,full,combined
8,7,0.875,8,7,0.875,8,6,0.75,0.8333333333333334,0.8356209150326798,0.9296875,7,0,1,0,7,1,0,2,6,P10,xgb,149,"{'subsample': 0.6, 'reg_lambda': 1, 'reg_alpha': 0, 'min_child_weight': 1, 'max_depth': 2, 'learning_rate': 0.03, 'gamma': 0, 'colsample_bytree': 0.6, 'colsample_bylevel': 0.6, 'n_estimators': 300}",0.9602300056845512,repeated_stratified,4,2,full,combined
8,6,0.75,8,6,0.75,8,5,0.625,0.7083333333333334,0.7111111111111111,0.8203125,6,1,1,1,6,1,0,3,5,P10,xgb,150,"{'subsample': 0.6, 'reg_lambda': 1, 'reg_alpha': 0, 'min_child_weight': 1, 'max_depth': 2, 'learning_rate': 0.03, 'gamma': 0, 'colsample_bytree': 0.6, 'colsample_bylevel': 0.6, 'n_estimators': 300}",0.9698456425729152,repeated_stratified,4,3,full,combined
8,8,1.0,8,6,0.75,8,6,0.75,0.8333333333333334,0.8333333333333334,0.8802083333333334,8,0,0,0,6,2,0,2,6,P10,xgb,149,"{'subsample': 0.6, 'reg_lambda': 10, 'reg_alpha': 0.5, 'min_child_weight': 1, 'max_depth': 2, 'learning_rate': 0.05, 'gamma': 0.1, 'colsample_bytree': 0.6, 'colsample_bylevel': 0.6, 'n_estimators': 300}",0.963301849665486,repeated_stratified,4,4,full,combined
8,8,1.0,8,6,0.75,9,7,0.7777777777777778,0.84,0.8409258440218194,0.9311002178649236,8,0,0,1,6,1,2,0,7,P10,xgb,148,"{'subsample': 0.6, 'reg_lambda': 1, 'reg_alpha': 0, 'min_child_weight': 1, 'max_depth': 2, 'learning_rate': 0.03, 'gamma': 0, 'colsample_bytree': 0.6, 'colsample_bylevel': 0.6, 'n_estimators': 300}",0.966058856967948,repeated_stratified,5,0,full,combined
9,9,1.0,8,7,0.875,8,6,0.75,0.88,0.8745098039215686,0.9387254901960784,9,0,0,0,7,1,0,2,6,P10,xgb,148,"{'subsample': 0.6, 'reg_lambda': 1, 'reg_alpha': 0, 'min_child_weight': 1, 'max_depth': 2, 'learning_rate': 0.03, 'gamma': 0, 'colsample_bytree': 0.6, 'colsample_bylevel': 0.6, 'n_estimators': 300}",0.930805894442258,repeated_stratified,5,1,full,combined
8,6,0.75,8,7,0.875,8,4,0.5,0.7083333333333334,0.7047385620915033,0.8880208333333334,6,0,2,0,7,1,3,1,4,P10,xgb,148,"{'subsample': 0.6, 'reg_lambda': 1, 'reg_alpha': 0, 'min_child_weight': 1, 'max_depth': 2, 'learning_rate': 0.03, 'gamma': 0, 'colsample_bytree': 0.6, 'colsample_bylevel': 0.6, 'n_estimators': 300}",0.9691175827539464,repeated_stratified,5,2,full,combined
8,7,0.875,8,7,0.875,8,6,0.75,0.8333333333333334,0.8356209150326798,0.9583333333333334,7,0,1,0,7,1,0,2,6,P10,xgb,149,"{'subsample': 0.6, 'reg_lambda': 1, 'reg_alpha': 0, 'min_child_weight': 1, 'max_depth': 2, 'learning_rate': 0.03, 'gamma': 0, 'colsample_bytree': 0.6, 'colsample_bylevel': 0.6, 'n_estimators': 300}",0.9638090865363592,repeated_stratified,5,3,full,combined
8,7,0.875,8,6,0.75,8,4,0.5,0.7083333333333334,0.7043650793650794,0.8828125,7,1,0,0,6,2,1,3,4,P10,xgb,148,"{'subsample': 0.6, 'reg_lambda': 1, 'reg_alpha': 0, 'min_child_weight': 1, 'max_depth': 2, 'learning_rate': 0.03, 'gamma': 0, 'colsample_bytree': 0.6, 'colsample_bylevel': 0.6, 'n_estimators': 300}",0.946864751410206,repeated_stratified,5,4,full,combined
8,7,0.875,8,7,0.875,9,8,0.8888888888888888,0.88,0.8796296296296297,0.9616013071895424,7,0,1,1,7,0,0,1,8,P10,xgb,149,"{'subsample': 0.6, 'reg_lambda': 1, 'reg_alpha': 0, 'min_child_weight': 1, 'max_depth': 2, 'learning_rate': 0.03, 'gamma': 0, 'colsample_bytree': 0.6, 'colsample_bylevel': 0.6, 'n_estimators': 300}",0.946720451265906,repeated_stratified,6,0,full,combined
9,6,0.6666666666666666,8,8,1.0,8,6,0.75,0.8,0.7990196078431372,0.9331427015250544,6,0,3,0,8,0,1,1,6,P10,xgb,147,"{'subsample': 0.6, 'reg_lambda': 3, 'reg_alpha': 0.1, 'min_child_weight': 1, 'max_depth': 8, 'learning_rate': 0.05, 'gamma': 0, 'colsample_bytree': 0.7, 'colsample_bylevel': 0.8, 'n_estimators': 300}",0.9776750185841094,repeated_stratified,6,1,full,combined
8,8,1.0,8,7,0.875,8,6,0.75,0.875,0.8720588235294118,0.9765625,8,0,0,0,7,1,1,1,6,P10,xgb,150,"{'subsample': 0.6, 'reg_lambda': 1, 'reg_alpha': 0, 'min_child_weight': 1, 'max_depth': 2, 'learning_rate': 0.03, 'gamma': 0, 'colsample_bytree': 0.6, 'colsample_bylevel': 0.6, 'n_estimators': 300}",0.9191088372906554,repeated_stratified,6,2,full,combined
8,8,1.0,8,6,0.75,8,5,0.625,0.7916666666666666,0.7908496732026143,0.9036458333333334,8,0,0,0,6,2,0,3,5,P10,xgb,147,"{'subsample': 0.6, 'reg_lambda': 1, 'reg_alpha': 0, 'min_child_weight': 1, 'max_depth': 2, 'learning_rate': 0.03, 'gamma': 0, 'colsample_bytree': 0.6, 'colsample_bylevel': 0.6, 'n_estimators': 300}",0.9370763916218464,repeated_stratified,6,3,full,combined
8,8,1.0,8,6,0.75,8,5,0.625,0.7916666666666666,0.7908496732026143,0.8880208333333334,8,0,0,0,6,2,0,3,5,P10,xgb,150,"{'subsample': 0.6, 'reg_lambda': 1, 'reg_alpha': 0, 'min_child_weight': 1, 'max_depth': 2, 'learning_rate': 0.03, 'gamma': 0, 'colsample_bytree': 0.6, 'colsample_bylevel': 0.6, 'n_estimators': 300}",0.9508614281341554,repeated_stratified,6,4,full,combined
8,8,1.0,8,6,0.75,9,6,0.6666666666666666,0.8,0.8039215686274511,0.9142156862745098,8,0,0,0,6,2,0,3,6,P10,xgb,150,"{'subsample': 0.6, 'reg_lambda': 1, 'reg_alpha': 0, 'min_child_weight': 1, 'max_depth': 2, 'learning_rate': 0.03, 'gamma': 0, 'colsample_bytree': 0.6, 'colsample_bylevel': 0.6, 'n_estimators': 300}",0.9463290917836372,repeated_stratified,7,0,full,combined
9,7,0.7777777777777778,8,7,0.875,8,7,0.875,0.84,0.8425925925925926,0.9389978213507624,7,0,2,0,7,1,0,1,7,P10,xgb,149,"{'subsample': 0.6, 'reg_lambda': 1, 'reg_alpha': 0, 'min_child_weight': 1, 'max_depth': 2, 'learning_rate': 0.03, 'gamma': 0, 'colsample_bytree': 0.6, 'colsample_bylevel': 0.6, 'n_estimators': 300}",0.9655406882679612,repeated_stratified,7,1,full,combined
8,7,0.875,8,7,0.875,8,6,0.75,0.8333333333333334,0.8356209150326798,0.9244791666666666,7,0,1,0,7,1,2,0,6,P10,xgb,148,"{'subsample': 0.6, 'reg_lambda': 1, 'reg_alpha': 0, 'min_child_weight': 1, 'max_depth': 2, 'learning_rate': 0.03, 'gamma': 0, 'colsample_bytree': 0.6, 'colsample_bylevel': 0.6, 'n_estimators': 300}",0.963247190519918,repeated_stratified,7,2,full,combined
8,6,0.75,8,5,0.625,8,4,0.5,0.625,0.6294117647058823,0.8072916666666666,6,0,2,1,5,2,0,4,4,P10,xgb,150,"{'subsample': 0.6, 'reg_lambda': 1, 'reg_alpha': 0, 'min_child_weight': 1, 'max_depth': 2, 'learning_rate': 0.03, 'gamma': 0, 'colsample_bytree': 0.6, 'colsample_bylevel': 0.6, 'n_estimators': 300}",0.954842800297346,repeated_stratified,7,3,full,combined
8,7,0.875,8,5,0.625,8,5,0.625,0.7083333333333334,0.7083333333333334,0.9348958333333334,7,0,1,1,5,2,0,3,5,P10,xgb,149,"{'subsample': 0.6, 'reg_lambda': 1, 'reg_alpha': 0, 'min_child_weight': 1, 'max_depth': 2, 'learning_rate': 0.03, 'gamma': 0, 'colsample_bytree': 0.6, 'colsample_bylevel': 0.6, 'n_estimators': 300}",0.9342122523940706,repeated_stratified,7,4,full,combined
8,7,0.875,8,7,0.875,9,7,0.7777777777777778,0.84,0.8425925925925926,0.9289215686274508,7,0,1,0,7,1,1,1,7,P10,xgb,150,"{'subsample': 0.6, 'reg_lambda': 3, 'reg_alpha': 0.1, 'min_child_weight': 1, 'max_depth': 2, 'learning_rate': 0.05, 'gamma': 0, 'colsample_bytree': 0.7, 'colsample_bylevel': 0.6, 'n_estimators': 300}",0.9705758887577072,repeated_stratified,8,0,full,combined
9,7,0.7777777777777778,8,7,0.875,8,6,0.75,0.8,0.8004357298474947,0.9249727668845316,7,2,0,0,7,1,1,1,6,P10,xgb,148,"{'subsample': 0.8, 'reg_lambda': 1, 'reg_alpha': 0, 'min_child_weight': 1, 'max_depth': 8, 'learning_rate': 0.01, 'gamma': 0.3, 'colsample_bytree': 0.6, 'colsample_bylevel': 0.8, 'n_estimators': 300}",0.9548996458087368,repeated_stratified,8,1,full,combined
8,7,0.875,8,5,0.625,8,4,0.5,0.6666666666666666,0.6655228758169934,0.8177083333333334,7,0,1,1,5,2,0,4,4,P10,xgb,147,"{'subsample': 0.6, 'reg_lambda': 1, 'reg_alpha': 0, 'min_child_weight': 1, 'max_depth': 2, 'learning_rate': 0.03, 'gamma': 0, 'colsample_bytree': 0.6, 'colsample_bylevel': 0.6, 'n_estimators': 300}",0.9638462547553458,repeated_stratified,8,2,full,combined
8,7,0.875,8,7,0.875,8,7,0.875,0.875,0.875,0.9270833333333334,7,0,1,1,7,0,0,1,7,P10,xgb,150,"{'subsample': 0.6, 'reg_lambda': 1, 'reg_alpha': 0, 'min_child_weight': 1, 'max_depth': 2, 'learning_rate': 0.03, 'gamma': 0, 'colsample_bytree': 0.6, 'colsample_bylevel': 0.6, 'n_estimators': 300}",0.9633477633477632,repeated_stratified,8,3,full,combined
8,7,0.875,8,6,0.75,8,8,1.0,0.875,0.8740740740740741,0.9453125,7,1,0,0,6,2,0,0,8,P10,xgb,150,"{'subsample': 0.6, 'reg_lambda': 1, 'reg_alpha': 0, 'min_child_weight': 1, 'max_depth': 2, 'learning_rate': 0.03, 'gamma': 0, 'colsample_bytree': 0.6, 'colsample_bylevel': 0.6, 'n_estimators': 300}",0.9583366128820676,repeated_stratified,8,4,full,combined
8,7,0.875,8,6,0.75,9,6,0.6666666666666666,0.76,0.7638888888888888,0.846949891067538,7,1,0,1,6,1,0,3,6,P10,xgb,149,"{'subsample': 0.6, 'reg_lambda': 1, 'reg_alpha': 0, 'min_child_weight': 1, 'max_depth': 2, 'learning_rate': 0.03, 'gamma': 0, 'colsample_bytree': 0.6, 'colsample_bylevel': 0.6, 'n_estimators': 300}",0.9593248502339412,repeated_stratified,9,0,full,combined
9,9,1.0,8,5,0.625,8,7,0.875,0.84,0.8306878306878307,0.9534313725490196,9,0,0,0,5,3,0,1,7,P10,xgb,150,"{'subsample': 0.6, 'reg_lambda': 1, 'reg_alpha': 0, 'min_child_weight': 1, 'max_depth': 2, 'learning_rate': 0.03, 'gamma': 0, 'colsample_bytree': 0.6, 'colsample_bylevel': 0.6, 'n_estimators': 300}",0.9685097730552276,repeated_stratified,9,1,full,combined
8,7,0.875,8,7,0.875,8,6,0.75,0.8333333333333334,0.832843137254902,0.9348958333333334,7,0,1,1,7,0,1,1,6,P10,xgb,150,"{'subsample': 0.6, 'reg_lambda': 1, 'reg_alpha': 0, 'min_child_weight': 1, 'max_depth': 2, 'learning_rate': 0.03, 'gamma': 0, 'colsample_bytree': 0.6, 'colsample_bylevel': 0.6, 'n_estimators': 300}",0.9297017797017796,repeated_stratified,9,2,full,combined
8,6,0.75,8,7,0.875,8,5,0.625,0.75,0.7495098039215686,0.9322916666666666,6,0,2,0,7,1,1,2,5,P10,xgb,150,"{'subsample': 0.6, 'reg_lambda': 1, 'reg_alpha': 0, 'min_child_weight': 1, 'max_depth': 2, 'learning_rate': 0.03, 'gamma': 0, 'colsample_bytree': 0.6, 'colsample_bylevel': 0.6, 'n_estimators': 300}",0.9549958459049368,repeated_stratified,9,3,full,combined
8,7,0.875,8,6,0.75,8,7,0.875,0.8333333333333334,0.8333333333333334,0.9557291666666666,7,1,0,1,6,1,0,1,7,P10,xgb,150,"{'subsample': 0.6, 'reg_lambda': 1, 'reg_alpha': 0, 'min_child_weight': 1, 'max_depth': 2, 'learning_rate': 0.03, 'gamma': 0, 'colsample_bytree': 0.6, 'colsample_bylevel': 0.6, 'n_estimators': 300}",0.9508264462809918,repeated_stratified,9,4,full,combined
8,8,1.0,8,4,0.5,8,3,0.375,0.625,0.6235294117647059,0.8489583333333334,8,0,0,0,4,4,0,5,3,P11,xgb,150,"{'subsample': 0.6, 'reg_lambda': 1, 'reg_alpha': 0, 'min_child_weight': 1, 'max_depth': 2, 'learning_rate': 0.03, 'gamma': 0, 'colsample_bytree': 0.6, 'colsample_bylevel': 0.6, 'n_estimators': 300}",0.9732082732082732,repeated_stratified,0,0,full,combined
8,8,1.0,8,7,0.875,8,5,0.625,0.8333333333333334,0.8263305322128852,0.9453125,8,0,0,0,7,1,1,2,5,P11,xgb,150,"{'subsample': 0.6, 'reg_lambda': 1, 'reg_alpha': 0, 'min_child_weight': 1, 'max_depth': 2, 'learning_rate': 0.03, 'gamma': 0, 'colsample_bytree': 0.6, 'colsample_bylevel': 0.6, 'n_estimators': 300}",0.9435545935545936,repeated_stratified,0,1,full,combined
8,8,1.0,8,5,0.625,8,5,0.625,0.75,0.744281045751634,0.9192708333333334,8,0,0,1,5,2,0,3,5,P11,xgb,149,"{'subsample': 0.6, 'reg_lambda': 1, 'reg_alpha': 0, 'min_child_weight': 1, 'max_depth': 2, 'learning_rate': 0.03, 'gamma': 0, 'colsample_bytree': 0.6, 'colsample_bylevel': 0.6, 'n_estimators': 300}",0.9593314093314094,repeated_stratified,0,2,full,combined
8,8,1.0,8,4,0.5,8,5,0.625,0.7083333333333334,0.7071895424836602,0.8671875,8,0,0,0,4,4,0,3,5,P11,xgb,149,"{'subsample': 0.6, 'reg_lambda': 1, 'reg_alpha': 0, 'min_child_weight': 1, 'max_depth': 2, 'learning_rate': 0.03, 'gamma': 0, 'colsample_bytree': 0.6, 'colsample_bylevel': 0.6, 'n_estimators': 300}",0.9623376623376624,repeated_stratified,0,3,full,combined
8,8,1.0,8,4,0.5,8,5,0.625,0.7083333333333334,0.6998366013071896,0.8671875,8,0,0,1,4,3,0,3,5,P11,xgb,149,"{'subsample': 0.6, 'reg_lambda': 1, 'reg_alpha': 0, 'min_child_weight': 1, 'max_depth': 2, 'learning_rate': 0.03, 'gamma': 0, 'colsample_bytree': 0.6, 'colsample_bylevel': 0.6, 'n_estimators': 300}",0.9415343915343916,repeated_stratified,0,4,full,combined
8,7,0.875,8,6,0.75,8,4,0.5,0.7083333333333334,0.7121136173767754,0.9036458333333334,7,1,0,0,6,2,0,4,4,P11,xgb,149,"{'subsample': 0.6, 'reg_lambda': 1, 'reg_alpha': 0, 'min_child_weight': 1, 'max_depth': 2, 'learning_rate': 0.03, 'gamma': 0, 'colsample_bytree': 0.6, 'colsample_bylevel': 0.6, 'n_estimators': 300}",0.9601972101972104,repeated_stratified,1,0,full,combined
8,8,1.0,8,4,0.5,8,6,0.75,0.75,0.746031746031746,0.9244791666666666,8,0,0,0,4,4,0,2,6,P11,xgb,149,"{'subsample': 0.6, 'reg_lambda': 1, 'reg_alpha': 0, 'min_child_weight': 1, 'max_depth': 2, 'learning_rate': 0.03, 'gamma': 0, 'colsample_bytree': 0.6, 'colsample_bylevel': 0.6, 'n_estimators': 300}",0.9673881673881676,repeated_stratified,1,1,full,combined
8,8,1.0,8,6,0.75,8,6,0.75,0.8333333333333334,0.8333333333333334,0.90625,8,0,0,0,6,2,0,2,6,P11,xgb,150,"{'subsample': 0.6, 'reg_lambda': 3, 'reg_alpha': 0.1, 'min_child_weight': 1, 'max_depth': 2, 'learning_rate': 0.05, 'gamma': 0, 'colsample_bytree': 0.7, 'colsample_bylevel': 0.6, 'n_estimators': 300}",0.9418229918229918,repeated_stratified,1,2,full,combined
8,8,1.0,8,4,0.5,8,6,0.75,0.75,0.746031746031746,0.9270833333333334,8,0,0,0,4,4,0,2,6,P11,xgb,148,"{'subsample': 0.6, 'reg_lambda': 1, 'reg_alpha': 0, 'min_child_weight': 1, 'max_depth': 2, 'learning_rate': 0.03, 'gamma': 0, 'colsample_bytree': 0.6, 'colsample_bylevel': 0.6, 'n_estimators': 300}",0.9627224627224628,repeated_stratified,1,3,full,combined
8,8,1.0,8,4,0.5,8,5,0.625,0.7083333333333334,0.6951058201058201,0.8854166666666666,8,0,0,1,4,3,1,2,5,P11,xgb,148,"{'subsample': 0.6, 'reg_lambda': 1, 'reg_alpha': 0, 'min_child_weight': 1, 'max_depth': 2, 'learning_rate': 0.03, 'gamma': 0, 'colsample_bytree': 0.6, 'colsample_bylevel': 0.6, 'n_estimators': 300}",0.9658008658008658,repeated_stratified,1,4,full,combined
8,8,1.0,8,5,0.625,8,4,0.5,0.7083333333333334,0.7071895424836602,0.8645833333333334,8,0,0,0,5,3,0,4,4,P11,xgb,150,"{'subsample': 0.6, 'reg_lambda': 1, 'reg_alpha': 0, 'min_child_weight': 1, 'max_depth': 2, 'learning_rate': 0.03, 'gamma': 0, 'colsample_bytree': 0.6, 'colsample_bylevel': 0.6, 'n_estimators': 300}",0.946176046176046,repeated_stratified,2,0,full,combined
8,7,0.875,8,6,0.75,8,5,0.625,0.75,0.75,0.859375,7,0,1,0,6,2,1,2,5,P11,xgb,145,"{'subsample': 0.6, 'reg_lambda': 3, 'reg_alpha': 0.1, 'min_child_weight': 1, 'max_depth': 2, 'learning_rate': 0.05, 'gamma': 0, 'colsample_bytree': 0.7, 'colsample_bylevel': 0.6, 'n_estimators': 300}",0.9407888407888408,repeated_stratified,2,1,full,combined
8,8,1.0,8,5,0.625,8,7,0.875,0.8333333333333334,0.8263305322128852,0.9088541666666666,8,0,0,1,5,2,0,1,7,P11,xgb,147,"{'subsample': 0.6, 'reg_lambda': 3, 'reg_alpha': 0.1, 'min_child_weight': 1, 'max_depth': 2, 'learning_rate': 0.05, 'gamma': 0, 'colsample_bytree': 0.7, 'colsample_bylevel': 0.6, 'n_estimators': 300}",0.9489898989898988,repeated_stratified,2,2,full,combined
8,8,1.0,8,7,0.875,8,4,0.5,0.7916666666666666,0.7840755735492578,0.921875,8,0,0,0,7,1,0,4,4,P11,xgb,149,"{'subsample': 0.6, 'reg_lambda': 1, 'reg_alpha': 0, 'min_child_weight': 1, 'max_depth': 2, 'learning_rate': 0.03, 'gamma': 0, 'colsample_bytree': 0.6, 'colsample_bylevel': 0.6, 'n_estimators': 300}",0.9584415584415584,repeated_stratified,2,3,full,combined
8,8,1.0,8,6,0.75,8,4,0.5,0.75,0.746031746031746,0.9010416666666666,8,0,0,0,6,2,0,4,4,P11,xgb,148,"{'subsample': 0.6, 'reg_lambda': 3, 'reg_alpha': 0.1, 'min_child_weight': 1, 'max_depth': 2, 'learning_rate': 0.05, 'gamma': 0, 'colsample_bytree': 0.7, 'colsample_bylevel': 0.6, 'n_estimators': 300}",0.9574555074555074,repeated_stratified,2,4,full,combined
8,7,0.875,8,4,0.5,8,5,0.625,0.6666666666666666,0.674074074074074,0.8619791666666666,7,0,1,0,4,4,0,3,5,P11,xgb,148,"{'subsample': 0.6, 'reg_lambda': 1, 'reg_alpha': 0, 'min_child_weight': 1, 'max_depth': 2, 'learning_rate': 0.03, 'gamma': 0, 'colsample_bytree': 0.6, 'colsample_bylevel': 0.6, 'n_estimators': 300}",0.9863636363636364,repeated_stratified,3,0,full,combined
8,8,1.0,8,4,0.5,8,4,0.5,0.6666666666666666,0.6581699346405229,0.8802083333333334,8,0,0,1,4,3,0,4,4,P11,xgb,150,"{'subsample': 0.8, 'reg_lambda': 5, 'reg_alpha': 0.1, 'min_child_weight': 1, 'max_depth': 8, 'learning_rate': 0.03, 'gamma': 0, 'colsample_bytree': 0.6, 'colsample_bylevel': 0.6, 'n_estimators': 300}",0.9309523809523808,repeated_stratified,3,1,full,combined
8,8,1.0,8,7,0.875,8,4,0.5,0.7916666666666666,0.7840755735492578,0.9114583333333334,8,0,0,0,7,1,0,4,4,P11,xgb,147,"{'subsample': 0.6, 'reg_lambda': 3, 'reg_alpha': 0.1, 'min_child_weight': 1, 'max_depth': 2, 'learning_rate': 0.05, 'gamma': 0, 'colsample_bytree': 0.7, 'colsample_bylevel': 0.6, 'n_estimators': 300}",0.96010101010101,repeated_stratified,3,2,full,combined
8,8,1.0,8,6,0.75,8,3,0.375,0.7083333333333334,0.6977058029689608,0.9166666666666666,8,0,0,0,6,2,0,5,3,P11,xgb,150,"{'subsample': 0.6, 'reg_lambda': 3, 'reg_alpha': 0.1, 'min_child_weight': 1, 'max_depth': 2, 'learning_rate': 0.05, 'gamma': 0, 'colsample_bytree': 0.7, 'colsample_bylevel': 0.6, 'n_estimators': 300}",0.9392496392496392,repeated_stratified,3,3,full,combined
8,8,1.0,8,4,0.5,8,7,0.875,0.7916666666666666,0.7781129545835429,0.890625,8,0,0,1,4,3,0,1,7,P11,xgb,150,"{'subsample': 0.6, 'reg_lambda': 1, 'reg_alpha': 0, 'min_child_weight': 1, 'max_depth': 2, 'learning_rate': 0.03, 'gamma': 0, 'colsample_bytree': 0.6, 'colsample_bylevel': 0.6, 'n_estimators': 300}",0.9643819143819142,repeated_stratified,3,4,full,combined
8,8,1.0,8,7,0.875,8,6,0.75,0.875,0.8745098039215686,0.8958333333333334,8,0,0,0,7,1,0,2,6,P11,xgb,149,"{'subsample': 0.6, 'reg_lambda': 3, 'reg_alpha': 0.1, 'min_child_weight': 1, 'max_depth': 2, 'learning_rate': 0.05, 'gamma': 0, 'colsample_bytree': 0.7, 'colsample_bylevel': 0.6, 'n_estimators': 300}",0.9325156325156326,repeated_stratified,4,0,full,combined
8,8,1.0,8,4,0.5,8,6,0.75,0.75,0.7394957983193278,0.9010416666666666,8,0,0,1,4,3,0,2,6,P11,xgb,148,"{'subsample': 0.6, 'reg_lambda': 1, 'reg_alpha': 0, 'min_child_weight': 1, 'max_depth': 2, 'learning_rate': 0.03, 'gamma': 0, 'colsample_bytree': 0.6, 'colsample_bylevel': 0.6, 'n_estimators': 300}",0.9635401635401634,repeated_stratified,4,1,full,combined
8,7,0.875,8,5,0.625,8,5,0.625,0.7083333333333334,0.7155228758169935,0.90625,7,0,1,0,5,3,0,3,5,P11,xgb,150,"{'subsample': 0.6, 'reg_lambda': 1, 'reg_alpha': 0, 'min_child_weight': 1, 'max_depth': 2, 'learning_rate': 0.03, 'gamma': 0, 'colsample_bytree': 0.6, 'colsample_bylevel': 0.6, 'n_estimators': 300}",0.9240740740740742,repeated_stratified,4,2,full,combined
8,8,1.0,8,5,0.625,8,5,0.625,0.75,0.75,0.8880208333333334,8,0,0,0,5,3,0,3,5,P11,xgb,148,"{'subsample': 0.6, 'reg_lambda': 1, 'reg_alpha': 0, 'min_child_weight': 1, 'max_depth': 2, 'learning_rate': 0.03, 'gamma': 0, 'colsample_bytree': 0.6, 'colsample_bylevel': 0.6, 'n_estimators': 300}",0.9588263588263588,repeated_stratified,4,3,full,combined
8,8,1.0,8,4,0.5,8,3,0.375,0.625,0.6134453781512604,0.8177083333333334,8,0,0,1,4,3,0,5,3,P11,xgb,150,"{'subsample': 0.6, 'reg_lambda': 3, 'reg_alpha': 0.1, 'min_child_weight': 1, 'max_depth': 8, 'learning_rate': 0.05, 'gamma': 0, 'colsample_bytree': 0.7, 'colsample_bylevel': 0.8, 'n_estimators': 300}",0.9676767676767678,repeated_stratified,4,4,full,combined
8,8,1.0,8,5,0.625,8,5,0.625,0.75,0.744281045751634,0.890625,8,0,0,1,5,2,0,3,5,P11,xgb,150,"{'subsample': 0.8, 'reg_lambda': 10, 'reg_alpha': 0, 'min_child_weight': 1, 'max_depth': 8, 'learning_rate': 0.05, 'gamma': 0, 'colsample_bytree': 0.7, 'colsample_bylevel': 0.6, 'n_estimators': 300}",0.9382154882154882,repeated_stratified,5,0,full,combined
8,8,1.0,8,7,0.875,8,5,0.625,0.8333333333333334,0.8306878306878307,0.953125,8,0,0,0,7,1,0,3,5,P11,xgb,149,"{'subsample': 0.6, 'reg_lambda': 3, 'reg_alpha': 0.1, 'min_child_weight': 1, 'max_depth': 8, 'learning_rate': 0.05, 'gamma': 0, 'colsample_bytree': 0.7, 'colsample_bylevel': 0.8, 'n_estimators': 300}",0.9404521404521404,repeated_stratified,5,1,full,combined
8,8,1.0,8,4,0.5,8,7,0.875,0.7916666666666666,0.7840755735492578,0.9244791666666666,8,0,0,0,4,4,0,1,7,P11,xgb,150,"{'subsample': 0.6, 'reg_lambda': 3, 'reg_alpha': 0.1, 'min_child_weight': 1, 'max_depth': 2, 'learning_rate': 0.05, 'gamma': 0, 'colsample_bytree': 0.7, 'colsample_bylevel': 0.6, 'n_estimators': 300}",0.9133718133718132,repeated_stratified,5,2,full,combined
8,8,1.0,8,4,0.5,8,4,0.5,0.6666666666666666,0.6581699346405229,0.8619791666666666,8,0,0,0,4,4,1,3,4,P11,xgb,148,"{'subsample': 0.6, 'reg_lambda': 3, 'reg_alpha': 0.1, 'min_child_weight': 1, 'max_depth': 8, 'learning_rate': 0.05, 'gamma': 0, 'colsample_bytree': 0.7, 'colsample_bylevel': 0.8, 'n_estimators': 300}",0.9326599326599326,repeated_stratified,5,3,full,combined
8,8,1.0,8,5,0.625,8,7,0.875,0.8333333333333334,0.8306878306878307,0.9296875,8,0,0,0,5,3,0,1,7,P11,xgb,147,"{'subsample': 0.6, 'reg_lambda': 1, 'reg_alpha': 0, 'min_child_weight': 1, 'max_depth': 2, 'learning_rate': 0.03, 'gamma': 0, 'colsample_bytree': 0.6, 'colsample_bylevel': 0.6, 'n_estimators': 300}",0.9686387686387686,repeated_stratified,5,4,full,combined
8,8,1.0,8,4,0.5,8,8,1.0,0.8333333333333334,0.8222222222222223,0.9609375,8,0,0,0,4,4,0,0,8,P11,xgb,149,"{'subsample': 0.6, 'reg_lambda': 3, 'reg_alpha': 0.1, 'min_child_weight': 1, 'max_depth': 2, 'learning_rate': 0.05, 'gamma': 0, 'colsample_bytree': 0.7, 'colsample_bylevel': 0.6, 'n_estimators': 300}",0.9733285233285232,repeated_stratified,6,0,full,combined
8,8,1.0,8,5,0.625,8,4,0.5,0.7083333333333334,0.6998366013071896,0.8828125,8,0,0,0,5,3,1,3,4,P11,xgb,149,"{'subsample': 0.6, 'reg_lambda': 1, 'reg_alpha': 0, 'min_child_weight': 1, 'max_depth': 2, 'learning_rate': 0.03, 'gamma': 0, 'colsample_bytree': 0.6, 'colsample_bylevel': 0.6, 'n_estimators': 300}",0.9181337181337182,repeated_stratified,6,1,full,combined
8,8,1.0,8,7,0.875,8,7,0.875,0.9166666666666666,0.9166666666666666,0.9583333333333334,8,0,0,0,7,1,0,1,7,P11,xgb,150,"{'subsample': 0.6, 'reg_lambda': 3, 'reg_alpha': 0.1, 'min_child_weight': 1, 'max_depth': 8, 'learning_rate': 0.05, 'gamma': 0, 'colsample_bytree': 0.7, 'colsample_bylevel': 0.8, 'n_estimators': 300}",0.9453583453583456,repeated_stratified,6,2,full,combined
8,8,1.0,8,6,0.75,8,7,0.875,0.875,0.8720588235294118,0.9114583333333334,8,0,0,1,6,1,0,1,7,P11,xgb,147,"{'subsample': 0.6, 'reg_lambda': 1, 'reg_alpha': 0, 'min_child_weight': 1, 'max_depth': 2, 'learning_rate': 0.03, 'gamma': 0, 'colsample_bytree': 0.6, 'colsample_bylevel': 0.6, 'n_estimators': 300}",0.9642857142857144,repeated_stratified,6,3,full,combined
8,8,1.0,8,5,0.625,8,5,0.625,0.75,0.75,0.9010416666666666,8,0,0,0,5,3,0,3,5,P11,xgb,150,"{'subsample': 0.6, 'reg_lambda': 1, 'reg_alpha': 0, 'min_child_weight': 1, 'max_depth': 2, 'learning_rate': 0.03, 'gamma': 0, 'colsample_bytree': 0.6, 'colsample_bylevel': 0.6, 'n_estimators': 300}",0.972101972101972,repeated_stratified,6,4,full,combined
8,8,1.0,8,3,0.375,8,6,0.75,0.7083333333333334,0.697705802968961,0.84375,8,0,0,0,3,5,0,2,6,P11,xgb,150,"{'subsample': 0.6, 'reg_lambda': 3, 'reg_alpha': 0.1, 'min_child_weight': 1, 'max_depth': 8, 'learning_rate': 0.05, 'gamma': 0, 'colsample_bytree': 0.7, 'colsample_bylevel': 0.8, 'n_estimators': 300}",0.9718133718133718,repeated_stratified,7,0,full,combined
8,8,1.0,8,6,0.75,8,3,0.375,0.7083333333333334,0.6977058029689608,0.8932291666666666,8,0,0,0,6,2,0,5,3,P11,xgb,150,"{'subsample': 0.6, 'reg_lambda': 1, 'reg_alpha': 0, 'min_child_weight': 1, 'max_depth': 2, 'learning_rate': 0.03, 'gamma': 0, 'colsample_bytree': 0.6, 'colsample_bylevel': 0.6, 'n_estimators': 300}",0.9405723905723904,repeated_stratified,7,1,full,combined
8,7,0.875,8,7,0.875,8,7,0.875,0.875,0.8772875816993464,0.953125,7,1,0,0,7,1,0,1,7,P11,xgb,148,"{'subsample': 0.6, 'reg_lambda': 1, 'reg_alpha': 0, 'min_child_weight': 1, 'max_depth': 2, 'learning_rate': 0.03, 'gamma': 0, 'colsample_bytree': 0.6, 'colsample_bylevel': 0.6, 'n_estimators': 300}",0.9358345358345358,repeated_stratified,7,2,full,combined
8,8,1.0,8,4,0.5,8,4,0.5,0.6666666666666666,0.6581699346405229,0.8177083333333334,8,0,0,1,4,3,0,4,4,P11,xgb,150,"{'subsample': 0.6, 'reg_lambda': 1, 'reg_alpha': 0, 'min_child_weight': 1, 'max_depth': 2, 'learning_rate': 0.03, 'gamma': 0, 'colsample_bytree': 0.6, 'colsample_bylevel': 0.6, 'n_estimators': 300}",0.904112554112554,repeated_stratified,7,3,full,combined
8,8,1.0,8,4,0.5,8,5,0.625,0.7083333333333334,0.7071895424836602,0.8802083333333334,8,0,0,0,4,4,0,3,5,P11,xgb,147,"{'subsample': 0.6, 'reg_lambda': 3, 'reg_alpha': 0.1, 'min_child_weight': 1, 'max_depth': 8, 'learning_rate': 0.05, 'gamma': 0, 'colsample_bytree': 0.7, 'colsample_bylevel': 0.8, 'n_estimators': 300}",0.9417027417027416,repeated_stratified,7,4,full,combined
8,8,1.0,8,6,0.75,8,2,0.25,0.6666666666666666,0.6444444444444445,0.9010416666666666,8,0,0,0,6,2,0,6,2,P11,xgb,150,"{'subsample': 0.6, 'reg_lambda': 1, 'reg_alpha': 0, 'min_child_weight': 1, 'max_depth': 2, 'learning_rate': 0.03, 'gamma': 0, 'colsample_bytree': 0.6, 'colsample_bylevel': 0.6, 'n_estimators': 300}",0.952861952861953,repeated_stratified,8,0,full,combined
8,8,1.0,8,5,0.625,8,5,0.625,0.75,0.75,0.9010416666666666,8,0,0,0,5,3,0,3,5,P11,xgb,149,"{'subsample': 0.6, 'reg_lambda': 1, 'reg_alpha': 0, 'min_child_weight': 1, 'max_depth': 2, 'learning_rate': 0.03, 'gamma': 0, 'colsample_bytree': 0.6, 'colsample_bylevel': 0.6, 'n_estimators': 300}",0.9416546416546416,repeated_stratified,8,1,full,combined
8,8,1.0,8,5,0.625,8,5,0.625,0.75,0.744281045751634,0.921875,8,0,0,1,5,2,0,3,5,P11,xgb,150,"{'subsample': 0.6, 'reg_lambda': 3, 'reg_alpha': 0.1, 'min_child_weight': 1, 'max_depth': 2, 'learning_rate': 0.05, 'gamma': 0, 'colsample_bytree': 0.7, 'colsample_bylevel': 0.6, 'n_estimators': 300}",0.9426647426647428,repeated_stratified,8,2,full,combined
8,8,1.0,8,4,0.5,8,5,0.625,0.7083333333333334,0.7071895424836602,0.8776041666666666,8,0,0,0,4,4,0,3,5,P11,xgb,149,"{'subsample': 0.6, 'reg_lambda': 3, 'reg_alpha': 0.1, 'min_child_weight': 1, 'max_depth': 2, 'learning_rate': 0.05, 'gamma': 0, 'colsample_bytree': 0.7, 'colsample_bylevel': 0.6, 'n_estimators': 300}",0.9765752765752764,repeated_stratified,8,3,full,combined
8,8,1.0,8,5,0.625,8,5,0.625,0.75,0.75,0.9244791666666666,8,0,0,0,5,3,0,3,5,P11,xgb,149,"{'subsample': 0.6, 'reg_lambda': 3, 'reg_alpha': 0.1, 'min_child_weight': 1, 'max_depth': 2, 'learning_rate': 0.05, 'gamma': 0, 'colsample_bytree': 0.7, 'colsample_bylevel': 0.6, 'n_estimators': 300}",0.93994708994709,repeated_stratified,8,4,full,combined
8,8,1.0,8,5,0.625,8,5,0.625,0.75,0.75,0.8880208333333334,8,0,0,0,5,3,0,3,5,P11,xgb,150,"{'subsample': 0.6, 'reg_lambda': 1, 'reg_alpha': 0, 'min_child_weight': 1, 'max_depth': 2, 'learning_rate': 0.03, 'gamma': 0, 'colsample_bytree': 0.6, 'colsample_bylevel': 0.6, 'n_estimators': 300}",0.9687349687349688,repeated_stratified,9,0,full,combined
8,8,1.0,8,5,0.625,8,6,0.75,0.7916666666666666,0.7908496732026143,0.8932291666666666,8,0,0,0,5,3,0,2,6,P11,xgb,150,"{'subsample': 0.6, 'reg_lambda': 1, 'reg_alpha': 0, 'min_child_weight': 1, 'max_depth': 2, 'learning_rate': 0.03, 'gamma': 0, 'colsample_bytree': 0.6, 'colsample_bylevel': 0.6, 'n_estimators': 300}",0.9095959595959596,repeated_stratified,9,1,full,combined
8,8,1.0,8,4,0.5,8,5,0.625,0.7083333333333334,0.6998366013071896,0.8828125,8,0,0,1,4,3,0,3,5,P11,xgb,150,"{'subsample': 0.6, 'reg_lambda': 3, 'reg_alpha': 0.1, 'min_child_weight': 1, 'max_depth': 2, 'learning_rate': 0.05, 'gamma': 0, 'colsample_bytree': 0.7, 'colsample_bylevel': 0.6, 'n_estimators': 300}",0.9343434343434344,repeated_stratified,9,2,full,combined
8,8,1.0,8,5,0.625,8,6,0.75,0.7916666666666666,0.7859477124183006,0.8802083333333334,8,0,0,1,5,2,0,2,6,P11,xgb,149,"{'subsample': 0.6, 'reg_lambda': 1, 'reg_alpha': 0, 'min_child_weight': 1, 'max_depth': 2, 'learning_rate': 0.03, 'gamma': 0, 'colsample_bytree': 0.6, 'colsample_bylevel': 0.6, 'n_estimators': 300}",0.9567340067340068,repeated_stratified,9,3,full,combined
8,7,0.875,8,5,0.625,8,3,0.375,0.625,0.6296296296296297,0.8203125,7,0,1,0,5,3,0,5,3,P11,xgb,149,"{'subsample': 0.6, 'reg_lambda': 3, 'reg_alpha': 0.1, 'min_child_weight': 1, 'max_depth': 2, 'learning_rate': 0.05, 'gamma': 0, 'colsample_bytree': 0.7, 'colsample_bylevel': 0.6, 'n_estimators': 300}",0.9696488696488696,repeated_stratified,9,4,full,combined
8,8,1.0,8,4,0.5,8,4,0.5,0.6666666666666666,0.6581699346405229,0.8645833333333334,8,0,0,1,4,3,0,4,4,P12,xgb,148,"{'subsample': 0.6, 'reg_lambda': 3, 'reg_alpha': 0.1, 'min_child_weight': 1, 'max_depth': 2, 'learning_rate': 0.05, 'gamma': 0, 'colsample_bytree': 0.7, 'colsample_bylevel': 0.6, 'n_estimators': 300}",0.9632515632515632,repeated_stratified,0,0,full,combined
8,8,1.0,8,5,0.625,8,4,0.5,0.7083333333333334,0.7071895424836602,0.8619791666666666,8,0,0,0,5,3,0,4,4,P12,xgb,150,"{'subsample': 0.6, 'reg_lambda': 1, 'reg_alpha': 0, 'min_child_weight': 1, 'max_depth': 2, 'learning_rate': 0.03, 'gamma': 0, 'colsample_bytree': 0.6, 'colsample_bylevel': 0.6, 'n_estimators': 300}",0.9619769119769118,repeated_stratified,0,1,full,combined
8,8,1.0,8,3,0.375,8,2,0.25,0.5416666666666666,0.5276143790849673,0.703125,8,0,0,0,3,5,1,5,2,P12,xgb,149,"{'subsample': 0.6, 'reg_lambda': 1, 'reg_alpha': 0, 'min_child_weight': 1, 'max_depth': 2, 'learning_rate': 0.03, 'gamma': 0, 'colsample_bytree': 0.6, 'colsample_bylevel': 0.6, 'n_estimators': 300}",0.9274170274170276,repeated_stratified,0,2,full,combined
8,8,1.0,8,6,0.75,8,4,0.5,0.75,0.7394957983193278,0.9140625,8,0,0,0,6,2,1,3,4,P12,xgb,148,"{'subsample': 0.6, 'reg_lambda': 1, 'reg_alpha': 0, 'min_child_weight': 1, 'max_depth': 2, 'learning_rate': 0.03, 'gamma': 0, 'colsample_bytree': 0.6, 'colsample_bylevel': 0.6, 'n_estimators': 300}",0.9382154882154882,repeated_stratified,0,3,full,combined
8,8,1.0,8,5,0.625,8,5,0.625,0.75,0.744281045751634,0.84375,8,0,0,0,5,3,1,2,5,P12,xgb,150,"{'subsample': 0.6, 'reg_lambda': 1, 'reg_alpha': 0, 'min_child_weight': 1, 'max_depth': 2, 'learning_rate': 0.03, 'gamma': 0, 'colsample_bytree': 0.6, 'colsample_bylevel': 0.6, 'n_estimators': 300}",0.951058201058201,repeated_stratified,0,4,full,combined
8,8,1.0,8,4,0.5,8,5,0.625,0.7083333333333334,0.7071895424836602,0.8203125,8,0,0,0,4,4,0,3,5,P12,xgb,150,"{'subsample': 0.6, 'reg_lambda': 1, 'reg_alpha': 0, 'min_child_weight': 1, 'max_depth': 2, 'learning_rate': 0.03, 'gamma': 0, 'colsample_bytree': 0.6, 'colsample_bylevel': 0.6, 'n_estimators': 300}",0.9214045214045212,repeated_stratified,1,0,full,combined
8,8,1.0,8,6,0.75,8,5,0.625,0.7916666666666666,0.7908496732026143,0.9270833333333334,8,0,0,0,6,2,0,3,5,P12,xgb,150,"{'subsample': 0.6, 'reg_lambda': 1, 'reg_alpha': 0, 'min_child_weight': 1, 'max_depth': 2, 'learning_rate': 0.03, 'gamma': 0, 'colsample_bytree': 0.6, 'colsample_bylevel': 0.6, 'n_estimators': 300}",0.9136844636844637,repeated_stratified,1,1,full,combined
8,8,1.0,8,4,0.5,8,5,0.625,0.7083333333333334,0.7071895424836602,0.9244791666666666,8,0,0,0,4,4,0,3,5,P12,xgb,150,"{'subsample': 0.6, 'reg_lambda': 3, 'reg_alpha': 0.1, 'min_child_weight': 1, 'max_depth': 8, 'learning_rate': 0.05, 'gamma': 0, 'colsample_bytree': 0.7, 'colsample_bylevel': 0.8, 'n_estimators': 300}",0.9611592111592112,repeated_stratified,1,2,full,combined
8,8,1.0,8,2,0.25,8,7,0.875,0.7083333333333334,0.6767676767676768,0.9348958333333334,8,0,0,0,2,6,0,1,7,P12,xgb,150,"{'subsample': 0.6, 'reg_lambda': 3, 'reg_alpha': 0.1, 'min_child_weight': 1, 'max_depth': 8, 'learning_rate': 0.05, 'gamma': 0, 'colsample_bytree': 0.7, 'colsample_bylevel': 0.8, 'n_estimators': 300}",0.9224867724867726,repeated_stratified,1,3,full,combined
8,8,1.0,8,4,0.5,8,3,0.375,0.625,0.6058201058201058,0.8125,8,0,0,1,4,3,1,4,3,P12,xgb,149,"{'subsample': 0.6, 'reg_lambda': 3, 'reg_alpha': 0.1, 'min_child_weight': 1, 'max_depth': 2, 'learning_rate': 0.05, 'gamma': 0, 'colsample_bytree': 0.7, 'colsample_bylevel': 0.6, 'n_estimators': 300}",0.9633237133237134,repeated_stratified,1,4,full,combined
8,8,1.0,8,5,0.625,8,7,0.875,0.8333333333333334,0.8306878306878307,0.9166666666666666,8,0,0,0,5,3,0,1,7,P12,xgb,150,"{'subsample': 0.6, 'reg_lambda': 1, 'reg_alpha': 0, 'min_child_weight': 1, 'max_depth': 2, 'learning_rate': 0.03, 'gamma': 0, 'colsample_bytree': 0.6, 'colsample_bylevel': 0.6, 'n_estimators': 300}",0.8724386724386725,repeated_stratified,2,0,full,combined
8,7,0.875,8,4,0.5,8,1,0.125,0.5,0.4832995951417003,0.6848958333333334,7,1,0,0,4,4,1,6,1,P12,xgb,150,"{'subsample': 0.8, 'reg_lambda': 5, 'reg_alpha': 0.1, 'min_child_weight': 1, 'max_depth': 8, 'learning_rate': 0.03, 'gamma': 0, 'colsample_bytree': 0.6, 'colsample_bylevel': 0.6, 'n_estimators': 300}",0.9655363155363156,repeated_stratified,2,1,full,combined
8,8,1.0,8,4,0.5,8,1,0.125,0.5416666666666666,0.524966261808367,0.7760416666666666,8,0,0,0,4,4,0,7,1,P12,xgb,150,"{'subsample': 0.6, 'reg_lambda': 3, 'reg_alpha': 0.1, 'min_child_weight': 1, 'max_depth': 8, 'learning_rate': 0.05, 'gamma': 0, 'colsample_bytree': 0.7, 'colsample_bylevel': 0.8, 'n_estimators': 300}",0.9453583453583456,repeated_stratified,2,2,full,combined
8,8,1.0,8,4,0.5,8,5,0.625,0.7083333333333334,0.7071895424836602,0.8671875,8,0,0,0,4,4,0,3,5,P12,xgb,150,"{'subsample': 0.8, 'reg_lambda': 5, 'reg_alpha': 0.1, 'min_child_weight': 1, 'max_depth': 8, 'learning_rate': 0.03, 'gamma': 0, 'colsample_bytree': 0.6, 'colsample_bylevel': 0.6, 'n_estimators': 300}",0.9393698893698894,repeated_stratified,2,3,full,combined
8,8,1.0,8,6,0.75,8,4,0.5,0.75,0.746031746031746,0.8489583333333334,8,0,0,0,6,2,0,4,4,P12,xgb,150,"{'subsample': 0.6, 'reg_lambda': 3, 'reg_alpha': 0.1, 'min_child_weight': 1, 'max_depth': 2, 'learning_rate': 0.05, 'gamma': 0, 'colsample_bytree': 0.7, 'colsample_bylevel': 0.6, 'n_estimators': 300}",0.9185666185666186,repeated_stratified,2,4,full,combined
8,8,1.0,8,3,0.375,8,6,0.75,0.7083333333333334,0.6909184726522187,0.9192708333333334,8,0,0,0,3,5,1,1,6,P12,xgb,149,"{'subsample': 0.6, 'reg_lambda': 1, 'reg_alpha': 0, 'min_child_weight': 1, 'max_depth': 2, 'learning_rate': 0.03, 'gamma': 0, 'colsample_bytree': 0.6, 'colsample_bylevel': 0.6, 'n_estimators': 300}",0.9729196729196729,repeated_stratified,3,0,full,combined
8,8,1.0,8,5,0.625,8,5,0.625,0.75,0.75,0.828125,8,0,0,0,5,3,0,3,5,P12,xgb,150,"{'subsample': 0.6, 'reg_lambda': 1, 'reg_alpha': 0, 'min_child_weight': 1, 'max_depth': 2, 'learning_rate': 0.03, 'gamma': 0, 'colsample_bytree': 0.6, 'colsample_bylevel': 0.6, 'n_estimators': 300}",0.9676527176527178,repeated_stratified,3,1,full,combined
8,8,1.0,8,4,0.5,8,4,0.5,0.6666666666666666,0.6666666666666666,0.828125,8,0,0,0,4,4,0,4,4,P12,xgb,148,"{'subsample': 0.6, 'reg_lambda': 3, 'reg_alpha': 0.1, 'min_child_weight': 1, 'max_depth': 2, 'learning_rate': 0.05, 'gamma': 0, 'colsample_bytree': 0.7, 'colsample_bylevel': 0.6, 'n_estimators': 300}",0.9822991822991822,repeated_stratified,3,2,full,combined
8,8,1.0,8,4,0.5,8,6,0.75,0.75,0.746031746031746,0.9296875,8,0,0,0,4,4,0,2,6,P12,xgb,150,"{'subsample': 0.6, 'reg_lambda': 3, 'reg_alpha': 0.1, 'min_child_weight': 1, 'max_depth': 8, 'learning_rate': 0.05, 'gamma': 0, 'colsample_bytree': 0.7, 'colsample_bylevel': 0.8, 'n_estimators': 300}",0.9222703222703222,repeated_stratified,3,3,full,combined
8,8,1.0,8,5,0.625,8,7,0.875,0.8333333333333334,0.8306878306878307,0.9088541666666666,8,0,0,0,5,3,0,1,7,P12,xgb,150,"{'subsample': 0.6, 'reg_lambda': 3, 'reg_alpha': 0.1, 'min_child_weight': 1, 'max_depth': 2, 'learning_rate': 0.05, 'gamma': 0, 'colsample_bytree': 0.7, 'colsample_bylevel': 0.6, 'n_estimators': 300}",0.9317941317941316,repeated_stratified,3,4,full,combined
8,8,1.0,8,4,0.5,8,3,0.375,0.625,0.6235294117647059,0.8098958333333334,8,0,0,0,4,4,0,5,3,P12,xgb,150,"{'subsample': 0.6, 'reg_lambda': 3, 'reg_alpha': 0.1, 'min_child_weight': 1, 'max_depth': 2, 'learning_rate': 0.05, 'gamma': 0, 'colsample_bytree': 0.7, 'colsample_bylevel': 0.6, 'n_estimators': 300}",0.9512025012025012,repeated_stratified,4,0,full,combined
8,8,1.0,8,5,0.625,8,3,0.375,0.6666666666666666,0.6613756613756614,0.8307291666666666,8,0,0,0,5,3,0,5,3,P12,xgb,150,"{'subsample': 0.6, 'reg_lambda': 5, 'reg_alpha': 0.5, 'min_child_weight': 1, 'max_depth': 8, 'learning_rate': 0.03, 'gamma': 0.3, 'colsample_bytree': 0.6, 'colsample_bylevel': 0.6, 'n_estimators': 300}",0.9166426166426166,repeated_stratified,4,1,full,combined
8,8,1.0,8,4,0.5,8,2,0.25,0.5833333333333334,0.5582010582010581,0.8203125,8,0,0,0,4,4,2,4,2,P12,xgb,150,"{'subsample': 0.6, 'reg_lambda': 3, 'reg_alpha': 0.1, 'min_child_weight': 1, 'max_depth': 2, 'learning_rate': 0.05, 'gamma': 0, 'colsample_bytree': 0.7, 'colsample_bylevel': 0.6, 'n_estimators': 300}",0.9001924001924002,repeated_stratified,4,2,full,combined
8,8,1.0,8,4,0.5,8,3,0.375,0.625,0.6137254901960785,0.8151041666666666,8,0,0,0,4,4,1,4,3,P12,xgb,150,"{'subsample': 0.6, 'reg_lambda': 1, 'reg_alpha': 0, 'min_child_weight': 1, 'max_depth': 2, 'learning_rate': 0.03, 'gamma': 0, 'colsample_bytree': 0.6, 'colsample_bylevel': 0.6, 'n_estimators': 300}",0.8951418951418951,repeated_stratified,4,3,full,combined
8,8,1.0,8,6,0.75,8,6,0.75,0.8333333333333334,0.8333333333333334,0.8880208333333334,8,0,0,0,6,2,0,2,6,P12,xgb,150,"{'subsample': 0.6, 'reg_lambda': 1, 'reg_alpha': 0, 'min_child_weight': 1, 'max_depth': 2, 'learning_rate': 0.03, 'gamma': 0, 'colsample_bytree': 0.6, 'colsample_bylevel': 0.6, 'n_estimators': 300}",0.9021164021164022,repeated_stratified,4,4,full,combined
8,8,1.0,8,3,0.375,8,3,0.375,0.5833333333333334,0.5833333333333334,0.8489583333333334,8,0,0,0,3,5,0,5,3,P12,xgb,149,"{'subsample': 0.6, 'reg_lambda': 3, 'reg_alpha': 0.1, 'min_child_weight': 1, 'max_depth': 2, 'learning_rate': 0.05, 'gamma': 0, 'colsample_bytree': 0.7, 'colsample_bylevel': 0.6, 'n_estimators': 300}",0.978884078884079,repeated_stratified,5,0,full,combined
8,8,1.0,8,6,0.75,8,5,0.625,0.7916666666666666,0.7908496732026143,0.9244791666666666,8,0,0,0,6,2,0,3,5,P12,xgb,149,"{'subsample': 0.6, 'reg_lambda': 1, 'reg_alpha': 0, 'min_child_weight': 1, 'max_depth': 2, 'learning_rate': 0.03, 'gamma': 0, 'colsample_bytree': 0.6, 'colsample_bylevel': 0.6, 'n_estimators': 300}",0.9522847522847524,repeated_stratified,5,1,full,combined
8,8,1.0,8,4,0.5,8,4,0.5,0.6666666666666666,0.6581699346405229,0.8723958333333334,8,0,0,0,4,4,1,3,4,P12,xgb,149,"{'subsample': 0.6, 'reg_lambda': 3, 'reg_alpha': 0.1, 'min_child_weight': 1, 'max_depth': 2, 'learning_rate': 0.05, 'gamma': 0, 'colsample_bytree': 0.7, 'colsample_bylevel': 0.6, 'n_estimators': 300}",0.903992303992304,repeated_stratified,5,2,full,combined
8,8,1.0,8,5,0.625,8,4,0.5,0.7083333333333334,0.6998366013071896,0.8776041666666666,8,0,0,0,5,3,1,3,4,P12,xgb,149,"{'subsample': 0.6, 'reg_lambda': 1, 'reg_alpha': 0, 'min_child_weight': 1, 'max_depth': 2, 'learning_rate': 0.03, 'gamma': 0, 'colsample_bytree': 0.6, 'colsample_bylevel': 0.6, 'n_estimators': 300}",0.9005291005291006,repeated_stratified,5,3,full,combined
8,8,1.0,8,4,0.5,8,5,0.625,0.7083333333333334,0.7071895424836602,0.8359375,8,0,0,0,4,4,0,3,5,P12,xgb,150,"{'subsample': 0.6, 'reg_lambda': 1, 'reg_alpha': 0, 'min_child_weight': 1, 'max_depth': 2, 'learning_rate': 0.03, 'gamma': 0, 'colsample_bytree': 0.6, 'colsample_bylevel': 0.6, 'n_estimators': 300}",0.9290283790283792,repeated_stratified,5,4,full,combined
8,8,1.0,8,5,0.625,8,3,0.375,0.6666666666666666,0.6613756613756614,0.8958333333333334,8,0,0,0,5,3,0,5,3,P12,xgb,149,"{'subsample': 0.6, 'reg_lambda': 1, 'reg_alpha': 0, 'min_child_weight': 1, 'max_depth': 2, 'learning_rate': 0.03, 'gamma': 0, 'colsample_bytree': 0.6, 'colsample_bylevel': 0.6, 'n_estimators': 300}",0.9462962962962964,repeated_stratified,6,0,full,combined
8,8,1.0,8,6,0.75,8,3,0.375,0.7083333333333334,0.6851851851851851,0.7864583333333334,8,0,0,1,6,1,1,4,3,P12,xgb,150,"{'subsample': 0.6, 'reg_lambda': 3, 'reg_alpha': 0.1, 'min_child_weight': 1, 'max_depth': 8, 'learning_rate': 0.05, 'gamma': 0, 'colsample_bytree': 0.7, 'colsample_bylevel': 0.8, 'n_estimators': 300}",0.9196729196729198,repeated_stratified,6,1,full,combined
8,8,1.0,8,6,0.75,8,4,0.5,0.75,0.746031746031746,0.8645833333333334,8,0,0,0,6,2,0,4,4,P12,xgb,150,"{'subsample': 0.6, 'reg_lambda': 3, 'reg_alpha': 0.1, 'min_child_weight': 1, 'max_depth': 2, 'learning_rate': 0.05, 'gamma': 0, 'colsample_bytree': 0.7, 'colsample_bylevel': 0.6, 'n_estimators': 300}",0.9444925444925444,repeated_stratified,6,2,full,combined
8,8,1.0,8,4,0.5,8,5,0.625,0.7083333333333334,0.700280112044818,0.8619791666666666,8,0,0,0,4,4,1,2,5,P12,xgb,150,"{'subsample': 0.6, 'reg_lambda': 1, 'reg_alpha': 0, 'min_child_weight': 1, 'max_depth': 2, 'learning_rate': 0.03, 'gamma': 0, 'colsample_bytree': 0.6, 'colsample_bylevel': 0.6, 'n_estimators': 300}",0.9307118807118808,repeated_stratified,6,3,full,combined
8,8,1.0,8,2,0.25,8,5,0.625,0.625,0.611336032388664,0.75,8,0,0,0,2,6,0,3,5,P12,xgb,149,"{'subsample': 0.6, 'reg_lambda': 1, 'reg_alpha': 0, 'min_child_weight': 1, 'max_depth': 2, 'learning_rate': 0.03, 'gamma': 0, 'colsample_bytree': 0.6, 'colsample_bylevel': 0.6, 'n_estimators': 300}",0.9534391534391534,repeated_stratified,6,4,full,combined
8,8,1.0,8,6,0.75,8,6,0.75,0.8333333333333334,0.8333333333333334,0.8828125,8,0,0,0,6,2,0,2,6,P12,xgb,150,"{'subsample': 0.6, 'reg_lambda': 3, 'reg_alpha': 0.1, 'min_child_weight': 1, 'max_depth': 8, 'learning_rate': 0.05, 'gamma': 0, 'colsample_bytree': 0.7, 'colsample_bylevel': 0.8, 'n_estimators': 300}",0.916089466089466,repeated_stratified,7,0,full,combined
8,8,1.0,8,3,0.375,8,4,0.5,0.625,0.6134453781512605,0.8541666666666666,8,0,0,0,3,5,1,3,4,P12,xgb,150,"{'subsample': 0.6, 'reg_lambda': 1, 'reg_alpha': 0, 'min_child_weight': 1, 'max_depth': 2, 'learning_rate': 0.03, 'gamma': 0, 'colsample_bytree': 0.6, 'colsample_bylevel': 0.6, 'n_estimators': 300}",0.9541606541606544,repeated_stratified,7,1,full,combined
8,8,1.0,8,6,0.75,8,5,0.625,0.7916666666666666,0.7859477124183006,0.9401041666666666,8,0,0,0,6,2,1,2,5,P12,xgb,149,"{'subsample': 0.6, 'reg_lambda': 1, 'reg_alpha': 0, 'min_child_weight': 1, 'max_depth': 2, 'learning_rate': 0.03, 'gamma': 0, 'colsample_bytree': 0.6, 'colsample_bylevel': 0.6, 'n_estimators': 300}",0.9144300144300144,repeated_stratified,7,2,full,combined
8,8,1.0,8,4,0.5,8,4,0.5,0.6666666666666666,0.6666666666666666,0.8489583333333334,8,0,0,0,4,4,0,4,4,P12,xgb,150,"{'subsample': 0.6, 'reg_lambda': 1, 'reg_alpha': 0, 'min_child_weight': 1, 'max_depth': 2, 'learning_rate': 0.03, 'gamma': 0, 'colsample_bytree': 0.6, 'colsample_bylevel': 0.6, 'n_estimators': 300}",0.9664021164021164,repeated_stratified,7,3,full,combined
8,8,1.0,8,3,0.375,8,6,0.75,0.7083333333333334,0.6897938662644544,0.859375,8,0,0,1,3,4,0,2,6,P12,xgb,150,"{'subsample': 0.6, 'reg_lambda': 1, 'reg_alpha': 0, 'min_child_weight': 1, 'max_depth': 2, 'learning_rate': 0.03, 'gamma': 0, 'colsample_bytree': 0.6, 'colsample_bylevel': 0.6, 'n_estimators': 300}",0.9348244348244348,repeated_stratified,7,4,full,combined
8,8,1.0,8,7,0.875,8,2,0.25,0.7083333333333334,0.6767676767676768,0.8385416666666666,8,0,0,0,7,1,0,6,2,P12,xgb,150,"{'subsample': 0.8, 'reg_lambda': 5, 'reg_alpha': 0.1, 'min_child_weight': 1, 'max_depth': 8, 'learning_rate': 0.03, 'gamma': 0, 'colsample_bytree': 0.6, 'colsample_bylevel': 0.6, 'n_estimators': 300}",0.9488696488696488,repeated_stratified,8,0,full,combined
8,7,0.875,8,2,0.25,8,5,0.625,0.5833333333333334,0.5803418803418804,0.7994791666666666,7,0,1,0,2,6,0,3,5,P12,xgb,148,"{'subsample': 0.6, 'reg_lambda': 3, 'reg_alpha': 0.1, 'min_child_weight': 1, 'max_depth': 8, 'learning_rate': 0.05, 'gamma': 0, 'colsample_bytree': 0.7, 'colsample_bylevel': 0.8, 'n_estimators': 300}",0.93999518999519,repeated_stratified,8,1,full,combined
8,8,1.0,8,3,0.375,8,5,0.625,0.6666666666666666,0.6527568292274174,0.8463541666666666,8,0,0,0,3,5,1,2,5,P12,xgb,149,"{'subsample': 0.6, 'reg_lambda': 3, 'reg_alpha': 0.1, 'min_child_weight': 1, 'max_depth': 2, 'learning_rate': 0.05, 'gamma': 0, 'colsample_bytree': 0.7, 'colsample_bylevel': 0.6, 'n_estimators': 300}",0.8913419913419913,repeated_stratified,8,2,full,combined
8,8,1.0,8,3,0.375,8,3,0.375,0.5833333333333334,0.5641534391534392,0.78125,8,0,0,0,3,5,2,3,3,P12,xgb,147,"{'subsample': 0.6, 'reg_lambda': 1, 'reg_alpha': 0, 'min_child_weight': 1, 'max_depth': 2, 'learning_rate': 0.03, 'gamma': 0, 'colsample_bytree': 0.6, 'colsample_bylevel': 0.6, 'n_estimators': 300}",0.9547619047619048,repeated_stratified,8,3,full,combined
8,8,1.0,8,4,0.5,8,5,0.625,0.7083333333333334,0.6998366013071896,0.8125,8,0,0,1,4,3,0,3,5,P12,xgb,150,"{'subsample': 0.6, 'reg_lambda': 3, 'reg_alpha': 0.1, 'min_child_weight': 1, 'max_depth': 8, 'learning_rate': 0.05, 'gamma': 0, 'colsample_bytree': 0.7, 'colsample_bylevel': 0.8, 'n_estimators': 300}",0.9663780663780664,repeated_stratified,8,4,full,combined
8,8,1.0,8,4,0.5,8,2,0.25,0.5833333333333334,0.5658263305322128,0.8229166666666666,8,0,0,0,4,4,1,5,2,P12,xgb,150,"{'subsample': 0.8, 'reg_lambda': 5, 'reg_alpha': 0.1, 'min_child_weight': 1, 'max_depth': 8, 'learning_rate': 0.03, 'gamma': 0, 'colsample_bytree': 0.6, 'colsample_bylevel': 0.6, 'n_estimators': 300}",0.943025493025493,repeated_stratified,9,0,full,combined
8,8,1.0,8,6,0.75,8,5,0.625,0.7916666666666666,0.7908496732026143,0.9088541666666666,8,0,0,0,6,2,0,3,5,P12,xgb,149,"{'subsample': 0.6, 'reg_lambda': 1, 'reg_alpha': 0, 'min_child_weight': 1, 'max_depth': 2, 'learning_rate': 0.03, 'gamma': 0, 'colsample_bytree': 0.6, 'colsample_bylevel': 0.6, 'n_estimators': 300}",0.9091149591149592,repeated_stratified,9,1,full,combined
8,8,1.0,8,2,0.25,8,4,0.5,0.5833333333333334,0.5644377409083291,0.8385416666666666,8,0,0,0,2,6,1,3,4,P12,xgb,149,"{'subsample': 0.6, 'reg_lambda': 1, 'reg_alpha': 0, 'min_child_weight': 1, 'max_depth': 2, 'learning_rate': 0.03, 'gamma': 0, 'colsample_bytree': 0.6, 'colsample_bylevel': 0.6, 'n_estimators': 300}",0.9497594997594998,repeated_stratified,9,2,full,combined
8,8,1.0,8,7,0.875,8,4,0.5,0.7916666666666666,0.7840755735492578,0.9010416666666666,8,0,0,0,7,1,0,4,4,P12,xgb,150,"{'subsample': 0.6, 'reg_lambda': 3, 'reg_alpha': 0.1, 'min_child_weight': 1, 'max_depth': 2, 'learning_rate': 0.05, 'gamma': 0, 'colsample_bytree': 0.7, 'colsample_bylevel': 0.6, 'n_estimators': 300}",0.939105339105339,repeated_stratified,9,3,full,combined
8,8,1.0,8,4,0.5,8,5,0.625,0.7083333333333334,0.7071895424836602,0.8723958333333334,8,0,0,0,4,4,0,3,5,P12,xgb,150,"{'subsample': 0.6, 'reg_lambda': 3, 'reg_alpha': 0.1, 'min_child_weight': 1, 'max_depth': 2, 'learning_rate': 0.05, 'gamma': 0, 'colsample_bytree': 0.7, 'colsample_bylevel': 0.6, 'n_estimators': 300}",0.944131794131794,repeated_stratified,9,4,full,combined
8,8,1.0,8,5,0.625,8,2,0.25,0.625,0.611336032388664,0.8072916666666666,8,0,0,0,5,3,0,6,2,P13,xgb,150,"{'subsample': 0.6, 'reg_lambda': 5, 'reg_alpha': 0.5, 'min_child_weight': 1, 'max_depth': 8, 'learning_rate': 0.03, 'gamma': 0.3, 'colsample_bytree': 0.6, 'colsample_bylevel': 0.6, 'n_estimators': 300}",0.8726070226070227,repeated_stratified,0,0,full,combined
8,8,1.0,8,3,0.375,8,5,0.625,0.6666666666666666,0.6526610644257703,0.7760416666666666,8,0,0,1,3,4,0,3,5,P13,xgb,149,"{'subsample': 0.8, 'reg_lambda': 1, 'reg_alpha': 0, 'min_child_weight': 1, 'max_depth': 4, 'learning_rate': 0.01, 'gamma': 0, 'colsample_bytree': 0.7, 'colsample_bylevel': 0.8, 'n_estimators': 300}",0.8954545454545455,repeated_stratified,0,1,full,combined
8,8,1.0,8,7,0.875,8,3,0.375,0.75,0.7333333333333334,0.8125,8,0,0,0,7,1,0,5,3,P13,xgb,127,"{'subsample': 0.6, 'reg_lambda': 3, 'reg_alpha': 0.1, 'min_child_weight': 1, 'max_depth': 2, 'learning_rate': 0.05, 'gamma': 0, 'colsample_bytree': 0.7, 'colsample_bylevel': 0.6, 'n_estimators': 300}",0.8851851851851852,repeated_stratified,0,2,full,combined
8,8,1.0,8,6,0.75,8,4,0.5,0.75,0.7367724867724869,0.8984375,8,0,0,0,6,2,2,2,4,P13,xgb,149,"{'subsample': 0.6, 'reg_lambda': 1, 'reg_alpha': 0, 'min_child_weight': 1, 'max_depth': 2, 'learning_rate': 0.03, 'gamma': 0, 'colsample_bytree': 0.6, 'colsample_bylevel': 0.6, 'n_estimators': 300}",0.8624338624338624,repeated_stratified,0,3,full,combined
8,8,1.0,8,3,0.375,8,3,0.375,0.5833333333333334,0.5641534391534392,0.8463541666666666,8,0,0,0,3,5,2,3,3,P13,xgb,150,"{'subsample': 0.8, 'reg_lambda': 1, 'reg_alpha': 0, 'min_child_weight': 1, 'max_depth': 4, 'learning_rate': 0.01, 'gamma': 0, 'colsample_bytree': 0.7, 'colsample_bylevel': 0.8, 'n_estimators': 300}",0.8974747474747474,repeated_stratified,0,4,full,combined
8,8,1.0,8,4,0.5,8,5,0.625,0.7083333333333334,0.7071895424836602,0.8411458333333334,8,0,0,0,4,4,0,3,5,P13,xgb,150,"{'subsample': 0.6, 'reg_lambda': 10, 'reg_alpha': 0.5, 'min_child_weight': 1, 'max_depth': 2, 'learning_rate': 0.05, 'gamma': 0.1, 'colsample_bytree': 0.6, 'colsample_bylevel': 0.6, 'n_estimators': 300}",0.8417989417989419,repeated_stratified,1,0,full,combined
8,8,1.0,8,8,1.0,8,2,0.25,0.75,0.7090909090909091,0.8671875,8,0,0,0,8,0,0,6,2,P13,xgb,150,"{'subsample': 0.8, 'reg_lambda': 10, 'reg_alpha': 0, 'min_child_weight': 1, 'max_depth': 8, 'learning_rate': 0.05, 'gamma': 0, 'colsample_bytree': 0.7, 'colsample_bylevel': 0.6, 'n_estimators': 300}",0.9250841750841752,repeated_stratified,1,1,full,combined
8,8,1.0,8,5,0.625,8,4,0.5,0.7083333333333334,0.6998366013071896,0.8567708333333334,8,0,0,0,5,3,1,3,4,P13,xgb,150,"{'subsample': 0.8, 'reg_lambda': 1, 'reg_alpha': 0, 'min_child_weight': 1, 'max_depth': 8, 'learning_rate': 0.01, 'gamma': 0.3, 'colsample_bytree': 0.6, 'colsample_bylevel': 0.8, 'n_estimators': 300}",0.877970177970178,repeated_stratified,1,2,full,combined
8,8,1.0,8,5,0.625,8,5,0.625,0.75,0.744281045751634,0.8802083333333334,8,0,0,0,5,3,1,2,5,P13,xgb,150,"{'subsample': 0.6, 'reg_lambda': 3, 'reg_alpha': 0.1, 'min_child_weight': 1, 'max_depth': 8, 'learning_rate': 0.05, 'gamma': 0, 'colsample_bytree': 0.7, 'colsample_bylevel': 0.8, 'n_estimators': 300}",0.8597883597883599,repeated_stratified,1,3,full,combined
8,8,1.0,8,4,0.5,8,3,0.375,0.625,0.6074074074074073,0.7942708333333334,8,0,0,0,4,4,2,3,3,P13,xgb,135,"{'subsample': 0.8, 'reg_lambda': 5, 'reg_alpha': 0.1, 'min_child_weight': 1, 'max_depth': 8, 'learning_rate': 0.03, 'gamma': 0, 'colsample_bytree': 0.6, 'colsample_bylevel': 0.6, 'n_estimators': 300}",0.8542087542087543,repeated_stratified,1,4,full,combined
8,8,1.0,8,4,0.5,8,2,0.25,0.5833333333333334,0.5644377409083291,0.8203125,8,0,0,1,4,3,0,6,2,P13,xgb,150,"{'subsample': 0.8, 'reg_lambda': 10, 'reg_alpha': 0, 'min_child_weight': 1, 'max_depth': 8, 'learning_rate': 0.05, 'gamma': 0, 'colsample_bytree': 0.7, 'colsample_bylevel': 0.6, 'n_estimators': 300}",0.8879028379028377,repeated_stratified,2,0,full,combined
8,8,1.0,8,3,0.375,8,1,0.125,0.5,0.492063492063492,0.7447916666666666,8,0,0,0,3,5,0,7,1,P13,xgb,149,"{'subsample': 0.6, 'reg_lambda': 3, 'reg_alpha': 0.1, 'min_child_weight': 1, 'max_depth': 2, 'learning_rate': 0.05, 'gamma': 0, 'colsample_bytree': 0.7, 'colsample_bylevel': 0.6, 'n_estimators': 300}",0.8873256373256373,repeated_stratified,2,1,full,combined
8,8,1.0,8,2,0.25,8,5,0.625,0.625,0.6002751977984175,0.8151041666666666,8,0,0,0,2,6,1,2,5,P13,xgb,150,"{'subsample': 0.6, 'reg_lambda': 1, 'reg_alpha': 0, 'min_child_weight': 1, 'max_depth': 2, 'learning_rate': 0.03, 'gamma': 0, 'colsample_bytree': 0.6, 'colsample_bylevel': 0.6, 'n_estimators': 300}",0.8866522366522367,repeated_stratified,2,2,full,combined
8,7,0.875,8,5,0.625,8,4,0.5,0.6666666666666666,0.6655228758169934,0.8203125,7,1,0,0,5,3,1,3,4,P13,xgb,150,"{'subsample': 0.8, 'reg_lambda': 10, 'reg_alpha': 0.1, 'min_child_weight': 1, 'max_depth': 16, 'learning_rate': 0.01, 'gamma': 0.1, 'colsample_bytree': 0.6, 'colsample_bylevel': 0.6, 'n_estimators': 300}",0.9185666185666184,repeated_stratified,2,3,full,combined
8,8,1.0,8,6,0.75,8,3,0.375,0.7083333333333334,0.6897938662644546,0.8359375,8,0,0,0,6,2,1,4,3,P13,xgb,140,"{'subsample': 0.8, 'reg_lambda': 10, 'reg_alpha': 0.1, 'min_child_weight': 1, 'max_depth': 16, 'learning_rate': 0.01, 'gamma': 0.1, 'colsample_bytree': 0.6, 'colsample_bylevel': 0.6, 'n_estimators': 300}",0.8850889850889851,repeated_stratified,2,4,full,combined
8,8,1.0,8,2,0.25,8,4,0.5,0.5833333333333334,0.5767195767195766,0.7578125,8,0,0,0,2,6,0,4,4,P13,xgb,149,"{'subsample': 0.6, 'reg_lambda': 3, 'reg_alpha': 0.1, 'min_child_weight': 1, 'max_depth': 8, 'learning_rate': 0.05, 'gamma': 0, 'colsample_bytree': 0.7, 'colsample_bylevel': 0.8, 'n_estimators': 300}",0.8456709956709956,repeated_stratified,3,0,full,combined
8,7,0.875,8,4,0.5,8,3,0.375,0.5833333333333334,0.5925925925925926,0.7786458333333334,7,1,0,0,4,4,0,5,3,P13,xgb,149,"{'subsample': 0.6, 'reg_lambda': 1, 'reg_alpha': 0, 'min_child_weight': 1, 'max_depth': 2, 'learning_rate': 0.03, 'gamma': 0, 'colsample_bytree': 0.6, 'colsample_bylevel': 0.6, 'n_estimators': 300}",0.89013949013949,repeated_stratified,3,1,full,combined
8,8,1.0,8,5,0.625,8,4,0.5,0.7083333333333334,0.6962962962962962,0.8645833333333334,8,0,0,0,5,3,2,2,4,P13,xgb,149,"{'subsample': 0.6, 'reg_lambda': 3, 'reg_alpha': 0.1, 'min_child_weight': 1, 'max_depth': 2, 'learning_rate': 0.05, 'gamma': 0, 'colsample_bytree': 0.7, 'colsample_bylevel': 0.6, 'n_estimators': 300}",0.8771524771524772,repeated_stratified,3,2,full,combined
8,8,1.0,8,4,0.5,8,2,0.25,0.5833333333333334,0.5767195767195767,0.8151041666666666,8,0,0,0,4,4,0,6,2,P13,xgb,150,"{'subsample': 0.8, 'reg_lambda': 5, 'reg_alpha': 0.1, 'min_child_weight': 1, 'max_depth': 8, 'learning_rate': 0.03, 'gamma': 0, 'colsample_bytree': 0.6, 'colsample_bylevel': 0.6, 'n_estimators': 300}",0.906878306878307,repeated_stratified,3,3,full,combined
8,8,1.0,8,4,0.5,8,4,0.5,0.6666666666666666,0.6581699346405229,0.828125,8,0,0,0,4,4,1,3,4,P13,xgb,149,"{'subsample': 0.6, 'reg_lambda': 1, 'reg_alpha': 0, 'min_child_weight': 1, 'max_depth': 2, 'learning_rate': 0.03, 'gamma': 0, 'colsample_bytree': 0.6, 'colsample_bylevel': 0.6, 'n_estimators': 300}",0.8884800384800385,repeated_stratified,3,4,full,combined
8,8,1.0,8,3,0.375,8,4,0.5,0.625,0.6235294117647059,0.828125,8,0,0,0,3,5,0,4,4,P13,xgb,150,"{'subsample': 0.6, 'reg_lambda': 1, 'reg_alpha': 0, 'min_child_weight': 1, 'max_depth': 2, 'learning_rate': 0.03, 'gamma': 0, 'colsample_bytree': 0.6, 'colsample_bylevel': 0.6, 'n_estimators': 300}",0.8717893217893219,repeated_stratified,4,0,full,combined
8,8,1.0,8,4,0.5,8,6,0.75,0.75,0.7410759175465058,0.8828125,8,0,0,0,4,4,1,1,6,P13,xgb,150,"{'subsample': 0.6, 'reg_lambda': 3, 'reg_alpha': 0.1, 'min_child_weight': 1, 'max_depth': 2, 'learning_rate': 0.05, 'gamma': 0, 'colsample_bytree': 0.7, 'colsample_bylevel': 0.6, 'n_estimators': 300}",0.8561808561808562,repeated_stratified,4,1,full,combined
8,8,1.0,8,7,0.875,8,3,0.375,0.75,0.7237285132021974,0.9427083333333334,8,0,0,1,7,0,1,4,3,P13,xgb,150,"{'subsample': 0.6, 'reg_lambda': 1, 'reg_alpha': 0, 'min_child_weight': 1, 'max_depth': 2, 'learning_rate': 0.03, 'gamma': 0, 'colsample_bytree': 0.6, 'colsample_bylevel': 0.6, 'n_estimators': 300}",0.868999518999519,repeated_stratified,4,2,full,combined
8,8,1.0,8,2,0.25,8,3,0.375,0.5416666666666666,0.5165343915343915,0.7526041666666666,8,0,0,1,2,5,1,4,3,P13,xgb,149,"{'subsample': 0.8, 'reg_lambda': 10, 'reg_alpha': 0, 'min_child_weight': 1, 'max_depth': 8, 'learning_rate': 0.05, 'gamma': 0, 'colsample_bytree': 0.7, 'colsample_bylevel': 0.6, 'n_estimators': 300}",0.8855459355459355,repeated_stratified,4,3,full,combined
8,8,1.0,8,3,0.375,8,5,0.625,0.6666666666666666,0.6613756613756614,0.8854166666666666,8,0,0,0,3,5,0,3,5,P13,xgb,146,"{'subsample': 0.6, 'reg_lambda': 10, 'reg_alpha': 0.5, 'min_child_weight': 1, 'max_depth': 2, 'learning_rate': 0.05, 'gamma': 0.1, 'colsample_bytree': 0.6, 'colsample_bylevel': 0.6, 'n_estimators': 300}",0.9208513708513708,repeated_stratified,4,4,full,combined
8,8,1.0,8,4,0.5,8,3,0.375,0.625,0.6235294117647059,0.8072916666666666,8,0,0,0,4,4,0,5,3,P13,xgb,149,"{'subsample': 0.6, 'reg_lambda': 3, 'reg_alpha': 0.1, 'min_child_weight': 1, 'max_depth': 2, 'learning_rate': 0.05, 'gamma': 0, 'colsample_bytree': 0.7, 'colsample_bylevel': 0.6, 'n_estimators': 300}",0.8927849927849928,repeated_stratified,5,0,full,combined
8,8,1.0,8,6,0.75,8,2,0.25,0.6666666666666666,0.6353629170966631,0.8463541666666666,8,0,0,0,6,2,1,5,2,P13,xgb,150,"{'subsample': 0.6, 'reg_lambda': 5, 'reg_alpha': 0.5, 'min_child_weight': 1, 'max_depth': 8, 'learning_rate': 0.03, 'gamma': 0.3, 'colsample_bytree': 0.6, 'colsample_bylevel': 0.6, 'n_estimators': 300}",0.8430254930254931,repeated_stratified,5,1,full,combined
8,8,1.0,8,2,0.25,8,3,0.375,0.5416666666666666,0.5398692810457516,0.7708333333333334,8,0,0,0,2,6,0,5,3,P13,xgb,150,"{'subsample': 0.6, 'reg_lambda': 1, 'reg_alpha': 0, 'min_child_weight': 1, 'max_depth': 2, 'learning_rate': 0.03, 'gamma': 0, 'colsample_bytree': 0.6, 'colsample_bylevel': 0.6, 'n_estimators': 300}",0.8582972582972584,repeated_stratified,5,2,full,combined
8,8,1.0,8,5,0.625,8,3,0.375,0.6666666666666666,0.6474867724867724,0.8385416666666666,8,0,0,0,5,3,2,3,3,P13,xgb,150,"{'subsample': 0.6, 'reg_lambda': 3, 'reg_alpha': 0.1, 'min_child_weight': 1, 'max_depth': 8, 'learning_rate': 0.05, 'gamma': 0, 'colsample_bytree': 0.7, 'colsample_bylevel': 0.8, 'n_estimators': 300}",0.8686628186628186,repeated_stratified,5,3,full,combined
8,7,0.875,8,4,0.5,8,4,0.5,0.625,0.6263071895424837,0.84375,7,1,0,1,4,3,0,4,4,P13,xgb,150,"{'subsample': 0.6, 'reg_lambda': 10, 'reg_alpha': 0.5, 'min_child_weight': 1, 'max_depth': 2, 'learning_rate': 0.05, 'gamma': 0.1, 'colsample_bytree': 0.6, 'colsample_bylevel': 0.6, 'n_estimators': 300}",0.8907166907166908,repeated_stratified,5,4,full,combined
8,8,1.0,8,5,0.625,8,6,0.75,0.7916666666666666,0.7871148459383753,0.8854166666666666,8,0,0,0,5,3,1,1,6,P13,xgb,133,"{'subsample': 0.8, 'reg_lambda': 5, 'reg_alpha': 0.1, 'min_child_weight': 1, 'max_depth': 8, 'learning_rate': 0.03, 'gamma': 0, 'colsample_bytree': 0.6, 'colsample_bylevel': 0.6, 'n_estimators': 300}",0.8363395863395863,repeated_stratified,6,0,full,combined
8,8,1.0,8,3,0.375,8,6,0.75,0.7083333333333334,0.6909184726522187,0.8723958333333334,8,0,0,0,3,5,1,1,6,P13,xgb,148,"{'subsample': 0.6, 'reg_lambda': 1, 'reg_alpha': 0.1, 'min_child_weight': 1, 'max_depth': 2, 'learning_rate': 0.01, 'gamma': 2, 'colsample_bytree': 0.7, 'colsample_bylevel': 0.6, 'n_estimators': 300}",0.8636123136123136,repeated_stratified,6,1,full,combined
8,8,1.0,8,7,0.875,8,3,0.375,0.75,0.7260061919504643,0.9296875,8,0,0,0,7,1,1,4,3,P13,xgb,150,"{'subsample': 0.6, 'reg_lambda': 3, 'reg_alpha': 0.1, 'min_child_weight': 1, 'max_depth': 8, 'learning_rate': 0.05, 'gamma': 0, 'colsample_bytree': 0.7, 'colsample_bylevel': 0.8, 'n_estimators': 300}",0.8358104858104859,repeated_stratified,6,2,full,combined
8,8,1.0,8,5,0.625,8,3,0.375,0.6666666666666666,0.6613756613756614,0.8203125,8,0,0,0,5,3,0,5,3,P13,xgb,150,"{'subsample': 0.6, 'reg_lambda': 3, 'reg_alpha': 0.1, 'min_child_weight': 1, 'max_depth': 2, 'learning_rate': 0.05, 'gamma': 0, 'colsample_bytree': 0.7, 'colsample_bylevel': 0.6, 'n_estimators': 300}",0.8944684944684945,repeated_stratified,6,3,full,combined
8,8,1.0,8,4,0.5,8,3,0.375,0.625,0.6235294117647059,0.7734375,8,0,0,0,4,4,0,5,3,P13,xgb,146,"{'subsample': 0.6, 'reg_lambda': 1, 'reg_alpha': 0, 'min_child_weight': 1, 'max_depth': 2, 'learning_rate': 0.03, 'gamma': 0, 'colsample_bytree': 0.6, 'colsample_bylevel': 0.6, 'n_estimators': 300}",0.9390812890812892,repeated_stratified,6,4,full,combined
8,8,1.0,8,4,0.5,8,3,0.375,0.625,0.6137254901960785,0.796875,8,0,0,0,4,4,1,4,3,P13,xgb,150,"{'subsample': 0.8, 'reg_lambda': 1, 'reg_alpha': 0, 'min_child_weight': 1, 'max_depth': 4, 'learning_rate': 0.01, 'gamma': 0, 'colsample_bytree': 0.7, 'colsample_bylevel': 0.8, 'n_estimators': 300}",0.8942279942279941,repeated_stratified,7,0,full,combined
8,8,1.0,8,5,0.625,8,4,0.5,0.7083333333333334,0.7071895424836602,0.8567708333333334,8,0,0,0,5,3,0,4,4,P13,xgb,148,"{'subsample': 0.6, 'reg_lambda': 10, 'reg_alpha': 0.5, 'min_child_weight': 1, 'max_depth': 2, 'learning_rate': 0.05, 'gamma': 0.1, 'colsample_bytree': 0.6, 'colsample_bylevel': 0.6, 'n_estimators': 300}",0.8774651274651273,repeated_stratified,7,1,full,combined
8,8,1.0,8,6,0.75,8,4,0.5,0.75,0.7367186190715603,0.875,8,0,0,1,6,1,1,3,4,P13,xgb,150,"{'subsample': 0.6, 'reg_lambda': 10, 'reg_alpha': 0.1, 'min_child_weight': 1, 'max_depth': 8, 'learning_rate': 0.03, 'gamma': 0.3, 'colsample_bytree': 0.6, 'colsample_bylevel': 0.8, 'n_estimators': 300}",0.8473063973063972,repeated_stratified,7,2,full,combined
8,8,1.0,8,5,0.625,8,5,0.625,0.75,0.75,0.8671875,8,0,0,0,5,3,0,3,5,P13,xgb,149,"{'subsample': 0.6, 'reg_lambda': 1, 'reg_alpha': 0, 'min_child_weight': 1, 'max_depth': 2, 'learning_rate': 0.03, 'gamma': 0, 'colsample_bytree': 0.6, 'colsample_bylevel': 0.6, 'n_estimators': 300}",0.8768157768157768,repeated_stratified,7,3,full,combined
8,8,1.0,8,3,0.375,8,2,0.25,0.5416666666666666,0.5185185185185185,0.78125,8,0,0,0,3,5,2,4,2,P13,xgb,150,"{'subsample': 0.6, 'reg_lambda': 1, 'reg_alpha': 0, 'min_child_weight': 1, 'max_depth': 2, 'learning_rate': 0.03, 'gamma': 0, 'colsample_bytree': 0.6, 'colsample_bylevel': 0.6, 'n_estimators': 300}",0.9126022126022124,repeated_stratified,7,4,full,combined
8,8,1.0,8,4,0.5,8,2,0.25,0.5833333333333334,0.5644377409083291,0.7890625,8,0,0,1,4,3,0,6,2,P13,xgb,150,"{'subsample': 0.6, 'reg_lambda': 3, 'reg_alpha': 0.1, 'min_child_weight': 1, 'max_depth': 8, 'learning_rate': 0.05, 'gamma': 0, 'colsample_bytree': 0.7, 'colsample_bylevel': 0.8, 'n_estimators': 300}",0.8789562289562288,repeated_stratified,8,0,full,combined
8,8,1.0,8,2,0.25,8,4,0.5,0.5833333333333334,0.5644377409083291,0.796875,8,0,0,0,2,6,1,3,4,P13,xgb,150,"{'subsample': 0.6, 'reg_lambda': 1, 'reg_alpha': 0, 'min_child_weight': 1, 'max_depth': 2, 'learning_rate': 0.03, 'gamma': 0, 'colsample_bytree': 0.6, 'colsample_bylevel': 0.6, 'n_estimators': 300}",0.8874699374699375,repeated_stratified,8,1,full,combined
8,8,1.0,8,2,0.25,8,2,0.25,0.5,0.4859477124183006,0.7526041666666666,8,0,0,0,2,6,1,5,2,P13,xgb,149,"{'subsample': 0.6, 'reg_lambda': 3, 'reg_alpha': 0.1, 'min_child_weight': 1, 'max_depth': 8, 'learning_rate': 0.05, 'gamma': 0, 'colsample_bytree': 0.7, 'colsample_bylevel': 0.8, 'n_estimators': 300}",0.8985569985569986,repeated_stratified,8,2,full,combined
8,8,1.0,8,3,0.375,8,4,0.5,0.625,0.6235294117647059,0.796875,8,0,0,0,3,5,0,4,4,P13,xgb,149,"{'subsample': 0.6, 'reg_lambda': 3, 'reg_alpha': 0.1, 'min_child_weight': 1, 'max_depth': 2, 'learning_rate': 0.05, 'gamma': 0, 'colsample_bytree': 0.7, 'colsample_bylevel': 0.6, 'n_estimators': 300}",0.905892255892256,repeated_stratified,8,3,full,combined
8,7,0.875,8,7,0.875,8,3,0.375,0.7083333333333334,0.7000000000000001,0.859375,7,1,0,0,7,1,0,5,3,P13,xgb,150,"{'subsample': 0.6, 'reg_lambda': 5, 'reg_alpha': 0, 'min_child_weight': 1, 'max_depth': 2, 'learning_rate': 0.01, 'gamma': 0.3, 'colsample_bytree': 0.7, 'colsample_bylevel': 0.6, 'n_estimators': 300}",0.8925204425204426,repeated_stratified,8,4,full,combined
8,8,1.0,8,5,0.625,8,1,0.125,0.5833333333333334,0.5447196422428621,0.8046875,8,0,0,0,5,3,1,6,1,P13,xgb,150,"{'subsample': 0.6, 'reg_lambda': 5, 'reg_alpha': 0.5, 'min_child_weight': 1, 'max_depth': 8, 'learning_rate': 0.03, 'gamma': 0.3, 'colsample_bytree': 0.6, 'colsample_bylevel': 0.6, 'n_estimators': 300}",0.9025012025012024,repeated_stratified,9,0,full,combined
8,8,1.0,8,7,0.875,8,4,0.5,0.7916666666666666,0.7781129545835429,0.9427083333333334,8,0,0,0,7,1,1,3,4,P13,xgb,150,"{'subsample': 0.6, 'reg_lambda': 3, 'reg_alpha': 0.1, 'min_child_weight': 1, 'max_depth': 8, 'learning_rate': 0.05, 'gamma': 0, 'colsample_bytree': 0.7, 'colsample_bylevel': 0.8, 'n_estimators': 300}",0.845045695045695,repeated_stratified,9,1,full,combined
8,8,1.0,8,5,0.625,8,4,0.5,0.7083333333333334,0.6998366013071896,0.8463541666666666,8,0,0,0,5,3,1,3,4,P13,xgb,150,"{'subsample': 0.6, 'reg_lambda': 5, 'reg_alpha': 0.5, 'min_child_weight': 1, 'max_depth': 8, 'learning_rate': 0.03, 'gamma': 0.3, 'colsample_bytree': 0.6, 'colsample_bylevel': 0.6, 'n_estimators': 300}",0.8571909571909572,repeated_stratified,9,2,full,combined
8,7,0.875,8,2,0.25,8,3,0.375,0.5,0.5111111111111111,0.7083333333333334,7,0,1,0,2,6,0,5,3,P13,xgb,149,"{'subsample': 0.8, 'reg_lambda': 10, 'reg_alpha': 0, 'min_child_weight': 1, 'max_depth': 8, 'learning_rate': 0.05, 'gamma': 0, 'colsample_bytree': 0.7, 'colsample_bylevel': 0.6, 'n_estimators': 300}",0.8989898989898989,repeated_stratified,9,3,full,combined
8,8,1.0,8,3,0.375,8,5,0.625,0.6666666666666666,0.6481481481481481,0.8645833333333334,8,0,0,0,3,5,2,1,5,P13,xgb,148,"{'subsample': 0.6, 'reg_lambda': 1, 'reg_alpha': 0, 'min_child_weight': 1, 'max_depth': 2, 'learning_rate': 0.03, 'gamma': 0, 'colsample_bytree': 0.6, 'colsample_bylevel': 0.6, 'n_estimators': 300}",0.8721500721500721,repeated_stratified,9,4,full,combined
8,8,1.0,8,6,0.75,8,3,0.375,0.7083333333333334,0.6977058029689608,0.8333333333333334,8,0,0,0,6,2,0,5,3,P14,xgb,149,"{'subsample': 0.6, 'reg_lambda': 3, 'reg_alpha': 0.1, 'min_child_weight': 1, 'max_depth': 8, 'learning_rate': 0.05, 'gamma': 0, 'colsample_bytree': 0.7, 'colsample_bylevel': 0.8, 'n_estimators': 300}",0.896897546897547,repeated_stratified,0,0,full,combined
8,8,1.0,8,8,1.0,8,4,0.5,0.8333333333333334,0.8166494668042655,0.875,8,0,0,0,8,0,1,3,4,P14,xgb,150,"{'subsample': 0.6, 'reg_lambda': 5, 'reg_alpha': 0, 'min_child_weight': 1, 'max_depth': 2, 'learning_rate': 0.01, 'gamma': 0.3, 'colsample_bytree': 0.7, 'colsample_bylevel': 0.6, 'n_estimators': 300}",0.9434824434824436,repeated_stratified,0,1,full,combined
8,7,0.875,8,4,0.5,8,7,0.875,0.75,0.7472013366750209,0.90625,7,1,0,0,4,4,0,1,7,P14,xgb,149,"{'subsample': 0.6, 'reg_lambda': 10, 'reg_alpha': 0.1, 'min_child_weight': 1, 'max_depth': 8, 'learning_rate': 0.03, 'gamma': 0.3, 'colsample_bytree': 0.6, 'colsample_bylevel': 0.8, 'n_estimators': 300}",0.9495911495911497,repeated_stratified,0,2,full,combined
8,7,0.875,8,2,0.25,8,6,0.75,0.625,0.6136752136752137,0.8645833333333334,7,1,0,0,2,6,0,2,6,P14,xgb,150,"{'subsample': 0.6, 'reg_lambda': 3, 'reg_alpha': 0.1, 'min_child_weight': 1, 'max_depth': 2, 'learning_rate': 0.05, 'gamma': 0, 'colsample_bytree': 0.7, 'colsample_bylevel': 0.6, 'n_estimators': 300}",0.9626022126022126,repeated_stratified,0,3,full,combined
8,8,1.0,8,7,0.875,8,6,0.75,0.875,0.8745098039215686,0.9270833333333334,8,0,0,0,7,1,0,2,6,P14,xgb,149,"{'subsample': 0.6, 'reg_lambda': 1, 'reg_alpha': 0, 'min_child_weight': 1, 'max_depth': 2, 'learning_rate': 0.03, 'gamma': 0, 'colsample_bytree': 0.6, 'colsample_bylevel': 0.6, 'n_estimators': 300}",0.9587061087061088,repeated_stratified,0,4,full,combined
8,8,1.0,8,6,0.75,8,4,0.5,0.75,0.746031746031746,0.9010416666666666,8,0,0,0,6,2,0,4,4,P14,xgb,144,"{'subsample': 0.6, 'reg_lambda': 3, 'reg_alpha': 0.1, 'min_child_weight': 1, 'max_depth': 2, 'learning_rate': 0.05, 'gamma': 0, 'colsample_bytree': 0.7, 'colsample_bylevel': 0.6, 'n_estimators': 300}",0.9233285233285232,repeated_stratified,1,0,full,combined
8,8,1.0,8,5,0.625,8,5,0.625,0.75,0.744281045751634,0.875,8,0,0,0,5,3,1,2,5,P14,xgb,145,"{'subsample': 0.6, 'reg_lambda': 5, 'reg_alpha': 0, 'min_child_weight': 1, 'max_depth': 2, 'learning_rate': 0.01, 'gamma': 0.3, 'colsample_bytree': 0.7, 'colsample_bylevel': 0.6, 'n_estimators': 300}",0.9467051467051468,repeated_stratified,1,1,full,combined
8,7,0.875,8,4,0.5,8,4,0.5,0.625,0.634640522875817,0.8229166666666666,7,1,0,0,4,4,0,4,4,P14,xgb,150,"{'subsample': 0.6, 'reg_lambda': 1, 'reg_alpha': 0, 'min_child_weight': 1, 'max_depth': 2, 'learning_rate': 0.03, 'gamma': 0, 'colsample_bytree': 0.6, 'colsample_bylevel': 0.6, 'n_estimators': 300}",0.877104377104377,repeated_stratified,1,2,full,combined
8,8,1.0,8,7,0.875,8,4,0.5,0.7916666666666666,0.7840755735492578,0.9088541666666666,8,0,0,0,7,1,0,4,4,P14,xgb,150,"{'subsample': 0.6, 'reg_lambda': 1, 'reg_alpha': 0, 'min_child_weight': 1, 'max_depth': 2, 'learning_rate': 0.03, 'gamma': 0, 'colsample_bytree': 0.6, 'colsample_bylevel': 0.6, 'n_estimators': 300}",0.897931697931698,repeated_stratified,1,3,full,combined
8,6,0.75,8,6,0.75,8,6,0.75,0.75,0.7579365079365079,0.9140625,6,2,0,0,6,2,0,2,6,P14,xgb,150,"{'subsample': 0.6, 'reg_lambda': 1, 'reg_alpha': 0, 'min_child_weight': 1, 'max_depth': 2, 'learning_rate': 0.03, 'gamma': 0, 'colsample_bytree': 0.6, 'colsample_bylevel': 0.6, 'n_estimators': 300}",0.905916305916306,repeated_stratified,1,4,full,combined
8,7,0.875,8,5,0.625,8,4,0.5,0.6666666666666666,0.674074074074074,0.8541666666666666,7,1,0,0,5,3,0,4,4,P14,xgb,148,"{'subsample': 0.6, 'reg_lambda': 3, 'reg_alpha': 0.1, 'min_child_weight': 1, 'max_depth': 8, 'learning_rate': 0.05, 'gamma': 0, 'colsample_bytree': 0.7, 'colsample_bylevel': 0.8, 'n_estimators': 300}",0.9374458874458874,repeated_stratified,2,0,full,combined
8,8,1.0,8,7,0.875,8,6,0.75,0.875,0.8745098039215686,0.9505208333333334,8,0,0,0,7,1,0,2,6,P14,xgb,150,"{'subsample': 0.6, 'reg_lambda': 3, 'reg_alpha': 0.1, 'min_child_weight': 1, 'max_depth': 2, 'learning_rate': 0.05, 'gamma': 0, 'colsample_bytree': 0.7, 'colsample_bylevel': 0.6, 'n_estimators': 300}",0.919071669071669,repeated_stratified,2,1,full,combined
8,7,0.875,8,8,1.0,8,7,0.875,0.9166666666666666,0.9185185185185184,0.9505208333333334,7,1,0,0,8,0,0,1,7,P14,xgb,149,"{'subsample': 0.6, 'reg_lambda': 5, 'reg_alpha': 0, 'min_child_weight': 1, 'max_depth': 2, 'learning_rate': 0.01, 'gamma': 0.3, 'colsample_bytree': 0.7, 'colsample_bylevel': 0.6, 'n_estimators': 300}",0.9153920153920152,repeated_stratified,2,2,full,combined
8,8,1.0,8,5,0.625,8,7,0.875,0.8333333333333334,0.8306878306878307,0.9713541666666666,8,0,0,0,5,3,0,1,7,P14,xgb,150,"{'subsample': 0.8, 'reg_lambda': 1, 'reg_alpha': 0, 'min_child_weight': 1, 'max_depth': 8, 'learning_rate': 0.01, 'gamma': 0.3, 'colsample_bytree': 0.6, 'colsample_bylevel': 0.8, 'n_estimators': 300}",0.9077200577200578,repeated_stratified,2,3,full,combined
8,8,1.0,8,3,0.375,8,3,0.375,0.5833333333333334,0.5833333333333334,0.75,8,0,0,0,3,5,0,5,3,P14,xgb,150,"{'subsample': 0.6, 'reg_lambda': 1, 'reg_alpha': 0, 'min_child_weight': 1, 'max_depth': 2, 'learning_rate': 0.03, 'gamma': 0, 'colsample_bytree': 0.6, 'colsample_bylevel': 0.6, 'n_estimators': 300}",0.96984126984127,repeated_stratified,2,4,full,combined
8,4,0.5,8,4,0.5,8,6,0.75,0.5833333333333334,0.5896112831097351,0.8645833333333334,4,3,1,0,4,4,0,2,6,P14,xgb,148,"{'subsample': 0.6, 'reg_lambda': 10, 'reg_alpha': 0.1, 'min_child_weight': 1, 'max_depth': 8, 'learning_rate': 0.03, 'gamma': 0.3, 'colsample_bytree': 0.6, 'colsample_bylevel': 0.8, 'n_estimators': 300}",0.9092833092833092,repeated_stratified,3,0,full,combined
8,8,1.0,8,5,0.625,8,3,0.375,0.6666666666666666,0.6613756613756614,0.84375,8,0,0,0,5,3,0,5,3,P14,xgb,150,"{'subsample': 0.6, 'reg_lambda': 3, 'reg_alpha': 0.1, 'min_child_weight': 1, 'max_depth': 8, 'learning_rate': 0.05, 'gamma': 0, 'colsample_bytree': 0.7, 'colsample_bylevel': 0.8, 'n_estimators': 300}",0.9105579605579606,repeated_stratified,3,1,full,combined
8,8,1.0,8,6,0.75,8,5,0.625,0.7916666666666666,0.7908496732026143,0.8307291666666666,8,0,0,0,6,2,0,3,5,P14,xgb,125,"{'subsample': 0.6, 'reg_lambda': 3, 'reg_alpha': 0.1, 'min_child_weight': 1, 'max_depth': 2, 'learning_rate': 0.05, 'gamma': 0, 'colsample_bytree': 0.7, 'colsample_bylevel': 0.6, 'n_estimators': 300}",0.956974506974507,repeated_stratified,3,2,full,combined
8,8,1.0,8,5,0.625,8,4,0.5,0.7083333333333334,0.6998366013071896,0.8880208333333334,8,0,0,0,5,3,1,3,4,P14,xgb,150,"{'subsample': 0.8, 'reg_lambda': 10, 'reg_alpha': 0, 'min_child_weight': 1, 'max_depth': 8, 'learning_rate': 0.05, 'gamma': 0, 'colsample_bytree': 0.7, 'colsample_bylevel': 0.6, 'n_estimators': 300}",0.9594757094757096,repeated_stratified,3,3,full,combined
8,8,1.0,8,5,0.625,8,4,0.5,0.7083333333333334,0.7071895424836602,0.8515625,8,0,0,0,5,3,0,4,4,P14,xgb,150,"{'subsample': 0.6, 'reg_lambda': 1, 'reg_alpha': 0, 'min_child_weight': 1, 'max_depth': 2, 'learning_rate': 0.03, 'gamma': 0, 'colsample_bytree': 0.6, 'colsample_bylevel': 0.6, 'n_estimators': 300}",0.9377104377104376,repeated_stratified,3,4,full,combined
8,7,0.875,8,5,0.625,8,7,0.875,0.7916666666666666,0.7925925925925926,0.8880208333333334,7,1,0,0,5,3,0,1,7,P14,xgb,149,"{'subsample': 0.8, 'reg_lambda': 10, 'reg_alpha': 0, 'min_child_weight': 1, 'max_depth': 4, 'learning_rate': 0.03, 'gamma': 0, 'colsample_bytree': 0.6, 'colsample_bylevel': 0.8, 'n_estimators': 300}",0.951106301106301,repeated_stratified,4,0,full,combined
8,8,1.0,8,6,0.75,8,6,0.75,0.8333333333333334,0.832010582010582,0.9505208333333334,8,0,0,2,6,0,0,2,6,P14,xgb,150,"{'subsample': 0.8, 'reg_lambda': 10, 'reg_alpha': 0, 'min_child_weight': 1, 'max_depth': 8, 'learning_rate': 0.05, 'gamma': 0, 'colsample_bytree': 0.7, 'colsample_bylevel': 0.6, 'n_estimators': 300}",0.8835738335738336,repeated_stratified,4,1,full,combined
8,8,1.0,8,5,0.625,8,3,0.375,0.6666666666666666,0.6526610644257703,0.8489583333333334,8,0,0,0,5,3,1,4,3,P14,xgb,150,"{'subsample': 0.6, 'reg_lambda': 3, 'reg_alpha': 0.1, 'min_child_weight': 1, 'max_depth': 8, 'learning_rate': 0.05, 'gamma': 0, 'colsample_bytree': 0.7, 'colsample_bylevel': 0.8, 'n_estimators': 300}",0.9457431457431458,repeated_stratified,4,2,full,combined
8,7,0.875,8,1,0.125,8,6,0.75,0.5833333333333334,0.5571428571428572,0.8359375,7,1,0,0,1,7,0,2,6,P14,xgb,147,"{'subsample': 0.6, 'reg_lambda': 1, 'reg_alpha': 0, 'min_child_weight': 1, 'max_depth': 2, 'learning_rate': 0.03, 'gamma': 0, 'colsample_bytree': 0.6, 'colsample_bylevel': 0.6, 'n_estimators': 300}",0.9591149591149593,repeated_stratified,4,3,full,combined
8,8,1.0,8,8,1.0,8,6,0.75,0.9166666666666666,0.9153439153439152,0.9557291666666666,8,0,0,0,8,0,0,2,6,P14,xgb,150,"{'subsample': 0.8, 'reg_lambda': 10, 'reg_alpha': 0, 'min_child_weight': 1, 'max_depth': 4, 'learning_rate': 0.03, 'gamma': 0, 'colsample_bytree': 0.6, 'colsample_bylevel': 0.8, 'n_estimators': 300}",0.9404280904280904,repeated_stratified,4,4,full,combined
8,7,0.875,8,5,0.625,8,5,0.625,0.7083333333333334,0.7099673202614379,0.8333333333333334,7,1,0,1,5,2,0,3,5,P14,xgb,150,"{'subsample': 0.6, 'reg_lambda': 1, 'reg_alpha': 0, 'min_child_weight': 1, 'max_depth': 2, 'learning_rate': 0.03, 'gamma': 0, 'colsample_bytree': 0.6, 'colsample_bylevel': 0.6, 'n_estimators': 300}",0.9052188552188551,repeated_stratified,5,0,full,combined
8,7,0.875,8,6,0.75,8,6,0.75,0.7916666666666666,0.7964052287581699,0.9296875,7,1,0,0,6,2,0,2,6,P14,xgb,137,"{'subsample': 0.8, 'reg_lambda': 5, 'reg_alpha': 0.1, 'min_child_weight': 1, 'max_depth': 8, 'learning_rate': 0.03, 'gamma': 0, 'colsample_bytree': 0.6, 'colsample_bylevel': 0.6, 'n_estimators': 300}",0.9104377104377104,repeated_stratified,5,1,full,combined
8,7,0.875,8,3,0.375,8,7,0.875,0.7083333333333334,0.6982905982905981,0.8671875,7,1,0,0,3,5,0,1,7,P14,xgb,150,"{'subsample': 0.8, 'reg_lambda': 10, 'reg_alpha': 0, 'min_child_weight': 1, 'max_depth': 4, 'learning_rate': 0.03, 'gamma': 0, 'colsample_bytree': 0.6, 'colsample_bylevel': 0.8, 'n_estimators': 300}",0.9334535834535834,repeated_stratified,5,2,full,combined
8,7,0.875,8,6,0.75,8,5,0.625,0.75,0.7555555555555555,0.9244791666666666,7,1,0,0,6,2,0,3,5,P14,xgb,150,"{'subsample': 0.6, 'reg_lambda': 1, 'reg_alpha': 0, 'min_child_weight': 1, 'max_depth': 2, 'learning_rate': 0.03, 'gamma': 0, 'colsample_bytree': 0.6, 'colsample_bylevel': 0.6, 'n_estimators': 300}",0.9149350649350648,repeated_stratified,5,3,full,combined
8,8,1.0,8,6,0.75,8,6,0.75,0.8333333333333334,0.8333333333333334,0.9348958333333334,8,0,0,0,6,2,0,2,6,P14,xgb,150,"{'subsample': 0.6, 'reg_lambda': 1, 'reg_alpha': 0, 'min_child_weight': 1, 'max_depth': 2, 'learning_rate': 0.03, 'gamma': 0, 'colsample_bytree': 0.6, 'colsample_bylevel': 0.6, 'n_estimators': 300}",0.9726791726791728,repeated_stratified,5,4,full,combined
8,8,1.0,8,6,0.75,8,6,0.75,0.8333333333333334,0.8333333333333334,0.9453125,8,0,0,0,6,2,0,2,6,P14,xgb,150,"{'subsample': 0.6, 'reg_lambda': 3, 'reg_alpha': 0.1, 'min_child_weight': 1, 'max_depth': 8, 'learning_rate': 0.05, 'gamma': 0, 'colsample_bytree': 0.7, 'colsample_bylevel': 0.8, 'n_estimators': 300}",0.932034632034632,repeated_stratified,6,0,full,combined
8,7,0.875,8,6,0.75,8,6,0.75,0.7916666666666666,0.7964052287581699,0.9166666666666666,7,1,0,0,6,2,0,2,6,P14,xgb,150,"{'subsample': 0.6, 'reg_lambda': 3, 'reg_alpha': 0.1, 'min_child_weight': 1, 'max_depth': 8, 'learning_rate': 0.05, 'gamma': 0, 'colsample_bytree': 0.7, 'colsample_bylevel': 0.8, 'n_estimators': 300}",0.9613275613275613,repeated_stratified,6,1,full,combined
8,8,1.0,8,6,0.75,8,5,0.625,0.7916666666666666,0.7908496732026143,0.9036458333333334,8,0,0,0,6,2,0,3,5,P14,xgb,150,"{'subsample': 0.6, 'reg_lambda': 5, 'reg_alpha': 0, 'min_child_weight': 1, 'max_depth': 2, 'learning_rate': 0.01, 'gamma': 0.3, 'colsample_bytree': 0.7, 'colsample_bylevel': 0.6, 'n_estimators': 300}",0.9665223665223666,repeated_stratified,6,2,full,combined
8,7,0.875,8,4,0.5,8,6,0.75,0.7083333333333334,0.7043650793650794,0.8697916666666666,7,1,0,0,4,4,1,1,6,P14,xgb,148,"{'subsample': 0.6, 'reg_lambda': 3, 'reg_alpha': 0.1, 'min_child_weight': 1, 'max_depth': 8, 'learning_rate': 0.05, 'gamma': 0, 'colsample_bytree': 0.7, 'colsample_bylevel': 0.8, 'n_estimators': 300}",0.9393698893698892,repeated_stratified,6,3,full,combined
8,7,0.875,8,5,0.625,8,4,0.5,0.6666666666666666,0.674074074074074,0.8177083333333334,7,1,0,0,5,3,0,4,4,P14,xgb,149,"{'subsample': 0.6, 'reg_lambda': 10, 'reg_alpha': 0.5, 'min_child_weight': 1, 'max_depth': 2, 'learning_rate': 0.05, 'gamma': 0.1, 'colsample_bytree': 0.6, 'colsample_bylevel': 0.6, 'n_estimators': 300}",0.9275853775853776,repeated_stratified,6,4,full,combined
8,8,1.0,8,2,0.25,8,5,0.625,0.625,0.611336032388664,0.8046875,8,0,0,0,2,6,0,3,5,P14,xgb,150,"{'subsample': 0.6, 'reg_lambda': 1, 'reg_alpha': 0, 'min_child_weight': 1, 'max_depth': 2, 'learning_rate': 0.03, 'gamma': 0, 'colsample_bytree': 0.6, 'colsample_bylevel': 0.6, 'n_estimators': 300}",0.9664742664742666,repeated_stratified,7,0,full,combined
8,7,0.875,8,5,0.625,8,4,0.5,0.6666666666666666,0.6738562091503267,0.8463541666666666,7,0,1,0,5,3,0,4,4,P14,xgb,150,"{'subsample': 0.8, 'reg_lambda': 5, 'reg_alpha': 0.1, 'min_child_weight': 1, 'max_depth': 8, 'learning_rate': 0.03, 'gamma': 0, 'colsample_bytree': 0.6, 'colsample_bylevel': 0.6, 'n_estimators': 300}",0.9202020202020202,repeated_stratified,7,1,full,combined
8,8,1.0,8,6,0.75,8,7,0.875,0.875,0.8745098039215686,0.9479166666666666,8,0,0,0,6,2,0,1,7,P14,xgb,145,"{'subsample': 0.6, 'reg_lambda': 10, 'reg_alpha': 0.1, 'min_child_weight': 1, 'max_depth': 8, 'learning_rate': 0.03, 'gamma': 0.3, 'colsample_bytree': 0.6, 'colsample_bylevel': 0.8, 'n_estimators': 300}",0.9642857142857144,repeated_stratified,7,2,full,combined
8,8,1.0,8,8,1.0,8,5,0.625,0.875,0.8664320429026312,0.9609375,8,0,0,0,8,0,1,2,5,P14,xgb,150,"{'subsample': 0.8, 'reg_lambda': 1, 'reg_alpha': 0, 'min_child_weight': 1, 'max_depth': 4, 'learning_rate': 0.01, 'gamma': 0, 'colsample_bytree': 0.7, 'colsample_bylevel': 0.8, 'n_estimators': 300}",0.9221741221741224,repeated_stratified,7,3,full,combined
8,5,0.625,8,6,0.75,8,5,0.625,0.6666666666666666,0.6752699055330634,0.890625,5,2,1,0,6,2,0,3,5,P14,xgb,150,"{'subsample': 0.6, 'reg_lambda': 1, 'reg_alpha': 0, 'min_child_weight': 1, 'max_depth': 2, 'learning_rate': 0.03, 'gamma': 0, 'colsample_bytree': 0.6, 'colsample_bylevel': 0.6, 'n_estimators': 300}",0.9656565656565655,repeated_stratified,7,4,full,combined
8,8,1.0,8,6,0.75,8,4,0.5,0.75,0.7394957983193278,0.9322916666666666,8,0,0,0,6,2,1,3,4,P14,xgb,150,"{'subsample': 0.8, 'reg_lambda': 1, 'reg_alpha': 0, 'min_child_weight': 1, 'max_depth': 4, 'learning_rate': 0.01, 'gamma': 0, 'colsample_bytree': 0.7, 'colsample_bylevel': 0.8, 'n_estimators': 300}",0.9475468975468976,repeated_stratified,8,0,full,combined
8,7,0.875,8,4,0.5,8,5,0.625,0.6666666666666666,0.6738562091503267,0.8177083333333334,7,1,0,0,4,4,0,3,5,P14,xgb,150,"{'subsample': 0.6, 'reg_lambda': 3, 'reg_alpha': 0.1, 'min_child_weight': 1, 'max_depth': 2, 'learning_rate': 0.05, 'gamma': 0, 'colsample_bytree': 0.7, 'colsample_bylevel': 0.6, 'n_estimators': 300}",0.8829725829725829,repeated_stratified,8,1,full,combined
8,8,1.0,8,6,0.75,8,5,0.625,0.7916666666666666,0.7908496732026143,0.8984375,8,0,0,0,6,2,0,3,5,P14,xgb,150,"{'subsample': 0.8, 'reg_lambda': 1, 'reg_alpha': 0, 'min_child_weight': 1, 'max_depth': 8, 'learning_rate': 0.01, 'gamma': 0.3, 'colsample_bytree': 0.6, 'colsample_bylevel': 0.8, 'n_estimators': 300}",0.9437950937950936,repeated_stratified,8,2,full,combined
8,7,0.875,8,4,0.5,8,3,0.375,0.5833333333333334,0.5925925925925926,0.828125,7,1,0,0,4,4,0,5,3,P14,xgb,149,"{'subsample': 0.8, 'reg_lambda': 1, 'reg_alpha': 0.1, 'min_child_weight': 1, 'max_depth': 4, 'learning_rate': 0.05, 'gamma': 0.5, 'colsample_bytree': 0.7, 'colsample_bylevel': 0.6, 'n_estimators': 300}",0.9696248196248196,repeated_stratified,8,3,full,combined
8,8,1.0,8,5,0.625,8,4,0.5,0.7083333333333334,0.7071895424836602,0.8645833333333334,8,0,0,0,5,3,0,4,4,P14,xgb,150,"{'subsample': 0.6, 'reg_lambda': 1, 'reg_alpha': 0, 'min_child_weight': 1, 'max_depth': 2, 'learning_rate': 0.03, 'gamma': 0, 'colsample_bytree': 0.6, 'colsample_bylevel': 0.6, 'n_estimators': 300}",0.940933140933141,repeated_stratified,8,4,full,combined
8,7,0.875,8,7,0.875,8,7,0.875,0.875,0.8772875816993464,0.9375,7,1,0,0,7,1,0,1,7,P14,xgb,150,"{'subsample': 0.6, 'reg_lambda': 3, 'reg_alpha': 0.1, 'min_child_weight': 1, 'max_depth': 8, 'learning_rate': 0.05, 'gamma': 0, 'colsample_bytree': 0.7, 'colsample_bylevel': 0.8, 'n_estimators': 300}",0.9265993265993266,repeated_stratified,9,0,full,combined
8,7,0.875,8,4,0.5,8,4,0.5,0.625,0.625,0.8359375,7,1,0,0,4,4,1,3,4,P14,xgb,149,"{'subsample': 0.6, 'reg_lambda': 3, 'reg_alpha': 0.1, 'min_child_weight': 1, 'max_depth': 2, 'learning_rate': 0.05, 'gamma': 0, 'colsample_bytree': 0.7, 'colsample_bylevel': 0.6, 'n_estimators': 300}",0.92999037999038,repeated_stratified,9,1,full,combined
8,8,1.0,8,6,0.75,8,6,0.75,0.8333333333333334,0.8333333333333334,0.921875,8,0,0,0,6,2,0,2,6,P14,xgb,148,"{'subsample': 0.6, 'reg_lambda': 3, 'reg_alpha': 0.1, 'min_child_weight': 1, 'max_depth': 2, 'learning_rate': 0.05, 'gamma': 0, 'colsample_bytree': 0.7, 'colsample_bylevel': 0.6, 'n_estimators': 300}",0.9383116883116884,repeated_stratified,9,2,full,combined
8,6,0.75,8,6,0.75,8,4,0.5,0.6666666666666666,0.6761904761904761,0.8958333333333334,6,2,0,0,6,2,0,4,4,P14,xgb,145,"{'subsample': 0.6, 'reg_lambda': 3, 'reg_alpha': 0.1, 'min_child_weight': 1, 'max_depth': 2, 'learning_rate': 0.05, 'gamma': 0, 'colsample_bytree': 0.7, 'colsample_bylevel': 0.6, 'n_estimators': 300}",0.9424723424723424,repeated_stratified,9,3,full,combined
8,7,0.875,8,6,0.75,8,5,0.625,0.75,0.7555555555555555,0.8802083333333334,7,1,0,0,6,2,0,3,5,P14,xgb,150,"{'subsample': 0.6, 'reg_lambda': 1, 'reg_alpha': 0, 'min_child_weight': 1, 'max_depth': 2, 'learning_rate': 0.03, 'gamma': 0, 'colsample_bytree': 0.6, 'colsample_bylevel': 0.6, 'n_estimators': 300}",0.9593554593554592,repeated_stratified,9,4,full,combined
8,8,1.0,8,6,0.75,8,5,0.625,0.7916666666666666,0.7908496732026143,0.8984375,8,0,0,0,6,2,0,3,5,P15,xgb,150,"{'subsample': 0.6, 'reg_lambda': 3, 'reg_alpha': 0.1, 'min_child_weight': 1, 'max_depth': 2, 'learning_rate': 0.05, 'gamma': 0, 'colsample_bytree': 0.7, 'colsample_bylevel': 0.6, 'n_estimators': 300}",0.9228715728715728,repeated_stratified,0,0,full,combined
8,8,1.0,8,5,0.625,8,5,0.625,0.75,0.744281045751634,0.9192708333333334,8,0,0,1,5,2,0,3,5,P15,xgb,150,"{'subsample': 0.6, 'reg_lambda': 3, 'reg_alpha': 0.1, 'min_child_weight': 1, 'max_depth': 8, 'learning_rate': 0.05, 'gamma': 0, 'colsample_bytree': 0.7, 'colsample_bylevel': 0.8, 'n_estimators': 300}",0.8770562770562771,repeated_stratified,0,1,full,combined
8,8,1.0,8,2,0.25,8,5,0.625,0.625,0.5925925925925926,0.8854166666666666,8,0,0,1,2,5,1,2,5,P15,xgb,150,"{'subsample': 0.8, 'reg_lambda': 10, 'reg_alpha': 0.5, 'min_child_weight': 1, 'max_depth': 8, 'learning_rate': 0.01, 'gamma': 0.3, 'colsample_bytree': 0.7, 'colsample_bylevel': 0.6, 'n_estimators': 300}",0.8654401154401153,repeated_stratified,0,2,full,combined
8,8,1.0,8,5,0.625,8,6,0.75,0.7916666666666666,0.7908496732026143,0.8385416666666666,8,0,0,0,5,3,0,2,6,P15,xgb,148,"{'subsample': 0.6, 'reg_lambda': 3, 'reg_alpha': 0.1, 'min_child_weight': 1, 'max_depth': 8, 'learning_rate': 0.05, 'gamma': 0, 'colsample_bytree': 0.7, 'colsample_bylevel': 0.8, 'n_estimators': 300}",0.9307840307840308,repeated_stratified,0,3,full,combined
8,8,1.0,8,5,0.625,8,6,0.75,0.7916666666666666,0.7908496732026143,0.8697916666666666,8,0,0,0,5,3,0,2,6,P15,xgb,150,"{'subsample': 0.8, 'reg_lambda': 10, 'reg_alpha': 0, 'min_child_weight': 1, 'max_depth': 8, 'learning_rate': 0.05, 'gamma': 0, 'colsample_bytree': 0.7, 'colsample_bylevel': 0.6, 'n_estimators': 300}",0.8597883597883599,repeated_stratified,0,4,full,combined
8,8,1.0,8,3,0.375,8,3,0.375,0.5833333333333334,0.5720588235294118,0.8020833333333334,8,0,0,1,3,4,0,5,3,P15,xgb,146,"{'subsample': 0.6, 'reg_lambda': 1, 'reg_alpha': 0, 'min_child_weight': 1, 'max_depth': 2, 'learning_rate': 0.03, 'gamma': 0, 'colsample_bytree': 0.6, 'colsample_bylevel': 0.6, 'n_estimators': 300}",0.9784271284271284,repeated_stratified,1,0,full,combined
8,8,1.0,8,5,0.625,8,7,0.875,0.8333333333333334,0.8306878306878307,0.96875,8,0,0,0,5,3,0,1,7,P15,xgb,149,"{'subsample': 0.8, 'reg_lambda': 1, 'reg_alpha': 0, 'min_child_weight': 1, 'max_depth': 8, 'learning_rate': 0.01, 'gamma': 0.3, 'colsample_bytree': 0.6, 'colsample_bylevel': 0.8, 'n_estimators': 300}",0.9189754689754688,repeated_stratified,1,1,full,combined
8,8,1.0,8,6,0.75,8,4,0.5,0.75,0.746031746031746,0.8932291666666666,8,0,0,0,6,2,0,4,4,P15,xgb,150,"{'subsample': 0.6, 'reg_lambda': 1, 'reg_alpha': 0, 'min_child_weight': 1, 'max_depth': 2, 'learning_rate': 0.03, 'gamma': 0, 'colsample_bytree': 0.6, 'colsample_bylevel': 0.6, 'n_estimators': 300}",0.9138047138047138,repeated_stratified,1,2,full,combined
8,8,1.0,8,6,0.75,8,6,0.75,0.8333333333333334,0.8333333333333334,0.9348958333333334,8,0,0,0,6,2,0,2,6,P15,xgb,148,"{'subsample': 0.6, 'reg_lambda': 1, 'reg_alpha': 0, 'min_child_weight': 1, 'max_depth': 2, 'learning_rate': 0.03, 'gamma': 0, 'colsample_bytree': 0.6, 'colsample_bylevel': 0.6, 'n_estimators': 300}",0.879100529100529,repeated_stratified,1,3,full,combined
8,8,1.0,8,6,0.75,8,6,0.75,0.8333333333333334,0.8333333333333334,0.9479166666666666,8,0,0,0,6,2,0,2,6,P15,xgb,128,"{'subsample': 0.6, 'reg_lambda': 3, 'reg_alpha': 0.1, 'min_child_weight': 1, 'max_depth': 8, 'learning_rate': 0.05, 'gamma': 0, 'colsample_bytree': 0.7, 'colsample_bylevel': 0.8, 'n_estimators': 300}",0.8901394901394902,repeated_stratified,1,4,full,combined
8,8,1.0,8,3,0.375,8,3,0.375,0.5833333333333334,0.5641534391534392,0.8151041666666666,8,0,0,2,3,3,0,5,3,P15,xgb,133,"{'subsample': 0.8, 'reg_lambda': 1, 'reg_alpha': 0, 'min_child_weight': 1, 'max_depth': 8, 'learning_rate': 0.01, 'gamma': 0.3, 'colsample_bytree': 0.6, 'colsample_bylevel': 0.8, 'n_estimators': 300}",0.905892255892256,repeated_stratified,2,0,full,combined
8,8,1.0,8,3,0.375,8,8,1.0,0.7916666666666666,0.7691197691197691,0.8463541666666666,8,0,0,0,3,5,0,0,8,P15,xgb,150,"{'subsample': 0.6, 'reg_lambda': 1, 'reg_alpha': 0, 'min_child_weight': 1, 'max_depth': 2, 'learning_rate': 0.03, 'gamma': 0, 'colsample_bytree': 0.6, 'colsample_bylevel': 0.6, 'n_estimators': 300}",0.8737614237614237,repeated_stratified,2,1,full,combined
8,8,1.0,8,6,0.75,8,4,0.5,0.75,0.746031746031746,0.9088541666666666,8,0,0,0,6,2,0,4,4,P15,xgb,124,"{'subsample': 0.6, 'reg_lambda': 3, 'reg_alpha': 0.1, 'min_child_weight': 1, 'max_depth': 8, 'learning_rate': 0.05, 'gamma': 0, 'colsample_bytree': 0.7, 'colsample_bylevel': 0.8, 'n_estimators': 300}",0.9481481481481482,repeated_stratified,2,2,full,combined
8,8,1.0,8,6,0.75,8,6,0.75,0.8333333333333334,0.8333333333333334,0.9244791666666666,8,0,0,0,6,2,0,2,6,P15,xgb,150,"{'subsample': 0.8, 'reg_lambda': 5, 'reg_alpha': 0.1, 'min_child_weight': 1, 'max_depth': 8, 'learning_rate': 0.03, 'gamma': 0, 'colsample_bytree': 0.6, 'colsample_bylevel': 0.6, 'n_estimators': 300}",0.9223424723424724,repeated_stratified,2,3,full,combined
8,8,1.0,8,5,0.625,8,7,0.875,0.8333333333333334,0.8306878306878307,0.9453125,8,0,0,0,5,3,0,1,7,P15,xgb,150,"{'subsample': 0.8, 'reg_lambda': 5, 'reg_alpha': 0.1, 'min_child_weight': 1, 'max_depth': 8, 'learning_rate': 0.03, 'gamma': 0, 'colsample_bytree': 0.6, 'colsample_bylevel': 0.6, 'n_estimators': 300}",0.9101250601250602,repeated_stratified,2,4,full,combined
8,8,1.0,8,8,1.0,8,5,0.625,0.875,0.8704453441295547,0.9739583333333334,8,0,0,0,8,0,0,3,5,P15,xgb,150,"{'subsample': 0.8, 'reg_lambda': 10, 'reg_alpha': 0, 'min_child_weight': 1, 'max_depth': 8, 'learning_rate': 0.05, 'gamma': 0, 'colsample_bytree': 0.7, 'colsample_bylevel': 0.6, 'n_estimators': 300}",0.9243145743145744,repeated_stratified,3,0,full,combined
8,8,1.0,8,5,0.625,8,6,0.75,0.7916666666666666,0.7908496732026143,0.9036458333333334,8,0,0,0,5,3,0,2,6,P15,xgb,150,"{'subsample': 0.6, 'reg_lambda': 1, 'reg_alpha': 0, 'min_child_weight': 1, 'max_depth': 2, 'learning_rate': 0.03, 'gamma': 0, 'colsample_bytree': 0.6, 'colsample_bylevel': 0.6, 'n_estimators': 300}",0.9335978835978836,repeated_stratified,3,1,full,combined
8,8,1.0,8,7,0.875,8,7,0.875,0.9166666666666666,0.9166666666666666,0.9583333333333334,8,0,0,0,7,1,0,1,7,P15,xgb,150,"{'subsample': 0.6, 'reg_lambda': 1, 'reg_alpha': 0, 'min_child_weight': 1, 'max_depth': 2, 'learning_rate': 0.03, 'gamma': 0, 'colsample_bytree': 0.6, 'colsample_bylevel': 0.6, 'n_estimators': 300}",0.8913900913900914,repeated_stratified,3,2,full,combined
8,8,1.0,8,2,0.25,8,4,0.5,0.5833333333333334,0.5644377409083291,0.8151041666666666,8,0,0,0,2,6,1,3,4,P15,xgb,149,"{'subsample': 0.6, 'reg_lambda': 1, 'reg_alpha': 0, 'min_child_weight': 1, 'max_depth': 2, 'learning_rate': 0.03, 'gamma': 0, 'colsample_bytree': 0.6, 'colsample_bylevel': 0.6, 'n_estimators': 300}",0.9525252525252524,repeated_stratified,3,3,full,combined
8,8,1.0,8,4,0.5,8,6,0.75,0.75,0.746031746031746,0.859375,8,0,0,0,4,4,0,2,6,P15,xgb,150,"{'subsample': 0.6, 'reg_lambda': 3, 'reg_alpha': 0.1, 'min_child_weight': 1, 'max_depth': 2, 'learning_rate': 0.05, 'gamma': 0, 'colsample_bytree': 0.7, 'colsample_bylevel': 0.6, 'n_estimators': 300}",0.9509620009620008,repeated_stratified,3,4,full,combined
8,8,1.0,8,7,0.875,8,5,0.625,0.8333333333333334,0.8306878306878307,0.953125,8,0,0,0,7,1,0,3,5,P15,xgb,83,"{'subsample': 0.8, 'reg_lambda': 10, 'reg_alpha': 0, 'min_child_weight': 1, 'max_depth': 8, 'learning_rate': 0.05, 'gamma': 0, 'colsample_bytree': 0.7, 'colsample_bylevel': 0.6, 'n_estimators': 300}",0.9589225589225588,repeated_stratified,4,0,full,combined
8,8,1.0,8,5,0.625,8,4,0.5,0.7083333333333334,0.7002801120448178,0.890625,8,0,0,1,5,2,0,4,4,P15,xgb,150,"{'subsample': 0.6, 'reg_lambda': 3, 'reg_alpha': 0.1, 'min_child_weight': 1, 'max_depth': 8, 'learning_rate': 0.05, 'gamma': 0, 'colsample_bytree': 0.7, 'colsample_bylevel': 0.8, 'n_estimators': 300}",0.8811928811928812,repeated_stratified,4,1,full,combined
8,8,1.0,8,4,0.5,8,6,0.75,0.75,0.746031746031746,0.875,8,0,0,0,4,4,0,2,6,P15,xgb,149,"{'subsample': 0.6, 'reg_lambda': 1, 'reg_alpha': 0, 'min_child_weight': 1, 'max_depth': 2, 'learning_rate': 0.03, 'gamma': 0, 'colsample_bytree': 0.6, 'colsample_bylevel': 0.6, 'n_estimators': 300}",0.9313612313612314,repeated_stratified,4,2,full,combined
8,8,1.0,8,6,0.75,8,1,0.125,0.625,0.5844155844155844,0.8567708333333334,8,0,0,0,6,2,0,7,1,P15,xgb,149,"{'subsample': 0.6, 'reg_lambda': 3, 'reg_alpha': 0.1, 'min_child_weight': 1, 'max_depth': 2, 'learning_rate': 0.05, 'gamma': 0, 'colsample_bytree': 0.7, 'colsample_bylevel': 0.6, 'n_estimators': 300}",0.8947330447330447,repeated_stratified,4,3,full,combined
8,8,1.0,8,7,0.875,8,7,0.875,0.9166666666666666,0.9166666666666666,0.9583333333333334,8,0,0,0,7,1,0,1,7,P15,xgb,150,"{'subsample': 0.6, 'reg_lambda': 3, 'reg_alpha': 0.1, 'min_child_weight': 1, 'max_depth': 8, 'learning_rate': 0.05, 'gamma': 0, 'colsample_bytree': 0.7, 'colsample_bylevel': 0.8, 'n_estimators': 300}",0.8815776815776815,repeated_stratified,4,4,full,combined
8,8,1.0,8,7,0.875,8,3,0.375,0.75,0.7333333333333334,0.8515625,8,0,0,0,7,1,0,5,3,P15,xgb,149,"{'subsample': 0.6, 'reg_lambda': 3, 'reg_alpha': 0.1, 'min_child_weight': 1, 'max_depth': 2, 'learning_rate': 0.05, 'gamma': 0, 'colsample_bytree': 0.7, 'colsample_bylevel': 0.6, 'n_estimators': 300}",0.867989417989418,repeated_stratified,5,0,full,combined
8,8,1.0,8,6,0.75,8,2,0.25,0.6666666666666666,0.6444444444444445,0.8776041666666666,8,0,0,0,6,2,0,6,2,P15,xgb,134,"{'subsample': 0.6, 'reg_lambda': 10, 'reg_alpha': 0.5, 'min_child_weight': 1, 'max_depth': 2, 'learning_rate': 0.05, 'gamma': 0.1, 'colsample_bytree': 0.6, 'colsample_bylevel': 0.6, 'n_estimators': 300}",0.9145021645021644,repeated_stratified,5,1,full,combined
8,8,1.0,8,3,0.375,8,3,0.375,0.5833333333333334,0.5833333333333334,0.8177083333333334,8,0,0,0,3,5,0,5,3,P15,xgb,150,"{'subsample': 0.6, 'reg_lambda': 1, 'reg_alpha': 0, 'min_child_weight': 1, 'max_depth': 2, 'learning_rate': 0.03, 'gamma': 0, 'colsample_bytree': 0.6, 'colsample_bylevel': 0.6, 'n_estimators': 300}",0.9411736411736412,repeated_stratified,5,2,full,combined
8,8,1.0,8,6,0.75,8,7,0.875,0.875,0.8740740740740741,0.9817708333333334,8,0,0,2,6,0,0,1,7,P15,xgb,150,"{'subsample': 0.8, 'reg_lambda': 10, 'reg_alpha': 0, 'min_child_weight': 1, 'max_depth': 4, 'learning_rate': 0.03, 'gamma': 0, 'colsample_bytree': 0.6, 'colsample_bylevel': 0.8, 'n_estimators': 300}",0.8821067821067822,repeated_stratified,5,3,full,combined
8,8,1.0,8,6,0.75,8,4,0.5,0.75,0.746031746031746,0.9244791666666666,8,0,0,0,6,2,0,4,4,P15,xgb,149,"{'subsample': 0.6, 'reg_lambda': 1, 'reg_alpha': 0, 'min_child_weight': 1, 'max_depth': 2, 'learning_rate': 0.03, 'gamma': 0, 'colsample_bytree': 0.6, 'colsample_bylevel': 0.6, 'n_estimators': 300}",0.8942039442039441,repeated_stratified,5,4,full,combined
8,8,1.0,8,7,0.875,8,5,0.625,0.8333333333333334,0.8306878306878307,0.9270833333333334,8,0,0,0,7,1,0,3,5,P15,xgb,149,"{'subsample': 0.6, 'reg_lambda': 1, 'reg_alpha': 0, 'min_child_weight': 1, 'max_depth': 2, 'learning_rate': 0.03, 'gamma': 0, 'colsample_bytree': 0.6, 'colsample_bylevel': 0.6, 'n_estimators': 300}",0.9403318903318904,repeated_stratified,6,0,full,combined
8,8,1.0,8,6,0.75,8,7,0.875,0.875,0.8720588235294118,0.9479166666666666,8,0,0,1,6,1,0,1,7,P15,xgb,150,"{'subsample': 0.6, 'reg_lambda': 3, 'reg_alpha': 0.1, 'min_child_weight': 1, 'max_depth': 8, 'learning_rate': 0.05, 'gamma': 0, 'colsample_bytree': 0.7, 'colsample_bylevel': 0.8, 'n_estimators': 300}",0.8812409812409813,repeated_stratified,6,1,full,combined
8,8,1.0,8,2,0.25,8,5,0.625,0.625,0.6014747779453662,0.7838541666666666,8,0,0,1,2,5,0,3,5,P15,xgb,149,"{'subsample': 0.6, 'reg_lambda': 3, 'reg_alpha': 0.1, 'min_child_weight': 1, 'max_depth': 8, 'learning_rate': 0.05, 'gamma': 0, 'colsample_bytree': 0.7, 'colsample_bylevel': 0.8, 'n_estimators': 300}",0.9050505050505052,repeated_stratified,6,2,full,combined
8,8,1.0,8,5,0.625,8,3,0.375,0.6666666666666666,0.6613756613756614,0.8645833333333334,8,0,0,0,5,3,0,5,3,P15,xgb,150,"{'subsample': 0.8, 'reg_lambda': 10, 'reg_alpha': 0, 'min_child_weight': 1, 'max_depth': 8, 'learning_rate': 0.05, 'gamma': 0, 'colsample_bytree': 0.7, 'colsample_bylevel': 0.6, 'n_estimators': 300}",0.9392736892736891,repeated_stratified,6,3,full,combined
8,8,1.0,8,7,0.875,8,3,0.375,0.75,0.7333333333333334,0.8723958333333334,8,0,0,0,7,1,0,5,3,P15,xgb,150,"{'subsample': 0.6, 'reg_lambda': 3, 'reg_alpha': 0.1, 'min_child_weight': 1, 'max_depth': 2, 'learning_rate': 0.05, 'gamma': 0, 'colsample_bytree': 0.7, 'colsample_bylevel': 0.6, 'n_estimators': 300}",0.922126022126022,repeated_stratified,6,4,full,combined
8,8,1.0,8,6,0.75,8,4,0.5,0.75,0.746031746031746,0.8307291666666666,8,0,0,0,6,2,0,4,4,P15,xgb,149,"{'subsample': 0.6, 'reg_lambda': 10, 'reg_alpha': 0.1, 'min_child_weight': 1, 'max_depth': 8, 'learning_rate': 0.03, 'gamma': 0.3, 'colsample_bytree': 0.6, 'colsample_bylevel': 0.8, 'n_estimators': 300}",0.8489658489658489,repeated_stratified,7,0,full,combined
8,8,1.0,8,2,0.25,8,7,0.875,0.7083333333333334,0.668270944741533,0.8541666666666666,8,0,0,1,2,5,0,1,7,P15,xgb,150,"{'subsample': 0.6, 'reg_lambda': 3, 'reg_alpha': 0.1, 'min_child_weight': 1, 'max_depth': 2, 'learning_rate': 0.05, 'gamma': 0, 'colsample_bytree': 0.7, 'colsample_bylevel': 0.6, 'n_estimators': 300}",0.9147186147186148,repeated_stratified,7,1,full,combined
8,8,1.0,8,3,0.375,8,4,0.5,0.625,0.6235294117647059,0.7630208333333334,8,0,0,0,3,5,0,4,4,P15,xgb,150,"{'subsample': 0.6, 'reg_lambda': 3, 'reg_alpha': 0.1, 'min_child_weight': 1, 'max_depth': 2, 'learning_rate': 0.05, 'gamma': 0, 'colsample_bytree': 0.7, 'colsample_bylevel': 0.6, 'n_estimators': 300}",0.8967291967291967,repeated_stratified,7,2,full,combined
8,8,1.0,8,5,0.625,8,5,0.625,0.75,0.75,0.9244791666666666,8,0,0,0,5,3,0,3,5,P15,xgb,149,"{'subsample': 0.8, 'reg_lambda': 10, 'reg_alpha': 0.1, 'min_child_weight': 1, 'max_depth': 16, 'learning_rate': 0.01, 'gamma': 0.1, 'colsample_bytree': 0.6, 'colsample_bylevel': 0.6, 'n_estimators': 300}",0.9083453583453583,repeated_stratified,7,3,full,combined
8,8,1.0,8,6,0.75,8,7,0.875,0.875,0.8720588235294118,0.9661458333333334,8,0,0,1,6,1,0,1,7,P15,xgb,122,"{'subsample': 1.0, 'reg_lambda': 5, 'reg_alpha': 0.5, 'min_child_weight': 1, 'max_depth': 4, 'learning_rate': 0.03, 'gamma': 0, 'colsample_bytree': 0.6, 'colsample_bylevel': 0.8, 'n_estimators': 300}",0.8953583453583454,repeated_stratified,7,4,full,combined
8,8,1.0,8,6,0.75,8,6,0.75,0.8333333333333334,0.8333333333333334,0.953125,8,0,0,0,6,2,0,2,6,P15,xgb,150,"{'subsample': 0.6, 'reg_lambda': 1, 'reg_alpha': 0, 'min_child_weight': 1, 'max_depth': 2, 'learning_rate': 0.03, 'gamma': 0, 'colsample_bytree': 0.6, 'colsample_bylevel': 0.6, 'n_estimators': 300}",0.8836700336700337,repeated_stratified,8,0,full,combined
8,8,1.0,8,7,0.875,8,5,0.625,0.8333333333333334,0.8293950058655941,0.953125,8,0,0,1,7,0,0,3,5,P15,xgb,149,"{'subsample': 0.6, 'reg_lambda': 1, 'reg_alpha': 0, 'min_child_weight': 1, 'max_depth': 2, 'learning_rate': 0.03, 'gamma': 0, 'colsample_bytree': 0.6, 'colsample_bylevel': 0.6, 'n_estimators': 300}",0.9286916786916788,repeated_stratified,8,1,full,combined
8,8,1.0,8,6,0.75,8,6,0.75,0.8333333333333334,0.8333333333333334,0.96875,8,0,0,0,6,2,0,2,6,P15,xgb,150,"{'subsample': 0.6, 'reg_lambda': 1, 'reg_alpha': 0, 'min_child_weight': 1, 'max_depth': 2, 'learning_rate': 0.03, 'gamma': 0, 'colsample_bytree': 0.6, 'colsample_bylevel': 0.6, 'n_estimators': 300}",0.9283549783549784,repeated_stratified,8,2,full,combined
8,8,1.0,8,5,0.625,8,3,0.375,0.6666666666666666,0.6613756613756614,0.8697916666666666,8,0,0,0,5,3,0,5,3,P15,xgb,150,"{'subsample': 1.0, 'reg_lambda': 5, 'reg_alpha': 0.5, 'min_child_weight': 1, 'max_depth': 4, 'learning_rate': 0.03, 'gamma': 0, 'colsample_bytree': 0.6, 'colsample_bylevel': 0.8, 'n_estimators': 300}",0.8937710437710438,repeated_stratified,8,3,full,combined
8,8,1.0,8,3,0.375,8,5,0.625,0.6666666666666666,0.6527568292274174,0.875,8,0,0,0,3,5,1,2,5,P15,xgb,140,"{'subsample': 1.0, 'reg_lambda': 5, 'reg_alpha': 0.1, 'min_child_weight': 1, 'max_depth': 8, 'learning_rate': 0.03, 'gamma': 0.1, 'colsample_bytree': 0.7, 'colsample_bylevel': 0.8, 'n_estimators': 300}",0.914886964886965,repeated_stratified,8,4,full,combined
8,8,1.0,8,7,0.875,8,2,0.25,0.7083333333333334,0.6767676767676768,0.9036458333333334,8,0,0,0,7,1,0,6,2,P15,xgb,150,"{'subsample': 0.6, 'reg_lambda': 3, 'reg_alpha': 0.1, 'min_child_weight': 1, 'max_depth': 8, 'learning_rate': 0.05, 'gamma': 0, 'colsample_bytree': 0.7, 'colsample_bylevel': 0.8, 'n_estimators': 300}",0.9567580567580568,repeated_stratified,9,0,full,combined
8,8,1.0,8,5,0.625,8,6,0.75,0.7916666666666666,0.7908496732026143,0.8984375,8,0,0,0,5,3,0,2,6,P15,xgb,150,"{'subsample': 0.6, 'reg_lambda': 1, 'reg_alpha': 0, 'min_child_weight': 1, 'max_depth': 2, 'learning_rate': 0.03, 'gamma': 0, 'colsample_bytree': 0.6, 'colsample_bylevel': 0.6, 'n_estimators': 300}",0.9386724386724388,repeated_stratified,9,1,full,combined
8,8,1.0,8,5,0.625,8,5,0.625,0.75,0.75,0.8723958333333334,8,0,0,0,5,3,0,3,5,P15,xgb,150,"{'subsample': 0.8, 'reg_lambda': 10, 'reg_alpha': 0, 'min_child_weight': 1, 'max_depth': 8, 'learning_rate': 0.05, 'gamma': 0, 'colsample_bytree': 0.7, 'colsample_bylevel': 0.6, 'n_estimators': 300}",0.9012506012506012,repeated_stratified,9,2,full,combined
8,8,1.0,8,2,0.25,8,5,0.625,0.625,0.611336032388664,0.8932291666666666,8,0,0,0,2,6,0,3,5,P15,xgb,150,"{'subsample': 0.8, 'reg_lambda': 10, 'reg_alpha': 0, 'min_child_weight': 1, 'max_depth': 4, 'learning_rate': 0.03, 'gamma': 0, 'colsample_bytree': 0.6, 'colsample_bylevel': 0.8, 'n_estimators': 300}",0.8722703222703222,repeated_stratified,9,3,full,combined
8,8,1.0,8,3,0.375,8,5,0.625,0.6666666666666666,0.6526610644257703,0.8776041666666666,8,0,0,1,3,4,0,3,5,P15,xgb,127,"{'subsample': 0.8, 'reg_lambda': 1, 'reg_alpha': 0.1, 'min_child_weight': 1, 'max_depth': 4, 'learning_rate': 0.05, 'gamma': 0.5, 'colsample_bytree': 0.7, 'colsample_bylevel': 0.6, 'n_estimators': 300}",0.9274651274651275,repeated_stratified,9,4,full,combined
8,8,1.0,8,7,0.875,8,6,0.75,0.875,0.8745098039215686,0.9348958333333334,8,0,0,0,7,1,0,2,6,P16,xgb,138,"{'subsample': 0.6, 'reg_lambda': 1, 'reg_alpha': 0, 'min_child_weight': 1, 'max_depth': 2, 'learning_rate': 0.03, 'gamma': 0, 'colsample_bytree': 0.6, 'colsample_bylevel': 0.6, 'n_estimators': 300}",0.9922077922077924,repeated_stratified,0,0,full,combined
8,8,1.0,8,6,0.75,8,6,0.75,0.8333333333333334,0.8333333333333334,0.9661458333333334,8,0,0,0,6,2,0,2,6,P16,xgb,145,"{'subsample': 0.6, 'reg_lambda': 1, 'reg_alpha': 0, 'min_child_weight': 1, 'max_depth': 2, 'learning_rate': 0.03, 'gamma': 0, 'colsample_bytree': 0.6, 'colsample_bylevel': 0.6, 'n_estimators': 300}",0.988143338143338,repeated_stratified,0,1,full,combined
8,8,1.0,8,6,0.75,8,6,0.75,0.8333333333333334,0.8333333333333334,0.9453125,8,0,0,0,6,2,0,2,6,P16,xgb,146,"{'subsample': 0.6, 'reg_lambda': 1, 'reg_alpha': 0, 'min_child_weight': 1, 'max_depth': 2, 'learning_rate': 0.03, 'gamma': 0, 'colsample_bytree': 0.6, 'colsample_bylevel': 0.6, 'n_estimators': 300}",0.9789081289081288,repeated_stratified,0,2,full,combined
8,8,1.0,8,7,0.875,8,8,1.0,0.9583333333333334,0.9581699346405228,0.9921875,8,0,0,0,7,1,0,0,8,P16,xgb,145,"{'subsample': 0.6, 'reg_lambda': 1, 'reg_alpha': 0, 'min_child_weight': 1, 'max_depth': 2, 'learning_rate': 0.03, 'gamma': 0, 'colsample_bytree': 0.6, 'colsample_bylevel': 0.6, 'n_estimators': 300}",0.9696248196248196,repeated_stratified,0,3,full,combined
8,7,0.875,8,5,0.625,8,4,0.5,0.6666666666666666,0.674074074074074,0.8932291666666666,7,1,0,0,5,3,0,4,4,P16,xgb,143,"{'subsample': 0.6, 'reg_lambda': 1, 'reg_alpha': 0, 'min_child_weight': 1, 'max_depth': 2, 'learning_rate': 0.03, 'gamma': 0, 'colsample_bytree': 0.6, 'colsample_bylevel': 0.6, 'n_estimators': 300}",0.9729677729677728,repeated_stratified,0,4,full,combined
8,8,1.0,8,7,0.875,8,7,0.875,0.9166666666666666,0.9166666666666666,0.9869791666666666,8,0,0,0,7,1,0,1,7,P16,xgb,143,"{'subsample': 0.6, 'reg_lambda': 10, 'reg_alpha': 0.5, 'min_child_weight': 1, 'max_depth': 2, 'learning_rate': 0.05, 'gamma': 0.1, 'colsample_bytree': 0.6, 'colsample_bylevel': 0.6, 'n_estimators': 300}",0.9765031265031264,repeated_stratified,1,0,full,combined
8,8,1.0,8,8,1.0,8,5,0.625,0.875,0.8704453441295547,0.9739583333333334,8,0,0,0,8,0,0,3,5,P16,xgb,147,"{'subsample': 0.6, 'reg_lambda': 1, 'reg_alpha': 0, 'min_child_weight': 1, 'max_depth': 2, 'learning_rate': 0.03, 'gamma': 0, 'colsample_bytree': 0.6, 'colsample_bylevel': 0.6, 'n_estimators': 300}",0.9867965367965368,repeated_stratified,1,1,full,combined
8,8,1.0,8,6,0.75,8,7,0.875,0.875,0.8745098039215686,0.9427083333333334,8,0,0,0,6,2,0,1,7,P16,xgb,143,"{'subsample': 0.6, 'reg_lambda': 1, 'reg_alpha': 0, 'min_child_weight': 1, 'max_depth': 2, 'learning_rate': 0.03, 'gamma': 0, 'colsample_bytree': 0.6, 'colsample_bylevel': 0.6, 'n_estimators': 300}",0.9683261183261184,repeated_stratified,1,2,full,combined
8,8,1.0,8,6,0.75,8,6,0.75,0.8333333333333334,0.8303921568627451,0.9427083333333334,8,0,0,1,6,1,0,2,6,P16,xgb,146,"{'subsample': 0.6, 'reg_lambda': 1, 'reg_alpha': 0, 'min_child_weight': 1, 'max_depth': 2, 'learning_rate': 0.03, 'gamma': 0, 'colsample_bytree': 0.6, 'colsample_bylevel': 0.6, 'n_estimators': 300}",0.9906685906685908,repeated_stratified,1,3,full,combined
8,8,1.0,8,6,0.75,8,7,0.875,0.875,0.8720588235294118,0.9557291666666666,8,0,0,1,6,1,0,1,7,P16,xgb,146,"{'subsample': 0.6, 'reg_lambda': 1, 'reg_alpha': 0, 'min_child_weight': 1, 'max_depth': 2, 'learning_rate': 0.03, 'gamma': 0, 'colsample_bytree': 0.6, 'colsample_bylevel': 0.6, 'n_estimators': 300}",0.9814093314093314,repeated_stratified,1,4,full,combined
8,8,1.0,8,5,0.625,8,6,0.75,0.7916666666666666,0.7908496732026143,0.9375,8,0,0,0,5,3,0,2,6,P16,xgb,144,"{'subsample': 0.6, 'reg_lambda': 1, 'reg_alpha': 0, 'min_child_weight': 1, 'max_depth': 2, 'learning_rate': 0.03, 'gamma': 0, 'colsample_bytree': 0.6, 'colsample_bylevel': 0.6, 'n_estimators': 300}",0.9916305916305916,repeated_stratified,2,0,full,combined
8,7,0.875,8,6,0.75,8,6,0.75,0.7916666666666666,0.7936274509803921,0.9088541666666666,7,1,0,1,6,1,0,2,6,P16,xgb,143,"{'subsample': 0.8, 'reg_lambda': 10, 'reg_alpha': 0, 'min_child_weight': 1, 'max_depth': 8, 'learning_rate': 0.05, 'gamma': 0, 'colsample_bytree': 0.7, 'colsample_bylevel': 0.6, 'n_estimators': 300}",0.999013949013949,repeated_stratified,2,1,full,combined
8,8,1.0,8,7,0.875,8,6,0.75,0.875,0.8745098039215686,0.9479166666666666,8,0,0,0,7,1,0,2,6,P16,xgb,148,"{'subsample': 0.6, 'reg_lambda': 1, 'reg_alpha': 0, 'min_child_weight': 1, 'max_depth': 2, 'learning_rate': 0.03, 'gamma': 0, 'colsample_bytree': 0.6, 'colsample_bylevel': 0.6, 'n_estimators': 300}",0.9411976911976913,repeated_stratified,2,2,full,combined
8,8,1.0,8,7,0.875,8,6,0.75,0.875,0.8745098039215686,0.9557291666666666,8,0,0,0,7,1,0,2,6,P16,xgb,150,"{'subsample': 0.8, 'reg_lambda': 10, 'reg_alpha': 0, 'min_child_weight': 1, 'max_depth': 8, 'learning_rate': 0.05, 'gamma': 0, 'colsample_bytree': 0.7, 'colsample_bylevel': 0.6, 'n_estimators': 300}",0.9829725829725828,repeated_stratified,2,3,full,combined
8,7,0.875,8,8,1.0,8,6,0.75,0.875,0.8775271512113617,0.953125,7,1,0,0,8,0,0,2,6,P16,xgb,144,"{'subsample': 0.6, 'reg_lambda': 5, 'reg_alpha': 0.5, 'min_child_weight': 1, 'max_depth': 8, 'learning_rate': 0.03, 'gamma': 0.3, 'colsample_bytree': 0.6, 'colsample_bylevel': 0.6, 'n_estimators': 300}",0.9931457431457432,repeated_stratified,2,4,full,combined
8,8,1.0,8,6,0.75,8,6,0.75,0.8333333333333334,0.8303921568627451,0.9088541666666666,8,0,0,1,6,1,0,2,6,P16,xgb,146,"{'subsample': 0.6, 'reg_lambda': 1, 'reg_alpha': 0, 'min_child_weight': 1, 'max_depth': 2, 'learning_rate': 0.03, 'gamma': 0, 'colsample_bytree': 0.6, 'colsample_bylevel': 0.6, 'n_estimators': 300}",0.9901875901875902,repeated_stratified,3,0,full,combined
8,8,1.0,8,3,0.375,8,5,0.625,0.6666666666666666,0.6613756613756614,0.8828125,8,0,0,0,3,5,0,3,5,P16,xgb,147,"{'subsample': 0.6, 'reg_lambda': 1, 'reg_alpha': 0, 'min_child_weight': 1, 'max_depth': 2, 'learning_rate': 0.03, 'gamma': 0, 'colsample_bytree': 0.6, 'colsample_bylevel': 0.6, 'n_estimators': 300}",0.9906926406926408,repeated_stratified,3,1,full,combined
8,8,1.0,8,8,1.0,8,7,0.875,0.9583333333333334,0.9581699346405228,0.9895833333333334,8,0,0,0,8,0,0,1,7,P16,xgb,150,"{'subsample': 0.6, 'reg_lambda': 3, 'reg_alpha': 0.1, 'min_child_weight': 1, 'max_depth': 8, 'learning_rate': 0.05, 'gamma': 0, 'colsample_bytree': 0.7, 'colsample_bylevel': 0.8, 'n_estimators': 300}",0.9733525733525732,repeated_stratified,3,2,full,combined
8,8,1.0,8,7,0.875,8,5,0.625,0.8333333333333334,0.8306878306878307,0.9453125,8,0,0,0,7,1,0,3,5,P16,xgb,144,"{'subsample': 0.6, 'reg_lambda': 1, 'reg_alpha': 0, 'min_child_weight': 1, 'max_depth': 2, 'learning_rate': 0.03, 'gamma': 0, 'colsample_bytree': 0.6, 'colsample_bylevel': 0.6, 'n_estimators': 300}",0.9815536315536316,repeated_stratified,3,3,full,combined
8,8,1.0,8,6,0.75,8,5,0.625,0.7916666666666666,0.7908496732026143,0.8984375,8,0,0,0,6,2,0,3,5,P16,xgb,146,"{'subsample': 0.6, 'reg_lambda': 3, 'reg_alpha': 0.1, 'min_child_weight': 1, 'max_depth': 2, 'learning_rate': 0.05, 'gamma': 0, 'colsample_bytree': 0.7, 'colsample_bylevel': 0.6, 'n_estimators': 300}",0.98001443001443,repeated_stratified,3,4,full,combined
8,8,1.0,8,7,0.875,8,8,1.0,0.9583333333333334,0.9581699346405228,0.9947916666666666,8,0,0,0,7,1,0,0,8,P16,xgb,144,"{'subsample': 0.6, 'reg_lambda': 1, 'reg_alpha': 0, 'min_child_weight': 1, 'max_depth': 2, 'learning_rate': 0.03, 'gamma': 0, 'colsample_bytree': 0.6, 'colsample_bylevel': 0.6, 'n_estimators': 300}",0.9825637325637326,repeated_stratified,4,0,full,combined
8,8,1.0,8,7,0.875,8,6,0.75,0.875,0.8745098039215686,0.9479166666666666,8,0,0,0,7,1,0,2,6,P16,xgb,146,"{'subsample': 0.6, 'reg_lambda': 3, 'reg_alpha': 0.1, 'min_child_weight': 1, 'max_depth': 8, 'learning_rate': 0.05, 'gamma': 0, 'colsample_bytree': 0.7, 'colsample_bylevel': 0.8, 'n_estimators': 300}",0.9822991822991824,repeated_stratified,4,1,full,combined
8,8,1.0,8,7,0.875,8,7,0.875,0.9166666666666666,0.9166666666666666,0.96875,8,0,0,0,7,1,0,1,7,P16,xgb,146,"{'subsample': 0.6, 'reg_lambda': 1, 'reg_alpha': 0, 'min_child_weight': 1, 'max_depth': 2, 'learning_rate': 0.03, 'gamma': 0, 'colsample_bytree': 0.6, 'colsample_bylevel': 0.6, 'n_estimators': 300}",0.9810004810004812,repeated_stratified,4,2,full,combined
8,8,1.0,8,5,0.625,8,7,0.875,0.8333333333333334,0.8306878306878307,0.9505208333333334,8,0,0,0,5,3,0,1,7,P16,xgb,145,"{'subsample': 0.6, 'reg_lambda': 10, 'reg_alpha': 0.5, 'min_child_weight': 1, 'max_depth': 2, 'learning_rate': 0.05, 'gamma': 0.1, 'colsample_bytree': 0.6, 'colsample_bylevel': 0.6, 'n_estimators': 300}",0.975036075036075,repeated_stratified,4,3,full,combined
8,8,1.0,8,7,0.875,8,6,0.75,0.875,0.8745098039215686,0.953125,8,0,0,0,7,1,0,2,6,P16,xgb,149,"{'subsample': 0.6, 'reg_lambda': 1, 'reg_alpha': 0, 'min_child_weight': 1, 'max_depth': 2, 'learning_rate': 0.03, 'gamma': 0, 'colsample_bytree': 0.6, 'colsample_bylevel': 0.6, 'n_estimators': 300}",0.9764309764309764,repeated_stratified,4,4,full,combined
8,8,1.0,8,6,0.75,8,6,0.75,0.8333333333333334,0.8333333333333334,0.9479166666666666,8,0,0,0,6,2,0,2,6,P16,xgb,145,"{'subsample': 0.6, 'reg_lambda': 5, 'reg_alpha': 0.5, 'min_child_weight': 1, 'max_depth': 8, 'learning_rate': 0.03, 'gamma': 0.3, 'colsample_bytree': 0.6, 'colsample_bylevel': 0.6, 'n_estimators': 300}",0.9865079365079366,repeated_stratified,5,0,full,combined
8,8,1.0,8,4,0.5,8,4,0.5,0.6666666666666666,0.6666666666666666,0.8723958333333334,8,0,0,0,4,4,0,4,4,P16,xgb,144,"{'subsample': 0.6, 'reg_lambda': 1, 'reg_alpha': 0, 'min_child_weight': 1, 'max_depth': 2, 'learning_rate': 0.03, 'gamma': 0, 'colsample_bytree': 0.6, 'colsample_bylevel': 0.6, 'n_estimators': 300}",0.9773929773929774,repeated_stratified,5,1,full,combined
8,8,1.0,8,8,1.0,8,7,0.875,0.9583333333333334,0.9581699346405228,1.0,8,0,0,0,8,0,0,1,7,P16,xgb,145,"{'subsample': 0.6, 'reg_lambda': 1, 'reg_alpha': 0, 'min_child_weight': 1, 'max_depth': 2, 'learning_rate': 0.03, 'gamma': 0, 'colsample_bytree': 0.6, 'colsample_bylevel': 0.6, 'n_estimators': 300}",0.9867724867724867,repeated_stratified,5,2,full,combined
8,7,0.875,8,3,0.375,8,6,0.75,0.6666666666666666,0.6644945697577277,0.8828125,7,1,0,0,3,5,0,2,6,P16,xgb,148,"{'subsample': 0.6, 'reg_lambda': 1, 'reg_alpha': 0, 'min_child_weight': 1, 'max_depth': 2, 'learning_rate': 0.03, 'gamma': 0, 'colsample_bytree': 0.6, 'colsample_bylevel': 0.6, 'n_estimators': 300}",0.9645262145262145,repeated_stratified,5,3,full,combined
8,8,1.0,8,7,0.875,8,7,0.875,0.9166666666666666,0.9166666666666666,0.9635416666666666,8,0,0,0,7,1,0,1,7,P16,xgb,147,"{'subsample': 0.6, 'reg_lambda': 1, 'reg_alpha': 0, 'min_child_weight': 1, 'max_depth': 2, 'learning_rate': 0.03, 'gamma': 0, 'colsample_bytree': 0.6, 'colsample_bylevel': 0.6, 'n_estimators': 300}",0.98977873977874,repeated_stratified,5,4,full,combined
8,8,1.0,8,6,0.75,8,6,0.75,0.8333333333333334,0.8333333333333334,0.9244791666666666,8,0,0,0,6,2,0,2,6,P16,xgb,117,"{'subsample': 0.8, 'reg_lambda': 1, 'reg_alpha': 0.1, 'min_child_weight': 1, 'max_depth': 4, 'learning_rate': 0.05, 'gamma': 0.5, 'colsample_bytree': 0.7, 'colsample_bylevel': 0.6, 'n_estimators': 300}",0.978860028860029,repeated_stratified,6,0,full,combined
8,8,1.0,8,8,1.0,8,8,1.0,1.0,1.0,1.0,8,0,0,0,8,0,0,0,8,P16,xgb,149,"{'subsample': 0.6, 'reg_lambda': 1, 'reg_alpha': 0, 'min_child_weight': 1, 'max_depth': 2, 'learning_rate': 0.03, 'gamma': 0, 'colsample_bytree': 0.6, 'colsample_bylevel': 0.6, 'n_estimators': 300}",0.9818422318422318,repeated_stratified,6,1,full,combined
8,8,1.0,8,8,1.0,8,6,0.75,0.9166666666666666,0.9153439153439152,0.9817708333333334,8,0,0,0,8,0,0,2,6,P16,xgb,145,"{'subsample': 0.6, 'reg_lambda': 1, 'reg_alpha': 0, 'min_child_weight': 1, 'max_depth': 2, 'learning_rate': 0.03, 'gamma': 0, 'colsample_bytree': 0.6, 'colsample_bylevel': 0.6, 'n_estimators': 300}",0.9740500240500242,repeated_stratified,6,2,full,combined
8,8,1.0,8,7,0.875,8,5,0.625,0.8333333333333334,0.8306878306878307,0.9270833333333334,8,0,0,0,7,1,0,3,5,P16,xgb,150,"{'subsample': 0.8, 'reg_lambda': 5, 'reg_alpha': 0.1, 'min_child_weight': 1, 'max_depth': 8, 'learning_rate': 0.03, 'gamma': 0, 'colsample_bytree': 0.6, 'colsample_bylevel': 0.6, 'n_estimators': 300}",0.9637085137085136,repeated_stratified,6,3,full,combined
8,8,1.0,8,6,0.75,8,7,0.875,0.875,0.8720588235294118,0.9427083333333334,8,0,0,1,6,1,0,1,7,P16,xgb,140,"{'subsample': 0.6, 'reg_lambda': 1, 'reg_alpha': 0, 'min_child_weight': 1, 'max_depth': 2, 'learning_rate': 0.03, 'gamma': 0, 'colsample_bytree': 0.6, 'colsample_bylevel': 0.6, 'n_estimators': 300}",0.99013949013949,repeated_stratified,6,4,full,combined
8,8,1.0,8,6,0.75,8,5,0.625,0.7916666666666666,0.7908496732026143,0.9192708333333334,8,0,0,0,6,2,0,3,5,P16,xgb,148,"{'subsample': 0.6, 'reg_lambda': 3, 'reg_alpha': 0.1, 'min_child_weight': 1, 'max_depth': 8, 'learning_rate': 0.05, 'gamma': 0, 'colsample_bytree': 0.7, 'colsample_bylevel': 0.8, 'n_estimators': 300}",0.9714526214526216,repeated_stratified,7,0,full,combined
8,8,1.0,8,5,0.625,8,6,0.75,0.7916666666666666,0.7908496732026143,0.9270833333333334,8,0,0,0,5,3,0,2,6,P16,xgb,146,"{'subsample': 0.6, 'reg_lambda': 1, 'reg_alpha': 0, 'min_child_weight': 1, 'max_depth': 2, 'learning_rate': 0.03, 'gamma': 0, 'colsample_bytree': 0.6, 'colsample_bylevel': 0.6, 'n_estimators': 300}",0.9702260702260702,repeated_stratified,7,1,full,combined
8,8,1.0,8,8,1.0,8,7,0.875,0.9583333333333334,0.9581699346405228,0.9869791666666666,8,0,0,0,8,0,0,1,7,P16,xgb,146,"{'subsample': 0.6, 'reg_lambda': 1, 'reg_alpha': 0, 'min_child_weight': 1, 'max_depth': 2, 'learning_rate': 0.03, 'gamma': 0, 'colsample_bytree': 0.6, 'colsample_bylevel': 0.6, 'n_estimators': 300}",0.9927368927368928,repeated_stratified,7,2,full,combined
8,8,1.0,8,6,0.75,8,6,0.75,0.8333333333333334,0.8333333333333334,0.953125,8,0,0,0,6,2,0,2,6,P16,xgb,145,"{'subsample': 0.6, 'reg_lambda': 3, 'reg_alpha': 0.1, 'min_child_weight': 1, 'max_depth': 8, 'learning_rate': 0.05, 'gamma': 0, 'colsample_bytree': 0.7, 'colsample_bylevel': 0.8, 'n_estimators': 300}",0.98003848003848,repeated_stratified,7,3,full,combined
8,8,1.0,8,5,0.625,8,6,0.75,0.7916666666666666,0.7908496732026143,0.9244791666666666,8,0,0,0,5,3,0,2,6,P16,xgb,150,"{'subsample': 0.6, 'reg_lambda': 1, 'reg_alpha': 0, 'min_child_weight': 1, 'max_depth': 2, 'learning_rate': 0.03, 'gamma': 0, 'colsample_bytree': 0.6, 'colsample_bylevel': 0.6, 'n_estimators': 300}",0.9725108225108224,repeated_stratified,7,4,full,combined
8,8,1.0,8,8,1.0,8,6,0.75,0.9166666666666666,0.9153439153439152,0.9947916666666666,8,0,0,0,8,0,0,2,6,P16,xgb,147,"{'subsample': 0.6, 'reg_lambda': 3, 'reg_alpha': 0.1, 'min_child_weight': 1, 'max_depth': 2, 'learning_rate': 0.05, 'gamma': 0, 'colsample_bytree': 0.7, 'colsample_bylevel': 0.6, 'n_estimators': 300}",0.9970658970658972,repeated_stratified,8,0,full,combined
8,8,1.0,8,4,0.5,8,6,0.75,0.75,0.746031746031746,0.9296875,8,0,0,0,4,4,0,2,6,P16,xgb,145,"{'subsample': 0.6, 'reg_lambda': 1, 'reg_alpha': 0, 'min_child_weight': 1, 'max_depth': 2, 'learning_rate': 0.03, 'gamma': 0, 'colsample_bytree': 0.6, 'colsample_bylevel': 0.6, 'n_estimators': 300}",0.9731120731120732,repeated_stratified,8,1,full,combined
8,8,1.0,8,7,0.875,8,5,0.625,0.8333333333333334,0.8306878306878307,0.953125,8,0,0,0,7,1,0,3,5,P16,xgb,147,"{'subsample': 0.6, 'reg_lambda': 1, 'reg_alpha': 0, 'min_child_weight': 1, 'max_depth': 2, 'learning_rate': 0.03, 'gamma': 0, 'colsample_bytree': 0.6, 'colsample_bylevel': 0.6, 'n_estimators': 300}",0.98006253006253,repeated_stratified,8,2,full,combined
8,8,1.0,8,7,0.875,8,7,0.875,0.9166666666666666,0.9165032679738562,0.9557291666666666,8,0,0,1,7,0,0,1,7,P16,xgb,138,"{'subsample': 0.6, 'reg_lambda': 3, 'reg_alpha': 0.1, 'min_child_weight': 1, 'max_depth': 8, 'learning_rate': 0.05, 'gamma': 0, 'colsample_bytree': 0.7, 'colsample_bylevel': 0.8, 'n_estimators': 300}",0.9916546416546416,repeated_stratified,8,3,full,combined
8,8,1.0,8,5,0.625,8,8,1.0,0.875,0.8704453441295547,0.9661458333333334,8,0,0,0,5,3,0,0,8,P16,xgb,141,"{'subsample': 0.6, 'reg_lambda': 1, 'reg_alpha': 0, 'min_child_weight': 1, 'max_depth': 2, 'learning_rate': 0.03, 'gamma': 0, 'colsample_bytree': 0.6, 'colsample_bylevel': 0.6, 'n_estimators': 300}",0.9842712842712844,repeated_stratified,8,4,full,combined
8,7,0.875,8,5,0.625,8,7,0.875,0.7916666666666666,0.7925925925925926,0.9635416666666666,7,1,0,0,5,3,0,1,7,P16,xgb,143,"{'subsample': 0.6, 'reg_lambda': 5, 'reg_alpha': 0, 'min_child_weight': 1, 'max_depth': 2, 'learning_rate': 0.01, 'gamma': 0.3, 'colsample_bytree': 0.7, 'colsample_bylevel': 0.6, 'n_estimators': 300}",0.9780904280904282,repeated_stratified,9,0,full,combined
8,8,1.0,8,7,0.875,8,7,0.875,0.9166666666666666,0.9166666666666666,0.9947916666666666,8,0,0,0,7,1,0,1,7,P16,xgb,146,"{'subsample': 0.6, 'reg_lambda': 1, 'reg_alpha': 0, 'min_child_weight': 1, 'max_depth': 2, 'learning_rate': 0.03, 'gamma': 0, 'colsample_bytree': 0.6, 'colsample_bylevel': 0.6, 'n_estimators': 300}",0.988143338143338,repeated_stratified,9,1,full,combined
8,8,1.0,8,6,0.75,8,8,1.0,0.9166666666666666,0.9153439153439152,0.9713541666666666,8,0,0,0,6,2,0,0,8,P16,xgb,144,"{'subsample': 0.6, 'reg_lambda': 1, 'reg_alpha': 0, 'min_child_weight': 1, 'max_depth': 2, 'learning_rate': 0.03, 'gamma': 0, 'colsample_bytree': 0.6, 'colsample_bylevel': 0.6, 'n_estimators': 300}",0.9729918229918232,repeated_stratified,9,2,full,combined
8,8,1.0,8,8,1.0,8,5,0.625,0.875,0.8704453441295547,0.984375,8,0,0,0,8,0,0,3,5,P16,xgb,124,"{'subsample': 0.8, 'reg_lambda': 1, 'reg_alpha': 0.5, 'min_child_weight': 1, 'max_depth': 2, 'learning_rate': 0.01, 'gamma': 0.1, 'colsample_bytree': 0.7, 'colsample_bylevel': 0.6, 'n_estimators': 300}",0.9935786435786436,repeated_stratified,9,3,full,combined
8,8,1.0,8,6,0.75,8,5,0.625,0.7916666666666666,0.7908496732026143,0.9401041666666666,8,0,0,0,6,2,0,3,5,P16,xgb,142,"{'subsample': 0.6, 'reg_lambda': 1, 'reg_alpha': 0, 'min_child_weight': 1, 'max_depth': 2, 'learning_rate': 0.03, 'gamma': 0, 'colsample_bytree': 0.6, 'colsample_bylevel': 0.6, 'n_estimators': 300}",0.9756132756132756,repeated_stratified,9,4,full,combined
8,8,1.0,8,3,0.375,8,3,0.375,0.5833333333333334,0.5720588235294118,0.8046875,8,0,0,1,3,4,0,5,3,P17,xgb,149,"{'subsample': 0.6, 'reg_lambda': 3, 'reg_alpha': 0.1, 'min_child_weight': 1, 'max_depth': 2, 'learning_rate': 0.05, 'gamma': 0, 'colsample_bytree': 0.7, 'colsample_bylevel': 0.6, 'n_estimators': 300}",0.8776815776815777,repeated_stratified,0,0,full,combined
8,8,1.0,8,1,0.125,8,6,0.75,0.625,0.5844155844155844,0.8151041666666666,8,0,0,0,1,7,0,2,6,P17,xgb,148,"{'subsample': 0.6, 'reg_lambda': 3, 'reg_alpha': 0.1, 'min_child_weight': 1, 'max_depth': 2, 'learning_rate': 0.05, 'gamma': 0, 'colsample_bytree': 0.7, 'colsample_bylevel': 0.6, 'n_estimators': 300}",0.8744829244829245,repeated_stratified,0,1,full,combined
8,7,0.875,8,2,0.25,8,3,0.375,0.5,0.4911764705882353,0.7161458333333334,7,1,0,2,2,4,0,5,3,P17,xgb,150,"{'subsample': 0.6, 'reg_lambda': 1, 'reg_alpha': 0, 'min_child_weight': 1, 'max_depth': 2, 'learning_rate': 0.03, 'gamma': 0, 'colsample_bytree': 0.6, 'colsample_bylevel': 0.6, 'n_estimators': 300}",0.9231361231361233,repeated_stratified,0,2,full,combined
8,8,1.0,8,0,0.0,8,5,0.625,0.5416666666666666,0.4724556489262371,0.7864583333333334,8,0,0,0,0,8,1,2,5,P17,xgb,150,"{'subsample': 0.6, 'reg_lambda': 5, 'reg_alpha': 0, 'min_child_weight': 1, 'max_depth': 2, 'learning_rate': 0.01, 'gamma': 0.3, 'colsample_bytree': 0.7, 'colsample_bylevel': 0.6, 'n_estimators': 300}",0.8744829244829245,repeated_stratified,0,3,full,combined
8,7,0.875,8,3,0.375,8,4,0.5,0.5833333333333334,0.5745098039215687,0.8619791666666666,7,1,0,1,3,4,1,3,4,P17,xgb,149,"{'subsample': 0.6, 'reg_lambda': 1, 'reg_alpha': 0, 'min_child_weight': 1, 'max_depth': 2, 'learning_rate': 0.03, 'gamma': 0, 'colsample_bytree': 0.6, 'colsample_bylevel': 0.6, 'n_estimators': 300}",0.9328042328042327,repeated_stratified,0,4,full,combined
8,8,1.0,8,3,0.375,8,5,0.625,0.6666666666666666,0.6526610644257703,0.796875,8,0,0,1,3,4,0,3,5,P17,xgb,150,"{'subsample': 0.6, 'reg_lambda': 10, 'reg_alpha': 0.5, 'min_child_weight': 1, 'max_depth': 2, 'learning_rate': 0.05, 'gamma': 0.1, 'colsample_bytree': 0.6, 'colsample_bylevel': 0.6, 'n_estimators': 300}",0.9302549302549302,repeated_stratified,1,0,full,combined
8,8,1.0,8,4,0.5,8,4,0.5,0.6666666666666666,0.6581699346405229,0.890625,8,0,0,1,4,3,0,4,4,P17,xgb,150,"{'subsample': 0.6, 'reg_lambda': 1, 'reg_alpha': 0, 'min_child_weight': 1, 'max_depth': 2, 'learning_rate': 0.03, 'gamma': 0, 'colsample_bytree': 0.6, 'colsample_bylevel': 0.6, 'n_estimators': 300}",0.9250120250120252,repeated_stratified,1,1,full,combined
8,7,0.875,8,6,0.75,8,4,0.5,0.7083333333333334,0.7121136173767754,0.8984375,7,1,0,0,6,2,0,4,4,P17,xgb,150,"{'subsample': 0.6, 'reg_lambda': 3, 'reg_alpha': 0.1, 'min_child_weight': 1, 'max_depth': 2, 'learning_rate': 0.05, 'gamma': 0, 'colsample_bytree': 0.7, 'colsample_bylevel': 0.6, 'n_estimators': 300}",0.8766474266474266,repeated_stratified,1,2,full,combined
8,8,1.0,8,3,0.375,8,1,0.125,0.5,0.4761186525892407,0.7213541666666666,8,0,0,1,3,4,0,7,1,P17,xgb,150,"{'subsample': 0.6, 'reg_lambda': 3, 'reg_alpha': 0.1, 'min_child_weight': 1, 'max_depth': 8, 'learning_rate': 0.05, 'gamma': 0, 'colsample_bytree': 0.7, 'colsample_bylevel': 0.8, 'n_estimators': 300}",0.8974266474266474,repeated_stratified,1,3,full,combined
8,8,1.0,8,5,0.625,8,3,0.375,0.6666666666666666,0.6527568292274175,0.8619791666666666,8,0,0,1,5,2,0,5,3,P17,xgb,149,"{'subsample': 0.6, 'reg_lambda': 1, 'reg_alpha': 0, 'min_child_weight': 1, 'max_depth': 2, 'learning_rate': 0.03, 'gamma': 0, 'colsample_bytree': 0.6, 'colsample_bylevel': 0.6, 'n_estimators': 300}",0.9101010101010102,repeated_stratified,1,4,full,combined
8,8,1.0,8,3,0.375,8,4,0.5,0.625,0.6235294117647059,0.75,8,0,0,0,3,5,0,4,4,P17,xgb,150,"{'subsample': 0.6, 'reg_lambda': 1, 'reg_alpha': 0, 'min_child_weight': 1, 'max_depth': 2, 'learning_rate': 0.03, 'gamma': 0, 'colsample_bytree': 0.6, 'colsample_bylevel': 0.6, 'n_estimators': 300}",0.88992303992304,repeated_stratified,2,0,full,combined
8,8,1.0,8,4,0.5,8,4,0.5,0.6666666666666666,0.6534391534391534,0.8098958333333334,8,0,0,2,4,2,0,4,4,P17,xgb,149,"{'subsample': 0.6, 'reg_lambda': 10, 'reg_alpha': 0.1, 'min_child_weight': 1, 'max_depth': 8, 'learning_rate': 0.03, 'gamma': 0.3, 'colsample_bytree': 0.6, 'colsample_bylevel': 0.8, 'n_estimators': 300}",0.8985569985569986,repeated_stratified,2,1,full,combined
8,8,1.0,8,5,0.625,8,6,0.75,0.7916666666666666,0.7908496732026143,0.9453125,8,0,0,0,5,3,0,2,6,P17,xgb,149,"{'subsample': 0.6, 'reg_lambda': 1, 'reg_alpha': 0, 'min_child_weight': 1, 'max_depth': 2, 'learning_rate': 0.03, 'gamma': 0, 'colsample_bytree': 0.6, 'colsample_bylevel': 0.6, 'n_estimators': 300}",0.913997113997114,repeated_stratified,2,2,full,combined
8,8,1.0,8,5,0.625,8,5,0.625,0.75,0.7407407407407406,0.8333333333333334,8,0,0,1,5,2,1,2,5,P17,xgb,149,"{'subsample': 0.6, 'reg_lambda': 3, 'reg_alpha': 0.1, 'min_child_weight': 1, 'max_depth': 2, 'learning_rate': 0.05, 'gamma': 0, 'colsample_bytree': 0.7, 'colsample_bylevel': 0.6, 'n_estimators': 300}",0.8189033189033189,repeated_stratified,2,3,full,combined
8,8,1.0,8,2,0.25,8,3,0.375,0.5416666666666666,0.5266106442577031,0.8489583333333334,8,0,0,0,2,6,1,4,3,P17,xgb,150,"{'subsample': 0.6, 'reg_lambda': 3, 'reg_alpha': 0.1, 'min_child_weight': 1, 'max_depth': 2, 'learning_rate': 0.05, 'gamma': 0, 'colsample_bytree': 0.7, 'colsample_bylevel': 0.6, 'n_estimators': 300}",0.9126022126022127,repeated_stratified,2,4,full,combined
8,7,0.875,8,7,0.875,8,3,0.375,0.7083333333333334,0.7000000000000001,0.859375,7,1,0,0,7,1,0,5,3,P17,xgb,150,"{'subsample': 0.6, 'reg_lambda': 3, 'reg_alpha': 0.1, 'min_child_weight': 1, 'max_depth': 2, 'learning_rate': 0.05, 'gamma': 0, 'colsample_bytree': 0.7, 'colsample_bylevel': 0.6, 'n_estimators': 300}",0.9142857142857144,repeated_stratified,3,0,full,combined
8,8,1.0,8,5,0.625,8,5,0.625,0.75,0.744281045751634,0.8411458333333334,8,0,0,1,5,2,0,3,5,P17,xgb,150,"{'subsample': 0.6, 'reg_lambda': 3, 'reg_alpha': 0.1, 'min_child_weight': 1, 'max_depth': 2, 'learning_rate': 0.05, 'gamma': 0, 'colsample_bytree': 0.7, 'colsample_bylevel': 0.6, 'n_estimators': 300}",0.905218855218855,repeated_stratified,3,1,full,combined
8,8,1.0,8,4,0.5,8,8,1.0,0.8333333333333334,0.8166494668042655,0.890625,8,0,0,1,4,3,0,0,8,P17,xgb,148,"{'subsample': 0.6, 'reg_lambda': 5, 'reg_alpha': 0.5, 'min_child_weight': 1, 'max_depth': 8, 'learning_rate': 0.03, 'gamma': 0.3, 'colsample_bytree': 0.6, 'colsample_bylevel': 0.6, 'n_estimators': 300}",0.8477392977392978,repeated_stratified,3,2,full,combined
8,8,1.0,8,4,0.5,8,5,0.625,0.7083333333333334,0.6951058201058201,0.8463541666666666,8,0,0,1,4,3,1,2,5,P17,xgb,150,"{'subsample': 0.6, 'reg_lambda': 1, 'reg_alpha': 0, 'min_child_weight': 1, 'max_depth': 2, 'learning_rate': 0.03, 'gamma': 0, 'colsample_bytree': 0.6, 'colsample_bylevel': 0.6, 'n_estimators': 300}",0.8753727753727754,repeated_stratified,3,3,full,combined
8,8,1.0,8,3,0.375,8,2,0.25,0.5416666666666666,0.5398692810457516,0.7526041666666666,8,0,0,0,3,5,0,6,2,P17,xgb,150,"{'subsample': 0.6, 'reg_lambda': 3, 'reg_alpha': 0.1, 'min_child_weight': 1, 'max_depth': 8, 'learning_rate': 0.05, 'gamma': 0, 'colsample_bytree': 0.7, 'colsample_bylevel': 0.8, 'n_estimators': 300}",0.9321548821548822,repeated_stratified,3,4,full,combined
8,7,0.875,8,5,0.625,8,5,0.625,0.7083333333333334,0.7155228758169935,0.8776041666666666,7,1,0,0,5,3,0,3,5,P17,xgb,148,"{'subsample': 0.6, 'reg_lambda': 3, 'reg_alpha': 0.1, 'min_child_weight': 1, 'max_depth': 2, 'learning_rate': 0.05, 'gamma': 0, 'colsample_bytree': 0.7, 'colsample_bylevel': 0.6, 'n_estimators': 300}",0.8705146705146706,repeated_stratified,4,0,full,combined
8,8,1.0,8,5,0.625,8,5,0.625,0.75,0.75,0.8359375,8,0,0,0,5,3,0,3,5,P17,xgb,149,"{'subsample': 0.6, 'reg_lambda': 1, 'reg_alpha': 0, 'min_child_weight': 1, 'max_depth': 2, 'learning_rate': 0.03, 'gamma': 0, 'colsample_bytree': 0.6, 'colsample_bylevel': 0.6, 'n_estimators': 300}",0.917917267917268,repeated_stratified,4,1,full,combined
8,8,1.0,8,5,0.625,8,8,1.0,0.875,0.8704453441295547,0.9401041666666666,8,0,0,0,5,3,0,0,8,P17,xgb,150,"{'subsample': 0.6, 'reg_lambda': 1, 'reg_alpha': 0, 'min_child_weight': 1, 'max_depth': 2, 'learning_rate': 0.03, 'gamma': 0, 'colsample_bytree': 0.6, 'colsample_bylevel': 0.6, 'n_estimators': 300}",0.8885762385762385,repeated_stratified,4,2,full,combined
8,7,0.875,8,3,0.375,8,6,0.75,0.6666666666666666,0.6644945697577277,0.875,7,1,0,0,3,5,0,2,6,P17,xgb,150,"{'subsample': 0.6, 'reg_lambda': 1, 'reg_alpha': 0, 'min_child_weight': 1, 'max_depth': 2, 'learning_rate': 0.03, 'gamma': 0, 'colsample_bytree': 0.6, 'colsample_bylevel': 0.6, 'n_estimators': 300}",0.8738816738816739,repeated_stratified,4,3,full,combined
8,8,1.0,8,4,0.5,8,3,0.375,0.625,0.6070051952404895,0.8463541666666666,8,0,0,2,4,2,0,5,3,P17,xgb,148,"{'subsample': 0.6, 'reg_lambda': 1, 'reg_alpha': 0, 'min_child_weight': 1, 'max_depth': 2, 'learning_rate': 0.03, 'gamma': 0, 'colsample_bytree': 0.6, 'colsample_bylevel': 0.6, 'n_estimators': 300}",0.8586580086580087,repeated_stratified,4,4,full,combined
8,8,1.0,8,2,0.25,8,3,0.375,0.5416666666666666,0.5276143790849673,0.7760416666666666,8,0,0,1,2,5,0,5,3,P17,xgb,150,"{'subsample': 0.6, 'reg_lambda': 3, 'reg_alpha': 0.1, 'min_child_weight': 1, 'max_depth': 2, 'learning_rate': 0.05, 'gamma': 0, 'colsample_bytree': 0.7, 'colsample_bylevel': 0.6, 'n_estimators': 300}",0.9210197210197212,repeated_stratified,5,0,full,combined
8,8,1.0,8,2,0.25,8,5,0.625,0.625,0.611336032388664,0.8255208333333334,8,0,0,0,2,6,0,3,5,P17,xgb,150,"{'subsample': 0.6, 'reg_lambda': 3, 'reg_alpha': 0.1, 'min_child_weight': 1, 'max_depth': 8, 'learning_rate': 0.05, 'gamma': 0, 'colsample_bytree': 0.7, 'colsample_bylevel': 0.8, 'n_estimators': 300}",0.9433862433862432,repeated_stratified,5,1,full,combined
8,7,0.875,8,4,0.5,8,2,0.25,0.5416666666666666,0.5252220546338193,0.7916666666666666,7,1,0,1,4,3,1,5,2,P17,xgb,148,"{'subsample': 0.6, 'reg_lambda': 3, 'reg_alpha': 0.1, 'min_child_weight': 1, 'max_depth': 2, 'learning_rate': 0.05, 'gamma': 0, 'colsample_bytree': 0.7, 'colsample_bylevel': 0.6, 'n_estimators': 300}",0.8843674843674844,repeated_stratified,5,2,full,combined
8,8,1.0,8,3,0.375,8,4,0.5,0.625,0.6074074074074073,0.7526041666666666,8,0,0,2,3,3,0,4,4,P17,xgb,150,"{'subsample': 0.6, 'reg_lambda': 1, 'reg_alpha': 0, 'min_child_weight': 1, 'max_depth': 2, 'learning_rate': 0.03, 'gamma': 0, 'colsample_bytree': 0.6, 'colsample_bylevel': 0.6, 'n_estimators': 300}",0.9211640211640212,repeated_stratified,5,3,full,combined
8,7,0.875,8,3,0.375,8,5,0.625,0.625,0.6197089947089948,0.7317708333333334,7,1,0,0,3,5,1,2,5,P17,xgb,150,"{'subsample': 0.6, 'reg_lambda': 3, 'reg_alpha': 0.1, 'min_child_weight': 1, 'max_depth': 2, 'learning_rate': 0.05, 'gamma': 0, 'colsample_bytree': 0.7, 'colsample_bylevel': 0.6, 'n_estimators': 300}",0.8873496873496873,repeated_stratified,5,4,full,combined
8,8,1.0,8,4,0.5,8,4,0.5,0.6666666666666666,0.6581699346405229,0.8177083333333334,8,0,0,0,4,4,1,3,4,P17,xgb,150,"{'subsample': 0.6, 'reg_lambda': 1, 'reg_alpha': 0, 'min_child_weight': 1, 'max_depth': 2, 'learning_rate': 0.03, 'gamma': 0, 'colsample_bytree': 0.6, 'colsample_bylevel': 0.6, 'n_estimators': 300}",0.8709235209235208,repeated_stratified,6,0,full,combined
8,7,0.875,8,3,0.375,8,5,0.625,0.625,0.6161764705882353,0.7552083333333334,7,1,0,2,3,3,0,3,5,P17,xgb,149,"{'subsample': 0.6, 'reg_lambda': 10, 'reg_alpha': 0.5, 'min_child_weight': 1, 'max_depth': 2, 'learning_rate': 0.05, 'gamma': 0.1, 'colsample_bytree': 0.6, 'colsample_bylevel': 0.6, 'n_estimators': 300}",0.916137566137566,repeated_stratified,6,1,full,combined
8,8,1.0,8,4,0.5,8,6,0.75,0.75,0.746031746031746,0.890625,8,0,0,0,4,4,0,2,6,P17,xgb,150,"{'subsample': 0.6, 'reg_lambda': 3, 'reg_alpha': 0.1, 'min_child_weight': 1, 'max_depth': 2, 'learning_rate': 0.05, 'gamma': 0, 'colsample_bytree': 0.7, 'colsample_bylevel': 0.6, 'n_estimators': 300}",0.8821067821067822,repeated_stratified,6,2,full,combined
8,8,1.0,8,4,0.5,8,4,0.5,0.6666666666666666,0.6666666666666666,0.8177083333333334,8,0,0,0,4,4,0,4,4,P17,xgb,150,"{'subsample': 0.6, 'reg_lambda': 3, 'reg_alpha': 0.1, 'min_child_weight': 1, 'max_depth': 2, 'learning_rate': 0.05, 'gamma': 0, 'colsample_bytree': 0.7, 'colsample_bylevel': 0.6, 'n_estimators': 300}",0.8664021164021164,repeated_stratified,6,3,full,combined
8,7,0.875,8,3,0.375,8,3,0.375,0.5416666666666666,0.5537581699346406,0.7916666666666666,7,1,0,0,3,5,0,5,3,P17,xgb,149,"{'subsample': 0.6, 'reg_lambda': 1, 'reg_alpha': 0, 'min_child_weight': 1, 'max_depth': 2, 'learning_rate': 0.03, 'gamma': 0, 'colsample_bytree': 0.6, 'colsample_bylevel': 0.6, 'n_estimators': 300}",0.9221260221260222,repeated_stratified,6,4,full,combined
8,8,1.0,8,3,0.375,8,5,0.625,0.6666666666666666,0.6613756613756614,0.8151041666666666,8,0,0,0,3,5,0,3,5,P17,xgb,150,"{'subsample': 0.6, 'reg_lambda': 1, 'reg_alpha': 0, 'min_child_weight': 1, 'max_depth': 2, 'learning_rate': 0.03, 'gamma': 0, 'colsample_bytree': 0.6, 'colsample_bylevel': 0.6, 'n_estimators': 300}",0.8605339105339106,repeated_stratified,7,0,full,combined
8,8,1.0,8,1,0.125,8,5,0.625,0.5833333333333334,0.5555555555555556,0.75,8,0,0,0,1,7,0,3,5,P17,xgb,150,"{'subsample': 0.6, 'reg_lambda': 1, 'reg_alpha': 0, 'min_child_weight': 1, 'max_depth': 2, 'learning_rate': 0.03, 'gamma': 0, 'colsample_bytree': 0.6, 'colsample_bylevel': 0.6, 'n_estimators': 300}",0.8947570947570948,repeated_stratified,7,1,full,combined
8,8,1.0,8,3,0.375,8,1,0.125,0.5,0.4761186525892407,0.8203125,8,0,0,1,3,4,0,7,1,P17,xgb,150,"{'subsample': 0.6, 'reg_lambda': 1, 'reg_alpha': 0, 'min_child_weight': 1, 'max_depth': 2, 'learning_rate': 0.03, 'gamma': 0, 'colsample_bytree': 0.6, 'colsample_bylevel': 0.6, 'n_estimators': 300}",0.8992544492544492,repeated_stratified,7,2,full,combined
8,8,1.0,8,5,0.625,8,4,0.5,0.7083333333333334,0.6998366013071896,0.8671875,8,0,0,0,5,3,1,3,4,P17,xgb,149,"{'subsample': 0.6, 'reg_lambda': 1, 'reg_alpha': 0, 'min_child_weight': 1, 'max_depth': 2, 'learning_rate': 0.03, 'gamma': 0, 'colsample_bytree': 0.6, 'colsample_bylevel': 0.6, 'n_estimators': 300}",0.8982443482443482,repeated_stratified,7,3,full,combined
8,8,1.0,8,4,0.5,8,5,0.625,0.7083333333333334,0.6998366013071896,0.8020833333333334,8,0,0,1,4,3,0,3,5,P17,xgb,150,"{'subsample': 0.6, 'reg_lambda': 3, 'reg_alpha': 0.1, 'min_child_weight': 1, 'max_depth': 2, 'learning_rate': 0.05, 'gamma': 0, 'colsample_bytree': 0.7, 'colsample_bylevel': 0.6, 'n_estimators': 300}",0.8872053872053872,repeated_stratified,7,4,full,combined
8,8,1.0,8,2,0.25,8,2,0.25,0.5,0.5,0.7421875,8,0,0,0,2,6,0,6,2,P17,xgb,150,"{'subsample': 0.6, 'reg_lambda': 3, 'reg_alpha': 0.1, 'min_child_weight': 1, 'max_depth': 2, 'learning_rate': 0.05, 'gamma': 0, 'colsample_bytree': 0.7, 'colsample_bylevel': 0.6, 'n_estimators': 300}",0.8715007215007216,repeated_stratified,8,0,full,combined
8,8,1.0,8,2,0.25,8,6,0.75,0.6666666666666666,0.6444444444444444,0.8489583333333334,8,0,0,0,2,6,0,2,6,P17,xgb,149,"{'subsample': 0.6, 'reg_lambda': 1, 'reg_alpha': 0, 'min_child_weight': 1, 'max_depth': 2, 'learning_rate': 0.03, 'gamma': 0, 'colsample_bytree': 0.6, 'colsample_bylevel': 0.6, 'n_estimators': 300}",0.9044973544973546,repeated_stratified,8,1,full,combined
8,8,1.0,8,4,0.5,8,3,0.375,0.625,0.6074074074074073,0.8567708333333334,8,0,0,0,4,4,2,3,3,P17,xgb,150,"{'subsample': 0.6, 'reg_lambda': 1, 'reg_alpha': 0, 'min_child_weight': 1, 'max_depth': 2, 'learning_rate': 0.03, 'gamma': 0, 'colsample_bytree': 0.6, 'colsample_bylevel': 0.6, 'n_estimators': 300}",0.9034872534872534,repeated_stratified,8,2,full,combined
8,8,1.0,8,2,0.25,8,5,0.625,0.625,0.6014747779453662,0.8177083333333334,8,0,0,1,2,5,0,3,5,P17,xgb,149,"{'subsample': 0.6, 'reg_lambda': 1, 'reg_alpha': 0, 'min_child_weight': 1, 'max_depth': 2, 'learning_rate': 0.03, 'gamma': 0, 'colsample_bytree': 0.6, 'colsample_bylevel': 0.6, 'n_estimators': 300}",0.8982443482443482,repeated_stratified,8,3,full,combined
8,8,1.0,8,3,0.375,8,3,0.375,0.5833333333333334,0.5720588235294118,0.8020833333333334,8,0,0,1,3,4,0,5,3,P17,xgb,150,"{'subsample': 0.6, 'reg_lambda': 3, 'reg_alpha': 0.1, 'min_child_weight': 1, 'max_depth': 2, 'learning_rate': 0.05, 'gamma': 0, 'colsample_bytree': 0.7, 'colsample_bylevel': 0.6, 'n_estimators': 300}",0.9347041847041848,repeated_stratified,8,4,full,combined
8,7,0.875,8,5,0.625,8,6,0.75,0.75,0.7555555555555555,0.9114583333333334,7,0,1,0,5,3,0,2,6,P17,xgb,150,"{'subsample': 0.6, 'reg_lambda': 3, 'reg_alpha': 0.1, 'min_child_weight': 1, 'max_depth': 2, 'learning_rate': 0.05, 'gamma': 0, 'colsample_bytree': 0.7, 'colsample_bylevel': 0.6, 'n_estimators': 300}",0.8688552188552189,repeated_stratified,9,0,full,combined
8,8,1.0,8,1,0.125,8,3,0.375,0.5,0.4569838056680161,0.71875,8,0,0,2,1,5,1,4,3,P17,xgb,150,"{'subsample': 0.6, 'reg_lambda': 1, 'reg_alpha': 0, 'min_child_weight': 1, 'max_depth': 2, 'learning_rate': 0.03, 'gamma': 0, 'colsample_bytree': 0.6, 'colsample_bylevel': 0.6, 'n_estimators': 300}",0.9069745069745068,repeated_stratified,9,1,full,combined
8,8,1.0,8,3,0.375,8,7,0.875,0.75,0.7260061919504643,0.9348958333333334,8,0,0,1,3,4,0,1,7,P17,xgb,150,"{'subsample': 0.6, 'reg_lambda': 1, 'reg_alpha': 0, 'min_child_weight': 1, 'max_depth': 2, 'learning_rate': 0.03, 'gamma': 0, 'colsample_bytree': 0.6, 'colsample_bylevel': 0.6, 'n_estimators': 300}",0.935954785954786,repeated_stratified,9,2,full,combined
8,8,1.0,8,3,0.375,8,5,0.625,0.6666666666666666,0.6613756613756614,0.7916666666666666,8,0,0,0,3,5,0,3,5,P17,xgb,150,"{'subsample': 0.6, 'reg_lambda': 3, 'reg_alpha': 0.1, 'min_child_weight': 1, 'max_depth': 8, 'learning_rate': 0.05, 'gamma': 0, 'colsample_bytree': 0.7, 'colsample_bylevel': 0.8, 'n_estimators': 300}",0.8807359307359307,repeated_stratified,9,3,full,combined
8,8,1.0,8,3,0.375,8,0,0.0,0.4583333333333333,0.4074074074074074,0.7239583333333334,8,0,0,1,3,4,1,7,0,P17,xgb,150,"{'subsample': 0.6, 'reg_lambda': 1, 'reg_alpha': 0, 'min_child_weight': 1, 'max_depth': 2, 'learning_rate': 0.03, 'gamma': 0, 'colsample_bytree': 0.6, 'colsample_bylevel': 0.6, 'n_estimators': 300}",0.9227272727272728,repeated_stratified,9,4,full,combined
8,8,1.0,8,3,0.375,8,6,0.75,0.7083333333333334,0.697705802968961,0.859375,8,0,0,0,3,5,0,2,6,P18,xgb,150,"{'subsample': 0.8, 'reg_lambda': 10, 'reg_alpha': 0, 'min_child_weight': 1, 'max_depth': 8, 'learning_rate': 0.05, 'gamma': 0, 'colsample_bytree': 0.7, 'colsample_bylevel': 0.6, 'n_estimators': 300}",0.8639490139490139,repeated_stratified,0,0,full,combined
8,8,1.0,8,4,0.5,8,3,0.375,0.625,0.6235294117647059,0.78125,8,0,0,0,4,4,0,5,3,P18,xgb,150,"{'subsample': 0.6, 'reg_lambda': 3, 'reg_alpha': 0.1, 'min_child_weight': 1, 'max_depth': 2, 'learning_rate': 0.05, 'gamma': 0, 'colsample_bytree': 0.7, 'colsample_bylevel': 0.6, 'n_estimators': 300}",0.9013227513227514,repeated_stratified,0,1,full,combined
8,8,1.0,8,4,0.5,8,4,0.5,0.6666666666666666,0.6534391534391534,0.8541666666666666,8,0,0,2,4,2,0,4,4,P18,xgb,150,"{'subsample': 0.6, 'reg_lambda': 1, 'reg_alpha': 0, 'min_child_weight': 1, 'max_depth': 2, 'learning_rate': 0.03, 'gamma': 0, 'colsample_bytree': 0.6, 'colsample_bylevel': 0.6, 'n_estimators': 300}",0.8786195286195286,repeated_stratified,0,2,full,combined
8,7,0.875,8,4,0.5,8,4,0.5,0.625,0.634640522875817,0.7916666666666666,7,1,0,0,4,4,0,4,4,P18,xgb,150,"{'subsample': 0.6, 'reg_lambda': 1, 'reg_alpha': 0, 'min_child_weight': 1, 'max_depth': 2, 'learning_rate': 0.03, 'gamma': 0, 'colsample_bytree': 0.6, 'colsample_bylevel': 0.6, 'n_estimators': 300}",0.8943241943241943,repeated_stratified,0,3,full,combined
8,7,0.875,8,4,0.5,8,4,0.5,0.625,0.6263071895424837,0.8411458333333334,7,0,1,0,4,4,1,3,4,P18,xgb,150,"{'subsample': 0.6, 'reg_lambda': 1, 'reg_alpha': 0, 'min_child_weight': 1, 'max_depth': 2, 'learning_rate': 0.03, 'gamma': 0, 'colsample_bytree': 0.6, 'colsample_bylevel': 0.6, 'n_estimators': 300}",0.9101491101491104,repeated_stratified,0,4,full,combined
8,8,1.0,8,3,0.375,8,2,0.25,0.5416666666666666,0.5398692810457516,0.7578125,8,0,0,0,3,5,0,6,2,P18,xgb,150,"{'subsample': 0.6, 'reg_lambda': 10, 'reg_alpha': 0.5, 'min_child_weight': 1, 'max_depth': 2, 'learning_rate': 0.05, 'gamma': 0.1, 'colsample_bytree': 0.6, 'colsample_bylevel': 0.6, 'n_estimators': 300}",0.8495430495430495,repeated_stratified,1,0,full,combined
8,8,1.0,8,1,0.125,8,4,0.5,0.5416666666666666,0.524966261808367,0.734375,8,0,0,0,1,7,0,4,4,P18,xgb,149,"{'subsample': 0.6, 'reg_lambda': 3, 'reg_alpha': 0.1, 'min_child_weight': 1, 'max_depth': 8, 'learning_rate': 0.05, 'gamma': 0, 'colsample_bytree': 0.7, 'colsample_bylevel': 0.8, 'n_estimators': 300}",0.8759259259259258,repeated_stratified,1,1,full,combined
8,8,1.0,8,4,0.5,8,4,0.5,0.6666666666666666,0.6581699346405229,0.84375,8,0,0,1,4,3,0,4,4,P18,xgb,150,"{'subsample': 0.6, 'reg_lambda': 10, 'reg_alpha': 0.5, 'min_child_weight': 1, 'max_depth': 2, 'learning_rate': 0.05, 'gamma': 0.1, 'colsample_bytree': 0.6, 'colsample_bylevel': 0.6, 'n_estimators': 300}",0.8468253968253968,repeated_stratified,1,2,full,combined
8,8,1.0,8,3,0.375,8,3,0.375,0.5833333333333334,0.5720588235294118,0.7786458333333334,8,0,0,1,3,4,0,5,3,P18,xgb,149,"{'subsample': 0.6, 'reg_lambda': 3, 'reg_alpha': 0.1, 'min_child_weight': 1, 'max_depth': 2, 'learning_rate': 0.05, 'gamma': 0, 'colsample_bytree': 0.7, 'colsample_bylevel': 0.6, 'n_estimators': 300}",0.8712842712842712,repeated_stratified,1,3,full,combined
8,5,0.625,8,3,0.375,8,2,0.25,0.4166666666666667,0.4452991452991452,0.671875,5,3,0,0,3,5,0,6,2,P18,xgb,149,"{'subsample': 0.8, 'reg_lambda': 10, 'reg_alpha': 0, 'min_child_weight': 1, 'max_depth': 8, 'learning_rate': 0.05, 'gamma': 0, 'colsample_bytree': 0.7, 'colsample_bylevel': 0.6, 'n_estimators': 300}",0.9397787397787396,repeated_stratified,1,4,full,combined
8,8,1.0,8,5,0.625,8,1,0.125,0.5833333333333334,0.5555555555555556,0.8046875,8,0,0,0,5,3,0,7,1,P18,xgb,150,"{'subsample': 0.6, 'reg_lambda': 3, 'reg_alpha': 0.1, 'min_child_weight': 1, 'max_depth': 8, 'learning_rate': 0.05, 'gamma': 0, 'colsample_bytree': 0.7, 'colsample_bylevel': 0.8, 'n_estimators': 300}",0.9155603655603656,repeated_stratified,2,0,full,combined
8,8,1.0,8,0,0.0,8,2,0.25,0.4166666666666667,0.4074074074074074,0.6979166666666666,8,0,0,0,0,8,0,6,2,P18,xgb,150,"{'subsample': 0.6, 'reg_lambda': 1, 'reg_alpha': 0, 'min_child_weight': 1, 'max_depth': 2, 'learning_rate': 0.03, 'gamma': 0, 'colsample_bytree': 0.6, 'colsample_bylevel': 0.6, 'n_estimators': 300}",0.903823953823954,repeated_stratified,2,1,full,combined
8,7,0.875,8,2,0.25,8,4,0.5,0.5416666666666666,0.53505291005291,0.7864583333333334,7,1,0,0,2,6,1,3,4,P18,xgb,150,"{'subsample': 0.6, 'reg_lambda': 3, 'reg_alpha': 0.1, 'min_child_weight': 1, 'max_depth': 2, 'learning_rate': 0.05, 'gamma': 0, 'colsample_bytree': 0.7, 'colsample_bylevel': 0.6, 'n_estimators': 300}",0.8989417989417988,repeated_stratified,2,2,full,combined
8,8,1.0,8,2,0.25,8,3,0.375,0.5416666666666666,0.5276143790849673,0.7760416666666666,8,0,0,1,2,5,0,5,3,P18,xgb,150,"{'subsample': 0.6, 'reg_lambda': 5, 'reg_alpha': 0.5, 'min_child_weight': 1, 'max_depth': 8, 'learning_rate': 0.03, 'gamma': 0.3, 'colsample_bytree': 0.6, 'colsample_bylevel': 0.6, 'n_estimators': 300}",0.8844155844155844,repeated_stratified,2,3,full,combined
8,8,1.0,8,4,0.5,8,4,0.5,0.6666666666666666,0.6666666666666666,0.828125,8,0,0,0,4,4,0,4,4,P18,xgb,150,"{'subsample': 0.6, 'reg_lambda': 3, 'reg_alpha': 0.1, 'min_child_weight': 1, 'max_depth': 8, 'learning_rate': 0.05, 'gamma': 0, 'colsample_bytree': 0.7, 'colsample_bylevel': 0.8, 'n_estimators': 300}",0.8481481481481481,repeated_stratified,2,4,full,combined
8,8,1.0,8,4,0.5,8,3,0.375,0.625,0.6235294117647059,0.8255208333333334,8,0,0,0,4,4,0,5,3,P18,xgb,150,"{'subsample': 0.6, 'reg_lambda': 3, 'reg_alpha': 0.1, 'min_child_weight': 1, 'max_depth': 8, 'learning_rate': 0.05, 'gamma': 0, 'colsample_bytree': 0.7, 'colsample_bylevel': 0.8, 'n_estimators': 300}",0.838167388167388,repeated_stratified,3,0,full,combined
8,8,1.0,8,4,0.5,8,4,0.5,0.6666666666666666,0.6666666666666666,0.8489583333333334,8,0,0,0,4,4,0,4,4,P18,xgb,150,"{'subsample': 0.6, 'reg_lambda': 1, 'reg_alpha': 0, 'min_child_weight': 1, 'max_depth': 2, 'learning_rate': 0.03, 'gamma': 0, 'colsample_bytree': 0.6, 'colsample_bylevel': 0.6, 'n_estimators': 300}",0.9014911014911016,repeated_stratified,3,1,full,combined
8,8,1.0,8,2,0.25,8,4,0.5,0.5833333333333334,0.565826330532213,0.8177083333333334,8,0,0,1,2,5,0,4,4,P18,xgb,148,"{'subsample': 0.6, 'reg_lambda': 1, 'reg_alpha': 0, 'min_child_weight': 1, 'max_depth': 2, 'learning_rate': 0.03, 'gamma': 0, 'colsample_bytree': 0.6, 'colsample_bylevel': 0.6, 'n_estimators': 300}",0.8319624819624821,repeated_stratified,3,2,full,combined
8,7,0.875,8,4,0.5,8,4,0.5,0.625,0.625,0.7942708333333334,7,0,1,1,4,3,0,4,4,P18,xgb,150,"{'subsample': 0.6, 'reg_lambda': 3, 'reg_alpha': 0.1, 'min_child_weight': 1, 'max_depth': 2, 'learning_rate': 0.05, 'gamma': 0, 'colsample_bytree': 0.7, 'colsample_bylevel': 0.6, 'n_estimators': 300}",0.8604858104858105,repeated_stratified,3,3,full,combined
8,8,1.0,8,3,0.375,8,3,0.375,0.5833333333333334,0.5641534391534392,0.8151041666666666,8,0,0,0,3,5,2,3,3,P18,xgb,150,"{'subsample': 0.6, 'reg_lambda': 5, 'reg_alpha': 0.5, 'min_child_weight': 1, 'max_depth': 8, 'learning_rate': 0.03, 'gamma': 0.3, 'colsample_bytree': 0.6, 'colsample_bylevel': 0.6, 'n_estimators': 300}",0.9153198653198652,repeated_stratified,3,4,full,combined
8,8,1.0,8,3,0.375,8,4,0.5,0.625,0.6235294117647059,0.8151041666666666,8,0,0,0,3,5,0,4,4,P18,xgb,150,"{'subsample': 0.6, 'reg_lambda': 3, 'reg_alpha': 0.1, 'min_child_weight': 1, 'max_depth': 8, 'learning_rate': 0.05, 'gamma': 0, 'colsample_bytree': 0.7, 'colsample_bylevel': 0.8, 'n_estimators': 300}",0.8936026936026936,repeated_stratified,4,0,full,combined
8,8,1.0,8,1,0.125,8,4,0.5,0.5416666666666666,0.524966261808367,0.8098958333333334,8,0,0,0,1,7,0,4,4,P18,xgb,150,"{'subsample': 0.6, 'reg_lambda': 1, 'reg_alpha': 0, 'min_child_weight': 1, 'max_depth': 2, 'learning_rate': 0.03, 'gamma': 0, 'colsample_bytree': 0.6, 'colsample_bylevel': 0.6, 'n_estimators': 300}",0.8998556998556998,repeated_stratified,4,1,full,combined
8,8,1.0,8,5,0.625,8,4,0.5,0.7083333333333334,0.7071895424836602,0.8020833333333334,8,0,0,0,5,3,0,4,4,P18,xgb,149,"{'subsample': 0.6, 'reg_lambda': 1, 'reg_alpha': 0, 'min_child_weight': 1, 'max_depth': 2, 'learning_rate': 0.03, 'gamma': 0, 'colsample_bytree': 0.6, 'colsample_bylevel': 0.6, 'n_estimators': 300}",0.8767195767195766,repeated_stratified,4,2,full,combined
8,8,1.0,8,6,0.75,8,4,0.5,0.75,0.746031746031746,0.8671875,8,0,0,0,6,2,0,4,4,P18,xgb,149,"{'subsample': 0.6, 'reg_lambda': 3, 'reg_alpha': 0.1, 'min_child_weight': 1, 'max_depth': 2, 'learning_rate': 0.05, 'gamma': 0, 'colsample_bytree': 0.7, 'colsample_bylevel': 0.6, 'n_estimators': 300}",0.8495189995189995,repeated_stratified,4,3,full,combined
8,8,1.0,8,1,0.125,8,4,0.5,0.5416666666666666,0.524966261808367,0.7057291666666666,8,0,0,0,1,7,0,4,4,P18,xgb,149,"{'subsample': 0.6, 'reg_lambda': 3, 'reg_alpha': 0.1, 'min_child_weight': 1, 'max_depth': 8, 'learning_rate': 0.05, 'gamma': 0, 'colsample_bytree': 0.7, 'colsample_bylevel': 0.8, 'n_estimators': 300}",0.8667869167869168,repeated_stratified,4,4,full,combined
8,7,0.875,8,2,0.25,8,7,0.875,0.6666666666666666,0.63510101010101,0.8645833333333334,7,0,1,1,2,5,0,1,7,P18,xgb,150,"{'subsample': 0.6, 'reg_lambda': 3, 'reg_alpha': 0.1, 'min_child_weight': 1, 'max_depth': 8, 'learning_rate': 0.05, 'gamma': 0, 'colsample_bytree': 0.7, 'colsample_bylevel': 0.8, 'n_estimators': 300}",0.883044733044733,repeated_stratified,5,0,full,combined
8,8,1.0,8,2,0.25,8,3,0.375,0.5416666666666666,0.5276143790849673,0.7890625,8,0,0,1,2,5,0,5,3,P18,xgb,150,"{'subsample': 0.6, 'reg_lambda': 3, 'reg_alpha': 0.1, 'min_child_weight': 1, 'max_depth': 8, 'learning_rate': 0.05, 'gamma': 0, 'colsample_bytree': 0.7, 'colsample_bylevel': 0.8, 'n_estimators': 300}",0.9096921596921596,repeated_stratified,5,1,full,combined
8,8,1.0,8,5,0.625,8,1,0.125,0.5833333333333334,0.5555555555555556,0.8098958333333334,8,0,0,0,5,3,0,7,1,P18,xgb,149,"{'subsample': 0.6, 'reg_lambda': 1, 'reg_alpha': 0, 'min_child_weight': 1, 'max_depth': 2, 'learning_rate': 0.03, 'gamma': 0, 'colsample_bytree': 0.6, 'colsample_bylevel': 0.6, 'n_estimators': 300}",0.9045695045695048,repeated_stratified,5,2,full,combined
8,8,1.0,8,3,0.375,8,2,0.25,0.5416666666666666,0.5165343915343915,0.7161458333333334,8,0,0,1,3,4,1,5,2,P18,xgb,150,"{'subsample': 0.6, 'reg_lambda': 1, 'reg_alpha': 0, 'min_child_weight': 1, 'max_depth': 2, 'learning_rate': 0.03, 'gamma': 0, 'colsample_bytree': 0.6, 'colsample_bylevel': 0.6, 'n_estimators': 300}",0.9056036556036556,repeated_stratified,5,3,full,combined
8,8,1.0,8,2,0.25,8,6,0.75,0.6666666666666666,0.6444444444444444,0.8098958333333334,8,0,0,0,2,6,0,2,6,P18,xgb,149,"{'subsample': 0.6, 'reg_lambda': 3, 'reg_alpha': 0.1, 'min_child_weight': 1, 'max_depth': 2, 'learning_rate': 0.05, 'gamma': 0, 'colsample_bytree': 0.7, 'colsample_bylevel': 0.6, 'n_estimators': 300}",0.9000962000962001,repeated_stratified,5,4,full,combined
8,8,1.0,8,4,0.5,8,4,0.5,0.6666666666666666,0.6581699346405229,0.8046875,8,0,0,1,4,3,0,4,4,P18,xgb,150,"{'subsample': 0.6, 'reg_lambda': 1, 'reg_alpha': 0, 'min_child_weight': 1, 'max_depth': 2, 'learning_rate': 0.03, 'gamma': 0, 'colsample_bytree': 0.6, 'colsample_bylevel': 0.6, 'n_estimators': 300}",0.877898027898028,repeated_stratified,6,0,full,combined
8,8,1.0,8,6,0.75,8,4,0.5,0.75,0.746031746031746,0.8567708333333334,8,0,0,0,6,2,0,4,4,P18,xgb,136,"{'subsample': 0.6, 'reg_lambda': 3, 'reg_alpha': 0.1, 'min_child_weight': 1, 'max_depth': 8, 'learning_rate': 0.05, 'gamma': 0, 'colsample_bytree': 0.7, 'colsample_bylevel': 0.8, 'n_estimators': 300}",0.8455266955266955,repeated_stratified,6,1,full,combined
8,8,1.0,8,6,0.75,8,2,0.25,0.6666666666666666,0.6444444444444445,0.8307291666666666,8,0,0,0,6,2,0,6,2,P18,xgb,150,"{'subsample': 0.6, 'reg_lambda': 3, 'reg_alpha': 0.1, 'min_child_weight': 1, 'max_depth': 8, 'learning_rate': 0.05, 'gamma': 0, 'colsample_bytree': 0.7, 'colsample_bylevel': 0.8, 'n_estimators': 300}",0.9004810004810005,repeated_stratified,6,2,full,combined
8,8,1.0,8,4,0.5,8,2,0.25,0.5833333333333334,0.5767195767195767,0.7552083333333334,8,0,0,0,4,4,0,6,2,P18,xgb,149,"{'subsample': 0.6, 'reg_lambda': 1, 'reg_alpha': 0, 'min_child_weight': 1, 'max_depth': 2, 'learning_rate': 0.03, 'gamma': 0, 'colsample_bytree': 0.6, 'colsample_bylevel': 0.6, 'n_estimators': 300}",0.8473304473304474,repeated_stratified,6,3,full,combined
8,7,0.875,8,2,0.25,8,5,0.625,0.5833333333333334,0.5803418803418804,0.8255208333333334,7,0,1,0,2,6,0,3,5,P18,xgb,150,"{'subsample': 0.6, 'reg_lambda': 3, 'reg_alpha': 0.1, 'min_child_weight': 1, 'max_depth': 2, 'learning_rate': 0.05, 'gamma': 0, 'colsample_bytree': 0.7, 'colsample_bylevel': 0.6, 'n_estimators': 300}",0.9045935545935544,repeated_stratified,6,4,full,combined
8,8,1.0,8,3,0.375,8,4,0.5,0.625,0.6235294117647059,0.7734375,8,0,0,0,3,5,0,4,4,P18,xgb,150,"{'subsample': 0.6, 'reg_lambda': 3, 'reg_alpha': 0.1, 'min_child_weight': 1, 'max_depth': 2, 'learning_rate': 0.05, 'gamma': 0, 'colsample_bytree': 0.7, 'colsample_bylevel': 0.6, 'n_estimators': 300}",0.8722462722462723,repeated_stratified,7,0,full,combined
8,8,1.0,8,4,0.5,8,3,0.375,0.625,0.6134453781512604,0.8645833333333334,8,0,0,1,4,3,0,5,3,P18,xgb,150,"{'subsample': 0.6, 'reg_lambda': 1, 'reg_alpha': 0, 'min_child_weight': 1, 'max_depth': 2, 'learning_rate': 0.03, 'gamma': 0, 'colsample_bytree': 0.6, 'colsample_bylevel': 0.6, 'n_estimators': 300}",0.8622414622414621,repeated_stratified,7,1,full,combined
8,8,1.0,8,0,0.0,8,5,0.625,0.5416666666666666,0.4920634920634921,0.7708333333333334,8,0,0,0,0,8,0,3,5,P18,xgb,150,"{'subsample': 0.6, 'reg_lambda': 3, 'reg_alpha': 0.1, 'min_child_weight': 1, 'max_depth': 8, 'learning_rate': 0.05, 'gamma': 0, 'colsample_bytree': 0.7, 'colsample_bylevel': 0.8, 'n_estimators': 300}",0.9128667628667628,repeated_stratified,7,2,full,combined
8,8,1.0,8,4,0.5,8,5,0.625,0.7083333333333334,0.7071895424836602,0.8567708333333334,8,0,0,0,4,4,0,3,5,P18,xgb,150,"{'subsample': 0.6, 'reg_lambda': 3, 'reg_alpha': 0.1, 'min_child_weight': 1, 'max_depth': 2, 'learning_rate': 0.05, 'gamma': 0, 'colsample_bytree': 0.7, 'colsample_bylevel': 0.6, 'n_estimators': 300}",0.9068302068302068,repeated_stratified,7,3,full,combined
8,8,1.0,8,1,0.125,8,2,0.25,0.4583333333333333,0.4415032679738562,0.6796875,8,0,0,1,1,6,0,6,2,P18,xgb,149,"{'subsample': 0.6, 'reg_lambda': 3, 'reg_alpha': 0.1, 'min_child_weight': 1, 'max_depth': 2, 'learning_rate': 0.05, 'gamma': 0, 'colsample_bytree': 0.7, 'colsample_bylevel': 0.6, 'n_estimators': 300}",0.8984848484848484,repeated_stratified,7,4,full,combined
8,8,1.0,8,3,0.375,8,3,0.375,0.5833333333333334,0.5720588235294118,0.7864583333333334,8,0,0,0,3,5,1,4,3,P18,xgb,150,"{'subsample': 0.6, 'reg_lambda': 1, 'reg_alpha': 0, 'min_child_weight': 1, 'max_depth': 2, 'learning_rate': 0.03, 'gamma': 0, 'colsample_bytree': 0.6, 'colsample_bylevel': 0.6, 'n_estimators': 300}",0.924122174122174,repeated_stratified,8,0,full,combined
8,7,0.875,8,3,0.375,8,3,0.375,0.5416666666666666,0.5537581699346406,0.734375,7,1,0,0,3,5,0,5,3,P18,xgb,150,"{'subsample': 0.6, 'reg_lambda': 3, 'reg_alpha': 0.1, 'min_child_weight': 1, 'max_depth': 8, 'learning_rate': 0.05, 'gamma': 0, 'colsample_bytree': 0.7, 'colsample_bylevel': 0.8, 'n_estimators': 300}",0.8191678691678691,repeated_stratified,8,1,full,combined
8,8,1.0,8,3,0.375,8,7,0.875,0.75,0.7333333333333334,0.8854166666666666,8,0,0,0,3,5,0,1,7,P18,xgb,149,"{'subsample': 0.6, 'reg_lambda': 3, 'reg_alpha': 0.1, 'min_child_weight': 1, 'max_depth': 2, 'learning_rate': 0.05, 'gamma': 0, 'colsample_bytree': 0.7, 'colsample_bylevel': 0.6, 'n_estimators': 300}",0.8490860990860991,repeated_stratified,8,2,full,combined
8,8,1.0,8,2,0.25,8,5,0.625,0.625,0.611336032388664,0.8515625,8,0,0,0,2,6,0,3,5,P18,xgb,150,"{'subsample': 0.6, 'reg_lambda': 1, 'reg_alpha': 0, 'min_child_weight': 1, 'max_depth': 2, 'learning_rate': 0.03, 'gamma': 0, 'colsample_bytree': 0.6, 'colsample_bylevel': 0.6, 'n_estimators': 300}",0.9188071188071188,repeated_stratified,8,3,full,combined
8,8,1.0,8,5,0.625,8,3,0.375,0.6666666666666666,0.6613756613756614,0.8567708333333334,8,0,0,0,5,3,0,5,3,P18,xgb,150,"{'subsample': 0.6, 'reg_lambda': 1, 'reg_alpha': 0, 'min_child_weight': 1, 'max_depth': 2, 'learning_rate': 0.03, 'gamma': 0, 'colsample_bytree': 0.6, 'colsample_bylevel': 0.6, 'n_estimators': 300}",0.8756854256854257,repeated_stratified,8,4,full,combined
8,8,1.0,8,4,0.5,8,5,0.625,0.7083333333333334,0.7071895424836602,0.859375,8,0,0,0,4,4,0,3,5,P18,xgb,150,"{'subsample': 0.6, 'reg_lambda': 1, 'reg_alpha': 0, 'min_child_weight': 1, 'max_depth': 2, 'learning_rate': 0.03, 'gamma': 0, 'colsample_bytree': 0.6, 'colsample_bylevel': 0.6, 'n_estimators': 300}",0.8839345839345839,repeated_stratified,9,0,full,combined
8,8,1.0,8,5,0.625,8,3,0.375,0.6666666666666666,0.6462208815149992,0.7916666666666666,8,0,0,1,5,2,1,4,3,P18,xgb,150,"{'subsample': 0.6, 'reg_lambda': 1, 'reg_alpha': 0, 'min_child_weight': 1, 'max_depth': 2, 'learning_rate': 0.03, 'gamma': 0, 'colsample_bytree': 0.6, 'colsample_bylevel': 0.6, 'n_estimators': 300}",0.9108706108706108,repeated_stratified,9,1,full,combined
8,8,1.0,8,3,0.375,8,4,0.5,0.625,0.6074074074074073,0.8411458333333334,8,0,0,2,3,3,0,4,4,P18,xgb,150,"{'subsample': 0.8, 'reg_lambda': 5, 'reg_alpha': 0.1, 'min_child_weight': 1, 'max_depth': 8, 'learning_rate': 0.03, 'gamma': 0, 'colsample_bytree': 0.6, 'colsample_bylevel': 0.6, 'n_estimators': 300}",0.8791245791245791,repeated_stratified,9,2,full,combined
8,8,1.0,8,2,0.25,8,5,0.625,0.625,0.611336032388664,0.8151041666666666,8,0,0,0,2,6,0,3,5,P18,xgb,150,"{'subsample': 0.6, 'reg_lambda': 3, 'reg_alpha': 0.1, 'min_child_weight': 1, 'max_depth': 8, 'learning_rate': 0.05, 'gamma': 0, 'colsample_bytree': 0.7, 'colsample_bylevel': 0.8, 'n_estimators': 300}",0.9028379028379028,repeated_stratified,9,3,full,combined
8,8,1.0,8,3,0.375,8,4,0.5,0.625,0.6235294117647059,0.8177083333333334,8,0,0,0,3,5,0,4,4,P18,xgb,150,"{'subsample': 0.6, 'reg_lambda': 3, 'reg_alpha': 0.1, 'min_child_weight': 1, 'max_depth': 8, 'learning_rate': 0.05, 'gamma': 0, 'colsample_bytree': 0.7, 'colsample_bylevel': 0.8, 'n_estimators': 300}",0.9154882154882156,repeated_stratified,9,4,full,combined
8,8,1.0,8,7,0.875,8,6,0.75,0.875,0.8745098039215686,0.96875,8,0,0,0,7,1,0,2,6,P19,xgb,150,"{'subsample': 0.6, 'reg_lambda': 3, 'reg_alpha': 0.1, 'min_child_weight': 1, 'max_depth': 2, 'learning_rate': 0.05, 'gamma': 0, 'colsample_bytree': 0.7, 'colsample_bylevel': 0.6, 'n_estimators': 300}",0.9594997594997596,repeated_stratified,0,0,full,combined
8,7,0.875,8,6,0.75,8,8,1.0,0.875,0.8740740740740741,0.9791666666666666,7,1,0,0,6,2,0,0,8,P19,xgb,148,"{'subsample': 0.6, 'reg_lambda': 3, 'reg_alpha': 0.1, 'min_child_weight': 1, 'max_depth': 2, 'learning_rate': 0.05, 'gamma': 0, 'colsample_bytree': 0.7, 'colsample_bylevel': 0.6, 'n_estimators': 300}",0.9868446368446367,repeated_stratified,0,1,full,combined
8,8,1.0,8,6,0.75,8,7,0.875,0.875,0.8745098039215686,0.9609375,8,0,0,0,6,2,0,1,7,P19,xgb,149,"{'subsample': 0.6, 'reg_lambda': 1, 'reg_alpha': 0, 'min_child_weight': 1, 'max_depth': 2, 'learning_rate': 0.03, 'gamma': 0, 'colsample_bytree': 0.6, 'colsample_bylevel': 0.6, 'n_estimators': 300}",0.995093795093795,repeated_stratified,0,2,full,combined
8,7,0.875,8,8,1.0,8,6,0.75,0.875,0.8775271512113617,0.9791666666666666,7,1,0,0,8,0,0,2,6,P19,xgb,149,"{'subsample': 0.6, 'reg_lambda': 3, 'reg_alpha': 0.1, 'min_child_weight': 1, 'max_depth': 2, 'learning_rate': 0.05, 'gamma': 0, 'colsample_bytree': 0.7, 'colsample_bylevel': 0.6, 'n_estimators': 300}",0.98008658008658,repeated_stratified,0,3,full,combined
8,8,1.0,8,7,0.875,8,6,0.75,0.875,0.8739495798319328,0.9296875,8,0,0,1,7,0,0,2,6,P19,xgb,148,"{'subsample': 0.8, 'reg_lambda': 5, 'reg_alpha': 0.1, 'min_child_weight': 1, 'max_depth': 8, 'learning_rate': 0.03, 'gamma': 0, 'colsample_bytree': 0.6, 'colsample_bylevel': 0.6, 'n_estimators': 300}",0.9897306397306398,repeated_stratified,0,4,full,combined
8,8,1.0,8,6,0.75,8,8,1.0,0.9166666666666666,0.9153439153439152,1.0,8,0,0,0,6,2,0,0,8,P19,xgb,149,"{'subsample': 0.6, 'reg_lambda': 3, 'reg_alpha': 0.1, 'min_child_weight': 1, 'max_depth': 2, 'learning_rate': 0.05, 'gamma': 0, 'colsample_bytree': 0.7, 'colsample_bylevel': 0.6, 'n_estimators': 300}",0.9754689754689756,repeated_stratified,1,0,full,combined
8,7,0.875,8,7,0.875,8,6,0.75,0.8333333333333334,0.832843137254902,0.9479166666666666,7,1,0,0,7,1,1,1,6,P19,xgb,148,"{'subsample': 0.6, 'reg_lambda': 3, 'reg_alpha': 0.1, 'min_child_weight': 1, 'max_depth': 8, 'learning_rate': 0.05, 'gamma': 0, 'colsample_bytree': 0.7, 'colsample_bylevel': 0.8, 'n_estimators': 300}",0.9698172198172198,repeated_stratified,1,1,full,combined
8,8,1.0,8,5,0.625,8,6,0.75,0.7916666666666666,0.7859477124183006,0.9505208333333334,8,0,0,1,5,2,0,2,6,P19,xgb,150,"{'subsample': 0.6, 'reg_lambda': 1, 'reg_alpha': 0, 'min_child_weight': 1, 'max_depth': 2, 'learning_rate': 0.03, 'gamma': 0, 'colsample_bytree': 0.6, 'colsample_bylevel': 0.6, 'n_estimators': 300}",0.9739778739778738,repeated_stratified,1,2,full,combined
8,8,1.0,8,7,0.875,8,6,0.75,0.875,0.8745098039215686,0.9583333333333334,8,0,0,0,7,1,0,2,6,P19,xgb,149,"{'subsample': 0.6, 'reg_lambda': 1, 'reg_alpha': 0, 'min_child_weight': 1, 'max_depth': 2, 'learning_rate': 0.03, 'gamma': 0, 'colsample_bytree': 0.6, 'colsample_bylevel': 0.6, 'n_estimators': 300}",0.9808802308802308,repeated_stratified,1,3,full,combined
8,7,0.875,8,7,0.875,8,7,0.875,0.875,0.8772875816993464,0.9921875,7,1,0,0,7,1,0,1,7,P19,xgb,147,"{'subsample': 0.6, 'reg_lambda': 1, 'reg_alpha': 0, 'min_child_weight': 1, 'max_depth': 2, 'learning_rate': 0.03, 'gamma': 0, 'colsample_bytree': 0.6, 'colsample_bylevel': 0.6, 'n_estimators': 300}",0.979004329004329,repeated_stratified,1,4,full,combined
8,7,0.875,8,8,1.0,8,5,0.625,0.8333333333333334,0.8341880341880342,0.9557291666666666,7,1,0,0,8,0,0,3,5,P19,xgb,148,"{'subsample': 0.6, 'reg_lambda': 3, 'reg_alpha': 0.1, 'min_child_weight': 1, 'max_depth': 2, 'learning_rate': 0.05, 'gamma': 0, 'colsample_bytree': 0.7, 'colsample_bylevel': 0.6, 'n_estimators': 300}",0.9912457912457912,repeated_stratified,2,0,full,combined
8,8,1.0,8,8,1.0,8,8,1.0,1.0,1.0,0.9973958333333334,8,0,0,0,8,0,0,0,8,P19,xgb,150,"{'subsample': 0.6, 'reg_lambda': 1, 'reg_alpha': 0, 'min_child_weight': 1, 'max_depth': 2, 'learning_rate': 0.03, 'gamma': 0, 'colsample_bytree': 0.6, 'colsample_bylevel': 0.6, 'n_estimators': 300}",0.9805435305435304,repeated_stratified,2,1,full,combined
8,7,0.875,8,5,0.625,8,5,0.625,0.7083333333333334,0.7155228758169935,0.9114583333333334,7,0,1,0,5,3,0,3,5,P19,xgb,149,"{'subsample': 0.6, 'reg_lambda': 3, 'reg_alpha': 0.1, 'min_child_weight': 1, 'max_depth': 2, 'learning_rate': 0.05, 'gamma': 0, 'colsample_bytree': 0.7, 'colsample_bylevel': 0.6, 'n_estimators': 300}",0.9705627705627704,repeated_stratified,2,2,full,combined
8,7,0.875,8,6,0.75,8,8,1.0,0.875,0.8775271512113617,0.9765625,7,0,1,0,6,2,0,0,8,P19,xgb,149,"{'subsample': 0.6, 'reg_lambda': 3, 'reg_alpha': 0.1, 'min_child_weight': 1, 'max_depth': 2, 'learning_rate': 0.05, 'gamma': 0, 'colsample_bytree': 0.7, 'colsample_bylevel': 0.6, 'n_estimators': 300}",0.9721741221741222,repeated_stratified,2,3,full,combined
8,8,1.0,8,7,0.875,8,7,0.875,0.9166666666666666,0.9166666666666666,0.9375,8,0,0,0,7,1,0,1,7,P19,xgb,148,"{'subsample': 0.6, 'reg_lambda': 3, 'reg_alpha': 0.1, 'min_child_weight': 1, 'max_depth': 8, 'learning_rate': 0.05, 'gamma': 0, 'colsample_bytree': 0.7, 'colsample_bylevel': 0.8, 'n_estimators': 300}",0.9887686387686389,repeated_stratified,2,4,full,combined
8,8,1.0,8,7,0.875,8,6,0.75,0.875,0.8745098039215686,0.9609375,8,0,0,0,7,1,0,2,6,P19,xgb,150,"{'subsample': 0.6, 'reg_lambda': 3, 'reg_alpha': 0.1, 'min_child_weight': 1, 'max_depth': 2, 'learning_rate': 0.05, 'gamma': 0, 'colsample_bytree': 0.7, 'colsample_bylevel': 0.6, 'n_estimators': 300}",0.9814333814333812,repeated_stratified,3,0,full,combined
8,8,1.0,8,7,0.875,8,5,0.625,0.8333333333333334,0.8306878306878307,0.9270833333333334,8,0,0,0,7,1,0,3,5,P19,xgb,150,"{'subsample': 0.6, 'reg_lambda': 3, 'reg_alpha': 0.1, 'min_child_weight': 1, 'max_depth': 2, 'learning_rate': 0.05, 'gamma': 0, 'colsample_bytree': 0.7, 'colsample_bylevel': 0.6, 'n_estimators': 300}",0.97991822991823,repeated_stratified,3,1,full,combined
8,7,0.875,8,8,1.0,8,8,1.0,0.9583333333333334,0.9581699346405228,0.9973958333333334,7,0,1,0,8,0,0,0,8,P19,xgb,150,"{'subsample': 0.6, 'reg_lambda': 1, 'reg_alpha': 0, 'min_child_weight': 1, 'max_depth': 2, 'learning_rate': 0.03, 'gamma': 0, 'colsample_bytree': 0.6, 'colsample_bylevel': 0.6, 'n_estimators': 300}",0.9801106301106302,repeated_stratified,3,2,full,combined
8,8,1.0,8,6,0.75,8,7,0.875,0.875,0.8745098039215686,0.9583333333333334,8,0,0,0,6,2,0,1,7,P19,xgb,149,"{'subsample': 0.6, 'reg_lambda': 1, 'reg_alpha': 0, 'min_child_weight': 1, 'max_depth': 2, 'learning_rate': 0.03, 'gamma': 0, 'colsample_bytree': 0.6, 'colsample_bylevel': 0.6, 'n_estimators': 300}",0.9804232804232804,repeated_stratified,3,3,full,combined
8,7,0.875,8,8,1.0,8,4,0.5,0.7916666666666666,0.7774337805297558,0.9661458333333334,7,1,0,0,8,0,2,2,4,P19,xgb,148,"{'subsample': 0.6, 'reg_lambda': 1, 'reg_alpha': 0, 'min_child_weight': 1, 'max_depth': 2, 'learning_rate': 0.03, 'gamma': 0, 'colsample_bytree': 0.6, 'colsample_bylevel': 0.6, 'n_estimators': 300}",0.9936026936026936,repeated_stratified,3,4,full,combined
8,8,1.0,8,7,0.875,8,6,0.75,0.875,0.8745098039215686,0.9401041666666666,8,0,0,0,7,1,0,2,6,P19,xgb,147,"{'subsample': 0.6, 'reg_lambda': 3, 'reg_alpha': 0.1, 'min_child_weight': 1, 'max_depth': 2, 'learning_rate': 0.05, 'gamma': 0, 'colsample_bytree': 0.7, 'colsample_bylevel': 0.6, 'n_estimators': 300}",0.9905964405964406,repeated_stratified,4,0,full,combined
8,7,0.875,8,7,0.875,8,6,0.75,0.8333333333333334,0.837037037037037,0.953125,7,1,0,0,7,1,0,2,6,P19,xgb,149,"{'subsample': 0.6, 'reg_lambda': 1, 'reg_alpha': 0, 'min_child_weight': 1, 'max_depth': 2, 'learning_rate': 0.03, 'gamma': 0, 'colsample_bytree': 0.6, 'colsample_bylevel': 0.6, 'n_estimators': 300}",0.994107744107744,repeated_stratified,4,1,full,combined
8,8,1.0,8,8,1.0,8,5,0.625,0.875,0.8704453441295547,0.9765625,8,0,0,0,8,0,0,3,5,P19,xgb,149,"{'subsample': 0.6, 'reg_lambda': 3, 'reg_alpha': 0.1, 'min_child_weight': 1, 'max_depth': 2, 'learning_rate': 0.05, 'gamma': 0, 'colsample_bytree': 0.7, 'colsample_bylevel': 0.6, 'n_estimators': 300}",0.9852573352573352,repeated_stratified,4,2,full,combined
8,8,1.0,8,6,0.75,8,8,1.0,0.9166666666666666,0.9153439153439152,0.9791666666666666,8,0,0,0,6,2,0,0,8,P19,xgb,150,"{'subsample': 0.6, 'reg_lambda': 1, 'reg_alpha': 0, 'min_child_weight': 1, 'max_depth': 2, 'learning_rate': 0.03, 'gamma': 0, 'colsample_bytree': 0.6, 'colsample_bylevel': 0.6, 'n_estimators': 300}",0.9886964886964886,repeated_stratified,4,3,full,combined
8,7,0.875,8,6,0.75,8,5,0.625,0.75,0.7478991596638656,0.9322916666666666,7,1,0,1,6,1,1,2,5,P19,xgb,148,"{'subsample': 0.6, 'reg_lambda': 1, 'reg_alpha': 0, 'min_child_weight': 1, 'max_depth': 2, 'learning_rate': 0.03, 'gamma': 0, 'colsample_bytree': 0.6, 'colsample_bylevel': 0.6, 'n_estimators': 300}",0.9784030784030784,repeated_stratified,4,4,full,combined
8,7,0.875,8,5,0.625,8,6,0.75,0.75,0.7555555555555555,0.9244791666666666,7,0,1,0,5,3,0,2,6,P19,xgb,148,"{'subsample': 0.6, 'reg_lambda': 1, 'reg_alpha': 0, 'min_child_weight': 1, 'max_depth': 2, 'learning_rate': 0.03, 'gamma': 0, 'colsample_bytree': 0.6, 'colsample_bylevel': 0.6, 'n_estimators': 300}",0.9812409812409814,repeated_stratified,5,0,full,combined
8,8,1.0,8,8,1.0,8,8,1.0,1.0,1.0,1.0,8,0,0,0,8,0,0,0,8,P19,xgb,150,"{'subsample': 0.6, 'reg_lambda': 1, 'reg_alpha': 0, 'min_child_weight': 1, 'max_depth': 2, 'learning_rate': 0.03, 'gamma': 0, 'colsample_bytree': 0.6, 'colsample_bylevel': 0.6, 'n_estimators': 300}",0.9684463684463686,repeated_stratified,5,1,full,combined
8,5,0.625,8,8,1.0,8,7,0.875,0.8333333333333334,0.8287786774628879,0.9765625,5,2,1,0,8,0,0,1,7,P19,xgb,150,"{'subsample': 0.6, 'reg_lambda': 1, 'reg_alpha': 0, 'min_child_weight': 1, 'max_depth': 2, 'learning_rate': 0.03, 'gamma': 0, 'colsample_bytree': 0.6, 'colsample_bylevel': 0.6, 'n_estimators': 300}",0.9835016835016837,repeated_stratified,5,2,full,combined
8,8,1.0,8,8,1.0,8,5,0.625,0.875,0.8704453441295547,0.9609375,8,0,0,0,8,0,0,3,5,P19,xgb,150,"{'subsample': 0.6, 'reg_lambda': 1, 'reg_alpha': 0, 'min_child_weight': 1, 'max_depth': 2, 'learning_rate': 0.03, 'gamma': 0, 'colsample_bytree': 0.6, 'colsample_bylevel': 0.6, 'n_estimators': 300}",0.9843193843193844,repeated_stratified,5,3,full,combined
8,8,1.0,8,6,0.75,8,4,0.5,0.75,0.746031746031746,0.9296875,8,0,0,0,6,2,0,4,4,P19,xgb,148,"{'subsample': 0.6, 'reg_lambda': 1, 'reg_alpha': 0, 'min_child_weight': 1, 'max_depth': 2, 'learning_rate': 0.03, 'gamma': 0, 'colsample_bytree': 0.6, 'colsample_bylevel': 0.6, 'n_estimators': 300}",0.9847522847522848,repeated_stratified,5,4,full,combined
8,8,1.0,8,8,1.0,8,7,0.875,0.9583333333333334,0.9581699346405228,0.9817708333333334,8,0,0,0,8,0,0,1,7,P19,xgb,149,"{'subsample': 0.6, 'reg_lambda': 3, 'reg_alpha': 0.1, 'min_child_weight': 1, 'max_depth': 2, 'learning_rate': 0.05, 'gamma': 0, 'colsample_bytree': 0.7, 'colsample_bylevel': 0.6, 'n_estimators': 300}",0.9853054353054352,repeated_stratified,6,0,full,combined
8,7,0.875,8,5,0.625,8,6,0.75,0.75,0.7547385620915033,0.8671875,7,1,0,0,5,3,0,2,6,P19,xgb,149,"{'subsample': 0.6, 'reg_lambda': 3, 'reg_alpha': 0.1, 'min_child_weight': 1, 'max_depth': 2, 'learning_rate': 0.05, 'gamma': 0, 'colsample_bytree': 0.7, 'colsample_bylevel': 0.6, 'n_estimators': 300}",0.9878306878306878,repeated_stratified,6,1,full,combined
8,7,0.875,8,5,0.625,8,7,0.875,0.7916666666666666,0.7948203842940685,0.96875,7,0,1,0,5,3,0,1,7,P19,xgb,150,"{'subsample': 0.6, 'reg_lambda': 1, 'reg_alpha': 0, 'min_child_weight': 1, 'max_depth': 2, 'learning_rate': 0.03, 'gamma': 0, 'colsample_bytree': 0.6, 'colsample_bylevel': 0.6, 'n_estimators': 300}",0.974025974025974,repeated_stratified,6,2,full,combined
8,8,1.0,8,5,0.625,8,5,0.625,0.75,0.75,0.84375,8,0,0,0,5,3,0,3,5,P19,xgb,149,"{'subsample': 0.6, 'reg_lambda': 3, 'reg_alpha': 0.1, 'min_child_weight': 1, 'max_depth': 2, 'learning_rate': 0.05, 'gamma': 0, 'colsample_bytree': 0.7, 'colsample_bylevel': 0.6, 'n_estimators': 300}",0.9883116883116884,repeated_stratified,6,3,full,combined
8,7,0.875,8,7,0.875,8,7,0.875,0.875,0.8772875816993464,0.9739583333333334,7,1,0,1,7,0,0,1,7,P19,xgb,150,"{'subsample': 0.6, 'reg_lambda': 3, 'reg_alpha': 0.1, 'min_child_weight': 1, 'max_depth': 8, 'learning_rate': 0.05, 'gamma': 0, 'colsample_bytree': 0.7, 'colsample_bylevel': 0.8, 'n_estimators': 300}",0.9784511784511783,repeated_stratified,6,4,full,combined
8,8,1.0,8,8,1.0,8,7,0.875,0.9583333333333334,0.9581699346405228,0.9791666666666666,8,0,0,0,8,0,0,1,7,P19,xgb,146,"{'subsample': 0.6, 'reg_lambda': 1, 'reg_alpha': 0, 'min_child_weight': 1, 'max_depth': 2, 'learning_rate': 0.03, 'gamma': 0, 'colsample_bytree': 0.6, 'colsample_bylevel': 0.6, 'n_estimators': 300}",0.958152958152958,repeated_stratified,7,0,full,combined
8,8,1.0,8,7,0.875,8,6,0.75,0.875,0.8720588235294118,0.9817708333333334,8,0,0,0,7,1,1,1,6,P19,xgb,150,"{'subsample': 0.6, 'reg_lambda': 1, 'reg_alpha': 0, 'min_child_weight': 1, 'max_depth': 2, 'learning_rate': 0.03, 'gamma': 0, 'colsample_bytree': 0.6, 'colsample_bylevel': 0.6, 'n_estimators': 300}",0.9558201058201058,repeated_stratified,7,1,full,combined
8,7,0.875,8,7,0.875,8,8,1.0,0.9166666666666666,0.9166666666666666,0.9817708333333334,7,1,0,1,7,0,0,0,8,P19,xgb,150,"{'subsample': 0.6, 'reg_lambda': 1, 'reg_alpha': 0, 'min_child_weight': 1, 'max_depth': 2, 'learning_rate': 0.03, 'gamma': 0, 'colsample_bytree': 0.6, 'colsample_bylevel': 0.6, 'n_estimators': 300}",0.9867243867243866,repeated_stratified,7,2,full,combined
8,8,1.0,8,5,0.625,8,8,1.0,0.875,0.8704453441295547,0.984375,8,0,0,0,5,3,0,0,8,P19,xgb,149,"{'subsample': 0.6, 'reg_lambda': 1, 'reg_alpha': 0, 'min_child_weight': 1, 'max_depth': 2, 'learning_rate': 0.03, 'gamma': 0, 'colsample_bytree': 0.6, 'colsample_bylevel': 0.6, 'n_estimators': 300}",0.9692159692159692,repeated_stratified,7,3,full,combined
8,7,0.875,8,7,0.875,8,5,0.625,0.7916666666666666,0.7948203842940685,0.90625,7,1,0,0,7,1,0,3,5,P19,xgb,150,"{'subsample': 0.6, 'reg_lambda': 1, 'reg_alpha': 0, 'min_child_weight': 1, 'max_depth': 2, 'learning_rate': 0.03, 'gamma': 0, 'colsample_bytree': 0.6, 'colsample_bylevel': 0.6, 'n_estimators': 300}",0.9768157768157768,repeated_stratified,7,4,full,combined
8,8,1.0,8,7,0.875,8,7,0.875,0.9166666666666666,0.9166666666666666,0.96875,8,0,0,0,7,1,0,1,7,P19,xgb,149,"{'subsample': 0.6, 'reg_lambda': 1, 'reg_alpha': 0, 'min_child_weight': 1, 'max_depth': 2, 'learning_rate': 0.03, 'gamma': 0, 'colsample_bytree': 0.6, 'colsample_bylevel': 0.6, 'n_estimators': 300}",0.982010582010582,repeated_stratified,8,0,full,combined
8,8,1.0,8,4,0.5,8,7,0.875,0.7916666666666666,0.7840755735492578,0.96875,8,0,0,0,4,4,0,1,7,P19,xgb,150,"{'subsample': 0.6, 'reg_lambda': 1, 'reg_alpha': 0, 'min_child_weight': 1, 'max_depth': 2, 'learning_rate': 0.03, 'gamma': 0, 'colsample_bytree': 0.6, 'colsample_bylevel': 0.6, 'n_estimators': 300}",0.9565175565175568,repeated_stratified,8,1,full,combined
8,6,0.75,8,8,1.0,8,7,0.875,0.875,0.8775271512113617,0.984375,6,2,0,0,8,0,0,1,7,P19,xgb,145,"{'subsample': 0.6, 'reg_lambda': 1, 'reg_alpha': 0, 'min_child_weight': 1, 'max_depth': 2, 'learning_rate': 0.03, 'gamma': 0, 'colsample_bytree': 0.6, 'colsample_bylevel': 0.6, 'n_estimators': 300}",0.9873256373256372,repeated_stratified,8,2,full,combined
8,8,1.0,8,8,1.0,8,7,0.875,0.9583333333333334,0.9581699346405228,0.9739583333333334,8,0,0,0,8,0,0,1,7,P19,xgb,148,"{'subsample': 0.6, 'reg_lambda': 1, 'reg_alpha': 0, 'min_child_weight': 1, 'max_depth': 2, 'learning_rate': 0.03, 'gamma': 0, 'colsample_bytree': 0.6, 'colsample_bylevel': 0.6, 'n_estimators': 300}",0.9837902837902838,repeated_stratified,8,3,full,combined
8,8,1.0,8,6,0.75,8,6,0.75,0.8333333333333334,0.8333333333333334,0.9348958333333334,8,0,0,0,6,2,0,2,6,P19,xgb,150,"{'subsample': 0.6, 'reg_lambda': 1, 'reg_alpha': 0, 'min_child_weight': 1, 'max_depth': 2, 'learning_rate': 0.03, 'gamma': 0, 'colsample_bytree': 0.6, 'colsample_bylevel': 0.6, 'n_estimators': 300}",0.9557239057239056,repeated_stratified,8,4,full,combined
8,8,1.0,8,5,0.625,8,7,0.875,0.8333333333333334,0.8306878306878307,0.9765625,8,0,0,0,5,3,0,1,7,P19,xgb,150,"{'subsample': 0.6, 'reg_lambda': 1, 'reg_alpha': 0, 'min_child_weight': 1, 'max_depth': 2, 'learning_rate': 0.03, 'gamma': 0, 'colsample_bytree': 0.6, 'colsample_bylevel': 0.6, 'n_estimators': 300}",0.9672679172679172,repeated_stratified,9,0,full,combined
8,8,1.0,8,5,0.625,8,5,0.625,0.75,0.744281045751634,0.9140625,8,0,0,1,5,2,0,3,5,P19,xgb,149,"{'subsample': 0.6, 'reg_lambda': 3, 'reg_alpha': 0.1, 'min_child_weight': 1, 'max_depth': 2, 'learning_rate': 0.05, 'gamma': 0, 'colsample_bytree': 0.7, 'colsample_bylevel': 0.6, 'n_estimators': 300}",0.9814814814814816,repeated_stratified,9,1,full,combined
8,6,0.75,8,7,0.875,8,8,1.0,0.875,0.8739495798319327,0.9765625,6,2,0,0,7,1,0,0,8,P19,xgb,148,"{'subsample': 0.6, 'reg_lambda': 3, 'reg_alpha': 0.1, 'min_child_weight': 1, 'max_depth': 8, 'learning_rate': 0.05, 'gamma': 0, 'colsample_bytree': 0.7, 'colsample_bylevel': 0.8, 'n_estimators': 300}",0.9854256854256854,repeated_stratified,9,2,full,combined
8,8,1.0,8,6,0.75,8,7,0.875,0.875,0.8745098039215686,0.9817708333333334,8,0,0,0,6,2,0,1,7,P19,xgb,149,"{'subsample': 0.6, 'reg_lambda': 1, 'reg_alpha': 0, 'min_child_weight': 1, 'max_depth': 2, 'learning_rate': 0.03, 'gamma': 0, 'colsample_bytree': 0.6, 'colsample_bylevel': 0.6, 'n_estimators': 300}",0.9691919191919192,repeated_stratified,9,3,full,combined
8,8,1.0,8,8,1.0,8,3,0.375,0.7916666666666666,0.7622103386809269,0.9869791666666666,8,0,0,0,8,0,1,4,3,P19,xgb,150,"{'subsample': 0.6, 'reg_lambda': 3, 'reg_alpha': 0.1, 'min_child_weight': 1, 'max_depth': 8, 'learning_rate': 0.05, 'gamma': 0, 'colsample_bytree': 0.7, 'colsample_bylevel': 0.8, 'n_estimators': 300}",0.9413660413660412,repeated_stratified,9,4,full,combined
8,8,1.0,8,7,0.875,8,4,0.5,0.7916666666666666,0.7815617475060198,0.890625,8,0,0,1,7,0,0,4,4,P21,xgb,145,"{'subsample': 0.6, 'reg_lambda': 3, 'reg_alpha': 0.1, 'min_child_weight': 1, 'max_depth': 2, 'learning_rate': 0.05, 'gamma': 0, 'colsample_bytree': 0.7, 'colsample_bylevel': 0.6, 'n_estimators': 300}",0.9403318903318904,repeated_stratified,0,0,full,combined
8,7,0.875,8,7,0.875,8,8,1.0,0.9166666666666666,0.9165032679738562,0.9739583333333334,7,1,0,0,7,1,0,0,8,P21,xgb,149,"{'subsample': 0.6, 'reg_lambda': 3, 'reg_alpha': 0.1, 'min_child_weight': 1, 'max_depth': 8, 'learning_rate': 0.05, 'gamma': 0, 'colsample_bytree': 0.7, 'colsample_bylevel': 0.8, 'n_estimators': 300}",0.9648388648388648,repeated_stratified,0,1,full,combined
8,8,1.0,8,5,0.625,8,8,1.0,0.875,0.8704453441295547,0.9401041666666666,8,0,0,0,5,3,0,0,8,P21,xgb,150,"{'subsample': 0.6, 'reg_lambda': 3, 'reg_alpha': 0.1, 'min_child_weight': 1, 'max_depth': 8, 'learning_rate': 0.05, 'gamma': 0, 'colsample_bytree': 0.7, 'colsample_bylevel': 0.8, 'n_estimators': 300}",0.9294372294372294,repeated_stratified,0,2,full,combined
8,8,1.0,8,6,0.75,8,6,0.75,0.8333333333333334,0.8333333333333334,0.9348958333333334,8,0,0,0,6,2,0,2,6,P21,xgb,148,"{'subsample': 0.6, 'reg_lambda': 3, 'reg_alpha': 0.1, 'min_child_weight': 1, 'max_depth': 2, 'learning_rate': 0.05, 'gamma': 0, 'colsample_bytree': 0.7, 'colsample_bylevel': 0.6, 'n_estimators': 300}",0.907022607022607,repeated_stratified,0,3,full,combined
8,8,1.0,8,6,0.75,8,4,0.5,0.75,0.746031746031746,0.8958333333333334,8,0,0,0,6,2,0,4,4,P21,xgb,148,"{'subsample': 0.6, 'reg_lambda': 1, 'reg_alpha': 0, 'min_child_weight': 1, 'max_depth': 2, 'learning_rate': 0.03, 'gamma': 0, 'colsample_bytree': 0.6, 'colsample_bylevel': 0.6, 'n_estimators': 300}",0.9395382395382397,repeated_stratified,0,4,full,combined
8,8,1.0,8,5,0.625,8,6,0.75,0.7916666666666666,0.7908496732026143,0.9140625,8,0,0,0,5,3,0,2,6,P21,xgb,149,"{'subsample': 0.6, 'reg_lambda': 1, 'reg_alpha': 0, 'min_child_weight': 1, 'max_depth': 2, 'learning_rate': 0.03, 'gamma': 0, 'colsample_bytree': 0.6, 'colsample_bylevel': 0.6, 'n_estimators': 300}",0.9211399711399711,repeated_stratified,1,0,full,combined
8,8,1.0,8,4,0.5,8,5,0.625,0.7083333333333334,0.7071895424836602,0.8203125,8,0,0,0,4,4,0,3,5,P21,xgb,149,"{'subsample': 0.6, 'reg_lambda': 3, 'reg_alpha': 0.1, 'min_child_weight': 1, 'max_depth': 2, 'learning_rate': 0.05, 'gamma': 0, 'colsample_bytree': 0.7, 'colsample_bylevel': 0.6, 'n_estimators': 300}",0.9507696007696008,repeated_stratified,1,1,full,combined
8,7,0.875,8,6,0.75,8,7,0.875,0.8333333333333334,0.8356209150326798,0.96875,7,1,0,0,6,2,0,1,7,P21,xgb,149,"{'subsample': 0.6, 'reg_lambda': 1, 'reg_alpha': 0, 'min_child_weight': 1, 'max_depth': 2, 'learning_rate': 0.03, 'gamma': 0, 'colsample_bytree': 0.6, 'colsample_bylevel': 0.6, 'n_estimators': 300}",0.9653920153920154,repeated_stratified,1,2,full,combined
8,8,1.0,8,5,0.625,8,5,0.625,0.75,0.744281045751634,0.8984375,8,0,0,1,5,2,0,3,5,P21,xgb,148,"{'subsample': 0.6, 'reg_lambda': 1, 'reg_alpha': 0, 'min_child_weight': 1, 'max_depth': 2, 'learning_rate': 0.03, 'gamma': 0, 'colsample_bytree': 0.6, 'colsample_bylevel': 0.6, 'n_estimators': 300}",0.924074074074074,repeated_stratified,1,3,full,combined
8,8,1.0,8,4,0.5,8,6,0.75,0.75,0.746031746031746,0.8984375,8,0,0,0,4,4,0,2,6,P21,xgb,145,"{'subsample': 0.6, 'reg_lambda': 1, 'reg_alpha': 0, 'min_child_weight': 1, 'max_depth': 2, 'learning_rate': 0.03, 'gamma': 0, 'colsample_bytree': 0.6, 'colsample_bylevel': 0.6, 'n_estimators': 300}",0.9090428090428091,repeated_stratified,1,4,full,combined
8,8,1.0,8,5,0.625,8,4,0.5,0.7083333333333334,0.7002801120448178,0.8333333333333334,8,0,0,1,5,2,0,4,4,P21,xgb,150,"{'subsample': 0.8, 'reg_lambda': 1, 'reg_alpha': 0, 'min_child_weight': 1, 'max_depth': 8, 'learning_rate': 0.01, 'gamma': 0.3, 'colsample_bytree': 0.6, 'colsample_bylevel': 0.8, 'n_estimators': 300}",0.9557479557479557,repeated_stratified,2,0,full,combined
8,8,1.0,8,5,0.625,8,7,0.875,0.8333333333333334,0.8306878306878307,0.9166666666666666,8,0,0,0,5,3,0,1,7,P21,xgb,148,"{'subsample': 0.6, 'reg_lambda': 5, 'reg_alpha': 0.5, 'min_child_weight': 1, 'max_depth': 8, 'learning_rate': 0.03, 'gamma': 0.3, 'colsample_bytree': 0.6, 'colsample_bylevel': 0.6, 'n_estimators': 300}",0.9480759980759982,repeated_stratified,2,1,full,combined
8,8,1.0,8,5,0.625,8,6,0.75,0.7916666666666666,0.7908496732026143,0.9140625,8,0,0,0,5,3,0,2,6,P21,xgb,150,"{'subsample': 0.8, 'reg_lambda': 5, 'reg_alpha': 0.1, 'min_child_weight': 1, 'max_depth': 8, 'learning_rate': 0.03, 'gamma': 0, 'colsample_bytree': 0.6, 'colsample_bylevel': 0.6, 'n_estimators': 300}",0.8984126984126984,repeated_stratified,2,2,full,combined
8,8,1.0,8,6,0.75,8,4,0.5,0.75,0.746031746031746,0.9010416666666666,8,0,0,0,6,2,0,4,4,P21,xgb,150,"{'subsample': 0.8, 'reg_lambda': 5, 'reg_alpha': 0.1, 'min_child_weight': 1, 'max_depth': 8, 'learning_rate': 0.03, 'gamma': 0, 'colsample_bytree': 0.6, 'colsample_bylevel': 0.6, 'n_estimators': 300}",0.9273689273689274,repeated_stratified,2,3,full,combined
8,8,1.0,8,4,0.5,8,5,0.625,0.7083333333333334,0.7071895424836602,0.8567708333333334,8,0,0,0,4,4,0,3,5,P21,xgb,150,"{'subsample': 0.6, 'reg_lambda': 3, 'reg_alpha': 0.1, 'min_child_weight': 1, 'max_depth': 2, 'learning_rate': 0.05, 'gamma': 0, 'colsample_bytree': 0.7, 'colsample_bylevel': 0.6, 'n_estimators': 300}",0.9036796536796537,repeated_stratified,2,4,full,combined
8,8,1.0,8,8,1.0,8,3,0.375,0.7916666666666666,0.7691197691197691,0.9817708333333334,8,0,0,0,8,0,0,5,3,P21,xgb,148,"{'subsample': 0.6, 'reg_lambda': 3, 'reg_alpha': 0.1, 'min_child_weight': 1, 'max_depth': 2, 'learning_rate': 0.05, 'gamma': 0, 'colsample_bytree': 0.7, 'colsample_bylevel': 0.6, 'n_estimators': 300}",0.9273689273689274,repeated_stratified,3,0,full,combined
8,7,0.875,8,5,0.625,8,5,0.625,0.7083333333333334,0.7155228758169935,0.9166666666666666,7,1,0,0,5,3,0,3,5,P21,xgb,146,"{'subsample': 0.6, 'reg_lambda': 3, 'reg_alpha': 0.1, 'min_child_weight': 1, 'max_depth': 2, 'learning_rate': 0.05, 'gamma': 0, 'colsample_bytree': 0.7, 'colsample_bylevel': 0.6, 'n_estimators': 300}",0.9804713804713804,repeated_stratified,3,1,full,combined
8,8,1.0,8,6,0.75,8,6,0.75,0.8333333333333334,0.8333333333333334,0.9322916666666666,8,0,0,0,6,2,0,2,6,P21,xgb,150,"{'subsample': 0.6, 'reg_lambda': 3, 'reg_alpha': 0.1, 'min_child_weight': 1, 'max_depth': 8, 'learning_rate': 0.05, 'gamma': 0, 'colsample_bytree': 0.7, 'colsample_bylevel': 0.8, 'n_estimators': 300}",0.9221741221741223,repeated_stratified,3,2,full,combined
8,8,1.0,8,4,0.5,8,3,0.375,0.625,0.6235294117647059,0.8255208333333334,8,0,0,0,4,4,0,5,3,P21,xgb,124,"{'subsample': 0.6, 'reg_lambda': 3, 'reg_alpha': 0.1, 'min_child_weight': 1, 'max_depth': 8, 'learning_rate': 0.05, 'gamma': 0, 'colsample_bytree': 0.7, 'colsample_bylevel': 0.8, 'n_estimators': 300}",0.9702982202982202,repeated_stratified,3,3,full,combined
8,8,1.0,8,4,0.5,8,3,0.375,0.625,0.6235294117647059,0.8567708333333334,8,0,0,0,4,4,0,5,3,P21,xgb,148,"{'subsample': 0.6, 'reg_lambda': 1, 'reg_alpha': 0, 'min_child_weight': 1, 'max_depth': 2, 'learning_rate': 0.03, 'gamma': 0, 'colsample_bytree': 0.6, 'colsample_bylevel': 0.6, 'n_estimators': 300}",0.8769119769119769,repeated_stratified,3,4,full,combined
8,8,1.0,8,2,0.25,8,5,0.625,0.625,0.6002751977984175,0.8489583333333334,8,0,0,0,2,6,1,2,5,P21,xgb,146,"{'subsample': 0.6, 'reg_lambda': 1, 'reg_alpha': 0, 'min_child_weight': 1, 'max_depth': 2, 'learning_rate': 0.03, 'gamma': 0, 'colsample_bytree': 0.6, 'colsample_bylevel': 0.6, 'n_estimators': 300}",0.9436267436267437,repeated_stratified,4,0,full,combined
8,7,0.875,8,6,0.75,8,6,0.75,0.7916666666666666,0.7964052287581699,0.8385416666666666,7,1,0,0,6,2,0,2,6,P21,xgb,144,"{'subsample': 0.6, 'reg_lambda': 1, 'reg_alpha': 0, 'min_child_weight': 1, 'max_depth': 2, 'learning_rate': 0.03, 'gamma': 0, 'colsample_bytree': 0.6, 'colsample_bylevel': 0.6, 'n_estimators': 300}",0.9645262145262145,repeated_stratified,4,1,full,combined
8,8,1.0,8,7,0.875,8,5,0.625,0.8333333333333334,0.8306878306878307,0.9635416666666666,8,0,0,0,7,1,0,3,5,P21,xgb,150,"{'subsample': 0.6, 'reg_lambda': 1, 'reg_alpha': 0, 'min_child_weight': 1, 'max_depth': 2, 'learning_rate': 0.03, 'gamma': 0, 'colsample_bytree': 0.6, 'colsample_bylevel': 0.6, 'n_estimators': 300}",0.9371572871572873,repeated_stratified,4,2,full,combined
8,8,1.0,8,5,0.625,8,6,0.75,0.7916666666666666,0.7908496732026143,0.8958333333333334,8,0,0,0,5,3,0,2,6,P21,xgb,148,"{'subsample': 0.6, 'reg_lambda': 1, 'reg_alpha': 0, 'min_child_weight': 1, 'max_depth': 2, 'learning_rate': 0.03, 'gamma': 0, 'colsample_bytree': 0.6, 'colsample_bylevel': 0.6, 'n_estimators': 300}",0.9341750841750841,repeated_stratified,4,3,full,combined
8,8,1.0,8,5,0.625,8,6,0.75,0.7916666666666666,0.7908496732026143,0.9166666666666666,8,0,0,0,5,3,0,2,6,P21,xgb,150,"{'subsample': 0.6, 'reg_lambda': 3, 'reg_alpha': 0.1, 'min_child_weight': 1, 'max_depth': 2, 'learning_rate': 0.05, 'gamma': 0, 'colsample_bytree': 0.7, 'colsample_bylevel': 0.6, 'n_estimators': 300}",0.9004569504569505,repeated_stratified,4,4,full,combined
8,8,1.0,8,6,0.75,8,7,0.875,0.875,0.8745098039215686,0.9166666666666666,8,0,0,0,6,2,0,1,7,P21,xgb,150,"{'subsample': 0.6, 'reg_lambda': 1, 'reg_alpha': 0, 'min_child_weight': 1, 'max_depth': 2, 'learning_rate': 0.03, 'gamma': 0, 'colsample_bytree': 0.6, 'colsample_bylevel': 0.6, 'n_estimators': 300}",0.9302549302549304,repeated_stratified,5,0,full,combined
8,8,1.0,8,7,0.875,8,5,0.625,0.8333333333333334,0.8306878306878307,0.9427083333333334,8,0,0,0,7,1,0,3,5,P21,xgb,148,"{'subsample': 0.6, 'reg_lambda': 1, 'reg_alpha': 0, 'min_child_weight': 1, 'max_depth': 2, 'learning_rate': 0.03, 'gamma': 0, 'colsample_bytree': 0.6, 'colsample_bylevel': 0.6, 'n_estimators': 300}",0.9168350168350168,repeated_stratified,5,1,full,combined
8,8,1.0,8,8,1.0,8,3,0.375,0.7916666666666666,0.7691197691197691,0.8697916666666666,8,0,0,0,8,0,0,5,3,P21,xgb,148,"{'subsample': 0.8, 'reg_lambda': 10, 'reg_alpha': 0, 'min_child_weight': 1, 'max_depth': 4, 'learning_rate': 0.03, 'gamma': 0, 'colsample_bytree': 0.6, 'colsample_bylevel': 0.8, 'n_estimators': 300}",0.9303511303511303,repeated_stratified,5,2,full,combined
8,7,0.875,8,3,0.375,8,5,0.625,0.625,0.621078431372549,0.890625,7,1,0,1,3,4,0,3,5,P21,xgb,149,"{'subsample': 0.6, 'reg_lambda': 1, 'reg_alpha': 0, 'min_child_weight': 1, 'max_depth': 2, 'learning_rate': 0.03, 'gamma': 0, 'colsample_bytree': 0.6, 'colsample_bylevel': 0.6, 'n_estimators': 300}",0.9700336700336701,repeated_stratified,5,3,full,combined
8,8,1.0,8,5,0.625,8,3,0.375,0.6666666666666666,0.6613756613756614,0.8645833333333334,8,0,0,0,5,3,0,5,3,P21,xgb,148,"{'subsample': 0.6, 'reg_lambda': 3, 'reg_alpha': 0.1, 'min_child_weight': 1, 'max_depth': 2, 'learning_rate': 0.05, 'gamma': 0, 'colsample_bytree': 0.7, 'colsample_bylevel': 0.6, 'n_estimators': 300}",0.9537037037037037,repeated_stratified,5,4,full,combined
8,8,1.0,8,7,0.875,8,4,0.5,0.7916666666666666,0.7840755735492578,0.9375,8,0,0,0,7,1,0,4,4,P21,xgb,148,"{'subsample': 0.6, 'reg_lambda': 3, 'reg_alpha': 0.1, 'min_child_weight': 1, 'max_depth': 8, 'learning_rate': 0.05, 'gamma': 0, 'colsample_bytree': 0.7, 'colsample_bylevel': 0.8, 'n_estimators': 300}",0.9250120250120251,repeated_stratified,6,0,full,combined
8,8,1.0,8,3,0.375,8,6,0.75,0.7083333333333334,0.6897938662644544,0.8645833333333334,8,0,0,1,3,4,0,2,6,P21,xgb,148,"{'subsample': 0.6, 'reg_lambda': 3, 'reg_alpha': 0.1, 'min_child_weight': 1, 'max_depth': 2, 'learning_rate': 0.05, 'gamma': 0, 'colsample_bytree': 0.7, 'colsample_bylevel': 0.6, 'n_estimators': 300}",0.9475468975468976,repeated_stratified,6,1,full,combined
8,8,1.0,8,5,0.625,8,6,0.75,0.7916666666666666,0.7908496732026143,0.9296875,8,0,0,0,5,3,0,2,6,P21,xgb,149,"{'subsample': 0.6, 'reg_lambda': 1, 'reg_alpha': 0, 'min_child_weight': 1, 'max_depth': 2, 'learning_rate': 0.03, 'gamma': 0, 'colsample_bytree': 0.6, 'colsample_bylevel': 0.6, 'n_estimators': 300}",0.8826118326118326,repeated_stratified,6,2,full,combined
8,8,1.0,8,3,0.375,8,6,0.75,0.7083333333333334,0.697705802968961,0.8489583333333334,8,0,0,0,3,5,0,2,6,P21,xgb,148,"{'subsample': 0.6, 'reg_lambda': 3, 'reg_alpha': 0.1, 'min_child_weight': 1, 'max_depth': 8, 'learning_rate': 0.05, 'gamma': 0, 'colsample_bytree': 0.7, 'colsample_bylevel': 0.8, 'n_estimators': 300}",0.9622414622414622,repeated_stratified,6,3,full,combined
8,7,0.875,8,5,0.625,8,5,0.625,0.7083333333333334,0.7155228758169935,0.8776041666666666,7,1,0,0,5,3,0,3,5,P21,xgb,150,"{'subsample': 0.6, 'reg_lambda': 1, 'reg_alpha': 0, 'min_child_weight': 1, 'max_depth': 2, 'learning_rate': 0.03, 'gamma': 0, 'colsample_bytree': 0.6, 'colsample_bylevel': 0.6, 'n_estimators': 300}",0.9593795093795094,repeated_stratified,6,4,full,combined
8,8,1.0,8,3,0.375,8,4,0.5,0.625,0.6235294117647059,0.8125,8,0,0,0,3,5,0,4,4,P21,xgb,148,"{'subsample': 0.8, 'reg_lambda': 10, 'reg_alpha': 0, 'min_child_weight': 1, 'max_depth': 8, 'learning_rate': 0.05, 'gamma': 0, 'colsample_bytree': 0.7, 'colsample_bylevel': 0.6, 'n_estimators': 300}",0.9136363636363636,repeated_stratified,7,0,full,combined
8,8,1.0,8,4,0.5,8,4,0.5,0.6666666666666666,0.6666666666666666,0.828125,8,0,0,0,4,4,0,4,4,P21,xgb,146,"{'subsample': 0.6, 'reg_lambda': 3, 'reg_alpha': 0.1, 'min_child_weight': 1, 'max_depth': 2, 'learning_rate': 0.05, 'gamma': 0, 'colsample_bytree': 0.7, 'colsample_bylevel': 0.6, 'n_estimators': 300}",0.9575036075036075,repeated_stratified,7,1,full,combined
8,8,1.0,8,2,0.25,8,5,0.625,0.625,0.611336032388664,0.859375,8,0,0,0,2,6,0,3,5,P21,xgb,149,"{'subsample': 0.6, 'reg_lambda': 3, 'reg_alpha': 0.1, 'min_child_weight': 1, 'max_depth': 2, 'learning_rate': 0.05, 'gamma': 0, 'colsample_bytree': 0.7, 'colsample_bylevel': 0.6, 'n_estimators': 300}",0.9275372775372775,repeated_stratified,7,2,full,combined
8,8,1.0,8,4,0.5,8,4,0.5,0.6666666666666666,0.6581699346405229,0.8880208333333334,8,0,0,1,4,3,0,4,4,P21,xgb,150,"{'subsample': 0.6, 'reg_lambda': 1, 'reg_alpha': 0, 'min_child_weight': 1, 'max_depth': 2, 'learning_rate': 0.03, 'gamma': 0, 'colsample_bytree': 0.6, 'colsample_bylevel': 0.6, 'n_estimators': 300}",0.9248677248677248,repeated_stratified,7,3,full,combined
8,7,0.875,8,7,0.875,8,6,0.75,0.8333333333333334,0.837037037037037,0.9010416666666666,7,1,0,0,7,1,0,2,6,P21,xgb,150,"{'subsample': 0.6, 'reg_lambda': 3, 'reg_alpha': 0.1, 'min_child_weight': 1, 'max_depth': 8, 'learning_rate': 0.05, 'gamma': 0, 'colsample_bytree': 0.7, 'colsample_bylevel': 0.8, 'n_estimators': 300}",0.941053391053391,repeated_stratified,7,4,full,combined
8,8,1.0,8,4,0.5,8,4,0.5,0.6666666666666666,0.6518518518518518,0.828125,8,0,0,1,4,3,1,3,4,P21,xgb,150,"{'subsample': 0.6, 'reg_lambda': 3, 'reg_alpha': 0.1, 'min_child_weight': 1, 'max_depth': 8, 'learning_rate': 0.05, 'gamma': 0, 'colsample_bytree': 0.7, 'colsample_bylevel': 0.8, 'n_estimators': 300}",0.9613275613275613,repeated_stratified,8,0,full,combined
8,8,1.0,8,5,0.625,8,7,0.875,0.8333333333333334,0.8306878306878307,0.9322916666666666,8,0,0,0,5,3,0,1,7,P21,xgb,150,"{'subsample': 0.6, 'reg_lambda': 3, 'reg_alpha': 0.1, 'min_child_weight': 1, 'max_depth': 8, 'learning_rate': 0.05, 'gamma': 0, 'colsample_bytree': 0.7, 'colsample_bylevel': 0.8, 'n_estimators': 300}",0.9434102934102935,repeated_stratified,8,1,full,combined
8,8,1.0,8,5,0.625,8,4,0.5,0.7083333333333334,0.7071895424836602,0.8697916666666666,8,0,0,0,5,3,0,4,4,P21,xgb,147,"{'subsample': 0.6, 'reg_lambda': 1, 'reg_alpha': 0, 'min_child_weight': 1, 'max_depth': 2, 'learning_rate': 0.03, 'gamma': 0, 'colsample_bytree': 0.6, 'colsample_bylevel': 0.6, 'n_estimators': 300}",0.9245069745069744,repeated_stratified,8,2,full,combined
8,7,0.875,8,3,0.375,8,6,0.75,0.6666666666666666,0.6644945697577277,0.8255208333333334,7,1,0,0,3,5,0,2,6,P21,xgb,140,"{'subsample': 0.6, 'reg_lambda': 3, 'reg_alpha': 0.1, 'min_child_weight': 1, 'max_depth': 2, 'learning_rate': 0.05, 'gamma': 0, 'colsample_bytree': 0.7, 'colsample_bylevel': 0.6, 'n_estimators': 300}",0.9731120731120732,repeated_stratified,8,3,full,combined
8,8,1.0,8,4,0.5,8,5,0.625,0.7083333333333334,0.7071895424836602,0.859375,8,0,0,0,4,4,0,3,5,P21,xgb,147,"{'subsample': 0.6, 'reg_lambda': 1, 'reg_alpha': 0, 'min_child_weight': 1, 'max_depth': 2, 'learning_rate': 0.03, 'gamma': 0, 'colsample_bytree': 0.6, 'colsample_bylevel': 0.6, 'n_estimators': 300}",0.9385521885521886,repeated_stratified,8,4,full,combined
8,8,1.0,8,6,0.75,8,5,0.625,0.7916666666666666,0.7908496732026143,0.8671875,8,0,0,0,6,2,0,3,5,P21,xgb,150,"{'subsample': 0.6, 'reg_lambda': 3, 'reg_alpha': 0.1, 'min_child_weight': 1, 'max_depth': 8, 'learning_rate': 0.05, 'gamma': 0, 'colsample_bytree': 0.7, 'colsample_bylevel': 0.8, 'n_estimators': 300}",0.9201539201539202,repeated_stratified,9,0,full,combined
8,8,1.0,8,3,0.375,8,6,0.75,0.7083333333333334,0.697705802968961,0.9192708333333334,8,0,0,0,3,5,0,2,6,P21,xgb,149,"{'subsample': 0.6, 'reg_lambda': 3, 'reg_alpha': 0.1, 'min_child_weight': 1, 'max_depth': 2, 'learning_rate': 0.05, 'gamma': 0, 'colsample_bytree': 0.7, 'colsample_bylevel': 0.6, 'n_estimators': 300}",0.9331168831168831,repeated_stratified,9,1,full,combined
8,8,1.0,8,4,0.5,8,6,0.75,0.75,0.746031746031746,0.890625,8,0,0,0,4,4,0,2,6,P21,xgb,145,"{'subsample': 0.6, 'reg_lambda': 1, 'reg_alpha': 0, 'min_child_weight': 1, 'max_depth': 2, 'learning_rate': 0.03, 'gamma': 0, 'colsample_bytree': 0.6, 'colsample_bylevel': 0.6, 'n_estimators': 300}",0.9633958633958634,repeated_stratified,9,2,full,combined
8,8,1.0,8,5,0.625,8,2,0.25,0.625,0.6002751977984176,0.875,8,0,0,1,5,2,0,6,2,P21,xgb,148,"{'subsample': 0.6, 'reg_lambda': 1, 'reg_alpha': 0, 'min_child_weight': 1, 'max_depth': 2, 'learning_rate': 0.03, 'gamma': 0, 'colsample_bytree': 0.6, 'colsample_bylevel': 0.6, 'n_estimators': 300}",0.9369648869648869,repeated_stratified,9,3,full,combined
8,7,0.875,8,6,0.75,8,5,0.625,0.75,0.7555555555555555,0.8776041666666666,7,1,0,0,6,2,0,3,5,P21,xgb,144,"{'subsample': 0.6, 'reg_lambda': 3, 'reg_alpha': 0.1, 'min_child_weight': 1, 'max_depth': 2, 'learning_rate': 0.05, 'gamma': 0, 'colsample_bytree': 0.7, 'colsample_bylevel': 0.6, 'n_estimators': 300}",0.9740259740259741,repeated_stratified,9,4,full,combined
8,8,1.0,8,3,0.375,8,5,0.625,0.6666666666666666,0.6527568292274174,0.828125,8,0,0,0,3,5,1,2,5,P22,xgb,148,"{'subsample': 0.6, 'reg_lambda': 1, 'reg_alpha': 0, 'min_child_weight': 1, 'max_depth': 2, 'learning_rate': 0.03, 'gamma': 0, 'colsample_bytree': 0.6, 'colsample_bylevel': 0.6, 'n_estimators': 300}",0.9102934102934103,repeated_stratified,0,0,full,combined
8,7,0.875,8,5,0.625,8,3,0.375,0.625,0.6296296296296297,0.8541666666666666,7,0,1,0,5,3,0,5,3,P22,xgb,149,"{'subsample': 0.6, 'reg_lambda': 3, 'reg_alpha': 0.1, 'min_child_weight': 1, 'max_depth': 2, 'learning_rate': 0.05, 'gamma': 0, 'colsample_bytree': 0.7, 'colsample_bylevel': 0.6, 'n_estimators': 300}",0.9073593073593074,repeated_stratified,0,1,full,combined
8,8,1.0,8,3,0.375,8,6,0.75,0.7083333333333334,0.6851851851851851,0.8567708333333334,8,0,0,1,3,4,1,1,6,P22,xgb,150,"{'subsample': 0.6, 'reg_lambda': 1, 'reg_alpha': 0, 'min_child_weight': 1, 'max_depth': 2, 'learning_rate': 0.03, 'gamma': 0, 'colsample_bytree': 0.6, 'colsample_bylevel': 0.6, 'n_estimators': 300}",0.8808321308321309,repeated_stratified,0,2,full,combined
8,8,1.0,8,4,0.5,8,2,0.25,0.5833333333333334,0.5767195767195767,0.7369791666666666,8,0,0,0,4,4,0,6,2,P22,xgb,150,"{'subsample': 0.6, 'reg_lambda': 3, 'reg_alpha': 0.1, 'min_child_weight': 1, 'max_depth': 2, 'learning_rate': 0.05, 'gamma': 0, 'colsample_bytree': 0.7, 'colsample_bylevel': 0.6, 'n_estimators': 300}",0.8991822991822992,repeated_stratified,0,3,full,combined
8,8,1.0,8,4,0.5,8,2,0.25,0.5833333333333334,0.5767195767195767,0.8098958333333334,8,0,0,0,4,4,0,6,2,P22,xgb,150,"{'subsample': 0.6, 'reg_lambda': 1, 'reg_alpha': 0, 'min_child_weight': 1, 'max_depth': 2, 'learning_rate': 0.03, 'gamma': 0, 'colsample_bytree': 0.6, 'colsample_bylevel': 0.6, 'n_estimators': 300}",0.8869648869648871,repeated_stratified,0,4,full,combined
8,8,1.0,8,6,0.75,8,4,0.5,0.75,0.7394957983193278,0.8932291666666666,8,0,0,0,6,2,1,3,4,P22,xgb,150,"{'subsample': 0.6, 'reg_lambda': 5, 'reg_alpha': 0.5, 'min_child_weight': 1, 'max_depth': 8, 'learning_rate': 0.03, 'gamma': 0.3, 'colsample_bytree': 0.6, 'colsample_bylevel': 0.6, 'n_estimators': 300}",0.8946127946127946,repeated_stratified,1,0,full,combined
8,8,1.0,8,2,0.25,8,3,0.375,0.5416666666666666,0.5398692810457516,0.7682291666666666,8,0,0,0,2,6,0,5,3,P22,xgb,150,"{'subsample': 0.6, 'reg_lambda': 1, 'reg_alpha': 0, 'min_child_weight': 1, 'max_depth': 2, 'learning_rate': 0.03, 'gamma': 0, 'colsample_bytree': 0.6, 'colsample_bylevel': 0.6, 'n_estimators': 300}",0.8888167388167388,repeated_stratified,1,1,full,combined
8,8,1.0,8,6,0.75,8,2,0.25,0.6666666666666666,0.6444444444444445,0.7682291666666666,8,0,0,0,6,2,0,6,2,P22,xgb,149,"{'subsample': 0.6, 'reg_lambda': 1, 'reg_alpha': 0, 'min_child_weight': 1, 'max_depth': 2, 'learning_rate': 0.03, 'gamma': 0, 'colsample_bytree': 0.6, 'colsample_bylevel': 0.6, 'n_estimators': 300}",0.9102693602693602,repeated_stratified,1,2,full,combined
8,8,1.0,8,3,0.375,8,3,0.375,0.5833333333333334,0.5833333333333334,0.7708333333333334,8,0,0,0,3,5,0,5,3,P22,xgb,150,"{'subsample': 0.6, 'reg_lambda': 3, 'reg_alpha': 0.1, 'min_child_weight': 1, 'max_depth': 8, 'learning_rate': 0.05, 'gamma': 0, 'colsample_bytree': 0.7, 'colsample_bylevel': 0.8, 'n_estimators': 300}",0.9466810966810967,repeated_stratified,1,3,full,combined
8,8,1.0,8,4,0.5,8,5,0.625,0.7083333333333334,0.6975029327970504,0.8854166666666666,8,0,0,0,4,4,2,1,5,P22,xgb,143,"{'subsample': 0.6, 'reg_lambda': 3, 'reg_alpha': 0.1, 'min_child_weight': 1, 'max_depth': 2, 'learning_rate': 0.05, 'gamma': 0, 'colsample_bytree': 0.7, 'colsample_bylevel': 0.6, 'n_estimators': 300}",0.8245069745069745,repeated_stratified,1,4,full,combined
8,8,1.0,8,7,0.875,8,5,0.625,0.8333333333333334,0.8306878306878307,0.9192708333333334,8,0,0,0,7,1,0,3,5,P22,xgb,150,"{'subsample': 0.6, 'reg_lambda': 1, 'reg_alpha': 0, 'min_child_weight': 1, 'max_depth': 2, 'learning_rate': 0.03, 'gamma': 0, 'colsample_bytree': 0.6, 'colsample_bylevel': 0.6, 'n_estimators': 300}",0.8232804232804233,repeated_stratified,2,0,full,combined
8,8,1.0,8,5,0.625,8,1,0.125,0.5833333333333334,0.5323409533935849,0.8177083333333334,8,0,0,1,5,2,1,6,1,P22,xgb,149,"{'subsample': 0.6, 'reg_lambda': 3, 'reg_alpha': 0.1, 'min_child_weight': 1, 'max_depth': 2, 'learning_rate': 0.05, 'gamma': 0, 'colsample_bytree': 0.7, 'colsample_bylevel': 0.6, 'n_estimators': 300}",0.8481962481962482,repeated_stratified,2,1,full,combined
8,7,0.875,8,6,0.75,8,6,0.75,0.7916666666666666,0.7964052287581699,0.9427083333333334,7,0,1,0,6,2,0,2,6,P22,xgb,150,"{'subsample': 0.6, 'reg_lambda': 3, 'reg_alpha': 0.1, 'min_child_weight': 1, 'max_depth': 2, 'learning_rate': 0.05, 'gamma': 0, 'colsample_bytree': 0.7, 'colsample_bylevel': 0.6, 'n_estimators': 300}",0.8872294372294373,repeated_stratified,2,2,full,combined
8,8,1.0,8,1,0.125,8,3,0.375,0.5,0.49206349206349204,0.7239583333333334,8,0,0,0,1,7,0,5,3,P22,xgb,150,"{'subsample': 0.6, 'reg_lambda': 1, 'reg_alpha': 0, 'min_child_weight': 1, 'max_depth': 2, 'learning_rate': 0.03, 'gamma': 0, 'colsample_bytree': 0.6, 'colsample_bylevel': 0.6, 'n_estimators': 300}",0.8864117364117364,repeated_stratified,2,3,full,combined
8,8,1.0,8,6,0.75,8,2,0.25,0.6666666666666666,0.6353629170966631,0.7760416666666666,8,0,0,0,6,2,1,5,2,P22,xgb,149,"{'subsample': 0.6, 'reg_lambda': 1, 'reg_alpha': 0, 'min_child_weight': 1, 'max_depth': 2, 'learning_rate': 0.03, 'gamma': 0, 'colsample_bytree': 0.6, 'colsample_bylevel': 0.6, 'n_estimators': 300}",0.8995670995670996,repeated_stratified,2,4,full,combined
8,7,0.875,8,5,0.625,8,5,0.625,0.7083333333333334,0.7155228758169935,0.8645833333333334,7,0,1,0,5,3,0,3,5,P22,xgb,150,"{'subsample': 0.8, 'reg_lambda': 1, 'reg_alpha': 0, 'min_child_weight': 1, 'max_depth': 8, 'learning_rate': 0.01, 'gamma': 0.3, 'colsample_bytree': 0.6, 'colsample_bylevel': 0.8, 'n_estimators': 300}",0.8506493506493507,repeated_stratified,3,0,full,combined
8,7,0.875,8,3,0.375,8,3,0.375,0.5416666666666666,0.5416666666666666,0.8020833333333334,7,0,1,1,3,4,0,5,3,P22,xgb,150,"{'subsample': 0.8, 'reg_lambda': 1, 'reg_alpha': 0, 'min_child_weight': 1, 'max_depth': 8, 'learning_rate': 0.01, 'gamma': 0.3, 'colsample_bytree': 0.6, 'colsample_bylevel': 0.8, 'n_estimators': 300}",0.918133718133718,repeated_stratified,3,1,full,combined
8,8,1.0,8,3,0.375,8,6,0.75,0.7083333333333334,0.697705802968961,0.8567708333333334,8,0,0,0,3,5,0,2,6,P22,xgb,149,"{'subsample': 0.6, 'reg_lambda': 1, 'reg_alpha': 0, 'min_child_weight': 1, 'max_depth': 2, 'learning_rate': 0.03, 'gamma': 0, 'colsample_bytree': 0.6, 'colsample_bylevel': 0.6, 'n_estimators': 300}",0.8713564213564213,repeated_stratified,3,2,full,combined
8,8,1.0,8,3,0.375,8,5,0.625,0.6666666666666666,0.6462208815149992,0.8489583333333334,8,0,0,1,3,4,1,2,5,P22,xgb,149,"{'subsample': 0.6, 'reg_lambda': 10, 'reg_alpha': 0.1, 'min_child_weight': 1, 'max_depth': 8, 'learning_rate': 0.03, 'gamma': 0.3, 'colsample_bytree': 0.6, 'colsample_bylevel': 0.8, 'n_estimators': 300}",0.8446849446849446,repeated_stratified,3,3,full,combined
8,7,0.875,8,5,0.625,8,5,0.625,0.7083333333333334,0.7155228758169935,0.8203125,7,1,0,0,5,3,0,3,5,P22,xgb,149,"{'subsample': 0.6, 'reg_lambda': 3, 'reg_alpha': 0.1, 'min_child_weight': 1, 'max_depth': 8, 'learning_rate': 0.05, 'gamma': 0, 'colsample_bytree': 0.7, 'colsample_bylevel': 0.8, 'n_estimators': 300}",0.9173641173641175,repeated_stratified,3,4,full,combined
8,8,1.0,8,5,0.625,8,6,0.75,0.7916666666666666,0.7908496732026143,0.890625,8,0,0,0,5,3,0,2,6,P22,xgb,150,"{'subsample': 0.6, 'reg_lambda': 1, 'reg_alpha': 0, 'min_child_weight': 1, 'max_depth': 2, 'learning_rate': 0.03, 'gamma': 0, 'colsample_bytree': 0.6, 'colsample_bylevel': 0.6, 'n_estimators': 300}",0.9211880711880712,repeated_stratified,4,0,full,combined
8,8,1.0,8,5,0.625,8,5,0.625,0.75,0.75,0.8776041666666666,8,0,0,0,5,3,0,3,5,P22,xgb,149,"{'subsample': 0.6, 'reg_lambda': 1, 'reg_alpha': 0, 'min_child_weight': 1, 'max_depth': 2, 'learning_rate': 0.03, 'gamma': 0, 'colsample_bytree': 0.6, 'colsample_bylevel': 0.6, 'n_estimators': 300}",0.9132756132756134,repeated_stratified,4,1,full,combined
8,8,1.0,8,3,0.375,8,3,0.375,0.5833333333333334,0.5523809523809524,0.7213541666666666,8,0,0,2,3,3,2,3,3,P22,xgb,150,"{'subsample': 0.6, 'reg_lambda': 1, 'reg_alpha': 0, 'min_child_weight': 1, 'max_depth': 2, 'learning_rate': 0.03, 'gamma': 0, 'colsample_bytree': 0.6, 'colsample_bylevel': 0.6, 'n_estimators': 300}",0.8699374699374699,repeated_stratified,4,2,full,combined
8,8,1.0,8,4,0.5,8,3,0.375,0.625,0.6235294117647059,0.8098958333333334,8,0,0,0,4,4,0,5,3,P22,xgb,150,"{'subsample': 0.6, 'reg_lambda': 3, 'reg_alpha': 0.1, 'min_child_weight': 1, 'max_depth': 2, 'learning_rate': 0.05, 'gamma': 0, 'colsample_bytree': 0.7, 'colsample_bylevel': 0.6, 'n_estimators': 300}",0.8716209716209716,repeated_stratified,4,3,full,combined
8,8,1.0,8,5,0.625,8,5,0.625,0.75,0.75,0.8515625,8,0,0,0,5,3,0,3,5,P22,xgb,150,"{'subsample': 0.6, 'reg_lambda': 1, 'reg_alpha': 0, 'min_child_weight': 1, 'max_depth': 2, 'learning_rate': 0.03, 'gamma': 0, 'colsample_bytree': 0.6, 'colsample_bylevel': 0.6, 'n_estimators': 300}",0.8578162578162578,repeated_stratified,4,4,full,combined
8,7,0.875,8,4,0.5,8,4,0.5,0.625,0.634640522875817,0.8151041666666666,7,0,1,0,4,4,0,4,4,P22,xgb,149,"{'subsample': 0.6, 'reg_lambda': 1, 'reg_alpha': 0, 'min_child_weight': 1, 'max_depth': 2, 'learning_rate': 0.03, 'gamma': 0, 'colsample_bytree': 0.6, 'colsample_bylevel': 0.6, 'n_estimators': 300}",0.9127705627705627,repeated_stratified,5,0,full,combined
8,7,0.875,8,6,0.75,8,3,0.375,0.6666666666666666,0.6567460317460317,0.8385416666666666,7,0,1,0,6,2,1,4,3,P22,xgb,150,"{'subsample': 0.6, 'reg_lambda': 10, 'reg_alpha': 0.5, 'min_child_weight': 1, 'max_depth': 2, 'learning_rate': 0.05, 'gamma': 0.1, 'colsample_bytree': 0.6, 'colsample_bylevel': 0.6, 'n_estimators': 300}",0.8500481000481,repeated_stratified,5,1,full,combined
8,8,1.0,8,6,0.75,8,3,0.375,0.7083333333333334,0.6977058029689608,0.8385416666666666,8,0,0,0,6,2,0,5,3,P22,xgb,150,"{'subsample': 0.8, 'reg_lambda': 1, 'reg_alpha': 0, 'min_child_weight': 1, 'max_depth': 4, 'learning_rate': 0.01, 'gamma': 0, 'colsample_bytree': 0.7, 'colsample_bylevel': 0.8, 'n_estimators': 300}",0.8704665704665704,repeated_stratified,5,2,full,combined
8,8,1.0,8,1,0.125,8,2,0.25,0.4583333333333333,0.4415032679738562,0.7265625,8,0,0,1,1,6,0,6,2,P22,xgb,150,"{'subsample': 0.6, 'reg_lambda': 1, 'reg_alpha': 0, 'min_child_weight': 1, 'max_depth': 2, 'learning_rate': 0.03, 'gamma': 0, 'colsample_bytree': 0.6, 'colsample_bylevel': 0.6, 'n_estimators': 300}",0.8581289081289082,repeated_stratified,5,3,full,combined
8,8,1.0,8,4,0.5,8,3,0.375,0.625,0.6235294117647059,0.8229166666666666,8,0,0,0,4,4,0,5,3,P22,xgb,150,"{'subsample': 0.6, 'reg_lambda': 3, 'reg_alpha': 0.1, 'min_child_weight': 1, 'max_depth': 2, 'learning_rate': 0.05, 'gamma': 0, 'colsample_bytree': 0.7, 'colsample_bylevel': 0.6, 'n_estimators': 300}",0.9310004810004809,repeated_stratified,5,4,full,combined
8,7,0.875,8,5,0.625,8,4,0.5,0.6666666666666666,0.6738562091503267,0.8723958333333334,7,0,1,0,5,3,0,4,4,P22,xgb,150,"{'subsample': 0.6, 'reg_lambda': 1, 'reg_alpha': 0, 'min_child_weight': 1, 'max_depth': 2, 'learning_rate': 0.03, 'gamma': 0, 'colsample_bytree': 0.6, 'colsample_bylevel': 0.6, 'n_estimators': 300}",0.8747234247234248,repeated_stratified,6,0,full,combined
8,8,1.0,8,2,0.25,8,5,0.625,0.625,0.611336032388664,0.8776041666666666,8,0,0,0,2,6,0,3,5,P22,xgb,149,"{'subsample': 0.6, 'reg_lambda': 1, 'reg_alpha': 0, 'min_child_weight': 1, 'max_depth': 2, 'learning_rate': 0.03, 'gamma': 0, 'colsample_bytree': 0.6, 'colsample_bylevel': 0.6, 'n_estimators': 300}",0.8719095719095719,repeated_stratified,6,1,full,combined
8,8,1.0,8,2,0.25,8,3,0.375,0.5416666666666666,0.5398692810457516,0.7083333333333334,8,0,0,0,2,6,0,5,3,P22,xgb,150,"{'subsample': 0.8, 'reg_lambda': 10, 'reg_alpha': 0, 'min_child_weight': 1, 'max_depth': 8, 'learning_rate': 0.05, 'gamma': 0, 'colsample_bytree': 0.7, 'colsample_bylevel': 0.6, 'n_estimators': 300}",0.8951659451659452,repeated_stratified,6,2,full,combined
8,8,1.0,8,5,0.625,8,2,0.25,0.625,0.611336032388664,0.7317708333333334,8,0,0,0,5,3,0,6,2,P22,xgb,150,"{'subsample': 0.6, 'reg_lambda': 3, 'reg_alpha': 0.1, 'min_child_weight': 1, 'max_depth': 2, 'learning_rate': 0.05, 'gamma': 0, 'colsample_bytree': 0.7, 'colsample_bylevel': 0.6, 'n_estimators': 300}",0.8930735930735931,repeated_stratified,6,3,full,combined
8,7,0.875,8,5,0.625,8,5,0.625,0.7083333333333334,0.7155228758169935,0.828125,7,1,0,0,5,3,0,3,5,P22,xgb,150,"{'subsample': 0.6, 'reg_lambda': 5, 'reg_alpha': 0, 'min_child_weight': 1, 'max_depth': 2, 'learning_rate': 0.01, 'gamma': 0.3, 'colsample_bytree': 0.7, 'colsample_bylevel': 0.6, 'n_estimators': 300}",0.8929292929292929,repeated_stratified,6,4,full,combined
8,8,1.0,8,5,0.625,8,3,0.375,0.6666666666666666,0.6526610644257703,0.8333333333333334,8,0,0,0,5,3,1,4,3,P22,xgb,150,"{'subsample': 0.6, 'reg_lambda': 3, 'reg_alpha': 0.1, 'min_child_weight': 1, 'max_depth': 2, 'learning_rate': 0.05, 'gamma': 0, 'colsample_bytree': 0.7, 'colsample_bylevel': 0.6, 'n_estimators': 300}",0.8860990860990862,repeated_stratified,7,0,full,combined
8,8,1.0,8,5,0.625,8,4,0.5,0.7083333333333334,0.7002801120448178,0.9010416666666666,8,0,0,1,5,2,0,4,4,P22,xgb,150,"{'subsample': 0.6, 'reg_lambda': 3, 'reg_alpha': 0.1, 'min_child_weight': 1, 'max_depth': 8, 'learning_rate': 0.05, 'gamma': 0, 'colsample_bytree': 0.7, 'colsample_bylevel': 0.8, 'n_estimators': 300}",0.8649591149591149,repeated_stratified,7,1,full,combined
8,7,0.875,8,6,0.75,8,4,0.5,0.7083333333333334,0.7002801120448178,0.8541666666666666,7,0,1,1,6,1,1,3,4,P22,xgb,150,"{'subsample': 0.6, 'reg_lambda': 1, 'reg_alpha': 0, 'min_child_weight': 1, 'max_depth': 2, 'learning_rate': 0.03, 'gamma': 0, 'colsample_bytree': 0.6, 'colsample_bylevel': 0.6, 'n_estimators': 300}",0.9077200577200576,repeated_stratified,7,2,full,combined
8,8,1.0,8,5,0.625,8,1,0.125,0.5833333333333334,0.5555555555555556,0.8046875,8,0,0,0,5,3,0,7,1,P22,xgb,150,"{'subsample': 0.8, 'reg_lambda': 1, 'reg_alpha': 0, 'min_child_weight': 1, 'max_depth': 8, 'learning_rate': 0.01, 'gamma': 0.3, 'colsample_bytree': 0.6, 'colsample_bylevel': 0.8, 'n_estimators': 300}",0.9145262145262145,repeated_stratified,7,3,full,combined
8,7,0.875,8,5,0.625,8,7,0.875,0.7916666666666666,0.7948203842940685,0.8880208333333334,7,0,1,0,5,3,0,1,7,P22,xgb,150,"{'subsample': 0.6, 'reg_lambda': 1, 'reg_alpha': 0, 'min_child_weight': 1, 'max_depth': 2, 'learning_rate': 0.03, 'gamma': 0, 'colsample_bytree': 0.6, 'colsample_bylevel': 0.6, 'n_estimators': 300}",0.9066859066859068,repeated_stratified,7,4,full,combined
8,8,1.0,8,6,0.75,8,1,0.125,0.625,0.5844155844155844,0.8203125,8,0,0,0,6,2,0,7,1,P22,xgb,147,"{'subsample': 0.6, 'reg_lambda': 1, 'reg_alpha': 0, 'min_child_weight': 1, 'max_depth': 2, 'learning_rate': 0.03, 'gamma': 0, 'colsample_bytree': 0.6, 'colsample_bylevel': 0.6, 'n_estimators': 300}",0.9207792207792207,repeated_stratified,8,0,full,combined
8,7,0.875,8,5,0.625,8,5,0.625,0.7083333333333334,0.7155228758169935,0.8463541666666666,7,0,1,0,5,3,0,3,5,P22,xgb,150,"{'subsample': 0.6, 'reg_lambda': 1, 'reg_alpha': 0, 'min_child_weight': 1, 'max_depth': 2, 'learning_rate': 0.03, 'gamma': 0, 'colsample_bytree': 0.6, 'colsample_bylevel': 0.6, 'n_estimators': 300}",0.8317219817219818,repeated_stratified,8,1,full,combined
8,8,1.0,8,5,0.625,8,4,0.5,0.7083333333333334,0.7071895424836602,0.7942708333333334,8,0,0,0,5,3,0,4,4,P22,xgb,150,"{'subsample': 0.6, 'reg_lambda': 3, 'reg_alpha': 0.1, 'min_child_weight': 1, 'max_depth': 2, 'learning_rate': 0.05, 'gamma': 0, 'colsample_bytree': 0.7, 'colsample_bylevel': 0.6, 'n_estimators': 300}",0.9252525252525253,repeated_stratified,8,2,full,combined
8,8,1.0,8,4,0.5,8,6,0.75,0.75,0.746031746031746,0.8515625,8,0,0,0,4,4,0,2,6,P22,xgb,150,"{'subsample': 0.8, 'reg_lambda': 10, 'reg_alpha': 0, 'min_child_weight': 1, 'max_depth': 8, 'learning_rate': 0.05, 'gamma': 0, 'colsample_bytree': 0.7, 'colsample_bylevel': 0.6, 'n_estimators': 300}",0.7996151996151997,repeated_stratified,8,3,full,combined
8,8,1.0,8,3,0.375,8,5,0.625,0.6666666666666666,0.6613756613756614,0.7994791666666666,8,0,0,0,3,5,0,3,5,P22,xgb,150,"{'subsample': 0.6, 'reg_lambda': 1, 'reg_alpha': 0, 'min_child_weight': 1, 'max_depth': 2, 'learning_rate': 0.03, 'gamma': 0, 'colsample_bytree': 0.6, 'colsample_bylevel': 0.6, 'n_estimators': 300}",0.8781866281866281,repeated_stratified,8,4,full,combined
8,8,1.0,8,4,0.5,8,2,0.25,0.5833333333333334,0.5658263305322128,0.8098958333333334,8,0,0,0,4,4,1,5,2,P22,xgb,150,"{'subsample': 0.6, 'reg_lambda': 3, 'reg_alpha': 0.1, 'min_child_weight': 1, 'max_depth': 2, 'learning_rate': 0.05, 'gamma': 0, 'colsample_bytree': 0.7, 'colsample_bylevel': 0.6, 'n_estimators': 300}",0.9185185185185185,repeated_stratified,9,0,full,combined
8,8,1.0,8,1,0.125,8,2,0.25,0.4583333333333333,0.4562091503267974,0.6901041666666666,8,0,0,0,1,7,0,6,2,P22,xgb,150,"{'subsample': 0.6, 'reg_lambda': 1, 'reg_alpha': 0, 'min_child_weight': 1, 'max_depth': 2, 'learning_rate': 0.03, 'gamma': 0, 'colsample_bytree': 0.6, 'colsample_bylevel': 0.6, 'n_estimators': 300}",0.8967051467051467,repeated_stratified,9,1,full,combined
8,8,1.0,8,2,0.25,8,5,0.625,0.625,0.6002751977984175,0.7890625,8,0,0,0,2,6,1,2,5,P22,xgb,150,"{'subsample': 0.6, 'reg_lambda': 10, 'reg_alpha': 0.1, 'min_child_weight': 1, 'max_depth': 8, 'learning_rate': 0.03, 'gamma': 0.3, 'colsample_bytree': 0.6, 'colsample_bylevel': 0.8, 'n_estimators': 300}",0.873015873015873,repeated_stratified,9,2,full,combined
8,8,1.0,8,1,0.125,8,1,0.125,0.4166666666666667,0.4166666666666667,0.7005208333333334,8,0,0,0,1,7,0,7,1,P22,xgb,150,"{'subsample': 0.6, 'reg_lambda': 1, 'reg_alpha': 0, 'min_child_weight': 1, 'max_depth': 2, 'learning_rate': 0.03, 'gamma': 0, 'colsample_bytree': 0.6, 'colsample_bylevel': 0.6, 'n_estimators': 300}",0.9222222222222222,repeated_stratified,9,3,full,combined
8,8,1.0,8,6,0.75,8,3,0.375,0.7083333333333334,0.6977058029689608,0.8255208333333334,8,0,0,0,6,2,0,5,3,P22,xgb,150,"{'subsample': 0.6, 'reg_lambda': 1, 'reg_alpha': 0, 'min_child_weight': 1, 'max_depth': 2, 'learning_rate': 0.03, 'gamma': 0, 'colsample_bytree': 0.6, 'colsample_bylevel': 0.6, 'n_estimators': 300}",0.9377104377104377,repeated_stratified,9,4,full,combined
8,7,0.875,8,7,0.875,8,7,0.875,0.875,0.8772875816993464,0.9609375,7,1,0,1,7,0,0,1,7,P23,xgb,148,"{'subsample': 1.0, 'reg_lambda': 3, 'reg_alpha': 0, 'min_child_weight': 1, 'max_depth': 4, 'learning_rate': 0.01, 'gamma': 0.3, 'colsample_bytree': 0.6, 'colsample_bylevel': 0.6, 'n_estimators': 300}",0.9434583934583936,repeated_stratified,0,0,full,combined
8,8,1.0,8,6,0.75,8,5,0.625,0.7916666666666666,0.7908496732026143,0.9192708333333334,8,0,0,0,6,2,0,3,5,P23,xgb,148,"{'subsample': 0.6, 'reg_lambda': 3, 'reg_alpha': 0.1, 'min_child_weight': 1, 'max_depth': 2, 'learning_rate': 0.05, 'gamma': 0, 'colsample_bytree': 0.7, 'colsample_bylevel': 0.6, 'n_estimators': 300}",0.9833333333333334,repeated_stratified,0,1,full,combined
8,8,1.0,8,5,0.625,8,4,0.5,0.7083333333333334,0.7071895424836602,0.8645833333333334,8,0,0,0,5,3,0,4,4,P23,xgb,149,"{'subsample': 0.6, 'reg_lambda': 3, 'reg_alpha': 0.1, 'min_child_weight': 1, 'max_depth': 8, 'learning_rate': 0.05, 'gamma': 0, 'colsample_bytree': 0.7, 'colsample_bylevel': 0.8, 'n_estimators': 300}",0.9643819143819145,repeated_stratified,0,2,full,combined
8,8,1.0,8,4,0.5,8,8,1.0,0.8333333333333334,0.8222222222222223,0.9505208333333334,8,0,0,0,4,4,0,0,8,P23,xgb,145,"{'subsample': 0.6, 'reg_lambda': 3, 'reg_alpha': 0.1, 'min_child_weight': 1, 'max_depth': 8, 'learning_rate': 0.05, 'gamma': 0, 'colsample_bytree': 0.7, 'colsample_bylevel': 0.8, 'n_estimators': 300}",0.9312650312650314,repeated_stratified,0,3,full,combined
8,8,1.0,8,4,0.5,8,6,0.75,0.75,0.746031746031746,0.8828125,8,0,0,0,4,4,0,2,6,P23,xgb,149,"{'subsample': 0.6, 'reg_lambda': 3, 'reg_alpha': 0.1, 'min_child_weight': 1, 'max_depth': 8, 'learning_rate': 0.05, 'gamma': 0, 'colsample_bytree': 0.7, 'colsample_bylevel': 0.8, 'n_estimators': 300}",0.9638528138528137,repeated_stratified,0,4,full,combined
8,8,1.0,8,7,0.875,8,7,0.875,0.9166666666666666,0.9166666666666666,0.9661458333333334,8,0,0,0,7,1,0,1,7,P23,xgb,123,"{'subsample': 0.6, 'reg_lambda': 3, 'reg_alpha': 0.1, 'min_child_weight': 1, 'max_depth': 8, 'learning_rate': 0.05, 'gamma': 0, 'colsample_bytree': 0.7, 'colsample_bylevel': 0.8, 'n_estimators': 300}",0.9427609427609428,repeated_stratified,1,0,full,combined
8,8,1.0,8,7,0.875,8,3,0.375,0.75,0.7333333333333334,0.890625,8,0,0,0,7,1,0,5,3,P23,xgb,147,"{'subsample': 0.6, 'reg_lambda': 5, 'reg_alpha': 0.5, 'min_child_weight': 1, 'max_depth': 8, 'learning_rate': 0.03, 'gamma': 0.3, 'colsample_bytree': 0.6, 'colsample_bylevel': 0.6, 'n_estimators': 300}",0.9727032227032227,repeated_stratified,1,1,full,combined
8,8,1.0,8,6,0.75,8,5,0.625,0.7916666666666666,0.7908496732026143,0.9010416666666666,8,0,0,0,6,2,0,3,5,P23,xgb,146,"{'subsample': 0.6, 'reg_lambda': 3, 'reg_alpha': 0.1, 'min_child_weight': 1, 'max_depth': 2, 'learning_rate': 0.05, 'gamma': 0, 'colsample_bytree': 0.7, 'colsample_bylevel': 0.6, 'n_estimators': 300}",0.9667628667628668,repeated_stratified,1,2,full,combined
8,8,1.0,8,6,0.75,8,3,0.375,0.7083333333333334,0.6897938662644546,0.890625,8,0,0,0,6,2,1,4,3,P23,xgb,147,"{'subsample': 0.8, 'reg_lambda': 5, 'reg_alpha': 0.1, 'min_child_weight': 1, 'max_depth': 8, 'learning_rate': 0.03, 'gamma': 0, 'colsample_bytree': 0.6, 'colsample_bylevel': 0.6, 'n_estimators': 300}",0.9542087542087542,repeated_stratified,1,3,full,combined
8,8,1.0,8,5,0.625,8,5,0.625,0.75,0.75,0.8619791666666666,8,0,0,0,5,3,0,3,5,P23,xgb,147,"{'subsample': 0.6, 'reg_lambda': 3, 'reg_alpha': 0.1, 'min_child_weight': 1, 'max_depth': 2, 'learning_rate': 0.05, 'gamma': 0, 'colsample_bytree': 0.7, 'colsample_bylevel': 0.6, 'n_estimators': 300}",0.9628667628667628,repeated_stratified,1,4,full,combined
8,8,1.0,8,6,0.75,8,6,0.75,0.8333333333333334,0.8333333333333334,0.9661458333333334,8,0,0,0,6,2,0,2,6,P23,xgb,148,"{'subsample': 0.6, 'reg_lambda': 5, 'reg_alpha': 0.5, 'min_child_weight': 1, 'max_depth': 8, 'learning_rate': 0.03, 'gamma': 0.3, 'colsample_bytree': 0.6, 'colsample_bylevel': 0.6, 'n_estimators': 300}",0.9195286195286195,repeated_stratified,2,0,full,combined
8,8,1.0,8,6,0.75,8,6,0.75,0.8333333333333334,0.8303921568627451,0.9739583333333334,8,0,0,1,6,1,0,2,6,P23,xgb,122,"{'subsample': 0.8, 'reg_lambda': 5, 'reg_alpha': 0.1, 'min_child_weight': 1, 'max_depth': 8, 'learning_rate': 0.03, 'gamma': 0, 'colsample_bytree': 0.6, 'colsample_bylevel': 0.6, 'n_estimators': 300}",0.96005291005291,repeated_stratified,2,1,full,combined
8,8,1.0,8,5,0.625,8,7,0.875,0.8333333333333334,0.8306878306878307,0.9505208333333334,8,0,0,0,5,3,0,1,7,P23,xgb,147,"{'subsample': 0.6, 'reg_lambda': 3, 'reg_alpha': 0.1, 'min_child_weight': 1, 'max_depth': 2, 'learning_rate': 0.05, 'gamma': 0, 'colsample_bytree': 0.7, 'colsample_bylevel': 0.6, 'n_estimators': 300}",0.9545935545935545,repeated_stratified,2,2,full,combined
8,8,1.0,8,6,0.75,8,5,0.625,0.7916666666666666,0.7908496732026143,0.9088541666666666,8,0,0,0,6,2,0,3,5,P23,xgb,143,"{'subsample': 0.6, 'reg_lambda': 5, 'reg_alpha': 0.5, 'min_child_weight': 1, 'max_depth': 8, 'learning_rate': 0.03, 'gamma': 0.3, 'colsample_bytree': 0.6, 'colsample_bylevel': 0.6, 'n_estimators': 300}",0.955050505050505,repeated_stratified,2,3,full,combined
8,8,1.0,8,7,0.875,8,3,0.375,0.75,0.7333333333333334,0.8307291666666666,8,0,0,0,7,1,0,5,3,P23,xgb,148,"{'subsample': 0.6, 'reg_lambda': 1, 'reg_alpha': 0, 'min_child_weight': 1, 'max_depth': 2, 'learning_rate': 0.03, 'gamma': 0, 'colsample_bytree': 0.6, 'colsample_bylevel': 0.6, 'n_estimators': 300}",0.9774651274651275,repeated_stratified,2,4,full,combined
8,8,1.0,8,7,0.875,8,3,0.375,0.75,0.7333333333333334,0.9270833333333334,8,0,0,0,7,1,0,5,3,P23,xgb,150,"{'subsample': 0.8, 'reg_lambda': 5, 'reg_alpha': 0.1, 'min_child_weight': 1, 'max_depth': 8, 'learning_rate': 0.03, 'gamma': 0, 'colsample_bytree': 0.6, 'colsample_bylevel': 0.6, 'n_estimators': 300}",0.9504088504088504,repeated_stratified,3,0,full,combined
8,8,1.0,8,6,0.75,8,5,0.625,0.7916666666666666,0.7871148459383753,0.90625,8,0,0,1,6,1,0,3,5,P23,xgb,150,"{'subsample': 0.8, 'reg_lambda': 10, 'reg_alpha': 0, 'min_child_weight': 1, 'max_depth': 8, 'learning_rate': 0.05, 'gamma': 0, 'colsample_bytree': 0.7, 'colsample_bylevel': 0.6, 'n_estimators': 300}",0.9203222703222703,repeated_stratified,3,1,full,combined
8,8,1.0,8,7,0.875,8,5,0.625,0.8333333333333334,0.8306878306878307,0.9114583333333334,8,0,0,0,7,1,0,3,5,P23,xgb,148,"{'subsample': 0.6, 'reg_lambda': 1, 'reg_alpha': 0, 'min_child_weight': 1, 'max_depth': 2, 'learning_rate': 0.03, 'gamma': 0, 'colsample_bytree': 0.6, 'colsample_bylevel': 0.6, 'n_estimators': 300}",0.9673400673400674,repeated_stratified,3,2,full,combined
8,8,1.0,8,6,0.75,8,5,0.625,0.7916666666666666,0.7908496732026143,0.9192708333333334,8,0,0,0,6,2,0,3,5,P23,xgb,143,"{'subsample': 0.6, 'reg_lambda': 1, 'reg_alpha': 0, 'min_child_weight': 1, 'max_depth': 2, 'learning_rate': 0.03, 'gamma': 0, 'colsample_bytree': 0.6, 'colsample_bylevel': 0.6, 'n_estimators': 300}",0.9805194805194805,repeated_stratified,3,3,full,combined
8,8,1.0,8,5,0.625,8,6,0.75,0.7916666666666666,0.7908496732026143,0.9270833333333334,8,0,0,0,5,3,0,2,6,P23,xgb,149,"{'subsample': 0.6, 'reg_lambda': 1, 'reg_alpha': 0, 'min_child_weight': 1, 'max_depth': 2, 'learning_rate': 0.03, 'gamma': 0, 'colsample_bytree': 0.6, 'colsample_bylevel': 0.6, 'n_estimators': 300}",0.9681096681096681,repeated_stratified,3,4,full,combined
8,8,1.0,8,4,0.5,8,4,0.5,0.6666666666666666,0.6666666666666666,0.8697916666666666,8,0,0,0,4,4,0,4,4,P23,xgb,142,"{'subsample': 0.6, 'reg_lambda': 1, 'reg_alpha': 0, 'min_child_weight': 1, 'max_depth': 2, 'learning_rate': 0.03, 'gamma': 0, 'colsample_bytree': 0.6, 'colsample_bylevel': 0.6, 'n_estimators': 300}",0.9408609908609908,repeated_stratified,4,0,full,combined
8,8,1.0,8,5,0.625,8,4,0.5,0.7083333333333334,0.7071895424836602,0.9036458333333334,8,0,0,0,5,3,0,4,4,P23,xgb,149,"{'subsample': 0.6, 'reg_lambda': 10, 'reg_alpha': 0.5, 'min_child_weight': 1, 'max_depth': 2, 'learning_rate': 0.05, 'gamma': 0.1, 'colsample_bytree': 0.6, 'colsample_bylevel': 0.6, 'n_estimators': 300}",0.9565175565175564,repeated_stratified,4,1,full,combined
8,8,1.0,8,6,0.75,8,6,0.75,0.8333333333333334,0.8333333333333334,0.8984375,8,0,0,0,6,2,0,2,6,P23,xgb,148,"{'subsample': 0.6, 'reg_lambda': 3, 'reg_alpha': 0.1, 'min_child_weight': 1, 'max_depth': 8, 'learning_rate': 0.05, 'gamma': 0, 'colsample_bytree': 0.7, 'colsample_bylevel': 0.8, 'n_estimators': 300}",0.9597643097643096,repeated_stratified,4,2,full,combined
8,8,1.0,8,6,0.75,8,4,0.5,0.75,0.746031746031746,0.8958333333333334,8,0,0,0,6,2,0,4,4,P23,xgb,146,"{'subsample': 0.6, 'reg_lambda': 1, 'reg_alpha': 0, 'min_child_weight': 1, 'max_depth': 2, 'learning_rate': 0.03, 'gamma': 0, 'colsample_bytree': 0.6, 'colsample_bylevel': 0.6, 'n_estimators': 300}",0.9838143338143338,repeated_stratified,4,3,full,combined
8,8,1.0,8,4,0.5,8,7,0.875,0.7916666666666666,0.7840755735492578,0.9322916666666666,8,0,0,0,4,4,0,1,7,P23,xgb,150,"{'subsample': 0.8, 'reg_lambda': 1, 'reg_alpha': 0, 'min_child_weight': 1, 'max_depth': 8, 'learning_rate': 0.01, 'gamma': 0.3, 'colsample_bytree': 0.6, 'colsample_bylevel': 0.8, 'n_estimators': 300}",0.9544252044252044,repeated_stratified,4,4,full,combined
8,8,1.0,8,7,0.875,8,7,0.875,0.9166666666666666,0.9166666666666666,0.953125,8,0,0,0,7,1,0,1,7,P23,xgb,149,"{'subsample': 0.6, 'reg_lambda': 3, 'reg_alpha': 0.1, 'min_child_weight': 1, 'max_depth': 8, 'learning_rate': 0.05, 'gamma': 0, 'colsample_bytree': 0.7, 'colsample_bylevel': 0.8, 'n_estimators': 300}",0.968999518999519,repeated_stratified,5,0,full,combined
8,8,1.0,8,6,0.75,8,5,0.625,0.7916666666666666,0.7908496732026143,0.8880208333333334,8,0,0,0,6,2,0,3,5,P23,xgb,148,"{'subsample': 0.6, 'reg_lambda': 1, 'reg_alpha': 0, 'min_child_weight': 1, 'max_depth': 2, 'learning_rate': 0.03, 'gamma': 0, 'colsample_bytree': 0.6, 'colsample_bylevel': 0.6, 'n_estimators': 300}",0.941895141895142,repeated_stratified,5,1,full,combined
8,8,1.0,8,3,0.375,8,7,0.875,0.75,0.7333333333333334,0.8645833333333334,8,0,0,0,3,5,0,1,7,P23,xgb,149,"{'subsample': 0.8, 'reg_lambda': 1, 'reg_alpha': 0, 'min_child_weight': 1, 'max_depth': 4, 'learning_rate': 0.01, 'gamma': 0, 'colsample_bytree': 0.7, 'colsample_bylevel': 0.8, 'n_estimators': 300}",0.9695045695045694,repeated_stratified,5,2,full,combined
8,8,1.0,8,5,0.625,8,4,0.5,0.7083333333333334,0.7002801120448178,0.8385416666666666,8,0,0,1,5,2,0,4,4,P23,xgb,148,"{'subsample': 0.6, 'reg_lambda': 1, 'reg_alpha': 0, 'min_child_weight': 1, 'max_depth': 2, 'learning_rate': 0.03, 'gamma': 0, 'colsample_bytree': 0.6, 'colsample_bylevel': 0.6, 'n_estimators': 300}",0.9593554593554594,repeated_stratified,5,3,full,combined
8,8,1.0,8,6,0.75,8,6,0.75,0.8333333333333334,0.8333333333333334,0.9296875,8,0,0,0,6,2,0,2,6,P23,xgb,146,"{'subsample': 0.6, 'reg_lambda': 3, 'reg_alpha': 0.1, 'min_child_weight': 1, 'max_depth': 8, 'learning_rate': 0.05, 'gamma': 0, 'colsample_bytree': 0.7, 'colsample_bylevel': 0.8, 'n_estimators': 300}",0.9613035113035112,repeated_stratified,5,4,full,combined
8,8,1.0,8,5,0.625,8,4,0.5,0.7083333333333334,0.7071895424836602,0.9166666666666666,8,0,0,0,5,3,0,4,4,P23,xgb,146,"{'subsample': 0.6, 'reg_lambda': 3, 'reg_alpha': 0.1, 'min_child_weight': 1, 'max_depth': 8, 'learning_rate': 0.05, 'gamma': 0, 'colsample_bytree': 0.7, 'colsample_bylevel': 0.8, 'n_estimators': 300}",0.9556758056758058,repeated_stratified,6,0,full,combined
8,8,1.0,8,7,0.875,8,4,0.5,0.7916666666666666,0.7840755735492578,0.9166666666666666,8,0,0,0,7,1,0,4,4,P23,xgb,145,"{'subsample': 0.6, 'reg_lambda': 5, 'reg_alpha': 0.5, 'min_child_weight': 1, 'max_depth': 8, 'learning_rate': 0.03, 'gamma': 0.3, 'colsample_bytree': 0.6, 'colsample_bylevel': 0.6, 'n_estimators': 300}",0.94992784992785,repeated_stratified,6,1,full,combined
8,8,1.0,8,6,0.75,8,4,0.5,0.75,0.746031746031746,0.9244791666666666,8,0,0,0,6,2,0,4,4,P23,xgb,148,"{'subsample': 0.6, 'reg_lambda': 1, 'reg_alpha': 0, 'min_child_weight': 1, 'max_depth': 2, 'learning_rate': 0.03, 'gamma': 0, 'colsample_bytree': 0.6, 'colsample_bylevel': 0.6, 'n_estimators': 300}",0.9643819143819145,repeated_stratified,6,2,full,combined
8,8,1.0,8,2,0.25,8,7,0.875,0.7083333333333334,0.6767676767676768,0.8671875,8,0,0,0,2,6,0,1,7,P23,xgb,149,"{'subsample': 0.6, 'reg_lambda': 3, 'reg_alpha': 0.1, 'min_child_weight': 1, 'max_depth': 2, 'learning_rate': 0.05, 'gamma': 0, 'colsample_bytree': 0.7, 'colsample_bylevel': 0.6, 'n_estimators': 300}",0.9581529581529581,repeated_stratified,6,3,full,combined
8,8,1.0,8,3,0.375,8,7,0.875,0.75,0.7333333333333334,0.875,8,0,0,0,3,5,0,1,7,P23,xgb,150,"{'subsample': 0.6, 'reg_lambda': 1, 'reg_alpha': 0, 'min_child_weight': 1, 'max_depth': 2, 'learning_rate': 0.03, 'gamma': 0, 'colsample_bytree': 0.6, 'colsample_bylevel': 0.6, 'n_estimators': 300}",0.9539923039923041,repeated_stratified,6,4,full,combined
8,8,1.0,8,5,0.625,8,7,0.875,0.8333333333333334,0.8306878306878307,0.9401041666666666,8,0,0,0,5,3,0,1,7,P23,xgb,145,"{'subsample': 0.6, 'reg_lambda': 3, 'reg_alpha': 0.1, 'min_child_weight': 1, 'max_depth': 8, 'learning_rate': 0.05, 'gamma': 0, 'colsample_bytree': 0.7, 'colsample_bylevel': 0.8, 'n_estimators': 300}",0.9532467532467531,repeated_stratified,7,0,full,combined
8,8,1.0,8,7,0.875,8,4,0.5,0.7916666666666666,0.7840755735492578,0.9088541666666666,8,0,0,0,7,1,0,4,4,P23,xgb,146,"{'subsample': 0.6, 'reg_lambda': 1, 'reg_alpha': 0, 'min_child_weight': 1, 'max_depth': 2, 'learning_rate': 0.03, 'gamma': 0, 'colsample_bytree': 0.6, 'colsample_bylevel': 0.6, 'n_estimators': 300}",0.9766955266955266,repeated_stratified,7,1,full,combined
8,8,1.0,8,6,0.75,8,3,0.375,0.7083333333333334,0.6977058029689608,0.8828125,8,0,0,0,6,2,0,5,3,P23,xgb,146,"{'subsample': 0.8, 'reg_lambda': 5, 'reg_alpha': 0.1, 'min_child_weight': 1, 'max_depth': 8, 'learning_rate': 0.03, 'gamma': 0, 'colsample_bytree': 0.6, 'colsample_bylevel': 0.6, 'n_estimators': 300}",0.9376142376142376,repeated_stratified,7,2,full,combined
8,8,1.0,8,4,0.5,8,7,0.875,0.7916666666666666,0.7840755735492578,0.890625,8,0,0,0,4,4,0,1,7,P23,xgb,148,"{'subsample': 0.6, 'reg_lambda': 5, 'reg_alpha': 0.5, 'min_child_weight': 1, 'max_depth': 8, 'learning_rate': 0.03, 'gamma': 0.3, 'colsample_bytree': 0.6, 'colsample_bylevel': 0.6, 'n_estimators': 300}",0.9637325637325637,repeated_stratified,7,3,full,combined
8,8,1.0,8,5,0.625,8,8,1.0,0.875,0.8704453441295547,0.9192708333333334,8,0,0,0,5,3,0,0,8,P23,xgb,147,"{'subsample': 0.6, 'reg_lambda': 3, 'reg_alpha': 0.1, 'min_child_weight': 1, 'max_depth': 2, 'learning_rate': 0.05, 'gamma': 0, 'colsample_bytree': 0.7, 'colsample_bylevel': 0.6, 'n_estimators': 300}",0.9424242424242424,repeated_stratified,7,4,full,combined
8,8,1.0,8,5,0.625,8,6,0.75,0.7916666666666666,0.7908496732026143,0.8828125,8,0,0,0,5,3,0,2,6,P23,xgb,149,"{'subsample': 0.6, 'reg_lambda': 10, 'reg_alpha': 0.5, 'min_child_weight': 1, 'max_depth': 2, 'learning_rate': 0.05, 'gamma': 0.1, 'colsample_bytree': 0.6, 'colsample_bylevel': 0.6, 'n_estimators': 300}",0.9662337662337662,repeated_stratified,8,0,full,combined
8,8,1.0,8,5,0.625,8,4,0.5,0.7083333333333334,0.7071895424836602,0.9036458333333334,8,0,0,0,5,3,0,4,4,P23,xgb,147,"{'subsample': 0.8, 'reg_lambda': 10, 'reg_alpha': 0, 'min_child_weight': 1, 'max_depth': 4, 'learning_rate': 0.03, 'gamma': 0, 'colsample_bytree': 0.6, 'colsample_bylevel': 0.8, 'n_estimators': 300}",0.9251563251563252,repeated_stratified,8,1,full,combined
8,8,1.0,8,6,0.75,8,7,0.875,0.875,0.8745098039215686,0.96875,8,0,0,0,6,2,0,1,7,P23,xgb,148,"{'subsample': 0.6, 'reg_lambda': 3, 'reg_alpha': 0.1, 'min_child_weight': 1, 'max_depth': 8, 'learning_rate': 0.05, 'gamma': 0, 'colsample_bytree': 0.7, 'colsample_bylevel': 0.8, 'n_estimators': 300}",0.9475949975949977,repeated_stratified,8,2,full,combined
8,8,1.0,8,6,0.75,8,4,0.5,0.75,0.746031746031746,0.8802083333333334,8,0,0,0,6,2,0,4,4,P23,xgb,148,"{'subsample': 0.6, 'reg_lambda': 1, 'reg_alpha': 0.1, 'min_child_weight': 1, 'max_depth': 2, 'learning_rate': 0.01, 'gamma': 2, 'colsample_bytree': 0.7, 'colsample_bylevel': 0.6, 'n_estimators': 300}",0.9716690716690718,repeated_stratified,8,3,full,combined
8,8,1.0,8,4,0.5,8,2,0.25,0.5833333333333334,0.5767195767195767,0.8046875,8,0,0,0,4,4,0,6,2,P23,xgb,118,"{'subsample': 0.6, 'reg_lambda': 1, 'reg_alpha': 0, 'min_child_weight': 1, 'max_depth': 2, 'learning_rate': 0.03, 'gamma': 0, 'colsample_bytree': 0.6, 'colsample_bylevel': 0.6, 'n_estimators': 300}",0.967099567099567,repeated_stratified,8,4,full,combined
8,8,1.0,8,6,0.75,8,6,0.75,0.8333333333333334,0.8333333333333334,0.921875,8,0,0,0,6,2,0,2,6,P23,xgb,149,"{'subsample': 0.6, 'reg_lambda': 3, 'reg_alpha': 0.1, 'min_child_weight': 1, 'max_depth': 2, 'learning_rate': 0.05, 'gamma': 0, 'colsample_bytree': 0.7, 'colsample_bylevel': 0.6, 'n_estimators': 300}",0.9493506493506493,repeated_stratified,9,0,full,combined
8,8,1.0,8,4,0.5,8,4,0.5,0.6666666666666666,0.6666666666666666,0.8098958333333334,8,0,0,0,4,4,0,4,4,P23,xgb,150,"{'subsample': 0.6, 'reg_lambda': 1, 'reg_alpha': 0, 'min_child_weight': 1, 'max_depth': 2, 'learning_rate': 0.03, 'gamma': 0, 'colsample_bytree': 0.6, 'colsample_bylevel': 0.6, 'n_estimators': 300}",0.9135642135642136,repeated_stratified,9,1,full,combined
8,8,1.0,8,8,1.0,8,6,0.75,0.9166666666666666,0.9153439153439153,0.9609375,8,0,0,0,8,0,0,2,6,P23,xgb,148,"{'subsample': 0.6, 'reg_lambda': 5, 'reg_alpha': 0, 'min_child_weight': 1, 'max_depth': 2, 'learning_rate': 0.01, 'gamma': 0.3, 'colsample_bytree': 0.7, 'colsample_bylevel': 0.6, 'n_estimators': 300}",0.9248917748917749,repeated_stratified,9,2,full,combined
8,8,1.0,8,3,0.375,8,5,0.625,0.6666666666666666,0.6613756613756614,0.8515625,8,0,0,0,3,5,0,3,5,P23,xgb,146,"{'subsample': 0.6, 'reg_lambda': 1, 'reg_alpha': 0, 'min_child_weight': 1, 'max_depth': 2, 'learning_rate': 0.03, 'gamma': 0, 'colsample_bytree': 0.6, 'colsample_bylevel': 0.6, 'n_estimators': 300}",0.9742424242424242,repeated_stratified,9,3,full,combined
8,8,1.0,8,7,0.875,8,6,0.75,0.875,0.8745098039215686,0.9609375,8,0,0,0,7,1,0,2,6,P23,xgb,149,"{'subsample': 0.6, 'reg_lambda': 3, 'reg_alpha': 0.1, 'min_child_weight': 1, 'max_depth': 2, 'learning_rate': 0.05, 'gamma': 0, 'colsample_bytree': 0.7, 'colsample_bylevel': 0.6, 'n_estimators': 300}",0.9309523809523809,repeated_stratified,9,4,full,combined
8,8,1.0,8,4,0.5,8,2,0.25,0.5833333333333334,0.5767195767195767,0.7916666666666666,8,0,0,0,4,4,0,6,2,P24,xgb,150,"{'subsample': 0.6, 'reg_lambda': 3, 'reg_alpha': 0.1, 'min_child_weight': 1, 'max_depth': 2, 'learning_rate': 0.05, 'gamma': 0, 'colsample_bytree': 0.7, 'colsample_bylevel': 0.6, 'n_estimators': 300}",0.8527657527657527,repeated_stratified,0,0,full,combined
8,8,1.0,8,4,0.5,8,3,0.375,0.625,0.6235294117647059,0.8385416666666666,8,0,0,0,4,4,0,5,3,P24,xgb,123,"{'subsample': 0.8, 'reg_lambda': 5, 'reg_alpha': 0.1, 'min_child_weight': 1, 'max_depth': 8, 'learning_rate': 0.03, 'gamma': 0, 'colsample_bytree': 0.6, 'colsample_bylevel': 0.6, 'n_estimators': 300}",0.8976911976911977,repeated_stratified,0,1,full,combined
8,8,1.0,8,2,0.25,8,4,0.5,0.5833333333333334,0.5767195767195766,0.7604166666666666,8,0,0,0,2,6,0,4,4,P24,xgb,112,"{'subsample': 0.6, 'reg_lambda': 3, 'reg_alpha': 0.1, 'min_child_weight': 1, 'max_depth': 8, 'learning_rate': 0.05, 'gamma': 0, 'colsample_bytree': 0.7, 'colsample_bylevel': 0.8, 'n_estimators': 300}",0.8978595478595479,repeated_stratified,0,2,full,combined
8,8,1.0,8,6,0.75,8,1,0.125,0.625,0.5844155844155844,0.8020833333333334,8,0,0,0,6,2,0,7,1,P24,xgb,150,"{'subsample': 0.6, 'reg_lambda': 3, 'reg_alpha': 0.1, 'min_child_weight': 1, 'max_depth': 2, 'learning_rate': 0.05, 'gamma': 0, 'colsample_bytree': 0.7, 'colsample_bylevel': 0.6, 'n_estimators': 300}",0.8042087542087542,repeated_stratified,0,3,full,combined
8,8,1.0,8,2,0.25,8,3,0.375,0.5416666666666666,0.5398692810457516,0.8046875,8,0,0,0,2,6,0,5,3,P24,xgb,149,"{'subsample': 0.6, 'reg_lambda': 1, 'reg_alpha': 0, 'min_child_weight': 1, 'max_depth': 2, 'learning_rate': 0.03, 'gamma': 0, 'colsample_bytree': 0.6, 'colsample_bylevel': 0.6, 'n_estimators': 300}",0.8645262145262146,repeated_stratified,0,4,full,combined
8,8,1.0,8,5,0.625,8,1,0.125,0.5833333333333334,0.5555555555555556,0.7682291666666666,8,0,0,0,5,3,0,7,1,P24,xgb,150,"{'subsample': 0.6, 'reg_lambda': 1, 'reg_alpha': 0, 'min_child_weight': 1, 'max_depth': 2, 'learning_rate': 0.03, 'gamma': 0, 'colsample_bytree': 0.6, 'colsample_bylevel': 0.6, 'n_estimators': 300}",0.8447330447330447,repeated_stratified,1,0,full,combined
8,8,1.0,8,4,0.5,8,6,0.75,0.75,0.746031746031746,0.8697916666666666,8,0,0,0,4,4,0,2,6,P24,xgb,150,"{'subsample': 0.6, 'reg_lambda': 1, 'reg_alpha': 0, 'min_child_weight': 1, 'max_depth': 2, 'learning_rate': 0.03, 'gamma': 0, 'colsample_bytree': 0.6, 'colsample_bylevel': 0.6, 'n_estimators': 300}",0.8369648869648869,repeated_stratified,1,1,full,combined
8,8,1.0,8,3,0.375,8,5,0.625,0.6666666666666666,0.6613756613756614,0.8411458333333334,8,0,0,0,3,5,0,3,5,P24,xgb,150,"{'subsample': 0.6, 'reg_lambda': 3, 'reg_alpha': 0.1, 'min_child_weight': 1, 'max_depth': 2, 'learning_rate': 0.05, 'gamma': 0, 'colsample_bytree': 0.7, 'colsample_bylevel': 0.6, 'n_estimators': 300}",0.8364838864838865,repeated_stratified,1,2,full,combined
8,8,1.0,8,4,0.5,8,2,0.25,0.5833333333333334,0.5767195767195767,0.8255208333333334,8,0,0,0,4,4,0,6,2,P24,xgb,148,"{'subsample': 0.6, 'reg_lambda': 5, 'reg_alpha': 0.5, 'min_child_weight': 1, 'max_depth': 8, 'learning_rate': 0.03, 'gamma': 0.3, 'colsample_bytree': 0.6, 'colsample_bylevel': 0.6, 'n_estimators': 300}",0.8293891293891292,repeated_stratified,1,3,full,combined
8,8,1.0,8,5,0.625,8,2,0.25,0.625,0.611336032388664,0.8020833333333334,8,0,0,0,5,3,0,6,2,P24,xgb,150,"{'subsample': 0.8, 'reg_lambda': 10, 'reg_alpha': 0, 'min_child_weight': 1, 'max_depth': 8, 'learning_rate': 0.05, 'gamma': 0, 'colsample_bytree': 0.7, 'colsample_bylevel': 0.6, 'n_estimators': 300}",0.8706108706108706,repeated_stratified,1,4,full,combined
8,8,1.0,8,6,0.75,8,5,0.625,0.7916666666666666,0.7908496732026143,0.8932291666666666,8,0,0,0,6,2,0,3,5,P24,xgb,140,"{'subsample': 0.6, 'reg_lambda': 1, 'reg_alpha': 0, 'min_child_weight': 1, 'max_depth': 2, 'learning_rate': 0.03, 'gamma': 0, 'colsample_bytree': 0.6, 'colsample_bylevel': 0.6, 'n_estimators': 300}",0.8264309764309766,repeated_stratified,2,0,full,combined
8,8,1.0,8,3,0.375,8,4,0.5,0.625,0.6235294117647059,0.8203125,8,0,0,0,3,5,0,4,4,P24,xgb,40,"{'subsample': 1.0, 'reg_lambda': 1, 'reg_alpha': 0.5, 'min_child_weight': 1, 'max_depth': 4, 'learning_rate': 0.01, 'gamma': 0.5, 'colsample_bytree': 0.6, 'colsample_bylevel': 0.8, 'n_estimators': 300}",0.913011063011063,repeated_stratified,2,1,full,combined
8,8,1.0,8,4,0.5,8,1,0.125,0.5416666666666666,0.524966261808367,0.75,8,0,0,0,4,4,0,7,1,P24,xgb,150,"{'subsample': 0.8, 'reg_lambda': 1, 'reg_alpha': 0, 'min_child_weight': 1, 'max_depth': 4, 'learning_rate': 0.01, 'gamma': 0, 'colsample_bytree': 0.7, 'colsample_bylevel': 0.8, 'n_estimators': 300}",0.8568783068783068,repeated_stratified,2,2,full,combined
8,8,1.0,8,3,0.375,8,5,0.625,0.6666666666666666,0.6613756613756614,0.796875,8,0,0,0,3,5,0,3,5,P24,xgb,134,"{'subsample': 0.6, 'reg_lambda': 5, 'reg_alpha': 0.5, 'min_child_weight': 1, 'max_depth': 8, 'learning_rate': 0.03, 'gamma': 0.3, 'colsample_bytree': 0.6, 'colsample_bylevel': 0.6, 'n_estimators': 300}",0.8914622414622414,repeated_stratified,2,3,full,combined
8,8,1.0,8,4,0.5,8,6,0.75,0.75,0.746031746031746,0.8697916666666666,8,0,0,0,4,4,0,2,6,P24,xgb,150,"{'subsample': 0.6, 'reg_lambda': 1, 'reg_alpha': 0, 'min_child_weight': 1, 'max_depth': 2, 'learning_rate': 0.03, 'gamma': 0, 'colsample_bytree': 0.6, 'colsample_bylevel': 0.6, 'n_estimators': 300}",0.868109668109668,repeated_stratified,2,4,full,combined
8,8,1.0,8,2,0.25,8,3,0.375,0.5416666666666666,0.5398692810457516,0.7708333333333334,8,0,0,0,2,6,0,5,3,P24,xgb,150,"{'subsample': 0.6, 'reg_lambda': 1, 'reg_alpha': 0, 'min_child_weight': 1, 'max_depth': 2, 'learning_rate': 0.03, 'gamma': 0, 'colsample_bytree': 0.6, 'colsample_bylevel': 0.6, 'n_estimators': 300}",0.8366281866281867,repeated_stratified,3,0,full,combined
8,8,1.0,8,2,0.25,8,4,0.5,0.5833333333333334,0.5767195767195766,0.8177083333333334,8,0,0,0,2,6,0,4,4,P24,xgb,149,"{'subsample': 0.8, 'reg_lambda': 10, 'reg_alpha': 0.5, 'min_child_weight': 1, 'max_depth': 8, 'learning_rate': 0.01, 'gamma': 0.3, 'colsample_bytree': 0.7, 'colsample_bylevel': 0.6, 'n_estimators': 300}",0.8108465608465609,repeated_stratified,3,1,full,combined
8,8,1.0,8,6,0.75,8,4,0.5,0.75,0.746031746031746,0.859375,8,0,0,0,6,2,0,4,4,P24,xgb,147,"{'subsample': 0.6, 'reg_lambda': 5, 'reg_alpha': 0.5, 'min_child_weight': 1, 'max_depth': 8, 'learning_rate': 0.03, 'gamma': 0.3, 'colsample_bytree': 0.6, 'colsample_bylevel': 0.6, 'n_estimators': 300}",0.8731120731120732,repeated_stratified,3,2,full,combined
8,8,1.0,8,7,0.875,8,2,0.25,0.7083333333333334,0.6767676767676768,0.8880208333333334,8,0,0,0,7,1,0,6,2,P24,xgb,149,"{'subsample': 0.6, 'reg_lambda': 1, 'reg_alpha': 0, 'min_child_weight': 1, 'max_depth': 2, 'learning_rate': 0.03, 'gamma': 0, 'colsample_bytree': 0.6, 'colsample_bylevel': 0.6, 'n_estimators': 300}",0.9024771524771524,repeated_stratified,3,3,full,combined
8,8,1.0,8,4,0.5,8,4,0.5,0.6666666666666666,0.6581699346405229,0.7890625,8,0,0,0,4,4,1,3,4,P24,xgb,150,"{'subsample': 0.6, 'reg_lambda': 3, 'reg_alpha': 0.1, 'min_child_weight': 1, 'max_depth': 8, 'learning_rate': 0.05, 'gamma': 0, 'colsample_bytree': 0.7, 'colsample_bylevel': 0.8, 'n_estimators': 300}",0.8673881673881675,repeated_stratified,3,4,full,combined
8,8,1.0,8,1,0.125,8,5,0.625,0.5833333333333334,0.5555555555555556,0.828125,8,0,0,0,1,7,0,3,5,P24,xgb,150,"{'subsample': 0.6, 'reg_lambda': 3, 'reg_alpha': 0.1, 'min_child_weight': 1, 'max_depth': 2, 'learning_rate': 0.05, 'gamma': 0, 'colsample_bytree': 0.7, 'colsample_bylevel': 0.6, 'n_estimators': 300}",0.841943241943242,repeated_stratified,4,0,full,combined
8,8,1.0,8,3,0.375,8,4,0.5,0.625,0.6235294117647059,0.8203125,8,0,0,0,3,5,0,4,4,P24,xgb,150,"{'subsample': 0.8, 'reg_lambda': 5, 'reg_alpha': 0.1, 'min_child_weight': 1, 'max_depth': 8, 'learning_rate': 0.03, 'gamma': 0, 'colsample_bytree': 0.6, 'colsample_bylevel': 0.6, 'n_estimators': 300}",0.8566378066378065,repeated_stratified,4,1,full,combined
8,8,1.0,8,3,0.375,8,3,0.375,0.5833333333333334,0.5833333333333334,0.8125,8,0,0,0,3,5,0,5,3,P24,xgb,150,"{'subsample': 0.6, 'reg_lambda': 5, 'reg_alpha': 0, 'min_child_weight': 1, 'max_depth': 2, 'learning_rate': 0.01, 'gamma': 0.3, 'colsample_bytree': 0.7, 'colsample_bylevel': 0.6, 'n_estimators': 300}",0.8504810004810004,repeated_stratified,4,2,full,combined
8,8,1.0,8,2,0.25,8,3,0.375,0.5416666666666666,0.5398692810457516,0.7265625,8,0,0,0,2,6,0,5,3,P24,xgb,135,"{'subsample': 0.6, 'reg_lambda': 10, 'reg_alpha': 0.1, 'min_child_weight': 1, 'max_depth': 8, 'learning_rate': 0.03, 'gamma': 0.3, 'colsample_bytree': 0.6, 'colsample_bylevel': 0.8, 'n_estimators': 300}",0.9151755651755652,repeated_stratified,4,3,full,combined
8,8,1.0,8,5,0.625,8,2,0.25,0.625,0.611336032388664,0.8489583333333334,8,0,0,0,5,3,0,6,2,P24,xgb,149,"{'subsample': 0.6, 'reg_lambda': 3, 'reg_alpha': 0.1, 'min_child_weight': 1, 'max_depth': 8, 'learning_rate': 0.05, 'gamma': 0, 'colsample_bytree': 0.7, 'colsample_bylevel': 0.8, 'n_estimators': 300}",0.886868686868687,repeated_stratified,4,4,full,combined
8,8,1.0,8,4,0.5,8,4,0.5,0.6666666666666666,0.6666666666666666,0.8177083333333334,8,0,0,0,4,4,0,4,4,P24,xgb,115,"{'subsample': 0.6, 'reg_lambda': 1, 'reg_alpha': 0, 'min_child_weight': 1, 'max_depth': 2, 'learning_rate': 0.03, 'gamma': 0, 'colsample_bytree': 0.6, 'colsample_bylevel': 0.6, 'n_estimators': 300}",0.9001443001443001,repeated_stratified,5,0,full,combined
8,8,1.0,8,5,0.625,8,3,0.375,0.6666666666666666,0.6613756613756614,0.7786458333333334,8,0,0,0,5,3,0,5,3,P24,xgb,149,"{'subsample': 0.6, 'reg_lambda': 1, 'reg_alpha': 0, 'min_child_weight': 1, 'max_depth': 2, 'learning_rate': 0.03, 'gamma': 0, 'colsample_bytree': 0.6, 'colsample_bylevel': 0.6, 'n_estimators': 300}",0.88008658008658,repeated_stratified,5,1,full,combined
8,8,1.0,8,5,0.625,8,2,0.25,0.625,0.611336032388664,0.8203125,8,0,0,0,5,3,0,6,2,P24,xgb,150,"{'subsample': 0.6, 'reg_lambda': 3, 'reg_alpha': 0.1, 'min_child_weight': 1, 'max_depth': 8, 'learning_rate': 0.05, 'gamma': 0, 'colsample_bytree': 0.7, 'colsample_bylevel': 0.8, 'n_estimators': 300}",0.8632275132275131,repeated_stratified,5,2,full,combined
8,8,1.0,8,6,0.75,8,4,0.5,0.75,0.746031746031746,0.8255208333333334,8,0,0,0,6,2,0,4,4,P24,xgb,150,"{'subsample': 0.6, 'reg_lambda': 1, 'reg_alpha': 0, 'min_child_weight': 1, 'max_depth': 2, 'learning_rate': 0.03, 'gamma': 0, 'colsample_bytree': 0.6, 'colsample_bylevel': 0.6, 'n_estimators': 300}",0.8636844636844637,repeated_stratified,5,3,full,combined
8,8,1.0,8,5,0.625,8,2,0.25,0.625,0.611336032388664,0.8229166666666666,8,0,0,0,5,3,0,6,2,P24,xgb,149,"{'subsample': 0.6, 'reg_lambda': 3, 'reg_alpha': 0.1, 'min_child_weight': 1, 'max_depth': 8, 'learning_rate': 0.05, 'gamma': 0, 'colsample_bytree': 0.7, 'colsample_bylevel': 0.8, 'n_estimators': 300}",0.8466329966329966,repeated_stratified,5,4,full,combined
8,8,1.0,8,4,0.5,8,2,0.25,0.5833333333333334,0.5767195767195767,0.7708333333333334,8,0,0,0,4,4,0,6,2,P24,xgb,150,"{'subsample': 1.0, 'reg_lambda': 3, 'reg_alpha': 0, 'min_child_weight': 1, 'max_depth': 4, 'learning_rate': 0.01, 'gamma': 0.3, 'colsample_bytree': 0.6, 'colsample_bylevel': 0.6, 'n_estimators': 300}",0.8955507455507457,repeated_stratified,6,0,full,combined
8,8,1.0,8,3,0.375,8,4,0.5,0.625,0.6235294117647059,0.8359375,8,0,0,0,3,5,0,4,4,P24,xgb,150,"{'subsample': 0.6, 'reg_lambda': 5, 'reg_alpha': 0.5, 'min_child_weight': 1, 'max_depth': 8, 'learning_rate': 0.03, 'gamma': 0.3, 'colsample_bytree': 0.6, 'colsample_bylevel': 0.6, 'n_estimators': 300}",0.7954545454545454,repeated_stratified,6,1,full,combined
8,8,1.0,8,4,0.5,8,5,0.625,0.7083333333333334,0.7071895424836602,0.8333333333333334,8,0,0,0,4,4,0,3,5,P24,xgb,37,"{'subsample': 0.6, 'reg_lambda': 10, 'reg_alpha': 0.1, 'min_child_weight': 1, 'max_depth': 8, 'learning_rate': 0.03, 'gamma': 0.3, 'colsample_bytree': 0.6, 'colsample_bylevel': 0.8, 'n_estimators': 300}",0.9373496873496873,repeated_stratified,6,2,full,combined
8,8,1.0,8,2,0.25,8,5,0.625,0.625,0.611336032388664,0.8177083333333334,8,0,0,0,2,6,0,3,5,P24,xgb,149,"{'subsample': 0.8, 'reg_lambda': 10, 'reg_alpha': 0, 'min_child_weight': 1, 'max_depth': 8, 'learning_rate': 0.05, 'gamma': 0, 'colsample_bytree': 0.7, 'colsample_bylevel': 0.6, 'n_estimators': 300}",0.8392015392015392,repeated_stratified,6,3,full,combined
8,8,1.0,8,3,0.375,8,2,0.25,0.5416666666666666,0.5398692810457516,0.7369791666666666,8,0,0,0,3,5,0,6,2,P24,xgb,119,"{'subsample': 0.6, 'reg_lambda': 1, 'reg_alpha': 0, 'min_child_weight': 1, 'max_depth': 2, 'learning_rate': 0.03, 'gamma': 0, 'colsample_bytree': 0.6, 'colsample_bylevel': 0.6, 'n_estimators': 300}",0.8120731120731121,repeated_stratified,6,4,full,combined
8,8,1.0,8,3,0.375,8,3,0.375,0.5833333333333334,0.5833333333333334,0.765625,8,0,0,0,3,5,0,5,3,P24,xgb,148,"{'subsample': 1.0, 'reg_lambda': 1, 'reg_alpha': 0.5, 'min_child_weight': 1, 'max_depth': 4, 'learning_rate': 0.01, 'gamma': 0.5, 'colsample_bytree': 0.6, 'colsample_bylevel': 0.8, 'n_estimators': 300}",0.8524531024531026,repeated_stratified,7,0,full,combined
8,8,1.0,8,4,0.5,8,4,0.5,0.6666666666666666,0.6666666666666666,0.828125,8,0,0,0,4,4,0,4,4,P24,xgb,146,"{'subsample': 0.6, 'reg_lambda': 10, 'reg_alpha': 0.1, 'min_child_weight': 1, 'max_depth': 8, 'learning_rate': 0.03, 'gamma': 0.3, 'colsample_bytree': 0.6, 'colsample_bylevel': 0.8, 'n_estimators': 300}",0.8878547378547378,repeated_stratified,7,1,full,combined
8,8,1.0,8,2,0.25,8,4,0.5,0.5833333333333334,0.5767195767195766,0.7994791666666666,8,0,0,0,2,6,0,4,4,P24,xgb,149,"{'subsample': 0.6, 'reg_lambda': 1, 'reg_alpha': 0, 'min_child_weight': 1, 'max_depth': 2, 'learning_rate': 0.03, 'gamma': 0, 'colsample_bytree': 0.6, 'colsample_bylevel': 0.6, 'n_estimators': 300}",0.8497835497835499,repeated_stratified,7,2,full,combined
8,8,1.0,8,5,0.625,8,3,0.375,0.6666666666666666,0.6613756613756614,0.8515625,8,0,0,0,5,3,0,5,3,P24,xgb,150,"{'subsample': 0.8, 'reg_lambda': 10, 'reg_alpha': 0.5, 'min_child_weight': 1, 'max_depth': 8, 'learning_rate': 0.01, 'gamma': 0.3, 'colsample_bytree': 0.7, 'colsample_bylevel': 0.6, 'n_estimators': 300}",0.8302308802308803,repeated_stratified,7,3,full,combined
8,8,1.0,8,4,0.5,8,3,0.375,0.625,0.6235294117647059,0.8072916666666666,8,0,0,0,4,4,0,5,3,P24,xgb,150,"{'subsample': 0.6, 'reg_lambda': 1, 'reg_alpha': 0, 'min_child_weight': 1, 'max_depth': 2, 'learning_rate': 0.03, 'gamma': 0, 'colsample_bytree': 0.6, 'colsample_bylevel': 0.6, 'n_estimators': 300}",0.8381914381914383,repeated_stratified,7,4,full,combined
8,8,1.0,8,4,0.5,8,5,0.625,0.7083333333333334,0.7071895424836602,0.8411458333333334,8,0,0,0,4,4,0,3,5,P24,xgb,150,"{'subsample': 0.6, 'reg_lambda': 5, 'reg_alpha': 0, 'min_child_weight': 1, 'max_depth': 2, 'learning_rate': 0.01, 'gamma': 0.3, 'colsample_bytree': 0.7, 'colsample_bylevel': 0.6, 'n_estimators': 300}",0.8219336219336218,repeated_stratified,8,0,full,combined
8,8,1.0,8,6,0.75,8,5,0.625,0.7916666666666666,0.7908496732026143,0.8984375,8,0,0,0,6,2,0,3,5,P24,xgb,149,"{'subsample': 0.8, 'reg_lambda': 1, 'reg_alpha': 0, 'min_child_weight': 1, 'max_depth': 4, 'learning_rate': 0.01, 'gamma': 0, 'colsample_bytree': 0.7, 'colsample_bylevel': 0.8, 'n_estimators': 300}",0.8819624819624821,repeated_stratified,8,1,full,combined
8,8,1.0,8,4,0.5,8,1,0.125,0.5416666666666666,0.524966261808367,0.7708333333333334,8,0,0,0,4,4,0,7,1,P24,xgb,149,"{'subsample': 0.8, 'reg_lambda': 10, 'reg_alpha': 0, 'min_child_weight': 1, 'max_depth': 4, 'learning_rate': 0.03, 'gamma': 0, 'colsample_bytree': 0.6, 'colsample_bylevel': 0.8, 'n_estimators': 300}",0.8566859066859068,repeated_stratified,8,2,full,combined
8,8,1.0,8,4,0.5,8,3,0.375,0.625,0.6235294117647059,0.8229166666666666,8,0,0,0,4,4,0,5,3,P24,xgb,148,"{'subsample': 0.6, 'reg_lambda': 3, 'reg_alpha': 0.1, 'min_child_weight': 1, 'max_depth': 8, 'learning_rate': 0.05, 'gamma': 0, 'colsample_bytree': 0.7, 'colsample_bylevel': 0.8, 'n_estimators': 300}",0.8872294372294371,repeated_stratified,8,3,full,combined
8,8,1.0,8,3,0.375,8,2,0.25,0.5416666666666666,0.5398692810457516,0.8046875,8,0,0,0,3,5,0,6,2,P24,xgb,149,"{'subsample': 0.6, 'reg_lambda': 5, 'reg_alpha': 0, 'min_child_weight': 1, 'max_depth': 2, 'learning_rate': 0.01, 'gamma': 0.3, 'colsample_bytree': 0.7, 'colsample_bylevel': 0.6, 'n_estimators': 300}",0.8313131313131313,repeated_stratified,8,4,full,combined
8,8,1.0,8,4,0.5,8,2,0.25,0.5833333333333334,0.5767195767195767,0.75,8,0,0,0,4,4,0,6,2,P24,xgb,150,"{'subsample': 0.6, 'reg_lambda': 1, 'reg_alpha': 0, 'min_child_weight': 1, 'max_depth': 2, 'learning_rate': 0.03, 'gamma': 0, 'colsample_bytree': 0.6, 'colsample_bylevel': 0.6, 'n_estimators': 300}",0.8252765752765753,repeated_stratified,9,0,full,combined
8,8,1.0,8,2,0.25,8,6,0.75,0.6666666666666666,0.6444444444444444,0.8463541666666666,8,0,0,0,2,6,0,2,6,P24,xgb,149,"{'subsample': 0.6, 'reg_lambda': 5, 'reg_alpha': 0, 'min_child_weight': 1, 'max_depth': 2, 'learning_rate': 0.01, 'gamma': 0.3, 'colsample_bytree': 0.7, 'colsample_bylevel': 0.6, 'n_estimators': 300}",0.871043771043771,repeated_stratified,9,1,full,combined
8,8,1.0,8,1,0.125,8,5,0.625,0.5833333333333334,0.5555555555555556,0.7734375,8,0,0,0,1,7,0,3,5,P24,xgb,74,"{'subsample': 0.6, 'reg_lambda': 3, 'reg_alpha': 0.1, 'min_child_weight': 1, 'max_depth': 8, 'learning_rate': 0.05, 'gamma': 0, 'colsample_bytree': 0.7, 'colsample_bylevel': 0.8, 'n_estimators': 300}",0.9294372294372294,repeated_stratified,9,2,full,combined
8,8,1.0,8,3,0.375,8,3,0.375,0.5833333333333334,0.5833333333333334,0.7864583333333334,8,0,0,0,3,5,0,5,3,P24,xgb,117,"{'subsample': 1.0, 'reg_lambda': 3, 'reg_alpha': 0.5, 'min_child_weight': 1, 'max_depth': 2, 'learning_rate': 0.05, 'gamma': 0, 'colsample_bytree': 0.7, 'colsample_bylevel': 0.8, 'n_estimators': 300}",0.9258056758056757,repeated_stratified,9,3,full,combined
8,8,1.0,8,4,0.5,8,1,0.125,0.5416666666666666,0.524966261808367,0.7578125,8,0,0,0,4,4,0,7,1,P24,xgb,149,"{'subsample': 0.6, 'reg_lambda': 3, 'reg_alpha': 0.1, 'min_child_weight': 1, 'max_depth': 2, 'learning_rate': 0.05, 'gamma': 0, 'colsample_bytree': 0.7, 'colsample_bylevel': 0.6, 'n_estimators': 300}",0.8771765271765272,repeated_stratified,9,4,full,combined
8,8,1.0,8,4,0.5,8,4,0.5,0.6666666666666666,0.6581699346405229,0.8645833333333334,8,0,0,1,4,3,0,4,4,P25,xgb,148,"{'subsample': 0.6, 'reg_lambda': 3, 'reg_alpha': 0.1, 'min_child_weight': 1, 'max_depth': 2, 'learning_rate': 0.05, 'gamma': 0, 'colsample_bytree': 0.7, 'colsample_bylevel': 0.6, 'n_estimators': 300}",0.9632515632515632,repeated_stratified,0,0,full,combined
8,8,1.0,8,5,0.625,8,4,0.5,0.7083333333333334,0.7071895424836602,0.8619791666666666,8,0,0,0,5,3,0,4,4,P25,xgb,150,"{'subsample': 0.6, 'reg_lambda': 1, 'reg_alpha': 0, 'min_child_weight': 1, 'max_depth': 2, 'learning_rate': 0.03, 'gamma': 0, 'colsample_bytree': 0.6, 'colsample_bylevel': 0.6, 'n_estimators': 300}",0.9619769119769118,repeated_stratified,0,1,full,combined
8,8,1.0,8,3,0.375,8,2,0.25,0.5416666666666666,0.5276143790849673,0.703125,8,0,0,0,3,5,1,5,2,P25,xgb,149,"{'subsample': 0.6, 'reg_lambda': 1, 'reg_alpha': 0, 'min_child_weight': 1, 'max_depth': 2, 'learning_rate': 0.03, 'gamma': 0, 'colsample_bytree': 0.6, 'colsample_bylevel': 0.6, 'n_estimators': 300}",0.9274170274170275,repeated_stratified,0,2,full,combined
8,8,1.0,8,6,0.75,8,4,0.5,0.75,0.7394957983193278,0.9140625,8,0,0,0,6,2,1,3,4,P25,xgb,148,"{'subsample': 0.6, 'reg_lambda': 1, 'reg_alpha': 0, 'min_child_weight': 1, 'max_depth': 2, 'learning_rate': 0.03, 'gamma': 0, 'colsample_bytree': 0.6, 'colsample_bylevel': 0.6, 'n_estimators': 300}",0.9382154882154882,repeated_stratified,0,3,full,combined
8,8,1.0,8,5,0.625,8,5,0.625,0.75,0.744281045751634,0.84375,8,0,0,0,5,3,1,2,5,P25,xgb,150,"{'subsample': 0.6, 'reg_lambda': 1, 'reg_alpha': 0, 'min_child_weight': 1, 'max_depth': 2, 'learning_rate': 0.03, 'gamma': 0, 'colsample_bytree': 0.6, 'colsample_bylevel': 0.6, 'n_estimators': 300}",0.951058201058201,repeated_stratified,0,4,full,combined
8,8,1.0,8,4,0.5,8,5,0.625,0.7083333333333334,0.7071895424836602,0.8203125,8,0,0,0,4,4,0,3,5,P25,xgb,150,"{'subsample': 0.6, 'reg_lambda': 1, 'reg_alpha': 0, 'min_child_weight': 1, 'max_depth': 2, 'learning_rate': 0.03, 'gamma': 0, 'colsample_bytree': 0.6, 'colsample_bylevel': 0.6, 'n_estimators': 300}",0.9214045214045213,repeated_stratified,1,0,full,combined
8,8,1.0,8,6,0.75,8,5,0.625,0.7916666666666666,0.7908496732026143,0.9270833333333334,8,0,0,0,6,2,0,3,5,P25,xgb,150,"{'subsample': 0.6, 'reg_lambda': 1, 'reg_alpha': 0, 'min_child_weight': 1, 'max_depth': 2, 'learning_rate': 0.03, 'gamma': 0, 'colsample_bytree': 0.6, 'colsample_bylevel': 0.6, 'n_estimators': 300}",0.9136844636844637,repeated_stratified,1,1,full,combined
8,8,1.0,8,4,0.5,8,5,0.625,0.7083333333333334,0.7071895424836602,0.9244791666666666,8,0,0,0,4,4,0,3,5,P25,xgb,150,"{'subsample': 0.6, 'reg_lambda': 3, 'reg_alpha': 0.1, 'min_child_weight': 1, 'max_depth': 8, 'learning_rate': 0.05, 'gamma': 0, 'colsample_bytree': 0.7, 'colsample_bylevel': 0.8, 'n_estimators': 300}",0.9611592111592112,repeated_stratified,1,2,full,combined
8,8,1.0,8,2,0.25,8,7,0.875,0.7083333333333334,0.6767676767676768,0.9348958333333334,8,0,0,0,2,6,0,1,7,P25,xgb,150,"{'subsample': 0.6, 'reg_lambda': 3, 'reg_alpha': 0.1, 'min_child_weight': 1, 'max_depth': 8, 'learning_rate': 0.05, 'gamma': 0, 'colsample_bytree': 0.7, 'colsample_bylevel': 0.8, 'n_estimators': 300}",0.9224867724867726,repeated_stratified,1,3,full,combined
8,8,1.0,8,4,0.5,8,3,0.375,0.625,0.6058201058201058,0.8125,8,0,0,1,4,3,1,4,3,P25,xgb,149,"{'subsample': 0.6, 'reg_lambda': 3, 'reg_alpha': 0.1, 'min_child_weight': 1, 'max_depth': 2, 'learning_rate': 0.05, 'gamma': 0, 'colsample_bytree': 0.7, 'colsample_bylevel': 0.6, 'n_estimators': 300}",0.9633237133237134,repeated_stratified,1,4,full,combined
8,8,1.0,8,5,0.625,8,7,0.875,0.8333333333333334,0.8306878306878307,0.9166666666666666,8,0,0,0,5,3,0,1,7,P25,xgb,150,"{'subsample': 0.6, 'reg_lambda': 1, 'reg_alpha': 0, 'min_child_weight': 1, 'max_depth': 2, 'learning_rate': 0.03, 'gamma': 0, 'colsample_bytree': 0.6, 'colsample_bylevel': 0.6, 'n_estimators': 300}",0.8724386724386725,repeated_stratified,2,0,full,combined
8,7,0.875,8,4,0.5,8,1,0.125,0.5,0.48329959514170034,0.6848958333333334,7,1,0,0,4,4,1,6,1,P25,xgb,150,"{'subsample': 0.8, 'reg_lambda': 5, 'reg_alpha': 0.1, 'min_child_weight': 1, 'max_depth': 8, 'learning_rate': 0.03, 'gamma': 0, 'colsample_bytree': 0.6, 'colsample_bylevel': 0.6, 'n_estimators': 300}",0.9655363155363156,repeated_stratified,2,1,full,combined
8,8,1.0,8,4,0.5,8,1,0.125,0.5416666666666666,0.524966261808367,0.7760416666666666,8,0,0,0,4,4,0,7,1,P25,xgb,150,"{'subsample': 0.6, 'reg_lambda': 3, 'reg_alpha': 0.1, 'min_child_weight': 1, 'max_depth': 8, 'learning_rate': 0.05, 'gamma': 0, 'colsample_bytree': 0.7, 'colsample_bylevel': 0.8, 'n_estimators': 300}",0.9453583453583455,repeated_stratified,2,2,full,combined
8,8,1.0,8,4,0.5,8,5,0.625,0.7083333333333334,0.7071895424836602,0.8671875,8,0,0,0,4,4,0,3,5,P25,xgb,150,"{'subsample': 0.8, 'reg_lambda': 5, 'reg_alpha': 0.1, 'min_child_weight': 1, 'max_depth': 8, 'learning_rate': 0.03, 'gamma': 0, 'colsample_bytree': 0.6, 'colsample_bylevel': 0.6, 'n_estimators': 300}",0.9393698893698894,repeated_stratified,2,3,full,combined
8,8,1.0,8,6,0.75,8,4,0.5,0.75,0.746031746031746,0.8489583333333334,8,0,0,0,6,2,0,4,4,P25,xgb,150,"{'subsample': 0.6, 'reg_lambda': 3, 'reg_alpha': 0.1, 'min_child_weight': 1, 'max_depth': 2, 'learning_rate': 0.05, 'gamma': 0, 'colsample_bytree': 0.7, 'colsample_bylevel': 0.6, 'n_estimators': 300}",0.9185666185666186,repeated_stratified,2,4,full,combined
8,8,1.0,8,3,0.375,8,6,0.75,0.7083333333333334,0.6909184726522187,0.9192708333333334,8,0,0,0,3,5,1,1,6,P25,xgb,149,"{'subsample': 0.6, 'reg_lambda': 1, 'reg_alpha': 0, 'min_child_weight': 1, 'max_depth': 2, 'learning_rate': 0.03, 'gamma': 0, 'colsample_bytree': 0.6, 'colsample_bylevel': 0.6, 'n_estimators': 300}",0.9729196729196729,repeated_stratified,3,0,full,combined
8,8,1.0,8,5,0.625,8,5,0.625,0.75,0.75,0.828125,8,0,0,0,5,3,0,3,5,P25,xgb,150,"{'subsample': 0.6, 'reg_lambda': 1, 'reg_alpha': 0, 'min_child_weight': 1, 'max_depth': 2, 'learning_rate': 0.03, 'gamma': 0, 'colsample_bytree': 0.6, 'colsample_bylevel': 0.6, 'n_estimators': 300}",0.9676527176527178,repeated_stratified,3,1,full,combined
8,8,1.0,8,4,0.5,8,4,0.5,0.6666666666666666,0.6666666666666666,0.828125,8,0,0,0,4,4,0,4,4,P25,xgb,148,"{'subsample': 0.6, 'reg_lambda': 3, 'reg_alpha': 0.1, 'min_child_weight': 1, 'max_depth': 2, 'learning_rate': 0.05, 'gamma': 0, 'colsample_bytree': 0.7, 'colsample_bylevel': 0.6, 'n_estimators': 300}",0.9822991822991822,repeated_stratified,3,2,full,combined
8,8,1.0,8,4,0.5,8,6,0.75,0.75,0.746031746031746,0.9296875,8,0,0,0,4,4,0,2,6,P25,xgb,150,"{'subsample': 0.6, 'reg_lambda': 3, 'reg_alpha': 0.1, 'min_child_weight': 1, 'max_depth': 8, 'learning_rate': 0.05, 'gamma': 0, 'colsample_bytree': 0.7, 'colsample_bylevel': 0.8, 'n_estimators': 300}",0.9222703222703222,repeated_stratified,3,3,full,combined
8,8,1.0,8,5,0.625,8,7,0.875,0.8333333333333334,0.8306878306878307,0.9088541666666666,8,0,0,0,5,3,0,1,7,P25,xgb,150,"{'subsample': 0.6, 'reg_lambda': 3, 'reg_alpha': 0.1, 'min_child_weight': 1, 'max_depth': 2, 'learning_rate': 0.05, 'gamma': 0, 'colsample_bytree': 0.7, 'colsample_bylevel': 0.6, 'n_estimators': 300}",0.9317941317941317,repeated_stratified,3,4,full,combined
8,8,1.0,8,4,0.5,8,3,0.375,0.625,0.6235294117647059,0.8098958333333334,8,0,0,0,4,4,0,5,3,P25,xgb,150,"{'subsample': 0.6, 'reg_lambda': 3, 'reg_alpha': 0.1, 'min_child_weight': 1, 'max_depth': 2, 'learning_rate': 0.05, 'gamma': 0, 'colsample_bytree': 0.7, 'colsample_bylevel': 0.6, 'n_estimators': 300}",0.9512025012025012,repeated_stratified,4,0,full,combined
8,8,1.0,8,5,0.625,8,3,0.375,0.6666666666666666,0.6613756613756614,0.8307291666666666,8,0,0,0,5,3,0,5,3,P25,xgb,150,"{'subsample': 0.6, 'reg_lambda': 5, 'reg_alpha': 0.5, 'min_child_weight': 1, 'max_depth': 8, 'learning_rate': 0.03, 'gamma': 0.3, 'colsample_bytree': 0.6, 'colsample_bylevel': 0.6, 'n_estimators': 300}",0.9166426166426166,repeated_stratified,4,1,full,combined
8,8,1.0,8,4,0.5,8,2,0.25,0.5833333333333334,0.5582010582010581,0.8203125,8,0,0,0,4,4,2,4,2,P25,xgb,150,"{'subsample': 0.6, 'reg_lambda': 3, 'reg_alpha': 0.1, 'min_child_weight': 1, 'max_depth': 2, 'learning_rate': 0.05, 'gamma': 0, 'colsample_bytree': 0.7, 'colsample_bylevel': 0.6, 'n_estimators': 300}",0.9001924001924002,repeated_stratified,4,2,full,combined
8,8,1.0,8,4,0.5,8,3,0.375,0.625,0.6137254901960785,0.8151041666666666,8,0,0,0,4,4,1,4,3,P25,xgb,150,"{'subsample': 0.6, 'reg_lambda': 1, 'reg_alpha': 0, 'min_child_weight': 1, 'max_depth': 2, 'learning_rate': 0.03, 'gamma': 0, 'colsample_bytree': 0.6, 'colsample_bylevel': 0.6, 'n_estimators': 300}",0.8951418951418951,repeated_stratified,4,3,full,combined
8,8,1.0,8,6,0.75,8,6,0.75,0.8333333333333334,0.8333333333333334,0.8880208333333334,8,0,0,0,6,2,0,2,6,P25,xgb,150,"{'subsample': 0.6, 'reg_lambda': 1, 'reg_alpha': 0, 'min_child_weight': 1, 'max_depth': 2, 'learning_rate': 0.03, 'gamma': 0, 'colsample_bytree': 0.6, 'colsample_bylevel': 0.6, 'n_estimators': 300}",0.9021164021164022,repeated_stratified,4,4,full,combined
8,8,1.0,8,3,0.375,8,3,0.375,0.5833333333333334,0.5833333333333334,0.8489583333333334,8,0,0,0,3,5,0,5,3,P25,xgb,149,"{'subsample': 0.6, 'reg_lambda': 3, 'reg_alpha': 0.1, 'min_child_weight': 1, 'max_depth': 2, 'learning_rate': 0.05, 'gamma': 0, 'colsample_bytree': 0.7, 'colsample_bylevel': 0.6, 'n_estimators': 300}",0.978884078884079,repeated_stratified,5,0,full,combined
8,8,1.0,8,6,0.75,8,5,0.625,0.7916666666666666,0.7908496732026143,0.9244791666666666,8,0,0,0,6,2,0,3,5,P25,xgb,149,"{'subsample': 0.6, 'reg_lambda': 1, 'reg_alpha': 0, 'min_child_weight': 1, 'max_depth': 2, 'learning_rate': 0.03, 'gamma': 0, 'colsample_bytree': 0.6, 'colsample_bylevel': 0.6, 'n_estimators': 300}",0.9522847522847523,repeated_stratified,5,1,full,combined
8,8,1.0,8,4,0.5,8,4,0.5,0.6666666666666666,0.6581699346405229,0.8723958333333334,8,0,0,0,4,4,1,3,4,P25,xgb,149,"{'subsample': 0.6, 'reg_lambda': 3, 'reg_alpha': 0.1, 'min_child_weight': 1, 'max_depth': 2, 'learning_rate': 0.05, 'gamma': 0, 'colsample_bytree': 0.7, 'colsample_bylevel': 0.6, 'n_estimators': 300}",0.903992303992304,repeated_stratified,5,2,full,combined
8,8,1.0,8,5,0.625,8,4,0.5,0.7083333333333334,0.6998366013071896,0.8776041666666666,8,0,0,0,5,3,1,3,4,P25,xgb,149,"{'subsample': 0.6, 'reg_lambda': 1, 'reg_alpha': 0, 'min_child_weight': 1, 'max_depth': 2, 'learning_rate': 0.03, 'gamma': 0, 'colsample_bytree': 0.6, 'colsample_bylevel': 0.6, 'n_estimators': 300}",0.9005291005291006,repeated_stratified,5,3,full,combined
8,8,1.0,8,4,0.5,8,5,0.625,0.7083333333333334,0.7071895424836602,0.8359375,8,0,0,0,4,4,0,3,5,P25,xgb,150,"{'subsample': 0.6, 'reg_lambda': 1, 'reg_alpha': 0, 'min_child_weight': 1, 'max_depth': 2, 'learning_rate': 0.03, 'gamma': 0, 'colsample_bytree': 0.6, 'colsample_bylevel': 0.6, 'n_estimators': 300}",0.9290283790283791,repeated_stratified,5,4,full,combined
8,8,1.0,8,5,0.625,8,3,0.375,0.6666666666666666,0.6613756613756614,0.8958333333333334,8,0,0,0,5,3,0,5,3,P25,xgb,149,"{'subsample': 0.6, 'reg_lambda': 1, 'reg_alpha': 0, 'min_child_weight': 1, 'max_depth': 2, 'learning_rate': 0.03, 'gamma': 0, 'colsample_bytree': 0.6, 'colsample_bylevel': 0.6, 'n_estimators': 300}",0.9462962962962963,repeated_stratified,6,0,full,combined
8,8,1.0,8,6,0.75,8,3,0.375,0.7083333333333334,0.6851851851851851,0.7864583333333334,8,0,0,1,6,1,1,4,3,P25,xgb,150,"{'subsample': 0.6, 'reg_lambda': 3, 'reg_alpha': 0.1, 'min_child_weight': 1, 'max_depth': 8, 'learning_rate': 0.05, 'gamma': 0, 'colsample_bytree': 0.7, 'colsample_bylevel': 0.8, 'n_estimators': 300}",0.9196729196729198,repeated_stratified,6,1,full,combined
8,8,1.0,8,6,0.75,8,4,0.5,0.75,0.746031746031746,0.8645833333333334,8,0,0,0,6,2,0,4,4,P25,xgb,150,"{'subsample': 0.6, 'reg_lambda': 3, 'reg_alpha': 0.1, 'min_child_weight': 1, 'max_depth': 2, 'learning_rate': 0.05, 'gamma': 0, 'colsample_bytree': 0.7, 'colsample_bylevel': 0.6, 'n_estimators': 300}",0.9444925444925444,repeated_stratified,6,2,full,combined
8,8,1.0,8,4,0.5,8,5,0.625,0.7083333333333334,0.700280112044818,0.8619791666666666,8,0,0,0,4,4,1,2,5,P25,xgb,150,"{'subsample': 0.6, 'reg_lambda': 1, 'reg_alpha': 0, 'min_child_weight': 1, 'max_depth': 2, 'learning_rate': 0.03, 'gamma': 0, 'colsample_bytree': 0.6, 'colsample_bylevel': 0.6, 'n_estimators': 300}",0.9307118807118808,repeated_stratified,6,3,full,combined
8,8,1.0,8,2,0.25,8,5,0.625,0.625,0.611336032388664,0.75,8,0,0,0,2,6,0,3,5,P25,xgb,149,"{'subsample': 0.6, 'reg_lambda': 1, 'reg_alpha': 0, 'min_child_weight': 1, 'max_depth': 2, 'learning_rate': 0.03, 'gamma': 0, 'colsample_bytree': 0.6, 'colsample_bylevel': 0.6, 'n_estimators': 300}",0.9534391534391534,repeated_stratified,6,4,full,combined
8,8,1.0,8,6,0.75,8,6,0.75,0.8333333333333334,0.8333333333333334,0.8828125,8,0,0,0,6,2,0,2,6,P25,xgb,150,"{'subsample': 0.6, 'reg_lambda': 3, 'reg_alpha': 0.1, 'min_child_weight': 1, 'max_depth': 8, 'learning_rate': 0.05, 'gamma': 0, 'colsample_bytree': 0.7, 'colsample_bylevel': 0.8, 'n_estimators': 300}",0.9160894660894661,repeated_stratified,7,0,full,combined
8,8,1.0,8,3,0.375,8,4,0.5,0.625,0.6134453781512605,0.8541666666666666,8,0,0,0,3,5,1,3,4,P25,xgb,150,"{'subsample': 0.6, 'reg_lambda': 1, 'reg_alpha': 0, 'min_child_weight': 1, 'max_depth': 2, 'learning_rate': 0.03, 'gamma': 0, 'colsample_bytree': 0.6, 'colsample_bylevel': 0.6, 'n_estimators': 300}",0.9541606541606543,repeated_stratified,7,1,full,combined
8,8,1.0,8,6,0.75,8,5,0.625,0.7916666666666666,0.7859477124183006,0.9401041666666666,8,0,0,0,6,2,1,2,5,P25,xgb,149,"{'subsample': 0.6, 'reg_lambda': 1, 'reg_alpha': 0, 'min_child_weight': 1, 'max_depth': 2, 'learning_rate': 0.03, 'gamma': 0, 'colsample_bytree': 0.6, 'colsample_bylevel': 0.6, 'n_estimators': 300}",0.9144300144300145,repeated_stratified,7,2,full,combined
8,8,1.0,8,4,0.5,8,4,0.5,0.6666666666666666,0.6666666666666666,0.8489583333333334,8,0,0,0,4,4,0,4,4,P25,xgb,150,"{'subsample': 0.6, 'reg_lambda': 1, 'reg_alpha': 0, 'min_child_weight': 1, 'max_depth': 2, 'learning_rate': 0.03, 'gamma': 0, 'colsample_bytree': 0.6, 'colsample_bylevel': 0.6, 'n_estimators': 300}",0.9664021164021164,repeated_stratified,7,3,full,combined
8,8,1.0,8,3,0.375,8,6,0.75,0.7083333333333334,0.6897938662644544,0.859375,8,0,0,1,3,4,0,2,6,P25,xgb,150,"{'subsample': 0.6, 'reg_lambda': 1, 'reg_alpha': 0, 'min_child_weight': 1, 'max_depth': 2, 'learning_rate': 0.03, 'gamma': 0, 'colsample_bytree': 0.6, 'colsample_bylevel': 0.6, 'n_estimators': 300}",0.9348244348244349,repeated_stratified,7,4,full,combined
8,8,1.0,8,7,0.875,8,2,0.25,0.7083333333333334,0.6767676767676768,0.8385416666666666,8,0,0,0,7,1,0,6,2,P25,xgb,150,"{'subsample': 0.8, 'reg_lambda': 5, 'reg_alpha': 0.1, 'min_child_weight': 1, 'max_depth': 8, 'learning_rate': 0.03, 'gamma': 0, 'colsample_bytree': 0.6, 'colsample_bylevel': 0.6, 'n_estimators': 300}",0.9488696488696489,repeated_stratified,8,0,full,combined
8,7,0.875,8,2,0.25,8,5,0.625,0.5833333333333334,0.5803418803418804,0.7994791666666666,7,0,1,0,2,6,0,3,5,P25,xgb,148,"{'subsample': 0.6, 'reg_lambda': 3, 'reg_alpha': 0.1, 'min_child_weight': 1, 'max_depth': 8, 'learning_rate': 0.05, 'gamma': 0, 'colsample_bytree': 0.7, 'colsample_bylevel': 0.8, 'n_estimators': 300}",0.9399951899951899,repeated_stratified,8,1,full,combined
8,8,1.0,8,3,0.375,8,5,0.625,0.6666666666666666,0.6527568292274174,0.8463541666666666,8,0,0,0,3,5,1,2,5,P25,xgb,149,"{'subsample': 0.6, 'reg_lambda': 3, 'reg_alpha': 0.1, 'min_child_weight': 1, 'max_depth': 2, 'learning_rate': 0.05, 'gamma': 0, 'colsample_bytree': 0.7, 'colsample_bylevel': 0.6, 'n_estimators': 300}",0.8913419913419913,repeated_stratified,8,2,full,combined
8,8,1.0,8,3,0.375,8,3,0.375,0.5833333333333334,0.5641534391534392,0.78125,8,0,0,0,3,5,2,3,3,P25,xgb,147,"{'subsample': 0.6, 'reg_lambda': 1, 'reg_alpha': 0, 'min_child_weight': 1, 'max_depth': 2, 'learning_rate': 0.03, 'gamma': 0, 'colsample_bytree': 0.6, 'colsample_bylevel': 0.6, 'n_estimators': 300}",0.9547619047619048,repeated_stratified,8,3,full,combined
8,8,1.0,8,4,0.5,8,5,0.625,0.7083333333333334,0.6998366013071896,0.8125,8,0,0,1,4,3,0,3,5,P25,xgb,150,"{'subsample': 0.6, 'reg_lambda': 3, 'reg_alpha': 0.1, 'min_child_weight': 1, 'max_depth': 8, 'learning_rate': 0.05, 'gamma': 0, 'colsample_bytree': 0.7, 'colsample_bylevel': 0.8, 'n_estimators': 300}",0.9663780663780663,repeated_stratified,8,4,full,combined
8,8,1.0,8,4,0.5,8,2,0.25,0.5833333333333334,0.5658263305322128,0.8229166666666666,8,0,0,0,4,4,1,5,2,P25,xgb,150,"{'subsample': 0.8, 'reg_lambda': 5, 'reg_alpha': 0.1, 'min_child_weight': 1, 'max_depth': 8, 'learning_rate': 0.03, 'gamma': 0, 'colsample_bytree': 0.6, 'colsample_bylevel': 0.6, 'n_estimators': 300}",0.943025493025493,repeated_stratified,9,0,full,combined
8,8,1.0,8,6,0.75,8,5,0.625,0.7916666666666666,0.7908496732026143,0.9088541666666666,8,0,0,0,6,2,0,3,5,P25,xgb,149,"{'subsample': 0.6, 'reg_lambda': 1, 'reg_alpha': 0, 'min_child_weight': 1, 'max_depth': 2, 'learning_rate': 0.03, 'gamma': 0, 'colsample_bytree': 0.6, 'colsample_bylevel': 0.6, 'n_estimators': 300}",0.9091149591149591,repeated_stratified,9,1,full,combined
8,8,1.0,8,2,0.25,8,4,0.5,0.5833333333333334,0.5644377409083291,0.8385416666666666,8,0,0,0,2,6,1,3,4,P25,xgb,149,"{'subsample': 0.6, 'reg_lambda': 1, 'reg_alpha': 0, 'min_child_weight': 1, 'max_depth': 2, 'learning_rate': 0.03, 'gamma': 0, 'colsample_bytree': 0.6, 'colsample_bylevel': 0.6, 'n_estimators': 300}",0.9497594997594998,repeated_stratified,9,2,full,combined
8,8,1.0,8,7,0.875,8,4,0.5,0.7916666666666666,0.7840755735492578,0.9010416666666666,8,0,0,0,7,1,0,4,4,P25,xgb,150,"{'subsample': 0.6, 'reg_lambda': 3, 'reg_alpha': 0.1, 'min_child_weight': 1, 'max_depth': 2, 'learning_rate': 0.05, 'gamma': 0, 'colsample_bytree': 0.7, 'colsample_bylevel': 0.6, 'n_estimators': 300}",0.939105339105339,repeated_stratified,9,3,full,combined
8,8,1.0,8,4,0.5,8,5,0.625,0.7083333333333334,0.7071895424836602,0.8723958333333334,8,0,0,0,4,4,0,3,5,P25,xgb,150,"{'subsample': 0.6, 'reg_lambda': 3, 'reg_alpha': 0.1, 'min_child_weight': 1, 'max_depth': 2, 'learning_rate': 0.05, 'gamma': 0, 'colsample_bytree': 0.7, 'colsample_bylevel': 0.6, 'n_estimators': 300}",0.944131794131794,repeated_stratified,9,4,full,combined
9,9,1.0,9,6,0.6666666666666666,9,5,0.5555555555555556,0.7407407407407407,0.739938080495356,0.9197530864197532,9,0,0,0,6,3,0,4,5,P27,xgb,150,"{'subsample': 0.6, 'reg_lambda': 1, 'reg_alpha': 0, 'min_child_weight': 1, 'max_depth': 2, 'learning_rate': 0.03, 'gamma': 0, 'colsample_bytree': 0.6, 'colsample_bylevel': 0.6, 'n_estimators': 300}",0.9155742204655248,repeated_stratified,0,0,full,combined
9,8,0.8888888888888888,8,4,0.5,9,6,0.6666666666666666,0.6923076923076923,0.6851851851851851,0.8626089324618734,8,1,0,1,4,3,0,3,6,P27,xgb,150,"{'subsample': 0.6, 'reg_lambda': 3, 'reg_alpha': 0.1, 'min_child_weight': 1, 'max_depth': 2, 'learning_rate': 0.05, 'gamma': 0, 'colsample_bytree': 0.7, 'colsample_bylevel': 0.6, 'n_estimators': 300}",0.8689430537256625,repeated_stratified,0,1,full,combined
9,9,1.0,8,3,0.375,9,5,0.5555555555555556,0.6538461538461539,0.6421052631578946,0.8336056644880174,9,0,0,0,3,5,0,4,5,P27,xgb,49,"{'subsample': 0.8, 'reg_lambda': 1, 'reg_alpha': 0, 'min_child_weight': 1, 'max_depth': 8, 'learning_rate': 0.01, 'gamma': 0.3, 'colsample_bytree': 0.6, 'colsample_bylevel': 0.8, 'n_estimators': 300}",0.9721307275655103,repeated_stratified,0,2,full,combined
9,9,1.0,8,4,0.5,9,3,0.3333333333333333,0.6153846153846154,0.597270955165692,0.8740468409586057,9,0,0,1,4,3,0,6,3,P27,xgb,150,"{'subsample': 0.6, 'reg_lambda': 3, 'reg_alpha': 0.1, 'min_child_weight': 1, 'max_depth': 8, 'learning_rate': 0.05, 'gamma': 0, 'colsample_bytree': 0.7, 'colsample_bylevel': 0.8, 'n_estimators': 300}",0.9061264822134388,repeated_stratified,0,3,full,combined
9,9,1.0,8,4,0.5,9,4,0.4444444444444444,0.6538461538461539,0.6393188854489164,0.8142701525054467,9,0,0,0,4,4,1,4,4,P27,xgb,149,"{'subsample': 0.6, 'reg_lambda': 1, 'reg_alpha': 0, 'min_child_weight': 1, 'max_depth': 2, 'learning_rate': 0.03, 'gamma': 0, 'colsample_bytree': 0.6, 'colsample_bylevel': 0.6, 'n_estimators': 300}",0.9170875420875421,repeated_stratified,0,4,full,combined
9,9,1.0,9,3,0.3333333333333333,9,4,0.4444444444444444,0.5925925925925926,0.5913312693498453,0.7798353909465021,9,0,0,0,3,6,0,5,4,P27,xgb,150,"{'subsample': 0.6, 'reg_lambda': 3, 'reg_alpha': 0.1, 'min_child_weight': 1, 'max_depth': 2, 'learning_rate': 0.05, 'gamma': 0, 'colsample_bytree': 0.7, 'colsample_bylevel': 0.6, 'n_estimators': 300}",0.936694847020934,repeated_stratified,1,0,full,combined
9,9,1.0,8,6,0.75,9,5,0.5555555555555556,0.7692307692307693,0.7638888888888888,0.914488017429194,9,0,0,0,6,2,0,4,5,P27,xgb,150,"{'subsample': 0.6, 'reg_lambda': 1, 'reg_alpha': 0, 'min_child_weight': 1, 'max_depth': 2, 'learning_rate': 0.03, 'gamma': 0, 'colsample_bytree': 0.6, 'colsample_bylevel': 0.6, 'n_estimators': 300}",0.8752195871761089,repeated_stratified,1,1,full,combined
9,9,1.0,8,6,0.75,9,6,0.6666666666666666,0.8076923076923077,0.8039215686274511,0.9460784313725491,9,0,0,0,6,2,0,3,6,P27,xgb,150,"{'subsample': 0.6, 'reg_lambda': 1, 'reg_alpha': 0, 'min_child_weight': 1, 'max_depth': 2, 'learning_rate': 0.03, 'gamma': 0, 'colsample_bytree': 0.6, 'colsample_bylevel': 0.6, 'n_estimators': 300}",0.9152759478846435,repeated_stratified,1,2,full,combined
9,9,1.0,8,5,0.625,9,6,0.6666666666666666,0.7692307692307693,0.7602339181286549,0.8995098039215685,9,0,0,0,5,3,1,2,6,P27,xgb,116,"{'subsample': 0.8, 'reg_lambda': 1, 'reg_alpha': 0, 'min_child_weight': 1, 'max_depth': 8, 'learning_rate': 0.01, 'gamma': 0.3, 'colsample_bytree': 0.6, 'colsample_bylevel': 0.8, 'n_estimators': 300}",0.89725150051237,repeated_stratified,1,3,full,combined
9,8,0.8888888888888888,8,3,0.375,9,5,0.5555555555555556,0.6153846153846154,0.6137254901960785,0.7845860566448802,8,0,1,0,3,5,0,4,5,P27,xgb,150,"{'subsample': 0.6, 'reg_lambda': 3, 'reg_alpha': 0.1, 'min_child_weight': 1, 'max_depth': 8, 'learning_rate': 0.05, 'gamma': 0, 'colsample_bytree': 0.7, 'colsample_bylevel': 0.8, 'n_estimators': 300}",0.9522763870589958,repeated_stratified,1,4,full,combined
9,9,1.0,9,4,0.4444444444444444,9,5,0.5555555555555556,0.6666666666666666,0.6656346749226006,0.8497942386831276,9,0,0,0,4,5,0,4,5,P27,xgb,150,"{'subsample': 0.6, 'reg_lambda': 1, 'reg_alpha': 0, 'min_child_weight': 1, 'max_depth': 2, 'learning_rate': 0.03, 'gamma': 0, 'colsample_bytree': 0.6, 'colsample_bylevel': 0.6, 'n_estimators': 300}",0.8821457326892109,repeated_stratified,2,0,full,combined
9,9,1.0,8,3,0.375,9,4,0.4444444444444444,0.6153846153846154,0.5976522187822497,0.8288398692810457,9,0,0,1,3,4,0,5,4,P27,xgb,149,"{'subsample': 0.6, 'reg_lambda': 1, 'reg_alpha': 0, 'min_child_weight': 1, 'max_depth': 2, 'learning_rate': 0.03, 'gamma': 0, 'colsample_bytree': 0.6, 'colsample_bylevel': 0.6, 'n_estimators': 300}",0.9268774703557313,repeated_stratified,2,1,full,combined
9,9,1.0,8,5,0.625,9,6,0.6666666666666666,0.7692307692307693,0.7602339181286549,0.9282407407407408,9,0,0,0,5,3,1,2,6,P27,xgb,150,"{'subsample': 0.6, 'reg_lambda': 1, 'reg_alpha': 0, 'min_child_weight': 1, 'max_depth': 2, 'learning_rate': 0.03, 'gamma': 0, 'colsample_bytree': 0.6, 'colsample_bylevel': 0.6, 'n_estimators': 300}",0.9097313716878935,repeated_stratified,2,2,full,combined
9,9,1.0,8,5,0.625,9,6,0.6666666666666666,0.7692307692307693,0.7638888888888888,0.9192538126361655,9,0,0,0,5,3,0,3,6,P27,xgb,148,"{'subsample': 0.6, 'reg_lambda': 1, 'reg_alpha': 0, 'min_child_weight': 1, 'max_depth': 2, 'learning_rate': 0.03, 'gamma': 0, 'colsample_bytree': 0.6, 'colsample_bylevel': 0.6, 'n_estimators': 300}",0.9064741619089446,repeated_stratified,2,3,full,combined
9,8,0.8888888888888888,8,4,0.5,9,7,0.7777777777777778,0.7307692307692307,0.7264239028944911,0.8449074074074074,8,0,1,0,4,4,0,2,7,P27,xgb,150,"{'subsample': 0.6, 'reg_lambda': 1, 'reg_alpha': 0, 'min_child_weight': 1, 'max_depth': 2, 'learning_rate': 0.03, 'gamma': 0, 'colsample_bytree': 0.6, 'colsample_bylevel': 0.6, 'n_estimators': 300}",0.9053213292343728,repeated_stratified,2,4,full,combined
9,8,0.8888888888888888,9,5,0.5555555555555556,9,8,0.8888888888888888,0.7777777777777778,0.7783719548425431,0.9032921810699589,8,0,1,0,5,4,0,1,8,P27,xgb,149,"{'subsample': 0.6, 'reg_lambda': 3, 'reg_alpha': 0.1, 'min_child_weight': 1, 'max_depth': 8, 'learning_rate': 0.05, 'gamma': 0, 'colsample_bytree': 0.7, 'colsample_bylevel': 0.8, 'n_estimators': 300}",0.8665532132923438,repeated_stratified,3,0,full,combined
9,9,1.0,8,5,0.625,9,3,0.3333333333333333,0.6538461538461539,0.6340852130325815,0.7930283224400871,9,0,0,1,5,2,0,6,3,P27,xgb,137,"{'subsample': 0.6, 'reg_lambda': 1, 'reg_alpha': 0, 'min_child_weight': 1, 'max_depth': 2, 'learning_rate': 0.03, 'gamma': 0, 'colsample_bytree': 0.6, 'colsample_bylevel': 0.6, 'n_estimators': 300}",0.9136107451324843,repeated_stratified,3,1,full,combined
9,9,1.0,8,4,0.5,9,8,0.8888888888888888,0.8076923076923077,0.7888888888888889,0.9328703703703703,9,0,0,1,4,3,1,0,8,P27,xgb,149,"{'subsample': 0.6, 'reg_lambda': 1, 'reg_alpha': 0, 'min_child_weight': 1, 'max_depth': 2, 'learning_rate': 0.03, 'gamma': 0, 'colsample_bytree': 0.6, 'colsample_bylevel': 0.6, 'n_estimators': 300}",0.9076086956521738,repeated_stratified,3,2,full,combined
9,9,1.0,8,6,0.75,9,4,0.4444444444444444,0.7307692307692307,0.7157894736842105,0.9106753812636166,9,0,0,0,6,2,1,4,4,P27,xgb,148,"{'subsample': 0.8, 'reg_lambda': 1, 'reg_alpha': 0.5, 'min_child_weight': 1, 'max_depth': 2, 'learning_rate': 0.01, 'gamma': 0.1, 'colsample_bytree': 0.7, 'colsample_bylevel': 0.6, 'n_estimators': 300}",0.9331357048748353,repeated_stratified,3,3,full,combined
9,9,1.0,8,4,0.5,9,7,0.7777777777777778,0.7692307692307693,0.7571428571428571,0.8740468409586057,9,0,0,0,4,4,0,2,7,P27,xgb,150,"{'subsample': 0.6, 'reg_lambda': 3, 'reg_alpha': 0.1, 'min_child_weight': 1, 'max_depth': 8, 'learning_rate': 0.05, 'gamma': 0, 'colsample_bytree': 0.7, 'colsample_bylevel': 0.8, 'n_estimators': 300}",0.941260430390865,repeated_stratified,3,4,full,combined
9,9,1.0,9,4,0.4444444444444444,9,6,0.6666666666666666,0.7037037037037037,0.6935672514619883,0.8827160493827161,9,0,0,0,4,5,1,2,6,P27,xgb,150,"{'subsample': 0.6, 'reg_lambda': 3, 'reg_alpha': 0.1, 'min_child_weight': 1, 'max_depth': 2, 'learning_rate': 0.05, 'gamma': 0, 'colsample_bytree': 0.7, 'colsample_bylevel': 0.6, 'n_estimators': 300}",0.8439467135119308,repeated_stratified,4,0,full,combined
9,9,1.0,8,3,0.375,9,5,0.5555555555555556,0.6538461538461539,0.6421052631578946,0.8672385620915032,9,0,0,0,3,5,0,4,5,P27,xgb,150,"{'subsample': 0.6, 'reg_lambda': 1, 'reg_alpha': 0, 'min_child_weight': 1, 'max_depth': 2, 'learning_rate': 0.03, 'gamma': 0, 'colsample_bytree': 0.6, 'colsample_bylevel': 0.6, 'n_estimators': 300}",0.8934087249304641,repeated_stratified,4,1,full,combined
9,9,1.0,8,5,0.625,9,5,0.5555555555555556,0.7307692307692307,0.7254901960784315,0.8877995642701526,9,0,0,0,5,3,0,4,5,P27,xgb,147,"{'subsample': 0.6, 'reg_lambda': 1, 'reg_alpha': 0, 'min_child_weight': 1, 'max_depth': 2, 'learning_rate': 0.03, 'gamma': 0, 'colsample_bytree': 0.6, 'colsample_bylevel': 0.6, 'n_estimators': 300}",0.9304091641048163,repeated_stratified,4,2,full,combined
9,8,0.8888888888888888,8,5,0.625,9,5,0.5555555555555556,0.6923076923076923,0.6949891067538125,0.8336056644880174,8,0,1,0,5,3,0,4,5,P27,xgb,150,"{'subsample': 0.6, 'reg_lambda': 3, 'reg_alpha': 0.1, 'min_child_weight': 1, 'max_depth': 8, 'learning_rate': 0.05, 'gamma': 0, 'colsample_bytree': 0.7, 'colsample_bylevel': 0.8, 'n_estimators': 300}",0.8934819206558337,repeated_stratified,4,3,full,combined
9,9,1.0,8,2,0.25,9,6,0.6666666666666666,0.6538461538461539,0.6263736263736264,0.8154956427015251,9,0,0,0,2,6,0,3,6,P27,xgb,149,"{'subsample': 0.6, 'reg_lambda': 3, 'reg_alpha': 0.1, 'min_child_weight': 1, 'max_depth': 8, 'learning_rate': 0.05, 'gamma': 0, 'colsample_bytree': 0.7, 'colsample_bylevel': 0.8, 'n_estimators': 300}",0.9118723466549553,repeated_stratified,4,4,full,combined
9,9,1.0,9,4,0.4444444444444444,9,6,0.6666666666666666,0.7037037037037037,0.6883040935672514,0.9197530864197532,9,0,0,1,4,4,1,2,6,P27,xgb,150,"{'subsample': 0.6, 'reg_lambda': 1, 'reg_alpha': 0, 'min_child_weight': 1, 'max_depth': 2, 'learning_rate': 0.03, 'gamma': 0, 'colsample_bytree': 0.6, 'colsample_bylevel': 0.6, 'n_estimators': 300}",0.8853974527887573,repeated_stratified,5,0,full,combined
9,9,1.0,8,3,0.375,9,6,0.6666666666666666,0.6923076923076923,0.6761904761904761,0.8514433551198257,9,0,0,0,3,5,0,3,6,P27,xgb,150,"{'subsample': 0.6, 'reg_lambda': 1, 'reg_alpha': 0, 'min_child_weight': 1, 'max_depth': 2, 'learning_rate': 0.03, 'gamma': 0, 'colsample_bytree': 0.6, 'colsample_bylevel': 0.6, 'n_estimators': 300}",0.9081576635924461,repeated_stratified,5,1,full,combined
9,9,1.0,8,5,0.625,9,4,0.4444444444444444,0.6923076923076923,0.6785345717234262,0.8654684095860565,9,0,0,0,5,3,1,4,4,P27,xgb,150,"{'subsample': 0.6, 'reg_lambda': 3, 'reg_alpha': 0.1, 'min_child_weight': 1, 'max_depth': 2, 'learning_rate': 0.05, 'gamma': 0, 'colsample_bytree': 0.7, 'colsample_bylevel': 0.6, 'n_estimators': 300}",0.937362758014932,repeated_stratified,5,2,full,combined
9,9,1.0,8,2,0.25,9,6,0.6666666666666666,0.6538461538461539,0.6263736263736264,0.8135893246187363,9,0,0,0,2,6,0,3,6,P27,xgb,149,"{'subsample': 0.6, 'reg_lambda': 3, 'reg_alpha': 0.1, 'min_child_weight': 1, 'max_depth': 8, 'learning_rate': 0.05, 'gamma': 0, 'colsample_bytree': 0.7, 'colsample_bylevel': 0.8, 'n_estimators': 300}",0.9163738837651881,repeated_stratified,5,3,full,combined
9,8,0.8888888888888888,8,1,0.125,9,4,0.4444444444444444,0.5,0.49150326797385624,0.7456427015250545,8,1,0,0,1,7,0,5,4,P27,xgb,150,"{'subsample': 0.6, 'reg_lambda': 1, 'reg_alpha': 0, 'min_child_weight': 1, 'max_depth': 2, 'learning_rate': 0.03, 'gamma': 0, 'colsample_bytree': 0.6, 'colsample_bylevel': 0.6, 'n_estimators': 300}",0.9231993851559067,repeated_stratified,5,4,full,combined
9,8,0.8888888888888888,9,2,0.2222222222222222,9,6,0.6666666666666666,0.5925925925925926,0.5828766289124346,0.8065843621399177,8,0,1,0,2,7,0,3,6,P27,xgb,150,"{'subsample': 0.6, 'reg_lambda': 1, 'reg_alpha': 0, 'min_child_weight': 1, 'max_depth': 2, 'learning_rate': 0.03, 'gamma': 0, 'colsample_bytree': 0.6, 'colsample_bylevel': 0.6, 'n_estimators': 300}",0.872471087688479,repeated_stratified,6,0,full,combined
9,9,1.0,8,4,0.5,9,6,0.6666666666666666,0.7307692307692307,0.7216374269005849,0.8988289760348583,9,0,0,0,4,4,0,3,6,P27,xgb,150,"{'subsample': 0.6, 'reg_lambda': 3, 'reg_alpha': 0.1, 'min_child_weight': 1, 'max_depth': 8, 'learning_rate': 0.05, 'gamma': 0, 'colsample_bytree': 0.7, 'colsample_bylevel': 0.8, 'n_estimators': 300}",0.9329344166300687,repeated_stratified,6,1,full,combined
9,9,1.0,8,1,0.125,9,6,0.6666666666666666,0.6153846153846154,0.5707070707070707,0.7506808278867103,9,0,0,0,1,7,0,3,6,P27,xgb,150,"{'subsample': 0.6, 'reg_lambda': 1, 'reg_alpha': 0, 'min_child_weight': 1, 'max_depth': 2, 'learning_rate': 0.03, 'gamma': 0, 'colsample_bytree': 0.6, 'colsample_bylevel': 0.6, 'n_estimators': 300}",0.8710657297613821,repeated_stratified,6,2,full,combined
9,9,1.0,8,5,0.625,9,7,0.7777777777777778,0.8076923076923077,0.8011695906432749,0.8827614379084968,9,0,0,0,5,3,0,2,7,P27,xgb,149,"{'subsample': 0.6, 'reg_lambda': 3, 'reg_alpha': 0.1, 'min_child_weight': 1, 'max_depth': 2, 'learning_rate': 0.05, 'gamma': 0, 'colsample_bytree': 0.7, 'colsample_bylevel': 0.6, 'n_estimators': 300}",0.9156602254428341,repeated_stratified,6,3,full,combined
9,9,1.0,8,6,0.75,9,6,0.6666666666666666,0.8076923076923077,0.8010835913312694,0.9373638344226579,9,0,0,0,6,2,1,2,6,P27,xgb,150,"{'subsample': 0.6, 'reg_lambda': 1, 'reg_alpha': 0, 'min_child_weight': 1, 'max_depth': 2, 'learning_rate': 0.03, 'gamma': 0, 'colsample_bytree': 0.6, 'colsample_bylevel': 0.6, 'n_estimators': 300}",0.932403747621139,repeated_stratified,6,4,full,combined
9,9,1.0,9,6,0.6666666666666666,9,3,0.3333333333333333,0.6666666666666666,0.6571428571428571,0.8189300411522634,9,0,0,0,6,3,0,6,3,P27,xgb,148,"{'subsample': 0.6, 'reg_lambda': 3, 'reg_alpha': 0.1, 'min_child_weight': 1, 'max_depth': 8, 'learning_rate': 0.05, 'gamma': 0, 'colsample_bytree': 0.7, 'colsample_bylevel': 0.8, 'n_estimators': 300}",0.9265243009808227,repeated_stratified,7,0,full,combined
9,9,1.0,8,5,0.625,9,7,0.7777777777777778,0.8076923076923077,0.7994987468671679,0.8897058823529411,9,0,0,0,5,3,1,1,7,P27,xgb,150,"{'subsample': 0.6, 'reg_lambda': 3, 'reg_alpha': 0.1, 'min_child_weight': 1, 'max_depth': 8, 'learning_rate': 0.05, 'gamma': 0, 'colsample_bytree': 0.7, 'colsample_bylevel': 0.8, 'n_estimators': 300}",0.9202166593470942,repeated_stratified,7,1,full,combined
9,9,1.0,8,5,0.625,9,6,0.6666666666666666,0.7692307692307693,0.7638888888888888,0.8760893246187363,9,0,0,0,5,3,0,3,6,P27,xgb,149,"{'subsample': 0.6, 'reg_lambda': 1, 'reg_alpha': 0, 'min_child_weight': 1, 'max_depth': 2, 'learning_rate': 0.03, 'gamma': 0, 'colsample_bytree': 0.6, 'colsample_bylevel': 0.6, 'n_estimators': 300}",0.9521848924022837,repeated_stratified,7,2,full,combined
9,9,1.0,8,5,0.625,9,7,0.7777777777777778,0.8076923076923077,0.797270955165692,0.8760893246187363,9,0,0,1,5,2,0,2,7,P27,xgb,149,"{'subsample': 0.6, 'reg_lambda': 1, 'reg_alpha': 0, 'min_child_weight': 1, 'max_depth': 2, 'learning_rate': 0.03, 'gamma': 0, 'colsample_bytree': 0.6, 'colsample_bylevel': 0.6, 'n_estimators': 300}",0.860836627140975,repeated_stratified,7,3,full,combined
9,9,1.0,8,3,0.375,9,8,0.8888888888888888,0.7692307692307693,0.7424242424242425,0.9504357298474945,9,0,0,0,3,5,0,1,8,P27,xgb,148,"{'subsample': 0.6, 'reg_lambda': 10, 'reg_alpha': 0.5, 'min_child_weight': 1, 'max_depth': 2, 'learning_rate': 0.05, 'gamma': 0.1, 'colsample_bytree': 0.6, 'colsample_bylevel': 0.6, 'n_estimators': 300}",0.8147965158834726,repeated_stratified,7,4,full,combined
9,9,1.0,9,4,0.4444444444444444,9,5,0.5555555555555556,0.6666666666666666,0.6656346749226006,0.8271604938271605,9,0,0,0,4,5,0,4,5,P27,xgb,149,"{'subsample': 0.6, 'reg_lambda': 5, 'reg_alpha': 0.5, 'min_child_weight': 1, 'max_depth': 8, 'learning_rate': 0.03, 'gamma': 0.3, 'colsample_bytree': 0.6, 'colsample_bylevel': 0.6, 'n_estimators': 300}",0.9490685843946713,repeated_stratified,8,0,full,combined
9,9,1.0,8,4,0.5,9,7,0.7777777777777778,0.7692307692307693,0.7571428571428571,0.9257897603485837,9,0,0,0,4,4,0,2,7,P27,xgb,150,"{'subsample': 0.6, 'reg_lambda': 3, 'reg_alpha': 0.1, 'min_child_weight': 1, 'max_depth': 2, 'learning_rate': 0.05, 'gamma': 0, 'colsample_bytree': 0.7, 'colsample_bylevel': 0.6, 'n_estimators': 300}",0.8675340360122968,repeated_stratified,8,1,full,combined
9,9,1.0,8,3,0.375,9,6,0.6666666666666666,0.6923076923076923,0.669172932330827,0.8905228758169935,9,0,0,1,3,4,0,3,6,P27,xgb,150,"{'subsample': 0.8, 'reg_lambda': 10, 'reg_alpha': 0.5, 'min_child_weight': 1, 'max_depth': 8, 'learning_rate': 0.01, 'gamma': 0.3, 'colsample_bytree': 0.7, 'colsample_bylevel': 0.6, 'n_estimators': 300}",0.8908468745425268,repeated_stratified,8,2,full,combined
9,9,1.0,8,4,0.5,9,4,0.4444444444444444,0.6538461538461539,0.6393188854489164,0.8668300653594772,9,0,0,1,4,3,0,5,4,P27,xgb,150,"{'subsample': 0.6, 'reg_lambda': 3, 'reg_alpha': 0.1, 'min_child_weight': 1, 'max_depth': 2, 'learning_rate': 0.05, 'gamma': 0, 'colsample_bytree': 0.7, 'colsample_bylevel': 0.6, 'n_estimators': 300}",0.9111952861952862,repeated_stratified,8,3,full,combined
9,8,0.8888888888888888,8,4,0.5,9,5,0.5555555555555556,0.6538461538461539,0.6481481481481481,0.8743191721132897,8,1,0,0,4,4,1,3,5,P27,xgb,150,"{'subsample': 0.6, 'reg_lambda': 3, 'reg_alpha': 0.1, 'min_child_weight': 1, 'max_depth': 8, 'learning_rate': 0.05, 'gamma': 0, 'colsample_bytree': 0.7, 'colsample_bylevel': 0.8, 'n_estimators': 300}",0.894396867222954,repeated_stratified,8,4,full,combined
9,9,1.0,9,5,0.5555555555555556,9,6,0.6666666666666666,0.7407407407407407,0.739938080495356,0.9053497942386831,9,0,0,0,5,4,0,3,6,P27,xgb,150,"{'subsample': 0.6, 'reg_lambda': 1, 'reg_alpha': 0, 'min_child_weight': 1, 'max_depth': 2, 'learning_rate': 0.03, 'gamma': 0, 'colsample_bytree': 0.6, 'colsample_bylevel': 0.6, 'n_estimators': 300}",0.9564942907334211,repeated_stratified,9,0,full,combined
9,9,1.0,8,3,0.375,9,5,0.5555555555555556,0.6538461538461539,0.6421052631578946,0.7866285403050108,9,0,0,0,3,5,0,4,5,P27,xgb,148,"{'subsample': 0.6, 'reg_lambda': 3, 'reg_alpha': 0.1, 'min_child_weight': 1, 'max_depth': 2, 'learning_rate': 0.05, 'gamma': 0, 'colsample_bytree': 0.7, 'colsample_bylevel': 0.6, 'n_estimators': 300}",0.9140682184160446,repeated_stratified,9,1,full,combined
9,8,0.8888888888888888,8,2,0.25,9,5,0.5555555555555556,0.5769230769230769,0.5582010582010581,0.8293845315904139,8,1,0,0,2,6,1,3,5,P27,xgb,150,"{'subsample': 0.8, 'reg_lambda': 10, 'reg_alpha': 0, 'min_child_weight': 1, 'max_depth': 8, 'learning_rate': 0.05, 'gamma': 0, 'colsample_bytree': 0.7, 'colsample_bylevel': 0.6, 'n_estimators': 300}",0.8975076855511639,repeated_stratified,9,2,full,combined
9,8,0.8888888888888888,8,4,0.5,9,5,0.5555555555555556,0.6538461538461539,0.6558307533539732,0.8357843137254902,8,0,1,0,4,4,0,4,5,P27,xgb,150,"{'subsample': 0.6, 'reg_lambda': 1, 'reg_alpha': 0, 'min_child_weight': 1, 'max_depth': 2, 'learning_rate': 0.03, 'gamma': 0, 'colsample_bytree': 0.6, 'colsample_bylevel': 0.6, 'n_estimators': 300}",0.9139401258966476,repeated_stratified,9,3,full,combined
9,9,1.0,8,6,0.75,9,6,0.6666666666666666,0.8076923076923077,0.8039215686274511,0.880718954248366,9,0,0,0,6,2,0,3,6,P27,xgb,150,"{'subsample': 0.6, 'reg_lambda': 1, 'reg_alpha': 0, 'min_child_weight': 1, 'max_depth': 2, 'learning_rate': 0.03, 'gamma': 0, 'colsample_bytree': 0.6, 'colsample_bylevel': 0.6, 'n_estimators': 300}",0.8946347533304054,repeated_stratified,9,4,full,combined
8,8,1.0,8,7,0.875,8,5,0.625,0.8333333333333334,0.8306878306878307,0.9140625,8,0,0,0,7,1,0,3,5,P28,xgb,150,"{'subsample': 0.6, 'reg_lambda': 3, 'reg_alpha': 0.1, 'min_child_weight': 1, 'max_depth': 8, 'learning_rate': 0.05, 'gamma': 0, 'colsample_bytree': 0.7, 'colsample_bylevel': 0.8, 'n_estimators': 300}",0.9299422799422801,repeated_stratified,0,0,full,combined
8,8,1.0,8,1,0.125,8,6,0.75,0.625,0.5844155844155844,0.8203125,8,0,0,0,1,7,0,2,6,P28,xgb,150,"{'subsample': 0.6, 'reg_lambda': 1, 'reg_alpha': 0, 'min_child_weight': 1, 'max_depth': 2, 'learning_rate': 0.03, 'gamma': 0, 'colsample_bytree': 0.6, 'colsample_bylevel': 0.6, 'n_estimators': 300}",0.9653439153439153,repeated_stratified,0,1,full,combined
8,8,1.0,8,4,0.5,8,3,0.375,0.625,0.6235294117647059,0.8333333333333334,8,0,0,0,4,4,0,5,3,P28,xgb,149,"{'subsample': 0.6, 'reg_lambda': 1, 'reg_alpha': 0, 'min_child_weight': 1, 'max_depth': 2, 'learning_rate': 0.03, 'gamma': 0, 'colsample_bytree': 0.6, 'colsample_bylevel': 0.6, 'n_estimators': 300}",0.9377825877825878,repeated_stratified,0,2,full,combined
8,8,1.0,8,3,0.375,8,4,0.5,0.625,0.6235294117647059,0.8255208333333334,8,0,0,0,3,5,0,4,4,P28,xgb,150,"{'subsample': 0.6, 'reg_lambda': 1, 'reg_alpha': 0, 'min_child_weight': 1, 'max_depth': 2, 'learning_rate': 0.03, 'gamma': 0, 'colsample_bytree': 0.6, 'colsample_bylevel': 0.6, 'n_estimators': 300}",0.9451899951899952,repeated_stratified,0,3,full,combined
8,8,1.0,8,5,0.625,8,4,0.5,0.7083333333333334,0.7071895424836602,0.8723958333333334,8,0,0,0,5,3,0,4,4,P28,xgb,149,"{'subsample': 0.6, 'reg_lambda': 3, 'reg_alpha': 0.1, 'min_child_weight': 1, 'max_depth': 2, 'learning_rate': 0.05, 'gamma': 0, 'colsample_bytree': 0.7, 'colsample_bylevel': 0.6, 'n_estimators': 300}",0.9145021645021645,repeated_stratified,0,4,full,combined
8,8,1.0,8,4,0.5,8,6,0.75,0.75,0.746031746031746,0.8489583333333334,8,0,0,0,4,4,0,2,6,P28,xgb,148,"{'subsample': 0.6, 'reg_lambda': 3, 'reg_alpha': 0.1, 'min_child_weight': 1, 'max_depth': 2, 'learning_rate': 0.05, 'gamma': 0, 'colsample_bytree': 0.7, 'colsample_bylevel': 0.6, 'n_estimators': 300}",0.9286435786435786,repeated_stratified,1,0,full,combined
8,8,1.0,8,4,0.5,8,4,0.5,0.6666666666666666,0.6666666666666666,0.8229166666666666,8,0,0,0,4,4,0,4,4,P28,xgb,148,"{'subsample': 0.6, 'reg_lambda': 1, 'reg_alpha': 0, 'min_child_weight': 1, 'max_depth': 2, 'learning_rate': 0.03, 'gamma': 0, 'colsample_bytree': 0.6, 'colsample_bylevel': 0.6, 'n_estimators': 300}",0.9410774410774411,repeated_stratified,1,1,full,combined
8,8,1.0,8,4,0.5,8,3,0.375,0.625,0.6235294117647059,0.8229166666666666,8,0,0,0,4,4,0,5,3,P28,xgb,150,"{'subsample': 0.6, 'reg_lambda': 1, 'reg_alpha': 0, 'min_child_weight': 1, 'max_depth': 2, 'learning_rate': 0.03, 'gamma': 0, 'colsample_bytree': 0.6, 'colsample_bylevel': 0.6, 'n_estimators': 300}",0.9281385281385282,repeated_stratified,1,2,full,combined
8,8,1.0,8,2,0.25,8,7,0.875,0.7083333333333334,0.6692810457516339,0.8723958333333334,8,0,0,0,2,6,1,0,7,P28,xgb,150,"{'subsample': 0.6, 'reg_lambda': 1, 'reg_alpha': 0, 'min_child_weight': 1, 'max_depth': 2, 'learning_rate': 0.03, 'gamma': 0, 'colsample_bytree': 0.6, 'colsample_bylevel': 0.6, 'n_estimators': 300}",0.9531746031746032,repeated_stratified,1,3,full,combined
8,8,1.0,8,5,0.625,8,1,0.125,0.5833333333333334,0.5447196422428621,0.7994791666666666,8,0,0,0,5,3,1,6,1,P28,xgb,148,"{'subsample': 0.6, 'reg_lambda': 3, 'reg_alpha': 0.1, 'min_child_weight': 1, 'max_depth': 2, 'learning_rate': 0.05, 'gamma': 0, 'colsample_bytree': 0.7, 'colsample_bylevel': 0.6, 'n_estimators': 300}",0.9386243386243386,repeated_stratified,1,4,full,combined
8,8,1.0,8,4,0.5,8,6,0.75,0.75,0.746031746031746,0.8489583333333334,8,0,0,0,4,4,0,2,6,P28,xgb,150,"{'subsample': 0.6, 'reg_lambda': 1, 'reg_alpha': 0, 'min_child_weight': 1, 'max_depth': 2, 'learning_rate': 0.03, 'gamma': 0, 'colsample_bytree': 0.6, 'colsample_bylevel': 0.6, 'n_estimators': 300}",0.9476911976911978,repeated_stratified,2,0,full,combined
8,8,1.0,8,5,0.625,8,2,0.25,0.625,0.6002751977984176,0.7942708333333334,8,0,0,1,5,2,0,6,2,P28,xgb,149,"{'subsample': 0.6, 'reg_lambda': 1, 'reg_alpha': 0, 'min_child_weight': 1, 'max_depth': 2, 'learning_rate': 0.03, 'gamma': 0, 'colsample_bytree': 0.6, 'colsample_bylevel': 0.6, 'n_estimators': 300}",0.9142376142376142,repeated_stratified,2,1,full,combined
8,8,1.0,8,5,0.625,8,4,0.5,0.7083333333333334,0.7071895424836602,0.8932291666666666,8,0,0,0,5,3,0,4,4,P28,xgb,149,"{'subsample': 0.6, 'reg_lambda': 1, 'reg_alpha': 0, 'min_child_weight': 1, 'max_depth': 2, 'learning_rate': 0.03, 'gamma': 0, 'colsample_bytree': 0.6, 'colsample_bylevel': 0.6, 'n_estimators': 300}",0.9608706108706109,repeated_stratified,2,2,full,combined
8,8,1.0,8,3,0.375,8,5,0.625,0.6666666666666666,0.6526610644257703,0.8229166666666666,8,0,0,1,3,4,0,3,5,P28,xgb,150,"{'subsample': 0.6, 'reg_lambda': 1, 'reg_alpha': 0, 'min_child_weight': 1, 'max_depth': 2, 'learning_rate': 0.03, 'gamma': 0, 'colsample_bytree': 0.6, 'colsample_bylevel': 0.6, 'n_estimators': 300}",0.9613516113516113,repeated_stratified,2,3,full,combined
8,8,1.0,8,6,0.75,8,4,0.5,0.75,0.746031746031746,0.9114583333333334,8,0,0,0,6,2,0,4,4,P28,xgb,149,"{'subsample': 0.6, 'reg_lambda': 1, 'reg_alpha': 0, 'min_child_weight': 1, 'max_depth': 2, 'learning_rate': 0.03, 'gamma': 0, 'colsample_bytree': 0.6, 'colsample_bylevel': 0.6, 'n_estimators': 300}",0.8896584896584896,repeated_stratified,2,4,full,combined
8,8,1.0,8,4,0.5,8,5,0.625,0.7083333333333334,0.7071895424836602,0.8489583333333334,8,0,0,0,4,4,0,3,5,P28,xgb,150,"{'subsample': 0.6, 'reg_lambda': 1, 'reg_alpha': 0, 'min_child_weight': 1, 'max_depth': 2, 'learning_rate': 0.03, 'gamma': 0, 'colsample_bytree': 0.6, 'colsample_bylevel': 0.6, 'n_estimators': 300}",0.9701298701298701,repeated_stratified,3,0,full,combined
8,8,1.0,8,4,0.5,8,3,0.375,0.625,0.6137254901960785,0.828125,8,0,0,0,4,4,1,4,3,P28,xgb,149,"{'subsample': 0.6, 'reg_lambda': 3, 'reg_alpha': 0.1, 'min_child_weight': 1, 'max_depth': 2, 'learning_rate': 0.05, 'gamma': 0, 'colsample_bytree': 0.7, 'colsample_bylevel': 0.6, 'n_estimators': 300}",0.8974987974987975,repeated_stratified,3,1,full,combined
8,8,1.0,8,6,0.75,8,4,0.5,0.75,0.746031746031746,0.8802083333333334,8,0,0,0,6,2,0,4,4,P28,xgb,148,"{'subsample': 0.6, 'reg_lambda': 1, 'reg_alpha': 0, 'min_child_weight': 1, 'max_depth': 2, 'learning_rate': 0.03, 'gamma': 0, 'colsample_bytree': 0.6, 'colsample_bylevel': 0.6, 'n_estimators': 300}",0.9409812409812409,repeated_stratified,3,2,full,combined
8,8,1.0,8,3,0.375,8,4,0.5,0.625,0.6235294117647059,0.8385416666666666,8,0,0,0,3,5,0,4,4,P28,xgb,150,"{'subsample': 0.6, 'reg_lambda': 1, 'reg_alpha': 0, 'min_child_weight': 1, 'max_depth': 2, 'learning_rate': 0.03, 'gamma': 0, 'colsample_bytree': 0.6, 'colsample_bylevel': 0.6, 'n_estimators': 300}",0.9730880230880231,repeated_stratified,3,3,full,combined
8,8,1.0,8,4,0.5,8,4,0.5,0.6666666666666666,0.6666666666666666,0.8645833333333334,8,0,0,0,4,4,0,4,4,P28,xgb,150,"{'subsample': 0.6, 'reg_lambda': 1, 'reg_alpha': 0, 'min_child_weight': 1, 'max_depth': 2, 'learning_rate': 0.03, 'gamma': 0, 'colsample_bytree': 0.6, 'colsample_bylevel': 0.6, 'n_estimators': 300}",0.9411014911014911,repeated_stratified,3,4,full,combined
8,8,1.0,8,6,0.75,8,3,0.375,0.7083333333333334,0.6977058029689608,0.8723958333333334,8,0,0,0,6,2,0,5,3,P28,xgb,150,"{'subsample': 0.6, 'reg_lambda': 1, 'reg_alpha': 0, 'min_child_weight': 1, 'max_depth': 2, 'learning_rate': 0.03, 'gamma': 0, 'colsample_bytree': 0.6, 'colsample_bylevel': 0.6, 'n_estimators': 300}",0.9644540644540643,repeated_stratified,4,0,full,combined
8,8,1.0,8,5,0.625,8,3,0.375,0.6666666666666666,0.6613756613756614,0.8307291666666666,8,0,0,0,5,3,0,5,3,P28,xgb,148,"{'subsample': 0.6, 'reg_lambda': 3, 'reg_alpha': 0.1, 'min_child_weight': 1, 'max_depth': 8, 'learning_rate': 0.05, 'gamma': 0, 'colsample_bytree': 0.7, 'colsample_bylevel': 0.8, 'n_estimators': 300}",0.9413419913419915,repeated_stratified,4,1,full,combined
8,8,1.0,8,3,0.375,8,5,0.625,0.6666666666666666,0.6462208815149992,0.8619791666666666,8,0,0,1,3,4,1,2,5,P28,xgb,150,"{'subsample': 0.6, 'reg_lambda': 3, 'reg_alpha': 0.1, 'min_child_weight': 1, 'max_depth': 8, 'learning_rate': 0.05, 'gamma': 0, 'colsample_bytree': 0.7, 'colsample_bylevel': 0.8, 'n_estimators': 300}",0.976094276094276,repeated_stratified,4,2,full,combined
8,8,1.0,8,7,0.875,8,2,0.25,0.7083333333333334,0.6767676767676768,0.8932291666666666,8,0,0,0,7,1,0,6,2,P28,xgb,150,"{'subsample': 0.6, 'reg_lambda': 3, 'reg_alpha': 0.1, 'min_child_weight': 1, 'max_depth': 2, 'learning_rate': 0.05, 'gamma': 0, 'colsample_bytree': 0.7, 'colsample_bylevel': 0.6, 'n_estimators': 300}",0.9391774891774891,repeated_stratified,4,3,full,combined
8,8,1.0,8,4,0.5,8,5,0.625,0.7083333333333334,0.7071895424836602,0.8489583333333334,8,0,0,0,4,4,0,3,5,P28,xgb,149,"{'subsample': 0.6, 'reg_lambda': 1, 'reg_alpha': 0, 'min_child_weight': 1, 'max_depth': 2, 'learning_rate': 0.03, 'gamma': 0, 'colsample_bytree': 0.6, 'colsample_bylevel': 0.6, 'n_estimators': 300}",0.9092352092352093,repeated_stratified,4,4,full,combined
8,8,1.0,8,4,0.5,8,2,0.25,0.5833333333333334,0.5658263305322128,0.7838541666666666,8,0,0,0,4,4,1,5,2,P28,xgb,150,"{'subsample': 0.6, 'reg_lambda': 1, 'reg_alpha': 0, 'min_child_weight': 1, 'max_depth': 2, 'learning_rate': 0.03, 'gamma': 0, 'colsample_bytree': 0.6, 'colsample_bylevel': 0.6, 'n_estimators': 300}",0.9312169312169312,repeated_stratified,5,0,full,combined
8,8,1.0,8,3,0.375,8,5,0.625,0.6666666666666666,0.6613756613756614,0.8020833333333334,8,0,0,0,3,5,0,3,5,P28,xgb,150,"{'subsample': 0.6, 'reg_lambda': 1, 'reg_alpha': 0, 'min_child_weight': 1, 'max_depth': 2, 'learning_rate': 0.03, 'gamma': 0, 'colsample_bytree': 0.6, 'colsample_bylevel': 0.6, 'n_estimators': 300}",0.9201298701298701,repeated_stratified,5,1,full,combined
8,8,1.0,8,5,0.625,8,5,0.625,0.75,0.75,0.8723958333333334,8,0,0,0,5,3,0,3,5,P28,xgb,147,"{'subsample': 0.6, 'reg_lambda': 3, 'reg_alpha': 0.1, 'min_child_weight': 1, 'max_depth': 2, 'learning_rate': 0.05, 'gamma': 0, 'colsample_bytree': 0.7, 'colsample_bylevel': 0.6, 'n_estimators': 300}",0.975036075036075,repeated_stratified,5,2,full,combined
8,8,1.0,8,5,0.625,8,6,0.75,0.7916666666666666,0.7908496732026143,0.8645833333333334,8,0,0,0,5,3,0,2,6,P28,xgb,150,"{'subsample': 0.6, 'reg_lambda': 1, 'reg_alpha': 0, 'min_child_weight': 1, 'max_depth': 2, 'learning_rate': 0.03, 'gamma': 0, 'colsample_bytree': 0.6, 'colsample_bylevel': 0.6, 'n_estimators': 300}",0.9215969215969215,repeated_stratified,5,3,full,combined
8,8,1.0,8,6,0.75,8,5,0.625,0.7916666666666666,0.7908496732026143,0.9140625,8,0,0,0,6,2,0,3,5,P28,xgb,148,"{'subsample': 0.6, 'reg_lambda': 3, 'reg_alpha': 0.1, 'min_child_weight': 1, 'max_depth': 8, 'learning_rate': 0.05, 'gamma': 0, 'colsample_bytree': 0.7, 'colsample_bylevel': 0.8, 'n_estimators': 300}",0.9451659451659452,repeated_stratified,5,4,full,combined
8,8,1.0,8,4,0.5,8,5,0.625,0.7083333333333334,0.7071895424836602,0.8359375,8,0,0,0,4,4,0,3,5,P28,xgb,149,"{'subsample': 0.6, 'reg_lambda': 3, 'reg_alpha': 0.1, 'min_child_weight': 1, 'max_depth': 2, 'learning_rate': 0.05, 'gamma': 0, 'colsample_bytree': 0.7, 'colsample_bylevel': 0.6, 'n_estimators': 300}",0.9749639249639249,repeated_stratified,6,0,full,combined
8,8,1.0,8,5,0.625,8,3,0.375,0.6666666666666666,0.6526610644257703,0.828125,8,0,0,0,5,3,1,4,3,P28,xgb,149,"{'subsample': 0.6, 'reg_lambda': 5, 'reg_alpha': 0.5, 'min_child_weight': 1, 'max_depth': 8, 'learning_rate': 0.03, 'gamma': 0.3, 'colsample_bytree': 0.6, 'colsample_bylevel': 0.6, 'n_estimators': 300}",0.9428571428571427,repeated_stratified,6,1,full,combined
8,8,1.0,8,5,0.625,8,4,0.5,0.7083333333333334,0.7071895424836602,0.8645833333333334,8,0,0,0,5,3,0,4,4,P28,xgb,150,"{'subsample': 0.6, 'reg_lambda': 3, 'reg_alpha': 0.1, 'min_child_weight': 1, 'max_depth': 2, 'learning_rate': 0.05, 'gamma': 0, 'colsample_bytree': 0.7, 'colsample_bylevel': 0.6, 'n_estimators': 300}",0.8896584896584896,repeated_stratified,6,2,full,combined
8,8,1.0,8,3,0.375,8,3,0.375,0.5833333333333334,0.5833333333333334,0.8177083333333334,8,0,0,0,3,5,0,5,3,P28,xgb,150,"{'subsample': 0.6, 'reg_lambda': 1, 'reg_alpha': 0, 'min_child_weight': 1, 'max_depth': 2, 'learning_rate': 0.03, 'gamma': 0, 'colsample_bytree': 0.6, 'colsample_bylevel': 0.6, 'n_estimators': 300}",0.8920153920153919,repeated_stratified,6,3,full,combined
8,8,1.0,8,2,0.25,8,5,0.625,0.625,0.611336032388664,0.8515625,8,0,0,0,2,6,0,3,5,P28,xgb,150,"{'subsample': 0.6, 'reg_lambda': 1, 'reg_alpha': 0, 'min_child_weight': 1, 'max_depth': 2, 'learning_rate': 0.03, 'gamma': 0, 'colsample_bytree': 0.6, 'colsample_bylevel': 0.6, 'n_estimators': 300}",0.9089225589225589,repeated_stratified,6,4,full,combined
8,8,1.0,8,4,0.5,8,5,0.625,0.7083333333333334,0.7071895424836602,0.8229166666666666,8,0,0,0,4,4,0,3,5,P28,xgb,150,"{'subsample': 0.6, 'reg_lambda': 1, 'reg_alpha': 0, 'min_child_weight': 1, 'max_depth': 2, 'learning_rate': 0.03, 'gamma': 0, 'colsample_bytree': 0.6, 'colsample_bylevel': 0.6, 'n_estimators': 300}",0.9633237133237132,repeated_stratified,7,0,full,combined
8,8,1.0,8,5,0.625,8,3,0.375,0.6666666666666666,0.6613756613756614,0.8385416666666666,8,0,0,0,5,3,0,5,3,P28,xgb,150,"{'subsample': 0.6, 'reg_lambda': 1, 'reg_alpha': 0, 'min_child_weight': 1, 'max_depth': 2, 'learning_rate': 0.03, 'gamma': 0, 'colsample_bytree': 0.6, 'colsample_bylevel': 0.6, 'n_estimators': 300}",0.9410052910052911,repeated_stratified,7,1,full,combined
8,8,1.0,8,3,0.375,8,4,0.5,0.625,0.6235294117647059,0.8177083333333334,8,0,0,0,3,5,0,4,4,P28,xgb,149,"{'subsample': 0.6, 'reg_lambda': 1, 'reg_alpha': 0, 'min_child_weight': 1, 'max_depth': 2, 'learning_rate': 0.03, 'gamma': 0, 'colsample_bytree': 0.6, 'colsample_bylevel': 0.6, 'n_estimators': 300}",0.9632034632034632,repeated_stratified,7,2,full,combined
8,8,1.0,8,4,0.5,8,4,0.5,0.6666666666666666,0.6581699346405229,0.875,8,0,0,0,4,4,1,3,4,P28,xgb,150,"{'subsample': 0.6, 'reg_lambda': 3, 'reg_alpha': 0.1, 'min_child_weight': 1, 'max_depth': 8, 'learning_rate': 0.05, 'gamma': 0, 'colsample_bytree': 0.7, 'colsample_bylevel': 0.8, 'n_estimators': 300}",0.9288600288600289,repeated_stratified,7,3,full,combined
8,8,1.0,8,4,0.5,8,7,0.875,0.7916666666666666,0.7840755735492578,0.8697916666666666,8,0,0,0,4,4,0,1,7,P28,xgb,150,"{'subsample': 0.6, 'reg_lambda': 1, 'reg_alpha': 0, 'min_child_weight': 1, 'max_depth': 2, 'learning_rate': 0.03, 'gamma': 0, 'colsample_bytree': 0.6, 'colsample_bylevel': 0.6, 'n_estimators': 300}",0.9010341510341511,repeated_stratified,7,4,full,combined
8,8,1.0,8,2,0.25,8,3,0.375,0.5416666666666666,0.5398692810457516,0.7395833333333334,8,0,0,0,2,6,0,5,3,P28,xgb,149,"{'subsample': 0.6, 'reg_lambda': 1, 'reg_alpha': 0, 'min_child_weight': 1, 'max_depth': 2, 'learning_rate': 0.03, 'gamma': 0, 'colsample_bytree': 0.6, 'colsample_bylevel': 0.6, 'n_estimators': 300}",0.9574314574314576,repeated_stratified,8,0,full,combined
8,8,1.0,8,7,0.875,8,5,0.625,0.8333333333333334,0.8263305322128852,0.8854166666666666,8,0,0,0,7,1,1,2,5,P28,xgb,149,"{'subsample': 0.6, 'reg_lambda': 3, 'reg_alpha': 0.1, 'min_child_weight': 1, 'max_depth': 2, 'learning_rate': 0.05, 'gamma': 0, 'colsample_bytree': 0.7, 'colsample_bylevel': 0.6, 'n_estimators': 300}",0.9383838383838383,repeated_stratified,8,1,full,combined
8,8,1.0,8,4,0.5,8,4,0.5,0.6666666666666666,0.6666666666666666,0.8333333333333334,8,0,0,0,4,4,0,4,4,P28,xgb,148,"{'subsample': 0.6, 'reg_lambda': 1, 'reg_alpha': 0, 'min_child_weight': 1, 'max_depth': 2, 'learning_rate': 0.03, 'gamma': 0, 'colsample_bytree': 0.6, 'colsample_bylevel': 0.6, 'n_estimators': 300}",0.9367003367003367,repeated_stratified,8,2,full,combined
8,8,1.0,8,3,0.375,8,2,0.25,0.5416666666666666,0.5398692810457516,0.7447916666666666,8,0,0,0,3,5,0,6,2,P28,xgb,149,"{'subsample': 0.8, 'reg_lambda': 10, 'reg_alpha': 0, 'min_child_weight': 1, 'max_depth': 4, 'learning_rate': 0.03, 'gamma': 0, 'colsample_bytree': 0.6, 'colsample_bylevel': 0.8, 'n_estimators': 300}",0.9692159692159691,repeated_stratified,8,3,full,combined
8,8,1.0,8,6,0.75,8,4,0.5,0.75,0.746031746031746,0.8776041666666666,8,0,0,0,6,2,0,4,4,P28,xgb,150,"{'subsample': 0.6, 'reg_lambda': 3, 'reg_alpha': 0.1, 'min_child_weight': 1, 'max_depth': 8, 'learning_rate': 0.05, 'gamma': 0, 'colsample_bytree': 0.7, 'colsample_bylevel': 0.8, 'n_estimators': 300}",0.924891774891775,repeated_stratified,8,4,full,combined
8,8,1.0,8,3,0.375,8,5,0.625,0.6666666666666666,0.6613756613756614,0.8359375,8,0,0,0,3,5,0,3,5,P28,xgb,149,"{'subsample': 0.6, 'reg_lambda': 1, 'reg_alpha': 0, 'min_child_weight': 1, 'max_depth': 2, 'learning_rate': 0.03, 'gamma': 0, 'colsample_bytree': 0.6, 'colsample_bylevel': 0.6, 'n_estimators': 300}",0.9545214045214044,repeated_stratified,9,0,full,combined
8,8,1.0,8,6,0.75,8,5,0.625,0.7916666666666666,0.7859477124183006,0.8723958333333334,8,0,0,0,6,2,1,2,5,P28,xgb,150,"{'subsample': 0.6, 'reg_lambda': 1, 'reg_alpha': 0, 'min_child_weight': 1, 'max_depth': 2, 'learning_rate': 0.03, 'gamma': 0, 'colsample_bytree': 0.6, 'colsample_bylevel': 0.6, 'n_estimators': 300}",0.9683501683501684,repeated_stratified,9,1,full,combined
8,8,1.0,8,6,0.75,8,4,0.5,0.75,0.746031746031746,0.8697916666666666,8,0,0,0,6,2,0,4,4,P28,xgb,147,"{'subsample': 0.6, 'reg_lambda': 3, 'reg_alpha': 0.1, 'min_child_weight': 1, 'max_depth': 8, 'learning_rate': 0.05, 'gamma': 0, 'colsample_bytree': 0.7, 'colsample_bylevel': 0.8, 'n_estimators': 300}",0.9427368927368928,repeated_stratified,9,2,full,combined
8,8,1.0,8,4,0.5,8,5,0.625,0.7083333333333334,0.7071895424836602,0.8697916666666666,8,0,0,0,4,4,0,3,5,P28,xgb,150,"{'subsample': 0.6, 'reg_lambda': 3, 'reg_alpha': 0.1, 'min_child_weight': 1, 'max_depth': 2, 'learning_rate': 0.05, 'gamma': 0, 'colsample_bytree': 0.7, 'colsample_bylevel': 0.6, 'n_estimators': 300}",0.9261904761904761,repeated_stratified,9,3,full,combined
8,8,1.0,8,6,0.75,8,2,0.25,0.6666666666666666,0.6444444444444445,0.7630208333333334,8,0,0,0,6,2,0,6,2,P28,xgb,148,"{'subsample': 0.6, 'reg_lambda': 1, 'reg_alpha': 0, 'min_child_weight': 1, 'max_depth': 2, 'learning_rate': 0.03, 'gamma': 0, 'colsample_bytree': 0.6, 'colsample_bylevel': 0.6, 'n_estimators': 300}",0.9545935545935545,repeated_stratified,9,4,full,combined
8,8,1.0,8,7,0.875,8,3,0.375,0.75,0.7333333333333334,0.9140625,8,0,0,0,7,1,0,5,3,P29,xgb,149,"{'subsample': 0.6, 'reg_lambda': 3, 'reg_alpha': 0.1, 'min_child_weight': 1, 'max_depth': 2, 'learning_rate': 0.05, 'gamma': 0, 'colsample_bytree': 0.7, 'colsample_bylevel': 0.6, 'n_estimators': 300}",0.8393458393458394,repeated_stratified,0,0,full,combined
8,8,1.0,8,6,0.75,8,5,0.625,0.7916666666666666,0.7859477124183006,0.9088541666666666,8,0,0,0,6,2,1,2,5,P29,xgb,150,"{'subsample': 0.6, 'reg_lambda': 5, 'reg_alpha': 0.5, 'min_child_weight': 1, 'max_depth': 8, 'learning_rate': 0.03, 'gamma': 0.3, 'colsample_bytree': 0.6, 'colsample_bylevel': 0.6, 'n_estimators': 300}",0.8245310245310246,repeated_stratified,0,1,full,combined
8,7,0.875,8,3,0.375,8,4,0.5,0.5833333333333334,0.5818627450980393,0.78125,7,1,0,0,3,5,1,3,4,P29,xgb,150,"{'subsample': 0.6, 'reg_lambda': 3, 'reg_alpha': 0.1, 'min_child_weight': 1, 'max_depth': 8, 'learning_rate': 0.05, 'gamma': 0, 'colsample_bytree': 0.7, 'colsample_bylevel': 0.8, 'n_estimators': 300}",0.8723665223665225,repeated_stratified,0,2,full,combined
8,8,1.0,8,2,0.25,8,3,0.375,0.5416666666666666,0.5398692810457516,0.7395833333333334,8,0,0,0,2,6,0,5,3,P29,xgb,150,"{'subsample': 0.6, 'reg_lambda': 1, 'reg_alpha': 0, 'min_child_weight': 1, 'max_depth': 2, 'learning_rate': 0.03, 'gamma': 0, 'colsample_bytree': 0.6, 'colsample_bylevel': 0.6, 'n_estimators': 300}",0.8893939393939393,repeated_stratified,0,3,full,combined
8,8,1.0,7,4,0.5714285714285714,8,1,0.125,0.5652173913043478,0.5224796989502872,0.873015873015873,8,0,0,1,4,2,0,7,1,P29,xgb,150,"{'subsample': 0.8, 'reg_lambda': 1, 'reg_alpha': 0.5, 'min_child_weight': 1, 'max_depth': 2, 'learning_rate': 0.01, 'gamma': 0.1, 'colsample_bytree': 0.7, 'colsample_bylevel': 0.6, 'n_estimators': 300}",0.861014911014911,repeated_stratified,0,4,full,combined
8,8,1.0,8,3,0.375,8,3,0.375,0.5833333333333334,0.5720588235294118,0.7760416666666666,8,0,0,1,3,4,0,5,3,P29,xgb,150,"{'subsample': 0.8, 'reg_lambda': 10, 'reg_alpha': 0, 'min_child_weight': 1, 'max_depth': 8, 'learning_rate': 0.05, 'gamma': 0, 'colsample_bytree': 0.7, 'colsample_bylevel': 0.6, 'n_estimators': 300}",0.8947570947570948,repeated_stratified,1,0,full,combined
8,8,1.0,8,6,0.75,8,4,0.5,0.75,0.7367724867724869,0.8828125,8,0,0,0,6,2,2,2,4,P29,xgb,150,"{'subsample': 0.6, 'reg_lambda': 10, 'reg_alpha': 0.5, 'min_child_weight': 1, 'max_depth': 2, 'learning_rate': 0.05, 'gamma': 0.1, 'colsample_bytree': 0.6, 'colsample_bylevel': 0.6, 'n_estimators': 300}",0.8138047138047139,repeated_stratified,1,1,full,combined
8,7,0.875,8,4,0.5,8,6,0.75,0.7083333333333334,0.7121136173767754,0.8020833333333334,7,0,1,0,4,4,0,2,6,P29,xgb,149,"{'subsample': 0.6, 'reg_lambda': 3, 'reg_alpha': 0.1, 'min_child_weight': 1, 'max_depth': 2, 'learning_rate': 0.05, 'gamma': 0, 'colsample_bytree': 0.7, 'colsample_bylevel': 0.6, 'n_estimators': 300}",0.8840788840788841,repeated_stratified,1,2,full,combined
8,8,1.0,8,3,0.375,8,5,0.625,0.6666666666666666,0.6526610644257703,0.84375,8,0,0,1,3,4,0,3,5,P29,xgb,150,"{'subsample': 0.8, 'reg_lambda': 10, 'reg_alpha': 0, 'min_child_weight': 1, 'max_depth': 4, 'learning_rate': 0.03, 'gamma': 0, 'colsample_bytree': 0.6, 'colsample_bylevel': 0.8, 'n_estimators': 300}",0.9001443001443001,repeated_stratified,1,3,full,combined
8,8,1.0,7,3,0.4285714285714285,8,4,0.5,0.6521739130434783,0.6428571428571429,0.775,8,0,0,0,3,4,0,4,4,P29,xgb,148,"{'subsample': 0.8, 'reg_lambda': 3, 'reg_alpha': 0.1, 'min_child_weight': 1, 'max_depth': 2, 'learning_rate': 0.03, 'gamma': 1, 'colsample_bytree': 0.6, 'colsample_bylevel': 0.6, 'n_estimators': 300}",0.912193362193362,repeated_stratified,1,4,full,combined
8,8,1.0,8,5,0.625,8,4,0.5,0.7083333333333334,0.6998366013071896,0.8854166666666666,8,0,0,0,5,3,1,3,4,P29,xgb,150,"{'subsample': 0.6, 'reg_lambda': 5, 'reg_alpha': 0, 'min_child_weight': 1, 'max_depth': 2, 'learning_rate': 0.01, 'gamma': 0.3, 'colsample_bytree': 0.7, 'colsample_bylevel': 0.6, 'n_estimators': 300}",0.8310245310245309,repeated_stratified,2,0,full,combined
8,6,0.75,8,2,0.25,8,3,0.375,0.4583333333333333,0.4801587301587302,0.703125,6,1,1,0,2,6,0,5,3,P29,xgb,148,"{'subsample': 0.6, 'reg_lambda': 3, 'reg_alpha': 0.1, 'min_child_weight': 1, 'max_depth': 8, 'learning_rate': 0.05, 'gamma': 0, 'colsample_bytree': 0.7, 'colsample_bylevel': 0.8, 'n_estimators': 300}",0.8875661375661376,repeated_stratified,2,1,full,combined
8,8,1.0,8,3,0.375,8,5,0.625,0.6666666666666666,0.6613756613756614,0.8489583333333334,8,0,0,0,3,5,0,3,5,P29,xgb,149,"{'subsample': 0.6, 'reg_lambda': 3, 'reg_alpha': 0.1, 'min_child_weight': 1, 'max_depth': 8, 'learning_rate': 0.05, 'gamma': 0, 'colsample_bytree': 0.7, 'colsample_bylevel': 0.8, 'n_estimators': 300}",0.9213564213564212,repeated_stratified,2,2,full,combined
8,8,1.0,8,3,0.375,8,5,0.625,0.6666666666666666,0.6613756613756614,0.8385416666666666,8,0,0,0,3,5,0,3,5,P29,xgb,150,"{'subsample': 0.6, 'reg_lambda': 5, 'reg_alpha': 0.5, 'min_child_weight': 1, 'max_depth': 8, 'learning_rate': 0.03, 'gamma': 0.3, 'colsample_bytree': 0.6, 'colsample_bylevel': 0.6, 'n_estimators': 300}",0.851178451178451,repeated_stratified,2,3,full,combined
8,8,1.0,7,4,0.5714285714285714,8,3,0.375,0.6521739130434783,0.6343604108309991,0.8132936507936508,8,0,0,0,4,3,1,4,3,P29,xgb,149,"{'subsample': 0.6, 'reg_lambda': 3, 'reg_alpha': 0.1, 'min_child_weight': 1, 'max_depth': 8, 'learning_rate': 0.05, 'gamma': 0, 'colsample_bytree': 0.7, 'colsample_bylevel': 0.8, 'n_estimators': 300}",0.879172679172679,repeated_stratified,2,4,full,combined
8,8,1.0,8,3,0.375,8,7,0.875,0.75,0.7333333333333334,0.8958333333333334,8,0,0,0,3,5,0,1,7,P29,xgb,150,"{'subsample': 0.6, 'reg_lambda': 1, 'reg_alpha': 0, 'min_child_weight': 1, 'max_depth': 2, 'learning_rate': 0.03, 'gamma': 0, 'colsample_bytree': 0.6, 'colsample_bylevel': 0.6, 'n_estimators': 300}",0.8800865800865801,repeated_stratified,3,0,full,combined
8,8,1.0,8,4,0.5,8,4,0.5,0.6666666666666666,0.6666666666666666,0.8463541666666666,8,0,0,0,4,4,0,4,4,P29,xgb,149,"{'subsample': 0.6, 'reg_lambda': 1, 'reg_alpha': 0, 'min_child_weight': 1, 'max_depth': 2, 'learning_rate': 0.03, 'gamma': 0, 'colsample_bytree': 0.6, 'colsample_bylevel': 0.6, 'n_estimators': 300}",0.8983164983164983,repeated_stratified,3,1,full,combined
8,7,0.875,8,6,0.75,8,3,0.375,0.6666666666666666,0.651702786377709,0.8619791666666666,7,1,0,1,6,1,1,4,3,P29,xgb,150,"{'subsample': 0.8, 'reg_lambda': 10, 'reg_alpha': 0, 'min_child_weight': 1, 'max_depth': 8, 'learning_rate': 0.05, 'gamma': 0, 'colsample_bytree': 0.7, 'colsample_bylevel': 0.6, 'n_estimators': 300}",0.867099567099567,repeated_stratified,3,2,full,combined
8,8,1.0,8,2,0.25,8,4,0.5,0.5833333333333334,0.565826330532213,0.7473958333333334,8,0,0,1,2,5,0,4,4,P29,xgb,150,"{'subsample': 0.6, 'reg_lambda': 5, 'reg_alpha': 0.5, 'min_child_weight': 1, 'max_depth': 8, 'learning_rate': 0.03, 'gamma': 0.3, 'colsample_bytree': 0.6, 'colsample_bylevel': 0.6, 'n_estimators': 300}",0.8439634439634439,repeated_stratified,3,3,full,combined
8,8,1.0,7,1,0.1428571428571428,8,4,0.5,0.5652173913043478,0.5370370370370371,0.8244047619047619,8,0,0,0,1,6,0,4,4,P29,xgb,150,"{'subsample': 0.6, 'reg_lambda': 3, 'reg_alpha': 0.1, 'min_child_weight': 1, 'max_depth': 2, 'learning_rate': 0.05, 'gamma': 0, 'colsample_bytree': 0.7, 'colsample_bylevel': 0.6, 'n_estimators': 300}",0.8655603655603655,repeated_stratified,3,4,full,combined
8,7,0.875,8,3,0.375,8,7,0.875,0.7083333333333334,0.6982905982905981,0.8515625,7,1,0,0,3,5,0,1,7,P29,xgb,149,"{'subsample': 0.6, 'reg_lambda': 1, 'reg_alpha': 0, 'min_child_weight': 1, 'max_depth': 2, 'learning_rate': 0.03, 'gamma': 0, 'colsample_bytree': 0.6, 'colsample_bylevel': 0.6, 'n_estimators': 300}",0.8827080327080328,repeated_stratified,4,0,full,combined
8,8,1.0,8,5,0.625,8,5,0.625,0.75,0.7427248677248678,0.8932291666666666,8,0,0,0,5,3,2,1,5,P29,xgb,150,"{'subsample': 0.6, 'reg_lambda': 3, 'reg_alpha': 0.1, 'min_child_weight': 1, 'max_depth': 8, 'learning_rate': 0.05, 'gamma': 0, 'colsample_bytree': 0.7, 'colsample_bylevel': 0.8, 'n_estimators': 300}",0.9230880230880232,repeated_stratified,4,1,full,combined
8,8,1.0,8,4,0.5,8,1,0.125,0.5416666666666666,0.4894559631401736,0.8072916666666666,8,0,0,2,4,2,1,6,1,P29,xgb,150,"{'subsample': 0.6, 'reg_lambda': 3, 'reg_alpha': 0.1, 'min_child_weight': 1, 'max_depth': 8, 'learning_rate': 0.05, 'gamma': 0, 'colsample_bytree': 0.7, 'colsample_bylevel': 0.8, 'n_estimators': 300}",0.8748677248677249,repeated_stratified,4,2,full,combined
8,8,1.0,8,2,0.25,8,2,0.25,0.5,0.4859477124183006,0.7552083333333334,8,0,0,0,2,6,1,5,2,P29,xgb,150,"{'subsample': 0.6, 'reg_lambda': 3, 'reg_alpha': 0.1, 'min_child_weight': 1, 'max_depth': 8, 'learning_rate': 0.05, 'gamma': 0, 'colsample_bytree': 0.7, 'colsample_bylevel': 0.8, 'n_estimators': 300}",0.9012746512746512,repeated_stratified,4,3,full,combined
8,8,1.0,7,2,0.2857142857142857,8,7,0.875,0.7391304347826086,0.6999999999999998,0.8736111111111112,8,0,0,0,2,5,0,1,7,P29,xgb,150,"{'subsample': 0.6, 'reg_lambda': 1, 'reg_alpha': 0, 'min_child_weight': 1, 'max_depth': 2, 'learning_rate': 0.03, 'gamma': 0, 'colsample_bytree': 0.6, 'colsample_bylevel': 0.6, 'n_estimators': 300}",0.8496392496392496,repeated_stratified,4,4,full,combined
8,8,1.0,8,4,0.5,8,5,0.625,0.7083333333333334,0.7071895424836602,0.8567708333333334,8,0,0,0,4,4,0,3,5,P29,xgb,150,"{'subsample': 0.6, 'reg_lambda': 3, 'reg_alpha': 0.1, 'min_child_weight': 1, 'max_depth': 2, 'learning_rate': 0.05, 'gamma': 0, 'colsample_bytree': 0.7, 'colsample_bylevel': 0.6, 'n_estimators': 300}",0.8905002405002405,repeated_stratified,5,0,full,combined
8,7,0.875,8,6,0.75,8,2,0.25,0.625,0.6126984126984126,0.8411458333333334,7,1,0,0,6,2,0,6,2,P29,xgb,148,"{'subsample': 0.6, 'reg_lambda': 1, 'reg_alpha': 0, 'min_child_weight': 1, 'max_depth': 2, 'learning_rate': 0.03, 'gamma': 0, 'colsample_bytree': 0.6, 'colsample_bylevel': 0.6, 'n_estimators': 300}",0.9033910533910534,repeated_stratified,5,1,full,combined
8,7,0.875,8,2,0.25,8,2,0.25,0.4583333333333333,0.4589869281045751,0.7682291666666666,7,1,0,1,2,5,0,6,2,P29,xgb,150,"{'subsample': 0.6, 'reg_lambda': 3, 'reg_alpha': 0.1, 'min_child_weight': 1, 'max_depth': 8, 'learning_rate': 0.05, 'gamma': 0, 'colsample_bytree': 0.7, 'colsample_bylevel': 0.8, 'n_estimators': 300}",0.9066378066378066,repeated_stratified,5,2,full,combined
8,8,1.0,8,6,0.75,8,2,0.25,0.6666666666666666,0.6444444444444445,0.7734375,8,0,0,0,6,2,0,6,2,P29,xgb,148,"{'subsample': 0.6, 'reg_lambda': 1, 'reg_alpha': 0, 'min_child_weight': 1, 'max_depth': 2, 'learning_rate': 0.03, 'gamma': 0, 'colsample_bytree': 0.6, 'colsample_bylevel': 0.6, 'n_estimators': 300}",0.9116161616161615,repeated_stratified,5,3,full,combined
8,8,1.0,7,6,0.8571428571428571,8,4,0.5,0.782608695652174,0.7688536953242835,0.9257936507936508,8,0,0,0,6,1,1,3,4,P29,xgb,150,"{'subsample': 0.6, 'reg_lambda': 5, 'reg_alpha': 0.5, 'min_child_weight': 1, 'max_depth': 8, 'learning_rate': 0.03, 'gamma': 0.3, 'colsample_bytree': 0.6, 'colsample_bylevel': 0.6, 'n_estimators': 300}",0.8309042809042809,repeated_stratified,5,4,full,combined
8,8,1.0,8,6,0.75,8,5,0.625,0.7916666666666666,0.7843915343915344,0.8984375,8,0,0,1,6,1,1,2,5,P29,xgb,150,"{'subsample': 0.8, 'reg_lambda': 1, 'reg_alpha': 0, 'min_child_weight': 1, 'max_depth': 8, 'learning_rate': 0.01, 'gamma': 0.3, 'colsample_bytree': 0.6, 'colsample_bylevel': 0.8, 'n_estimators': 300}",0.8666426166426167,repeated_stratified,6,0,full,combined
8,8,1.0,8,3,0.375,8,3,0.375,0.5833333333333334,0.5720588235294118,0.7604166666666666,8,0,0,0,3,5,1,4,3,P29,xgb,150,"{'subsample': 0.6, 'reg_lambda': 1, 'reg_alpha': 0, 'min_child_weight': 1, 'max_depth': 2, 'learning_rate': 0.03, 'gamma': 0, 'colsample_bytree': 0.6, 'colsample_bylevel': 0.6, 'n_estimators': 300}",0.9101010101010102,repeated_stratified,6,1,full,combined
8,8,1.0,8,3,0.375,8,5,0.625,0.6666666666666666,0.6613756613756614,0.8098958333333334,8,0,0,0,3,5,0,3,5,P29,xgb,150,"{'subsample': 0.6, 'reg_lambda': 1, 'reg_alpha': 0, 'min_child_weight': 1, 'max_depth': 2, 'learning_rate': 0.03, 'gamma': 0, 'colsample_bytree': 0.6, 'colsample_bylevel': 0.6, 'n_estimators': 300}",0.884896584896585,repeated_stratified,6,2,full,combined
8,8,1.0,8,5,0.625,8,1,0.125,0.5833333333333334,0.5555555555555556,0.7682291666666666,8,0,0,0,5,3,0,7,1,P29,xgb,150,"{'subsample': 0.6, 'reg_lambda': 1, 'reg_alpha': 0, 'min_child_weight': 1, 'max_depth': 2, 'learning_rate': 0.03, 'gamma': 0, 'colsample_bytree': 0.6, 'colsample_bylevel': 0.6, 'n_estimators': 300}",0.9144781144781144,repeated_stratified,6,3,full,combined
8,8,1.0,7,5,0.7142857142857143,8,4,0.5,0.7391304347826086,0.7321428571428571,0.8998015873015873,8,0,0,0,5,2,0,4,4,P29,xgb,150,"{'subsample': 0.6, 'reg_lambda': 5, 'reg_alpha': 0.5, 'min_child_weight': 1, 'max_depth': 8, 'learning_rate': 0.03, 'gamma': 0.3, 'colsample_bytree': 0.6, 'colsample_bylevel': 0.6, 'n_estimators': 300}",0.7903318903318904,repeated_stratified,6,4,full,combined
8,8,1.0,8,5,0.625,8,3,0.375,0.6666666666666666,0.6526610644257703,0.7786458333333334,8,0,0,0,5,3,1,4,3,P29,xgb,150,"{'subsample': 0.6, 'reg_lambda': 1, 'reg_alpha': 0, 'min_child_weight': 1, 'max_depth': 2, 'learning_rate': 0.03, 'gamma': 0, 'colsample_bytree': 0.6, 'colsample_bylevel': 0.6, 'n_estimators': 300}",0.914045214045214,repeated_stratified,7,0,full,combined
8,8,1.0,8,2,0.25,8,8,1.0,0.75,0.709090909090909,0.9427083333333334,8,0,0,0,2,6,0,0,8,P29,xgb,150,"{'subsample': 0.6, 'reg_lambda': 5, 'reg_alpha': 0, 'min_child_weight': 1, 'max_depth': 2, 'learning_rate': 0.01, 'gamma': 0.3, 'colsample_bytree': 0.7, 'colsample_bylevel': 0.6, 'n_estimators': 300}",0.8370610870610871,repeated_stratified,7,1,full,combined
8,8,1.0,8,4,0.5,8,3,0.375,0.625,0.6058201058201058,0.8307291666666666,8,0,0,1,4,3,1,4,3,P29,xgb,150,"{'subsample': 0.8, 'reg_lambda': 10, 'reg_alpha': 0, 'min_child_weight': 1, 'max_depth': 8, 'learning_rate': 0.05, 'gamma': 0, 'colsample_bytree': 0.7, 'colsample_bylevel': 0.6, 'n_estimators': 300}",0.8940836940836939,repeated_stratified,7,2,full,combined
8,7,0.875,8,4,0.5,8,4,0.5,0.625,0.625,0.8177083333333334,7,0,1,1,4,3,0,4,4,P29,xgb,150,"{'subsample': 0.6, 'reg_lambda': 1, 'reg_alpha': 0, 'min_child_weight': 1, 'max_depth': 2, 'learning_rate': 0.03, 'gamma': 0, 'colsample_bytree': 0.6, 'colsample_bylevel': 0.6, 'n_estimators': 300}",0.907912457912458,repeated_stratified,7,3,full,combined
8,7,0.875,7,3,0.4285714285714285,8,1,0.125,0.4782608695652174,0.4605957767722473,0.7206349206349207,7,1,0,0,3,4,1,6,1,P29,xgb,150,"{'subsample': 0.6, 'reg_lambda': 1, 'reg_alpha': 0, 'min_child_weight': 1, 'max_depth': 2, 'learning_rate': 0.03, 'gamma': 0, 'colsample_bytree': 0.6, 'colsample_bylevel': 0.6, 'n_estimators': 300}",0.9149831649831648,repeated_stratified,7,4,full,combined
8,7,0.875,8,4,0.5,8,3,0.375,0.5833333333333334,0.5925925925925926,0.75,7,1,0,0,4,4,0,5,3,P29,xgb,149,"{'subsample': 0.6, 'reg_lambda': 1, 'reg_alpha': 0, 'min_child_weight': 1, 'max_depth': 2, 'learning_rate': 0.03, 'gamma': 0, 'colsample_bytree': 0.6, 'colsample_bylevel': 0.6, 'n_estimators': 300}",0.8784511784511785,repeated_stratified,8,0,full,combined
8,8,1.0,8,3,0.375,8,5,0.625,0.6666666666666666,0.6613756613756614,0.8671875,8,0,0,0,3,5,0,3,5,P29,xgb,150,"{'subsample': 0.8, 'reg_lambda': 10, 'reg_alpha': 0, 'min_child_weight': 1, 'max_depth': 8, 'learning_rate': 0.05, 'gamma': 0, 'colsample_bytree': 0.7, 'colsample_bylevel': 0.6, 'n_estimators': 300}",0.8866281866281867,repeated_stratified,8,1,full,combined
8,8,1.0,8,5,0.625,8,5,0.625,0.75,0.7407407407407406,0.8645833333333334,8,0,0,1,5,2,1,2,5,P29,xgb,150,"{'subsample': 0.6, 'reg_lambda': 3, 'reg_alpha': 0.1, 'min_child_weight': 1, 'max_depth': 2, 'learning_rate': 0.05, 'gamma': 0, 'colsample_bytree': 0.7, 'colsample_bylevel': 0.6, 'n_estimators': 300}",0.8743867243867244,repeated_stratified,8,2,full,combined
8,8,1.0,8,3,0.375,8,6,0.75,0.7083333333333334,0.697705802968961,0.8359375,8,0,0,0,3,5,0,2,6,P29,xgb,150,"{'subsample': 0.6, 'reg_lambda': 1, 'reg_alpha': 0, 'min_child_weight': 1, 'max_depth': 2, 'learning_rate': 0.03, 'gamma': 0, 'colsample_bytree': 0.6, 'colsample_bylevel': 0.6, 'n_estimators': 300}",0.853054353054353,repeated_stratified,8,3,full,combined
8,8,1.0,7,5,0.7142857142857143,8,5,0.625,0.782608695652174,0.7777777777777777,0.907936507936508,8,0,0,0,5,2,0,3,5,P29,xgb,150,"{'subsample': 0.6, 'reg_lambda': 1, 'reg_alpha': 0, 'min_child_weight': 1, 'max_depth': 2, 'learning_rate': 0.03, 'gamma': 0, 'colsample_bytree': 0.6, 'colsample_bylevel': 0.6, 'n_estimators': 300}",0.8674122174122174,repeated_stratified,8,4,full,combined
8,8,1.0,8,4,0.5,8,5,0.625,0.7083333333333334,0.6998366013071896,0.8255208333333334,8,0,0,1,4,3,0,3,5,P29,xgb,150,"{'subsample': 0.8, 'reg_lambda': 10, 'reg_alpha': 0, 'min_child_weight': 1, 'max_depth': 4, 'learning_rate': 0.03, 'gamma': 0, 'colsample_bytree': 0.6, 'colsample_bylevel': 0.8, 'n_estimators': 300}",0.875060125060125,repeated_stratified,9,0,full,combined
8,8,1.0,8,4,0.5,8,4,0.5,0.6666666666666666,0.6666666666666666,0.8359375,8,0,0,0,4,4,0,4,4,P29,xgb,150,"{'subsample': 0.6, 'reg_lambda': 1, 'reg_alpha': 0, 'min_child_weight': 1, 'max_depth': 2, 'learning_rate': 0.03, 'gamma': 0, 'colsample_bytree': 0.6, 'colsample_bylevel': 0.6, 'n_estimators': 300}",0.9193843193843194,repeated_stratified,9,1,full,combined
8,8,1.0,8,3,0.375,8,4,0.5,0.625,0.6134453781512605,0.8385416666666666,8,0,0,0,3,5,1,3,4,P29,xgb,149,"{'subsample': 0.6, 'reg_lambda': 3, 'reg_alpha': 0.1, 'min_child_weight': 1, 'max_depth': 8, 'learning_rate': 0.05, 'gamma': 0, 'colsample_bytree': 0.7, 'colsample_bylevel': 0.8, 'n_estimators': 300}",0.8915584415584416,repeated_stratified,9,2,full,combined
8,8,1.0,8,5,0.625,8,4,0.5,0.7083333333333334,0.7071895424836602,0.8541666666666666,8,0,0,0,5,3,0,4,4,P29,xgb,150,"{'subsample': 0.6, 'reg_lambda': 3, 'reg_alpha': 0.1, 'min_child_weight': 1, 'max_depth': 2, 'learning_rate': 0.05, 'gamma': 0, 'colsample_bytree': 0.7, 'colsample_bylevel': 0.6, 'n_estimators': 300}",0.8383357383357383,repeated_stratified,9,3,full,combined
8,8,1.0,7,2,0.2857142857142857,8,2,0.25,0.5217391304347826,0.4978524743230625,0.7490079365079364,8,0,0,0,2,5,1,5,2,P29,xgb,149,"{'subsample': 0.6, 'reg_lambda': 3, 'reg_alpha': 0.1, 'min_child_weight': 1, 'max_depth': 8, 'learning_rate': 0.05, 'gamma': 0, 'colsample_bytree': 0.7, 'colsample_bylevel': 0.8, 'n_estimators': 300}",0.8822751322751322,repeated_stratified,9,4,full,combined
8,8,1.0,8,8,1.0,8,6,0.75,0.9166666666666666,0.9153439153439152,1.0,8,0,0,0,8,0,0,2,6,P30,xgb,149,"{'subsample': 0.8, 'reg_lambda': 10, 'reg_alpha': 0.1, 'min_child_weight': 1, 'max_depth': 16, 'learning_rate': 0.01, 'gamma': 0.1, 'colsample_bytree': 0.6, 'colsample_bylevel': 0.6, 'n_estimators': 300}",0.9476430976430976,repeated_stratified,0,0,full,combined
8,7,0.875,8,1,0.125,8,6,0.75,0.5833333333333334,0.525925925925926,0.9140625,7,0,1,2,1,5,1,1,6,P30,xgb,150,"{'subsample': 0.6, 'reg_lambda': 1, 'reg_alpha': 0, 'min_child_weight': 1, 'max_depth': 2, 'learning_rate': 0.03, 'gamma': 0, 'colsample_bytree': 0.6, 'colsample_bylevel': 0.6, 'n_estimators': 300}",0.9603896103896102,repeated_stratified,0,1,full,combined
8,7,0.875,8,7,0.875,8,4,0.5,0.75,0.7424089068825911,0.8671875,7,1,0,0,7,1,1,3,4,P30,xgb,150,"{'subsample': 0.6, 'reg_lambda': 1, 'reg_alpha': 0, 'min_child_weight': 1, 'max_depth': 2, 'learning_rate': 0.03, 'gamma': 0, 'colsample_bytree': 0.6, 'colsample_bylevel': 0.6, 'n_estimators': 300}",0.969023569023569,repeated_stratified,0,2,full,combined
8,8,1.0,8,6,0.75,8,5,0.625,0.7916666666666666,0.7908496732026143,0.8697916666666666,8,0,0,0,6,2,0,3,5,P30,xgb,149,"{'subsample': 0.6, 'reg_lambda': 3, 'reg_alpha': 0.1, 'min_child_weight': 1, 'max_depth': 8, 'learning_rate': 0.05, 'gamma': 0, 'colsample_bytree': 0.7, 'colsample_bylevel': 0.8, 'n_estimators': 300}",0.9677729677729676,repeated_stratified,0,3,full,combined
8,7,0.875,8,8,1.0,8,5,0.625,0.8333333333333334,0.829908103592314,0.90625,7,0,1,0,8,0,0,3,5,P30,xgb,150,"{'subsample': 0.6, 'reg_lambda': 1, 'reg_alpha': 0, 'min_child_weight': 1, 'max_depth': 2, 'learning_rate': 0.03, 'gamma': 0, 'colsample_bytree': 0.6, 'colsample_bylevel': 0.6, 'n_estimators': 300}",0.958080808080808,repeated_stratified,0,4,full,combined
8,7,0.875,8,6,0.75,8,5,0.625,0.75,0.7491830065359477,0.9244791666666666,7,1,0,0,6,2,1,2,5,P30,xgb,149,"{'subsample': 0.6, 'reg_lambda': 1, 'reg_alpha': 0, 'min_child_weight': 1, 'max_depth': 2, 'learning_rate': 0.03, 'gamma': 0, 'colsample_bytree': 0.6, 'colsample_bylevel': 0.6, 'n_estimators': 300}",0.9553872053872052,repeated_stratified,1,0,full,combined
8,8,1.0,8,7,0.875,8,5,0.625,0.8333333333333334,0.8263305322128852,0.921875,8,0,0,0,7,1,1,2,5,P30,xgb,150,"{'subsample': 0.6, 'reg_lambda': 1, 'reg_alpha': 0, 'min_child_weight': 1, 'max_depth': 2, 'learning_rate': 0.03, 'gamma': 0, 'colsample_bytree': 0.6, 'colsample_bylevel': 0.6, 'n_estimators': 300}",0.9593073593073592,repeated_stratified,1,1,full,combined
8,8,1.0,8,6,0.75,8,3,0.375,0.7083333333333334,0.6977058029689608,0.8723958333333334,8,0,0,0,6,2,0,5,3,P30,xgb,149,"{'subsample': 0.6, 'reg_lambda': 1, 'reg_alpha': 0, 'min_child_weight': 1, 'max_depth': 2, 'learning_rate': 0.03, 'gamma': 0, 'colsample_bytree': 0.6, 'colsample_bylevel': 0.6, 'n_estimators': 300}",0.9540644540644542,repeated_stratified,1,2,full,combined
8,8,1.0,8,6,0.75,8,7,0.875,0.875,0.8720588235294118,0.9791666666666666,8,0,0,1,6,1,0,1,7,P30,xgb,150,"{'subsample': 0.6, 'reg_lambda': 3, 'reg_alpha': 0.1, 'min_child_weight': 1, 'max_depth': 2, 'learning_rate': 0.05, 'gamma': 0, 'colsample_bytree': 0.7, 'colsample_bylevel': 0.6, 'n_estimators': 300}",0.9605579605579604,repeated_stratified,1,3,full,combined
8,8,1.0,8,7,0.875,8,5,0.625,0.8333333333333334,0.8306878306878307,0.9583333333333334,8,0,0,0,7,1,0,3,5,P30,xgb,149,"{'subsample': 0.6, 'reg_lambda': 1, 'reg_alpha': 0, 'min_child_weight': 1, 'max_depth': 2, 'learning_rate': 0.03, 'gamma': 0, 'colsample_bytree': 0.6, 'colsample_bylevel': 0.6, 'n_estimators': 300}",0.9556758056758058,repeated_stratified,1,4,full,combined
8,8,1.0,8,7,0.875,8,4,0.5,0.7916666666666666,0.7815617475060198,0.8880208333333334,8,0,0,1,7,0,0,4,4,P30,xgb,148,"{'subsample': 0.6, 'reg_lambda': 1, 'reg_alpha': 0, 'min_child_weight': 1, 'max_depth': 2, 'learning_rate': 0.03, 'gamma': 0, 'colsample_bytree': 0.6, 'colsample_bylevel': 0.6, 'n_estimators': 300}",0.9770562770562772,repeated_stratified,2,0,full,combined
8,7,0.875,8,7,0.875,8,5,0.625,0.7916666666666666,0.7890211640211641,0.9036458333333334,7,1,0,0,7,1,1,2,5,P30,xgb,147,"{'subsample': 0.6, 'reg_lambda': 1, 'reg_alpha': 0, 'min_child_weight': 1, 'max_depth': 2, 'learning_rate': 0.03, 'gamma': 0, 'colsample_bytree': 0.6, 'colsample_bylevel': 0.6, 'n_estimators': 300}",0.945863395863396,repeated_stratified,2,1,full,combined
8,8,1.0,8,4,0.5,8,5,0.625,0.7083333333333334,0.6998366013071896,0.8958333333333334,8,0,0,1,4,3,0,3,5,P30,xgb,150,"{'subsample': 0.6, 'reg_lambda': 3, 'reg_alpha': 0.1, 'min_child_weight': 1, 'max_depth': 8, 'learning_rate': 0.05, 'gamma': 0, 'colsample_bytree': 0.7, 'colsample_bylevel': 0.8, 'n_estimators': 300}",0.9530303030303032,repeated_stratified,2,2,full,combined
8,8,1.0,8,6,0.75,8,6,0.75,0.8333333333333334,0.8303921568627451,0.9583333333333334,8,0,0,0,6,2,1,1,6,P30,xgb,149,"{'subsample': 0.6, 'reg_lambda': 1, 'reg_alpha': 0, 'min_child_weight': 1, 'max_depth': 2, 'learning_rate': 0.03, 'gamma': 0, 'colsample_bytree': 0.6, 'colsample_bylevel': 0.6, 'n_estimators': 300}",0.941943241943242,repeated_stratified,2,3,full,combined
8,8,1.0,8,6,0.75,8,8,1.0,0.9166666666666666,0.9153439153439152,0.9401041666666666,8,0,0,0,6,2,0,0,8,P30,xgb,150,"{'subsample': 0.6, 'reg_lambda': 3, 'reg_alpha': 0.1, 'min_child_weight': 1, 'max_depth': 2, 'learning_rate': 0.05, 'gamma': 0, 'colsample_bytree': 0.7, 'colsample_bylevel': 0.6, 'n_estimators': 300}",0.9345598845598844,repeated_stratified,2,4,full,combined
8,8,1.0,8,6,0.75,8,5,0.625,0.7916666666666666,0.7859477124183006,0.9609375,8,0,0,0,6,2,1,2,5,P30,xgb,148,"{'subsample': 0.6, 'reg_lambda': 3, 'reg_alpha': 0.1, 'min_child_weight': 1, 'max_depth': 8, 'learning_rate': 0.05, 'gamma': 0, 'colsample_bytree': 0.7, 'colsample_bylevel': 0.8, 'n_estimators': 300}",0.9567340067340068,repeated_stratified,3,0,full,combined
8,8,1.0,8,5,0.625,8,5,0.625,0.75,0.75,0.9166666666666666,8,0,0,0,5,3,0,3,5,P30,xgb,150,"{'subsample': 0.6, 'reg_lambda': 3, 'reg_alpha': 0.1, 'min_child_weight': 1, 'max_depth': 8, 'learning_rate': 0.05, 'gamma': 0, 'colsample_bytree': 0.7, 'colsample_bylevel': 0.8, 'n_estimators': 300}",0.9517316017316017,repeated_stratified,3,1,full,combined
8,8,1.0,8,8,1.0,8,6,0.75,0.9166666666666666,0.9153439153439152,0.9869791666666666,8,0,0,0,8,0,0,2,6,P30,xgb,149,"{'subsample': 0.6, 'reg_lambda': 1, 'reg_alpha': 0, 'min_child_weight': 1, 'max_depth': 2, 'learning_rate': 0.03, 'gamma': 0, 'colsample_bytree': 0.6, 'colsample_bylevel': 0.6, 'n_estimators': 300}",0.9536075036075036,repeated_stratified,3,2,full,combined
8,8,1.0,8,7,0.875,8,6,0.75,0.875,0.8745098039215686,0.9583333333333334,8,0,0,0,7,1,0,2,6,P30,xgb,150,"{'subsample': 0.6, 'reg_lambda': 1, 'reg_alpha': 0, 'min_child_weight': 1, 'max_depth': 2, 'learning_rate': 0.03, 'gamma': 0, 'colsample_bytree': 0.6, 'colsample_bylevel': 0.6, 'n_estimators': 300}",0.9656325156325156,repeated_stratified,3,3,full,combined
8,7,0.875,8,4,0.5,8,6,0.75,0.7083333333333334,0.7047385620915033,0.9088541666666666,7,1,0,1,4,3,0,2,6,P30,xgb,150,"{'subsample': 0.6, 'reg_lambda': 1, 'reg_alpha': 0, 'min_child_weight': 1, 'max_depth': 2, 'learning_rate': 0.03, 'gamma': 0, 'colsample_bytree': 0.6, 'colsample_bylevel': 0.6, 'n_estimators': 300}",0.9645262145262145,repeated_stratified,3,4,full,combined
8,8,1.0,8,5,0.625,8,4,0.5,0.7083333333333334,0.6941632928475033,0.84375,8,0,0,2,5,1,1,3,4,P30,xgb,149,"{'subsample': 0.6, 'reg_lambda': 1, 'reg_alpha': 0, 'min_child_weight': 1, 'max_depth': 2, 'learning_rate': 0.03, 'gamma': 0, 'colsample_bytree': 0.6, 'colsample_bylevel': 0.6, 'n_estimators': 300}",0.9708032708032708,repeated_stratified,4,0,full,combined
8,7,0.875,8,6,0.75,8,5,0.625,0.75,0.7467320261437909,0.921875,7,0,1,1,6,1,1,2,5,P30,xgb,150,"{'subsample': 0.6, 'reg_lambda': 1, 'reg_alpha': 0, 'min_child_weight': 1, 'max_depth': 2, 'learning_rate': 0.03, 'gamma': 0, 'colsample_bytree': 0.6, 'colsample_bylevel': 0.6, 'n_estimators': 300}",0.9386483886483888,repeated_stratified,4,1,full,combined
8,6,0.75,8,7,0.875,8,6,0.75,0.7916666666666666,0.7925925925925927,0.9348958333333334,6,1,1,1,7,0,0,2,6,P30,xgb,148,"{'subsample': 0.6, 'reg_lambda': 1, 'reg_alpha': 0, 'min_child_weight': 1, 'max_depth': 2, 'learning_rate': 0.03, 'gamma': 0, 'colsample_bytree': 0.6, 'colsample_bylevel': 0.6, 'n_estimators': 300}",0.9491582491582492,repeated_stratified,4,2,full,combined
8,8,1.0,8,5,0.625,8,4,0.5,0.7083333333333334,0.6951058201058201,0.8958333333333334,8,0,0,1,5,2,1,3,4,P30,xgb,150,"{'subsample': 0.6, 'reg_lambda': 1, 'reg_alpha': 0, 'min_child_weight': 1, 'max_depth': 2, 'learning_rate': 0.03, 'gamma': 0, 'colsample_bytree': 0.6, 'colsample_bylevel': 0.6, 'n_estimators': 300}",0.9575517075517076,repeated_stratified,4,3,full,combined
8,8,1.0,8,6,0.75,8,5,0.625,0.7916666666666666,0.7859477124183006,0.9348958333333334,8,0,0,0,6,2,1,2,5,P30,xgb,150,"{'subsample': 0.6, 'reg_lambda': 1, 'reg_alpha': 0, 'min_child_weight': 1, 'max_depth': 2, 'learning_rate': 0.03, 'gamma': 0, 'colsample_bytree': 0.6, 'colsample_bylevel': 0.6, 'n_estimators': 300}",0.9691197691197692,repeated_stratified,4,4,full,combined
8,8,1.0,8,6,0.75,8,7,0.875,0.875,0.8745098039215686,0.984375,8,0,0,0,6,2,0,1,7,P30,xgb,150,"{'subsample': 0.6, 'reg_lambda': 1, 'reg_alpha': 0, 'min_child_weight': 1, 'max_depth': 2, 'learning_rate': 0.03, 'gamma': 0, 'colsample_bytree': 0.6, 'colsample_bylevel': 0.6, 'n_estimators': 300}",0.9473063973063972,repeated_stratified,5,0,full,combined
8,7,0.875,8,6,0.75,8,8,1.0,0.875,0.8720588235294118,0.9713541666666666,7,1,0,1,6,1,0,0,8,P30,xgb,150,"{'subsample': 0.6, 'reg_lambda': 1, 'reg_alpha': 0, 'min_child_weight': 1, 'max_depth': 2, 'learning_rate': 0.03, 'gamma': 0, 'colsample_bytree': 0.6, 'colsample_bylevel': 0.6, 'n_estimators': 300}",0.9651034151034152,repeated_stratified,5,1,full,combined
8,8,1.0,8,6,0.75,8,4,0.5,0.75,0.7358299595141701,0.8359375,8,0,0,1,6,1,2,2,4,P30,xgb,149,"{'subsample': 0.6, 'reg_lambda': 1, 'reg_alpha': 0, 'min_child_weight': 1, 'max_depth': 2, 'learning_rate': 0.03, 'gamma': 0, 'colsample_bytree': 0.6, 'colsample_bylevel': 0.6, 'n_estimators': 300}",0.9709235209235209,repeated_stratified,5,2,full,combined
8,7,0.875,8,6,0.75,8,6,0.75,0.7916666666666666,0.7936274509803921,0.9270833333333334,7,0,1,0,6,2,1,1,6,P30,xgb,150,"{'subsample': 0.6, 'reg_lambda': 3, 'reg_alpha': 0.1, 'min_child_weight': 1, 'max_depth': 2, 'learning_rate': 0.05, 'gamma': 0, 'colsample_bytree': 0.7, 'colsample_bylevel': 0.6, 'n_estimators': 300}",0.963997113997114,repeated_stratified,5,3,full,combined
8,7,0.875,8,6,0.75,8,6,0.75,0.7916666666666666,0.7964052287581699,0.9088541666666666,7,1,0,0,6,2,0,2,6,P30,xgb,149,"{'subsample': 0.6, 'reg_lambda': 1, 'reg_alpha': 0, 'min_child_weight': 1, 'max_depth': 2, 'learning_rate': 0.03, 'gamma': 0, 'colsample_bytree': 0.6, 'colsample_bylevel': 0.6, 'n_estimators': 300}",0.9491341991341992,repeated_stratified,5,4,full,combined
8,8,1.0,8,4,0.5,8,5,0.625,0.7083333333333334,0.700280112044818,0.90625,8,0,0,0,4,4,1,2,5,P30,xgb,150,"{'subsample': 0.6, 'reg_lambda': 1, 'reg_alpha': 0, 'min_child_weight': 1, 'max_depth': 2, 'learning_rate': 0.03, 'gamma': 0, 'colsample_bytree': 0.6, 'colsample_bylevel': 0.6, 'n_estimators': 300}",0.9411736411736412,repeated_stratified,6,0,full,combined
8,7,0.875,8,5,0.625,8,6,0.75,0.75,0.7467320261437909,0.9010416666666666,7,1,0,1,5,2,1,1,6,P30,xgb,149,"{'subsample': 0.6, 'reg_lambda': 3, 'reg_alpha': 0.1, 'min_child_weight': 1, 'max_depth': 2, 'learning_rate': 0.05, 'gamma': 0, 'colsample_bytree': 0.7, 'colsample_bylevel': 0.6, 'n_estimators': 300}",0.9454304954304954,repeated_stratified,6,1,full,combined
8,8,1.0,8,5,0.625,8,7,0.875,0.8333333333333334,0.8306878306878307,0.9322916666666666,8,0,0,0,5,3,0,1,7,P30,xgb,150,"{'subsample': 0.6, 'reg_lambda': 1, 'reg_alpha': 0, 'min_child_weight': 1, 'max_depth': 2, 'learning_rate': 0.03, 'gamma': 0, 'colsample_bytree': 0.6, 'colsample_bylevel': 0.6, 'n_estimators': 300}",0.9405002405002406,repeated_stratified,6,2,full,combined
8,8,1.0,8,6,0.75,8,6,0.75,0.8333333333333334,0.8296296296296296,0.9453125,8,0,0,1,6,1,1,1,6,P30,xgb,150,"{'subsample': 0.6, 'reg_lambda': 1, 'reg_alpha': 0, 'min_child_weight': 1, 'max_depth': 2, 'learning_rate': 0.03, 'gamma': 0, 'colsample_bytree': 0.6, 'colsample_bylevel': 0.6, 'n_estimators': 300}",0.9525733525733524,repeated_stratified,6,3,full,combined
8,8,1.0,8,6,0.75,8,7,0.875,0.875,0.8745098039215686,0.96875,8,0,0,0,6,2,0,1,7,P30,xgb,149,"{'subsample': 0.6, 'reg_lambda': 3, 'reg_alpha': 0.1, 'min_child_weight': 1, 'max_depth': 2, 'learning_rate': 0.05, 'gamma': 0, 'colsample_bytree': 0.7, 'colsample_bylevel': 0.6, 'n_estimators': 300}",0.9696969696969696,repeated_stratified,6,4,full,combined
8,8,1.0,8,5,0.625,8,7,0.875,0.8333333333333334,0.8306878306878307,0.9192708333333334,8,0,0,0,5,3,0,1,7,P30,xgb,147,"{'subsample': 0.6, 'reg_lambda': 3, 'reg_alpha': 0.1, 'min_child_weight': 1, 'max_depth': 2, 'learning_rate': 0.05, 'gamma': 0, 'colsample_bytree': 0.7, 'colsample_bylevel': 0.6, 'n_estimators': 300}",0.98001443001443,repeated_stratified,7,0,full,combined
8,7,0.875,8,6,0.75,8,6,0.75,0.7916666666666666,0.7964052287581699,0.9166666666666666,7,1,0,0,6,2,0,2,6,P30,xgb,150,"{'subsample': 0.6, 'reg_lambda': 3, 'reg_alpha': 0.1, 'min_child_weight': 1, 'max_depth': 2, 'learning_rate': 0.05, 'gamma': 0, 'colsample_bytree': 0.7, 'colsample_bylevel': 0.6, 'n_estimators': 300}",0.967724867724868,repeated_stratified,7,1,full,combined
8,8,1.0,8,7,0.875,8,4,0.5,0.7916666666666666,0.7774337805297558,0.9635416666666666,8,0,0,1,7,0,2,2,4,P30,xgb,149,"{'subsample': 0.6, 'reg_lambda': 1, 'reg_alpha': 0, 'min_child_weight': 1, 'max_depth': 2, 'learning_rate': 0.03, 'gamma': 0, 'colsample_bytree': 0.6, 'colsample_bylevel': 0.6, 'n_estimators': 300}",0.9695045695045696,repeated_stratified,7,2,full,combined
8,8,1.0,8,6,0.75,8,7,0.875,0.875,0.8745098039215686,0.96875,8,0,0,0,6,2,0,1,7,P30,xgb,150,"{'subsample': 0.6, 'reg_lambda': 3, 'reg_alpha': 0.1, 'min_child_weight': 1, 'max_depth': 8, 'learning_rate': 0.05, 'gamma': 0, 'colsample_bytree': 0.7, 'colsample_bylevel': 0.8, 'n_estimators': 300}",0.9390091390091388,repeated_stratified,7,3,full,combined
8,8,1.0,8,5,0.625,8,5,0.625,0.75,0.744281045751634,0.8697916666666666,8,0,0,0,5,3,1,2,5,P30,xgb,148,"{'subsample': 0.6, 'reg_lambda': 1, 'reg_alpha': 0, 'min_child_weight': 1, 'max_depth': 2, 'learning_rate': 0.03, 'gamma': 0, 'colsample_bytree': 0.6, 'colsample_bylevel': 0.6, 'n_estimators': 300}",0.9655844155844155,repeated_stratified,7,4,full,combined
8,7,0.875,8,6,0.75,8,4,0.5,0.7083333333333334,0.7073211875843454,0.8567708333333334,7,1,0,1,6,1,0,4,4,P30,xgb,148,"{'subsample': 0.6, 'reg_lambda': 1, 'reg_alpha': 0, 'min_child_weight': 1, 'max_depth': 2, 'learning_rate': 0.03, 'gamma': 0, 'colsample_bytree': 0.6, 'colsample_bylevel': 0.6, 'n_estimators': 300}",0.9604136604136604,repeated_stratified,8,0,full,combined
8,8,1.0,8,6,0.75,8,5,0.625,0.7916666666666666,0.7908496732026143,0.9375,8,0,0,0,6,2,0,3,5,P30,xgb,149,"{'subsample': 0.6, 'reg_lambda': 3, 'reg_alpha': 0.1, 'min_child_weight': 1, 'max_depth': 2, 'learning_rate': 0.05, 'gamma': 0, 'colsample_bytree': 0.7, 'colsample_bylevel': 0.6, 'n_estimators': 300}",0.95026455026455,repeated_stratified,8,1,full,combined
8,8,1.0,8,5,0.625,8,7,0.875,0.8333333333333334,0.8263305322128852,0.9036458333333334,8,0,0,1,5,2,0,1,7,P30,xgb,150,"{'subsample': 0.6, 'reg_lambda': 1, 'reg_alpha': 0, 'min_child_weight': 1, 'max_depth': 2, 'learning_rate': 0.03, 'gamma': 0, 'colsample_bytree': 0.6, 'colsample_bylevel': 0.6, 'n_estimators': 300}",0.947883597883598,repeated_stratified,8,2,full,combined
8,7,0.875,8,7,0.875,8,5,0.625,0.7916666666666666,0.7890211640211641,0.9036458333333334,7,1,0,0,7,1,1,2,5,P30,xgb,149,"{'subsample': 0.6, 'reg_lambda': 3, 'reg_alpha': 0.1, 'min_child_weight': 1, 'max_depth': 2, 'learning_rate': 0.05, 'gamma': 0, 'colsample_bytree': 0.7, 'colsample_bylevel': 0.6, 'n_estimators': 300}",0.96007696007696,repeated_stratified,8,3,full,combined
8,8,1.0,8,6,0.75,8,5,0.625,0.7916666666666666,0.7871148459383753,0.90625,8,0,0,1,6,1,0,3,5,P30,xgb,147,"{'subsample': 0.6, 'reg_lambda': 1, 'reg_alpha': 0, 'min_child_weight': 1, 'max_depth': 2, 'learning_rate': 0.03, 'gamma': 0, 'colsample_bytree': 0.6, 'colsample_bylevel': 0.6, 'n_estimators': 300}",0.943722943722944,repeated_stratified,8,4,full,combined
8,8,1.0,8,6,0.75,8,6,0.75,0.8333333333333334,0.8333333333333334,0.9348958333333334,8,0,0,0,6,2,0,2,6,P30,xgb,149,"{'subsample': 0.6, 'reg_lambda': 1, 'reg_alpha': 0, 'min_child_weight': 1, 'max_depth': 2, 'learning_rate': 0.03, 'gamma': 0, 'colsample_bytree': 0.6, 'colsample_bylevel': 0.6, 'n_estimators': 300}",0.9623857623857625,repeated_stratified,9,0,full,combined
8,7,0.875,8,7,0.875,8,5,0.625,0.7916666666666666,0.7948203842940685,0.9375,7,1,0,0,7,1,0,3,5,P30,xgb,150,"{'subsample': 0.8, 'reg_lambda': 5, 'reg_alpha': 0.1, 'min_child_weight': 1, 'max_depth': 8, 'learning_rate': 0.03, 'gamma': 0, 'colsample_bytree': 0.6, 'colsample_bylevel': 0.6, 'n_estimators': 300}",0.9665704665704664,repeated_stratified,9,1,full,combined
8,8,1.0,8,8,1.0,8,5,0.625,0.875,0.8704453441295547,0.9791666666666666,8,0,0,0,8,0,0,3,5,P30,xgb,150,"{'subsample': 0.6, 'reg_lambda': 3, 'reg_alpha': 0.1, 'min_child_weight': 1, 'max_depth': 8, 'learning_rate': 0.05, 'gamma': 0, 'colsample_bytree': 0.7, 'colsample_bylevel': 0.8, 'n_estimators': 300}",0.9445406445406443,repeated_stratified,9,2,full,combined
8,8,1.0,8,6,0.75,8,7,0.875,0.875,0.8736772486772487,0.9765625,8,0,0,1,6,1,1,0,7,P30,xgb,149,"{'subsample': 0.6, 'reg_lambda': 10, 'reg_alpha': 0.5, 'min_child_weight': 1, 'max_depth': 2, 'learning_rate': 0.05, 'gamma': 0.1, 'colsample_bytree': 0.6, 'colsample_bylevel': 0.6, 'n_estimators': 300}",0.9445887445887444,repeated_stratified,9,3,full,combined
8,6,0.75,8,7,0.875,8,5,0.625,0.75,0.7481481481481481,0.9427083333333334,6,1,1,0,7,1,1,2,5,P30,xgb,148,"{'subsample': 0.6, 'reg_lambda': 1, 'reg_alpha': 0, 'min_child_weight': 1, 'max_depth': 2, 'learning_rate': 0.03, 'gamma': 0, 'colsample_bytree': 0.6, 'colsample_bylevel': 0.6, 'n_estimators': 300}",0.9773448773448772,repeated_stratified,9,4,full,combined
8,8,1.0,8,4,0.5,8,6,0.75,0.75,0.746031746031746,0.9296875,8,0,0,0,4,4,0,2,6,P31,xgb,149,"{'subsample': 0.6, 'reg_lambda': 3, 'reg_alpha': 0.1, 'min_child_weight': 1, 'max_depth': 2, 'learning_rate': 0.05, 'gamma': 0, 'colsample_bytree': 0.7, 'colsample_bylevel': 0.6, 'n_estimators': 300}",0.9601731601731602,repeated_stratified,0,0,full,combined
8,8,1.0,8,6,0.75,8,7,0.875,0.875,0.8745098039215686,0.9661458333333334,8,0,0,0,6,2,0,1,7,P31,xgb,150,"{'subsample': 0.8, 'reg_lambda': 1, 'reg_alpha': 0, 'min_child_weight': 1, 'max_depth': 8, 'learning_rate': 0.01, 'gamma': 0.3, 'colsample_bytree': 0.6, 'colsample_bylevel': 0.8, 'n_estimators': 300}",0.9246272246272246,repeated_stratified,0,1,full,combined
8,7,0.875,8,8,1.0,8,8,1.0,0.9583333333333334,0.9581699346405229,0.9947916666666666,7,0,1,0,8,0,0,0,8,P31,xgb,150,"{'subsample': 0.8, 'reg_lambda': 1, 'reg_alpha': 0, 'min_child_weight': 1, 'max_depth': 8, 'learning_rate': 0.01, 'gamma': 0.3, 'colsample_bytree': 0.6, 'colsample_bylevel': 0.8, 'n_estimators': 300}",0.9736411736411738,repeated_stratified,0,2,full,combined
8,8,1.0,8,7,0.875,8,5,0.625,0.8333333333333334,0.8306878306878307,0.9635416666666666,8,0,0,0,7,1,0,3,5,P31,xgb,148,"{'subsample': 0.6, 'reg_lambda': 5, 'reg_alpha': 0.5, 'min_child_weight': 1, 'max_depth': 8, 'learning_rate': 0.03, 'gamma': 0.3, 'colsample_bytree': 0.6, 'colsample_bylevel': 0.6, 'n_estimators': 300}",0.9553872053872055,repeated_stratified,0,3,full,combined
8,8,1.0,8,8,1.0,8,3,0.375,0.7916666666666666,0.7691197691197691,0.9088541666666666,8,0,0,0,8,0,0,5,3,P31,xgb,150,"{'subsample': 0.8, 'reg_lambda': 10, 'reg_alpha': 0.1, 'min_child_weight': 1, 'max_depth': 16, 'learning_rate': 0.01, 'gamma': 0.1, 'colsample_bytree': 0.6, 'colsample_bylevel': 0.6, 'n_estimators': 300}",0.9594276094276095,repeated_stratified,0,4,full,combined
8,8,1.0,8,6,0.75,8,6,0.75,0.8333333333333334,0.8333333333333334,0.9609375,8,0,0,0,6,2,0,2,6,P31,xgb,149,"{'subsample': 0.6, 'reg_lambda': 1, 'reg_alpha': 0, 'min_child_weight': 1, 'max_depth': 2, 'learning_rate': 0.03, 'gamma': 0, 'colsample_bytree': 0.6, 'colsample_bylevel': 0.6, 'n_estimators': 300}",0.9595478595478596,repeated_stratified,1,0,full,combined
8,8,1.0,8,6,0.75,8,7,0.875,0.875,0.8745098039215686,0.953125,8,0,0,0,6,2,0,1,7,P31,xgb,150,"{'subsample': 0.8, 'reg_lambda': 5, 'reg_alpha': 0.1, 'min_child_weight': 1, 'max_depth': 8, 'learning_rate': 0.03, 'gamma': 0, 'colsample_bytree': 0.6, 'colsample_bylevel': 0.6, 'n_estimators': 300}",0.9353294853294853,repeated_stratified,1,1,full,combined
8,8,1.0,8,6,0.75,8,6,0.75,0.8333333333333334,0.8333333333333334,0.9713541666666666,8,0,0,0,6,2,0,2,6,P31,xgb,144,"{'subsample': 0.6, 'reg_lambda': 5, 'reg_alpha': 0.5, 'min_child_weight': 1, 'max_depth': 8, 'learning_rate': 0.03, 'gamma': 0.3, 'colsample_bytree': 0.6, 'colsample_bylevel': 0.6, 'n_estimators': 300}",0.9507215007215007,repeated_stratified,1,2,full,combined
8,8,1.0,8,5,0.625,8,6,0.75,0.7916666666666666,0.7908496732026143,0.9322916666666666,8,0,0,0,5,3,0,2,6,P31,xgb,128,"{'subsample': 0.6, 'reg_lambda': 1, 'reg_alpha': 0.1, 'min_child_weight': 1, 'max_depth': 2, 'learning_rate': 0.01, 'gamma': 2, 'colsample_bytree': 0.7, 'colsample_bylevel': 0.6, 'n_estimators': 300}",0.9728475228475228,repeated_stratified,1,3,full,combined
8,8,1.0,8,8,1.0,8,4,0.5,0.8333333333333334,0.8222222222222223,0.9375,8,0,0,0,8,0,0,4,4,P31,xgb,150,"{'subsample': 0.6, 'reg_lambda': 5, 'reg_alpha': 0, 'min_child_weight': 1, 'max_depth': 2, 'learning_rate': 0.01, 'gamma': 0.3, 'colsample_bytree': 0.7, 'colsample_bylevel': 0.6, 'n_estimators': 300}",0.9474266474266474,repeated_stratified,1,4,full,combined
8,8,1.0,8,7,0.875,8,6,0.75,0.875,0.8745098039215686,0.953125,8,0,0,0,7,1,0,2,6,P31,xgb,148,"{'subsample': 0.8, 'reg_lambda': 1, 'reg_alpha': 0, 'min_child_weight': 1, 'max_depth': 4, 'learning_rate': 0.01, 'gamma': 0, 'colsample_bytree': 0.7, 'colsample_bylevel': 0.8, 'n_estimators': 300}",0.9252525252525253,repeated_stratified,2,0,full,combined
8,8,1.0,8,6,0.75,8,6,0.75,0.8333333333333334,0.8333333333333334,0.9088541666666666,8,0,0,0,6,2,0,2,6,P31,xgb,150,"{'subsample': 0.6, 'reg_lambda': 3, 'reg_alpha': 0.1, 'min_child_weight': 1, 'max_depth': 2, 'learning_rate': 0.05, 'gamma': 0, 'colsample_bytree': 0.7, 'colsample_bylevel': 0.6, 'n_estimators': 300}",0.9723184223184224,repeated_stratified,2,1,full,combined
8,8,1.0,8,5,0.625,8,8,1.0,0.875,0.8704453441295547,0.9453125,8,0,0,0,5,3,0,0,8,P31,xgb,147,"{'subsample': 1.0, 'reg_lambda': 10, 'reg_alpha': 0.1, 'min_child_weight': 1, 'max_depth': 2, 'learning_rate': 0.03, 'gamma': 0.3, 'colsample_bytree': 0.6, 'colsample_bylevel': 0.6, 'n_estimators': 300}",0.98001443001443,repeated_stratified,2,2,full,combined
8,8,1.0,8,7,0.875,8,7,0.875,0.9166666666666666,0.9166666666666666,0.9869791666666666,8,0,0,0,7,1,0,1,7,P31,xgb,150,"{'subsample': 0.8, 'reg_lambda': 1, 'reg_alpha': 0, 'min_child_weight': 1, 'max_depth': 4, 'learning_rate': 0.01, 'gamma': 0, 'colsample_bytree': 0.7, 'colsample_bylevel': 0.8, 'n_estimators': 300}",0.9609427609427609,repeated_stratified,2,3,full,combined
8,8,1.0,8,7,0.875,8,6,0.75,0.875,0.8739495798319328,0.9661458333333334,8,0,0,1,7,0,0,2,6,P31,xgb,66,"{'subsample': 0.8, 'reg_lambda': 1, 'reg_alpha': 0, 'min_child_weight': 1, 'max_depth': 8, 'learning_rate': 0.01, 'gamma': 0.3, 'colsample_bytree': 0.6, 'colsample_bylevel': 0.8, 'n_estimators': 300}",0.9645743145743145,repeated_stratified,2,4,full,combined
8,8,1.0,8,7,0.875,8,7,0.875,0.9166666666666666,0.9166666666666666,0.9583333333333334,8,0,0,0,7,1,0,1,7,P31,xgb,148,"{'subsample': 0.6, 'reg_lambda': 1, 'reg_alpha': 0, 'min_child_weight': 1, 'max_depth': 2, 'learning_rate': 0.03, 'gamma': 0, 'colsample_bytree': 0.6, 'colsample_bylevel': 0.6, 'n_estimators': 300}",0.9625781625781626,repeated_stratified,3,0,full,combined
8,8,1.0,8,6,0.75,8,6,0.75,0.8333333333333334,0.8333333333333334,0.9791666666666666,8,0,0,0,6,2,0,2,6,P31,xgb,148,"{'subsample': 0.6, 'reg_lambda': 5, 'reg_alpha': 0.5, 'min_child_weight': 1, 'max_depth': 8, 'learning_rate': 0.03, 'gamma': 0.3, 'colsample_bytree': 0.6, 'colsample_bylevel': 0.6, 'n_estimators': 300}",0.9654641654641655,repeated_stratified,3,1,full,combined
8,8,1.0,8,7,0.875,8,4,0.5,0.7916666666666666,0.7840755735492578,0.8932291666666666,8,0,0,0,7,1,0,4,4,P31,xgb,118,"{'subsample': 0.6, 'reg_lambda': 1, 'reg_alpha': 0, 'min_child_weight': 1, 'max_depth': 2, 'learning_rate': 0.03, 'gamma': 0, 'colsample_bytree': 0.6, 'colsample_bylevel': 0.6, 'n_estimators': 300}",0.9673160173160172,repeated_stratified,3,2,full,combined
8,8,1.0,8,6,0.75,8,5,0.625,0.7916666666666666,0.7871148459383753,0.90625,8,0,0,1,6,1,0,3,5,P31,xgb,150,"{'subsample': 0.8, 'reg_lambda': 10, 'reg_alpha': 0.1, 'min_child_weight': 1, 'max_depth': 16, 'learning_rate': 0.01, 'gamma': 0.1, 'colsample_bytree': 0.6, 'colsample_bylevel': 0.6, 'n_estimators': 300}",0.9676527176527175,repeated_stratified,3,3,full,combined
8,8,1.0,8,7,0.875,8,6,0.75,0.875,0.8745098039215686,0.9479166666666666,8,0,0,0,7,1,0,2,6,P31,xgb,149,"{'subsample': 0.8, 'reg_lambda': 10, 'reg_alpha': 0, 'min_child_weight': 1, 'max_depth': 4, 'learning_rate': 0.03, 'gamma': 0, 'colsample_bytree': 0.6, 'colsample_bylevel': 0.8, 'n_estimators': 300}",0.9514911014911015,repeated_stratified,3,4,full,combined
8,8,1.0,8,5,0.625,8,7,0.875,0.8333333333333334,0.8306878306878307,0.9479166666666666,8,0,0,0,5,3,0,1,7,P31,xgb,150,"{'subsample': 0.8, 'reg_lambda': 5, 'reg_alpha': 0.1, 'min_child_weight': 1, 'max_depth': 8, 'learning_rate': 0.03, 'gamma': 0, 'colsample_bytree': 0.6, 'colsample_bylevel': 0.6, 'n_estimators': 300}",0.9523809523809524,repeated_stratified,4,0,full,combined
8,8,1.0,8,7,0.875,8,7,0.875,0.9166666666666666,0.9166666666666666,0.9765625,8,0,0,0,7,1,0,1,7,P31,xgb,49,"{'subsample': 0.8, 'reg_lambda': 10, 'reg_alpha': 0.1, 'min_child_weight': 1, 'max_depth': 16, 'learning_rate': 0.01, 'gamma': 0.1, 'colsample_bytree': 0.6, 'colsample_bylevel': 0.6, 'n_estimators': 300}",0.9542809042809043,repeated_stratified,4,1,full,combined
8,8,1.0,8,6,0.75,8,6,0.75,0.8333333333333334,0.8333333333333334,0.890625,8,0,0,0,6,2,0,2,6,P31,xgb,93,"{'subsample': 0.6, 'reg_lambda': 10, 'reg_alpha': 0.5, 'min_child_weight': 1, 'max_depth': 2, 'learning_rate': 0.05, 'gamma': 0.1, 'colsample_bytree': 0.6, 'colsample_bylevel': 0.6, 'n_estimators': 300}",0.9868205868205867,repeated_stratified,4,2,full,combined
8,8,1.0,8,7,0.875,8,7,0.875,0.9166666666666666,0.9165032679738562,0.9895833333333334,8,0,0,1,7,0,0,1,7,P31,xgb,150,"{'subsample': 0.8, 'reg_lambda': 1, 'reg_alpha': 0, 'min_child_weight': 1, 'max_depth': 4, 'learning_rate': 0.01, 'gamma': 0, 'colsample_bytree': 0.7, 'colsample_bylevel': 0.8, 'n_estimators': 300}",0.959018759018759,repeated_stratified,4,3,full,combined
8,7,0.875,8,6,0.75,8,7,0.875,0.8333333333333334,0.837037037037037,0.9817708333333334,7,0,1,0,6,2,0,1,7,P31,xgb,146,"{'subsample': 0.6, 'reg_lambda': 1, 'reg_alpha': 0, 'min_child_weight': 1, 'max_depth': 2, 'learning_rate': 0.03, 'gamma': 0, 'colsample_bytree': 0.6, 'colsample_bylevel': 0.6, 'n_estimators': 300}",0.9713564213564213,repeated_stratified,4,4,full,combined
8,7,0.875,8,7,0.875,8,7,0.875,0.875,0.8772875816993464,0.9557291666666666,7,0,1,0,7,1,0,1,7,P31,xgb,149,"{'subsample': 0.8, 'reg_lambda': 3, 'reg_alpha': 0.1, 'min_child_weight': 1, 'max_depth': 2, 'learning_rate': 0.03, 'gamma': 1, 'colsample_bytree': 0.6, 'colsample_bylevel': 0.6, 'n_estimators': 300}",0.9563732563732564,repeated_stratified,5,0,full,combined
8,8,1.0,8,7,0.875,8,5,0.625,0.8333333333333334,0.8306878306878307,0.9453125,8,0,0,0,7,1,0,3,5,P31,xgb,126,"{'subsample': 0.8, 'reg_lambda': 10, 'reg_alpha': 0.1, 'min_child_weight': 1, 'max_depth': 16, 'learning_rate': 0.01, 'gamma': 0.1, 'colsample_bytree': 0.6, 'colsample_bylevel': 0.6, 'n_estimators': 300}",0.9507696007696008,repeated_stratified,5,1,full,combined
8,8,1.0,8,7,0.875,8,7,0.875,0.9166666666666666,0.9166666666666666,0.9791666666666666,8,0,0,0,7,1,0,1,7,P31,xgb,116,"{'subsample': 0.8, 'reg_lambda': 10, 'reg_alpha': 0.1, 'min_child_weight': 1, 'max_depth': 16, 'learning_rate': 0.01, 'gamma': 0.1, 'colsample_bytree': 0.6, 'colsample_bylevel': 0.6, 'n_estimators': 300}",0.9694083694083694,repeated_stratified,5,2,full,combined
8,8,1.0,8,6,0.75,8,6,0.75,0.8333333333333334,0.8333333333333334,0.9088541666666666,8,0,0,0,6,2,0,2,6,P31,xgb,150,"{'subsample': 0.8, 'reg_lambda': 5, 'reg_alpha': 0.1, 'min_child_weight': 1, 'max_depth': 8, 'learning_rate': 0.03, 'gamma': 0, 'colsample_bytree': 0.6, 'colsample_bylevel': 0.6, 'n_estimators': 300}",0.9567340067340068,repeated_stratified,5,3,full,combined
8,8,1.0,8,5,0.625,8,8,1.0,0.875,0.8704453441295547,0.9583333333333334,8,0,0,0,5,3,0,0,8,P31,xgb,149,"{'subsample': 0.6, 'reg_lambda': 10, 'reg_alpha': 0.1, 'min_child_weight': 1, 'max_depth': 8, 'learning_rate': 0.03, 'gamma': 0.3, 'colsample_bytree': 0.6, 'colsample_bylevel': 0.8, 'n_estimators': 300}",0.9716209716209717,repeated_stratified,5,4,full,combined
8,7,0.875,8,6,0.75,8,7,0.875,0.8333333333333334,0.837037037037037,0.953125,7,0,1,0,6,2,0,1,7,P31,xgb,148,"{'subsample': 0.8, 'reg_lambda': 1, 'reg_alpha': 0, 'min_child_weight': 1, 'max_depth': 4, 'learning_rate': 0.01, 'gamma': 0, 'colsample_bytree': 0.7, 'colsample_bylevel': 0.8, 'n_estimators': 300}",0.9591149591149591,repeated_stratified,6,0,full,combined
8,8,1.0,8,7,0.875,8,5,0.625,0.8333333333333334,0.8306878306878307,0.921875,8,0,0,0,7,1,0,3,5,P31,xgb,147,"{'subsample': 0.8, 'reg_lambda': 3, 'reg_alpha': 0.1, 'min_child_weight': 1, 'max_depth': 2, 'learning_rate': 0.03, 'gamma': 1, 'colsample_bytree': 0.6, 'colsample_bylevel': 0.6, 'n_estimators': 300}",0.9561327561327562,repeated_stratified,6,1,full,combined
8,8,1.0,8,6,0.75,8,8,1.0,0.9166666666666666,0.9153439153439153,0.9661458333333334,8,0,0,0,6,2,0,0,8,P31,xgb,146,"{'subsample': 0.6, 'reg_lambda': 10, 'reg_alpha': 0.5, 'min_child_weight': 1, 'max_depth': 2, 'learning_rate': 0.05, 'gamma': 0.1, 'colsample_bytree': 0.6, 'colsample_bylevel': 0.6, 'n_estimators': 300}",0.9713804713804713,repeated_stratified,6,2,full,combined
8,8,1.0,8,7,0.875,8,7,0.875,0.9166666666666666,0.9166666666666666,0.984375,8,0,0,0,7,1,0,1,7,P31,xgb,148,"{'subsample': 0.6, 'reg_lambda': 5, 'reg_alpha': 0.5, 'min_child_weight': 1, 'max_depth': 8, 'learning_rate': 0.03, 'gamma': 0.3, 'colsample_bytree': 0.6, 'colsample_bylevel': 0.6, 'n_estimators': 300}",0.9593554593554593,repeated_stratified,6,3,full,combined
8,8,1.0,8,7,0.875,8,5,0.625,0.8333333333333334,0.8306878306878307,0.9791666666666666,8,0,0,0,7,1,0,3,5,P31,xgb,119,"{'subsample': 0.8, 'reg_lambda': 10, 'reg_alpha': 0, 'min_child_weight': 1, 'max_depth': 4, 'learning_rate': 0.03, 'gamma': 0, 'colsample_bytree': 0.6, 'colsample_bylevel': 0.8, 'n_estimators': 300}",0.9697210197210198,repeated_stratified,6,4,full,combined
8,8,1.0,8,6,0.75,8,7,0.875,0.875,0.8745098039215686,0.9427083333333334,8,0,0,0,6,2,0,1,7,P31,xgb,150,"{'subsample': 0.8, 'reg_lambda': 10, 'reg_alpha': 0, 'min_child_weight': 1, 'max_depth': 8, 'learning_rate': 0.05, 'gamma': 0, 'colsample_bytree': 0.7, 'colsample_bylevel': 0.6, 'n_estimators': 300}",0.9670755170755171,repeated_stratified,7,0,full,combined
8,8,1.0,8,8,1.0,8,6,0.75,0.9166666666666666,0.9153439153439153,0.9557291666666666,8,0,0,0,8,0,0,2,6,P31,xgb,147,"{'subsample': 0.6, 'reg_lambda': 1, 'reg_alpha': 0.1, 'min_child_weight': 1, 'max_depth': 2, 'learning_rate': 0.01, 'gamma': 2, 'colsample_bytree': 0.7, 'colsample_bylevel': 0.6, 'n_estimators': 300}",0.9643578643578644,repeated_stratified,7,1,full,combined
8,8,1.0,8,4,0.5,8,8,1.0,0.8333333333333334,0.8222222222222223,0.953125,8,0,0,0,4,4,0,0,8,P31,xgb,147,"{'subsample': 0.6, 'reg_lambda': 5, 'reg_alpha': 0.5, 'min_child_weight': 1, 'max_depth': 8, 'learning_rate': 0.03, 'gamma': 0.3, 'colsample_bytree': 0.6, 'colsample_bylevel': 0.6, 'n_estimators': 300}",0.9556277056277057,repeated_stratified,7,2,full,combined
8,8,1.0,8,8,1.0,8,6,0.75,0.9166666666666666,0.9153439153439153,0.9505208333333334,8,0,0,0,8,0,0,2,6,P31,xgb,148,"{'subsample': 1.0, 'reg_lambda': 10, 'reg_alpha': 0.1, 'min_child_weight': 1, 'max_depth': 2, 'learning_rate': 0.03, 'gamma': 0.3, 'colsample_bytree': 0.6, 'colsample_bylevel': 0.6, 'n_estimators': 300}",0.9688071188071188,repeated_stratified,7,3,full,combined
8,7,0.875,8,6,0.75,8,7,0.875,0.8333333333333334,0.8356209150326798,0.9166666666666666,7,1,0,0,6,2,0,1,7,P31,xgb,57,"{'subsample': 0.8, 'reg_lambda': 10, 'reg_alpha': 0, 'min_child_weight': 1, 'max_depth': 8, 'learning_rate': 0.05, 'gamma': 0, 'colsample_bytree': 0.7, 'colsample_bylevel': 0.6, 'n_estimators': 300}",0.9873496873496873,repeated_stratified,7,4,full,combined
8,8,1.0,8,7,0.875,8,6,0.75,0.875,0.8745098039215686,0.9635416666666666,8,0,0,0,7,1,0,2,6,P31,xgb,150,"{'subsample': 0.8, 'reg_lambda': 1, 'reg_alpha': 0, 'min_child_weight': 1, 'max_depth': 8, 'learning_rate': 0.01, 'gamma': 0.3, 'colsample_bytree': 0.6, 'colsample_bylevel': 0.8, 'n_estimators': 300}",0.962073112073112,repeated_stratified,8,0,full,combined
8,8,1.0,8,6,0.75,8,5,0.625,0.7916666666666666,0.7908496732026143,0.8854166666666666,8,0,0,0,6,2,0,3,5,P31,xgb,147,"{'subsample': 0.6, 'reg_lambda': 1, 'reg_alpha': 0, 'min_child_weight': 1, 'max_depth': 2, 'learning_rate': 0.03, 'gamma': 0, 'colsample_bytree': 0.6, 'colsample_bylevel': 0.6, 'n_estimators': 300}",0.9672679172679173,repeated_stratified,8,1,full,combined
8,7,0.875,8,4,0.5,8,6,0.75,0.7083333333333334,0.7121136173767754,0.8333333333333334,7,0,1,0,4,4,0,2,6,P31,xgb,147,"{'subsample': 0.8, 'reg_lambda': 1, 'reg_alpha': 0.1, 'min_child_weight': 1, 'max_depth': 4, 'learning_rate': 0.05, 'gamma': 0.5, 'colsample_bytree': 0.7, 'colsample_bylevel': 0.6, 'n_estimators': 300}",0.9656084656084656,repeated_stratified,8,2,full,combined
8,8,1.0,8,7,0.875,8,5,0.625,0.8333333333333334,0.8306878306878307,0.8671875,8,0,0,0,7,1,0,3,5,P31,xgb,109,"{'subsample': 0.6, 'reg_lambda': 10, 'reg_alpha': 0.5, 'min_child_weight': 1, 'max_depth': 2, 'learning_rate': 0.05, 'gamma': 0.1, 'colsample_bytree': 0.6, 'colsample_bylevel': 0.6, 'n_estimators': 300}",0.9715969215969217,repeated_stratified,8,3,full,combined
8,8,1.0,8,8,1.0,8,7,0.875,0.9583333333333334,0.9581699346405229,1.0,8,0,0,0,8,0,0,1,7,P31,xgb,150,"{'subsample': 0.8, 'reg_lambda': 10, 'reg_alpha': 0, 'min_child_weight': 1, 'max_depth': 4, 'learning_rate': 0.03, 'gamma': 0, 'colsample_bytree': 0.6, 'colsample_bylevel': 0.8, 'n_estimators': 300}",0.9232323232323232,repeated_stratified,8,4,full,combined
8,8,1.0,8,7,0.875,8,5,0.625,0.8333333333333334,0.8306878306878307,0.8828125,8,0,0,0,7,1,0,3,5,P31,xgb,65,"{'subsample': 0.8, 'reg_lambda': 10, 'reg_alpha': 0, 'min_child_weight': 1, 'max_depth': 8, 'learning_rate': 0.05, 'gamma': 0, 'colsample_bytree': 0.7, 'colsample_bylevel': 0.6, 'n_estimators': 300}",0.9785233285233286,repeated_stratified,9,0,full,combined
8,8,1.0,8,6,0.75,8,7,0.875,0.875,0.8745098039215686,0.9791666666666666,8,0,0,0,6,2,0,1,7,P31,xgb,150,"{'subsample': 0.8, 'reg_lambda': 10, 'reg_alpha': 0, 'min_child_weight': 1, 'max_depth': 8, 'learning_rate': 0.05, 'gamma': 0, 'colsample_bytree': 0.7, 'colsample_bylevel': 0.6, 'n_estimators': 300}",0.9755170755170756,repeated_stratified,9,1,full,combined
8,7,0.875,8,6,0.75,8,5,0.625,0.75,0.7491830065359477,0.9036458333333334,7,0,1,1,6,1,0,3,5,P31,xgb,150,"{'subsample': 0.8, 'reg_lambda': 1, 'reg_alpha': 0, 'min_child_weight': 1, 'max_depth': 4, 'learning_rate': 0.01, 'gamma': 0, 'colsample_bytree': 0.7, 'colsample_bylevel': 0.8, 'n_estimators': 300}",0.9639490139490139,repeated_stratified,9,2,full,combined
8,8,1.0,8,8,1.0,8,6,0.75,0.9166666666666666,0.9153439153439153,0.9895833333333334,8,0,0,0,8,0,0,2,6,P31,xgb,150,"{'subsample': 0.8, 'reg_lambda': 5, 'reg_alpha': 0.1, 'min_child_weight': 1, 'max_depth': 8, 'learning_rate': 0.03, 'gamma': 0, 'colsample_bytree': 0.6, 'colsample_bylevel': 0.6, 'n_estimators': 300}",0.9612073112073113,repeated_stratified,9,3,full,combined
8,8,1.0,8,8,1.0,8,8,1.0,1.0,1.0,1.0,8,0,0,0,8,0,0,0,8,P31,xgb,148,"{'subsample': 0.8, 'reg_lambda': 10, 'reg_alpha': 0.1, 'min_child_weight': 1, 'max_depth': 16, 'learning_rate': 0.01, 'gamma': 0.1, 'colsample_bytree': 0.6, 'colsample_bylevel': 0.6, 'n_estimators': 300}",0.9767195767195768,repeated_stratified,9,4,full,combined
8,8,1.0,8,5,0.625,8,3,0.375,0.6666666666666666,0.6613756613756614,0.8489583333333334,8,0,0,0,5,3,0,5,3,P33,xgb,125,"{'subsample': 0.8, 'reg_lambda': 10, 'reg_alpha': 0, 'min_child_weight': 1, 'max_depth': 8, 'learning_rate': 0.05, 'gamma': 0, 'colsample_bytree': 0.7, 'colsample_bylevel': 0.6, 'n_estimators': 300}",0.9045695045695045,repeated_stratified,0,0,full,combined
8,8,1.0,8,3,0.375,8,3,0.375,0.5833333333333334,0.5833333333333334,0.8072916666666666,8,0,0,0,3,5,0,5,3,P33,xgb,150,"{'subsample': 0.6, 'reg_lambda': 3, 'reg_alpha': 0.1, 'min_child_weight': 1, 'max_depth': 8, 'learning_rate': 0.05, 'gamma': 0, 'colsample_bytree': 0.7, 'colsample_bylevel': 0.8, 'n_estimators': 300}",0.8732563732563733,repeated_stratified,0,1,full,combined
8,8,1.0,8,4,0.5,8,4,0.5,0.6666666666666666,0.6581699346405229,0.8567708333333334,8,0,0,1,4,3,0,4,4,P33,xgb,150,"{'subsample': 0.8, 'reg_lambda': 5, 'reg_alpha': 0.1, 'min_child_weight': 1, 'max_depth': 8, 'learning_rate': 0.03, 'gamma': 0, 'colsample_bytree': 0.6, 'colsample_bylevel': 0.6, 'n_estimators': 300}",0.8827080327080328,repeated_stratified,0,2,full,combined
8,8,1.0,8,3,0.375,8,4,0.5,0.625,0.6235294117647059,0.8020833333333334,8,0,0,0,3,5,0,4,4,P33,xgb,150,"{'subsample': 0.6, 'reg_lambda': 1, 'reg_alpha': 0, 'min_child_weight': 1, 'max_depth': 2, 'learning_rate': 0.03, 'gamma': 0, 'colsample_bytree': 0.6, 'colsample_bylevel': 0.6, 'n_estimators': 300}",0.8895382395382395,repeated_stratified,0,3,full,combined
8,8,1.0,8,6,0.75,8,3,0.375,0.7083333333333334,0.6977058029689608,0.9192708333333334,8,0,0,0,6,2,0,5,3,P33,xgb,147,"{'subsample': 0.6, 'reg_lambda': 3, 'reg_alpha': 0.1, 'min_child_weight': 1, 'max_depth': 2, 'learning_rate': 0.05, 'gamma': 0, 'colsample_bytree': 0.7, 'colsample_bylevel': 0.6, 'n_estimators': 300}",0.9351611351611351,repeated_stratified,0,4,full,combined
8,8,1.0,8,4,0.5,8,4,0.5,0.6666666666666666,0.6666666666666666,0.7942708333333334,8,0,0,0,4,4,0,4,4,P33,xgb,149,"{'subsample': 0.8, 'reg_lambda': 10, 'reg_alpha': 0, 'min_child_weight': 1, 'max_depth': 8, 'learning_rate': 0.05, 'gamma': 0, 'colsample_bytree': 0.7, 'colsample_bylevel': 0.6, 'n_estimators': 300}",0.901948051948052,repeated_stratified,1,0,full,combined
8,8,1.0,8,5,0.625,8,3,0.375,0.6666666666666666,0.6613756613756614,0.8255208333333334,8,0,0,0,5,3,0,5,3,P33,xgb,149,"{'subsample': 0.8, 'reg_lambda': 10, 'reg_alpha': 0, 'min_child_weight': 1, 'max_depth': 8, 'learning_rate': 0.05, 'gamma': 0, 'colsample_bytree': 0.7, 'colsample_bylevel': 0.6, 'n_estimators': 300}",0.8123376623376624,repeated_stratified,1,1,full,combined
8,8,1.0,8,6,0.75,8,3,0.375,0.7083333333333334,0.6977058029689608,0.8619791666666666,8,0,0,0,6,2,0,5,3,P33,xgb,148,"{'subsample': 0.8, 'reg_lambda': 10, 'reg_alpha': 0.5, 'min_child_weight': 1, 'max_depth': 8, 'learning_rate': 0.01, 'gamma': 0.3, 'colsample_bytree': 0.7, 'colsample_bylevel': 0.6, 'n_estimators': 300}",0.8642857142857143,repeated_stratified,1,2,full,combined
8,8,1.0,8,4,0.5,8,3,0.375,0.625,0.6235294117647059,0.8125,8,0,0,0,4,4,0,5,3,P33,xgb,150,"{'subsample': 0.6, 'reg_lambda': 1, 'reg_alpha': 0, 'min_child_weight': 1, 'max_depth': 2, 'learning_rate': 0.03, 'gamma': 0, 'colsample_bytree': 0.6, 'colsample_bylevel': 0.6, 'n_estimators': 300}",0.8604617604617605,repeated_stratified,1,3,full,combined
8,8,1.0,8,4,0.5,8,5,0.625,0.7083333333333334,0.7071895424836602,0.8854166666666666,8,0,0,0,4,4,0,3,5,P33,xgb,150,"{'subsample': 0.6, 'reg_lambda': 1, 'reg_alpha': 0, 'min_child_weight': 1, 'max_depth': 2, 'learning_rate': 0.03, 'gamma': 0, 'colsample_bytree': 0.6, 'colsample_bylevel': 0.6, 'n_estimators': 300}",0.9114237614237615,repeated_stratified,1,4,full,combined
8,8,1.0,8,5,0.625,8,5,0.625,0.75,0.75,0.8854166666666666,8,0,0,0,5,3,0,3,5,P33,xgb,149,"{'subsample': 0.8, 'reg_lambda': 1, 'reg_alpha': 0.1, 'min_child_weight': 1, 'max_depth': 4, 'learning_rate': 0.05, 'gamma': 0.5, 'colsample_bytree': 0.7, 'colsample_bylevel': 0.6, 'n_estimators': 300}",0.9650072150072151,repeated_stratified,2,0,full,combined
8,8,1.0,8,5,0.625,8,2,0.25,0.625,0.611336032388664,0.8151041666666666,8,0,0,0,5,3,0,6,2,P33,xgb,149,"{'subsample': 1.0, 'reg_lambda': 5, 'reg_alpha': 0.1, 'min_child_weight': 1, 'max_depth': 8, 'learning_rate': 0.03, 'gamma': 0.1, 'colsample_bytree': 0.7, 'colsample_bylevel': 0.8, 'n_estimators': 300}",0.8792207792207792,repeated_stratified,2,1,full,combined
8,8,1.0,8,4,0.5,8,5,0.625,0.7083333333333334,0.7071895424836602,0.8671875,8,0,0,0,4,4,0,3,5,P33,xgb,148,"{'subsample': 0.6, 'reg_lambda': 3, 'reg_alpha': 0.1, 'min_child_weight': 1, 'max_depth': 8, 'learning_rate': 0.05, 'gamma': 0, 'colsample_bytree': 0.7, 'colsample_bylevel': 0.8, 'n_estimators': 300}",0.8888167388167388,repeated_stratified,2,2,full,combined
8,8,1.0,8,3,0.375,8,6,0.75,0.7083333333333334,0.697705802968961,0.859375,8,0,0,0,3,5,0,2,6,P33,xgb,150,"{'subsample': 0.8, 'reg_lambda': 10, 'reg_alpha': 0.5, 'min_child_weight': 1, 'max_depth': 8, 'learning_rate': 0.01, 'gamma': 0.3, 'colsample_bytree': 0.7, 'colsample_bylevel': 0.6, 'n_estimators': 300}",0.9291967291967292,repeated_stratified,2,3,full,combined
8,8,1.0,8,3,0.375,8,1,0.125,0.5,0.49206349206349204,0.7760416666666666,8,0,0,0,3,5,0,7,1,P33,xgb,150,"{'subsample': 0.8, 'reg_lambda': 5, 'reg_alpha': 0.1, 'min_child_weight': 1, 'max_depth': 8, 'learning_rate': 0.03, 'gamma': 0, 'colsample_bytree': 0.6, 'colsample_bylevel': 0.6, 'n_estimators': 300}",0.8798220298220297,repeated_stratified,2,4,full,combined
8,8,1.0,8,4,0.5,8,4,0.5,0.6666666666666666,0.6666666666666666,0.796875,8,0,0,0,4,4,0,4,4,P33,xgb,69,"{'subsample': 0.6, 'reg_lambda': 10, 'reg_alpha': 0.5, 'min_child_weight': 1, 'max_depth': 2, 'learning_rate': 0.05, 'gamma': 0.1, 'colsample_bytree': 0.6, 'colsample_bylevel': 0.6, 'n_estimators': 300}",0.9453823953823953,repeated_stratified,3,0,full,combined
8,8,1.0,8,6,0.75,8,2,0.25,0.6666666666666666,0.6349376114081996,0.8385416666666666,8,0,0,1,6,1,0,6,2,P33,xgb,149,"{'subsample': 0.6, 'reg_lambda': 1, 'reg_alpha': 0, 'min_child_weight': 1, 'max_depth': 2, 'learning_rate': 0.03, 'gamma': 0, 'colsample_bytree': 0.6, 'colsample_bylevel': 0.6, 'n_estimators': 300}",0.9077922077922077,repeated_stratified,3,1,full,combined
8,8,1.0,8,3,0.375,8,1,0.125,0.5,0.49206349206349204,0.7604166666666666,8,0,0,0,3,5,0,7,1,P33,xgb,149,"{'subsample': 0.6, 'reg_lambda': 10, 'reg_alpha': 0.1, 'min_child_weight': 1, 'max_depth': 8, 'learning_rate': 0.03, 'gamma': 0.3, 'colsample_bytree': 0.6, 'colsample_bylevel': 0.8, 'n_estimators': 300}",0.9005050505050504,repeated_stratified,3,2,full,combined
8,8,1.0,8,2,0.25,8,4,0.5,0.5833333333333334,0.565826330532213,0.8307291666666666,8,0,0,1,2,5,0,4,4,P33,xgb,150,"{'subsample': 0.8, 'reg_lambda': 10, 'reg_alpha': 0.1, 'min_child_weight': 1, 'max_depth': 16, 'learning_rate': 0.01, 'gamma': 0.1, 'colsample_bytree': 0.6, 'colsample_bylevel': 0.6, 'n_estimators': 300}",0.8975468975468974,repeated_stratified,3,3,full,combined
8,8,1.0,8,1,0.125,8,2,0.25,0.4583333333333333,0.4562091503267974,0.7578125,8,0,0,0,1,7,0,6,2,P33,xgb,149,"{'subsample': 0.6, 'reg_lambda': 1, 'reg_alpha': 0, 'min_child_weight': 1, 'max_depth': 2, 'learning_rate': 0.03, 'gamma': 0, 'colsample_bytree': 0.6, 'colsample_bylevel': 0.6, 'n_estimators': 300}",0.8770562770562771,repeated_stratified,3,4,full,combined
8,8,1.0,8,3,0.375,8,5,0.625,0.6666666666666666,0.6613756613756614,0.8541666666666666,8,0,0,0,3,5,0,3,5,P33,xgb,91,"{'subsample': 0.8, 'reg_lambda': 10, 'reg_alpha': 0, 'min_child_weight': 1, 'max_depth': 8, 'learning_rate': 0.05, 'gamma': 0, 'colsample_bytree': 0.7, 'colsample_bylevel': 0.6, 'n_estimators': 300}",0.8983405483405483,repeated_stratified,4,0,full,combined
8,8,1.0,8,6,0.75,8,5,0.625,0.7916666666666666,0.7908496732026143,0.8385416666666666,8,0,0,0,6,2,0,3,5,P33,xgb,149,"{'subsample': 0.6, 'reg_lambda': 1, 'reg_alpha': 0, 'min_child_weight': 1, 'max_depth': 2, 'learning_rate': 0.03, 'gamma': 0, 'colsample_bytree': 0.6, 'colsample_bylevel': 0.6, 'n_estimators': 300}",0.9045454545454547,repeated_stratified,4,1,full,combined
8,8,1.0,8,3,0.375,8,3,0.375,0.5833333333333334,0.5720588235294118,0.8125,8,0,0,1,3,4,0,5,3,P33,xgb,149,"{'subsample': 0.6, 'reg_lambda': 5, 'reg_alpha': 0.5, 'min_child_weight': 1, 'max_depth': 8, 'learning_rate': 0.03, 'gamma': 0.3, 'colsample_bytree': 0.6, 'colsample_bylevel': 0.6, 'n_estimators': 300}",0.8557239057239058,repeated_stratified,4,2,full,combined
8,8,1.0,8,4,0.5,8,2,0.25,0.5833333333333334,0.5767195767195767,0.78125,8,0,0,0,4,4,0,6,2,P33,xgb,150,"{'subsample': 0.6, 'reg_lambda': 3, 'reg_alpha': 0.1, 'min_child_weight': 1, 'max_depth': 8, 'learning_rate': 0.05, 'gamma': 0, 'colsample_bytree': 0.7, 'colsample_bylevel': 0.8, 'n_estimators': 300}",0.8401635401635401,repeated_stratified,4,3,full,combined
8,8,1.0,8,6,0.75,8,3,0.375,0.7083333333333334,0.6977058029689608,0.859375,8,0,0,0,6,2,0,5,3,P33,xgb,150,"{'subsample': 0.6, 'reg_lambda': 3, 'reg_alpha': 0.1, 'min_child_weight': 1, 'max_depth': 8, 'learning_rate': 0.05, 'gamma': 0, 'colsample_bytree': 0.7, 'colsample_bylevel': 0.8, 'n_estimators': 300}",0.8848965848965848,repeated_stratified,4,4,full,combined
8,8,1.0,8,4,0.5,8,3,0.375,0.625,0.6235294117647059,0.7838541666666666,8,0,0,0,4,4,0,5,3,P33,xgb,148,"{'subsample': 0.6, 'reg_lambda': 10, 'reg_alpha': 0.5, 'min_child_weight': 1, 'max_depth': 2, 'learning_rate': 0.05, 'gamma': 0.1, 'colsample_bytree': 0.6, 'colsample_bylevel': 0.6, 'n_estimators': 300}",0.9108225108225109,repeated_stratified,5,0,full,combined
8,8,1.0,8,2,0.25,8,3,0.375,0.5416666666666666,0.5398692810457516,0.734375,8,0,0,0,2,6,0,5,3,P33,xgb,150,"{'subsample': 0.8, 'reg_lambda': 10, 'reg_alpha': 0, 'min_child_weight': 1, 'max_depth': 8, 'learning_rate': 0.05, 'gamma': 0, 'colsample_bytree': 0.7, 'colsample_bylevel': 0.6, 'n_estimators': 300}",0.9144781144781146,repeated_stratified,5,1,full,combined
8,8,1.0,8,3,0.375,8,6,0.75,0.7083333333333334,0.697705802968961,0.8098958333333334,8,0,0,0,3,5,0,2,6,P33,xgb,133,"{'subsample': 0.6, 'reg_lambda': 1, 'reg_alpha': 0, 'min_child_weight': 1, 'max_depth': 2, 'learning_rate': 0.03, 'gamma': 0, 'colsample_bytree': 0.6, 'colsample_bylevel': 0.6, 'n_estimators': 300}",0.867075517075517,repeated_stratified,5,2,full,combined
8,8,1.0,8,5,0.625,8,3,0.375,0.6666666666666666,0.6613756613756614,0.7994791666666666,8,0,0,0,5,3,0,5,3,P33,xgb,148,"{'subsample': 0.6, 'reg_lambda': 3, 'reg_alpha': 0.1, 'min_child_weight': 1, 'max_depth': 8, 'learning_rate': 0.05, 'gamma': 0, 'colsample_bytree': 0.7, 'colsample_bylevel': 0.8, 'n_estimators': 300}",0.9553631553631554,repeated_stratified,5,3,full,combined
8,8,1.0,8,5,0.625,8,5,0.625,0.75,0.744281045751634,0.9010416666666666,8,0,0,1,5,2,0,3,5,P33,xgb,148,"{'subsample': 0.6, 'reg_lambda': 5, 'reg_alpha': 0.5, 'min_child_weight': 1, 'max_depth': 8, 'learning_rate': 0.03, 'gamma': 0.3, 'colsample_bytree': 0.6, 'colsample_bylevel': 0.6, 'n_estimators': 300}",0.8515392015392016,repeated_stratified,5,4,full,combined
8,8,1.0,8,4,0.5,8,6,0.75,0.75,0.746031746031746,0.8802083333333334,8,0,0,0,4,4,0,2,6,P33,xgb,147,"{'subsample': 0.6, 'reg_lambda': 3, 'reg_alpha': 0.1, 'min_child_weight': 1, 'max_depth': 8, 'learning_rate': 0.05, 'gamma': 0, 'colsample_bytree': 0.7, 'colsample_bylevel': 0.8, 'n_estimators': 300}",0.855844155844156,repeated_stratified,6,0,full,combined
8,8,1.0,8,3,0.375,8,3,0.375,0.5833333333333334,0.5720588235294118,0.8046875,8,0,0,1,3,4,0,5,3,P33,xgb,149,"{'subsample': 0.6, 'reg_lambda': 3, 'reg_alpha': 0.1, 'min_child_weight': 1, 'max_depth': 8, 'learning_rate': 0.05, 'gamma': 0, 'colsample_bytree': 0.7, 'colsample_bylevel': 0.8, 'n_estimators': 300}",0.8890331890331891,repeated_stratified,6,1,full,combined
8,8,1.0,8,1,0.125,8,3,0.375,0.5,0.465225406401877,0.8098958333333334,8,0,0,1,1,6,1,4,3,P33,xgb,150,"{'subsample': 0.8, 'reg_lambda': 1, 'reg_alpha': 0, 'min_child_weight': 1, 'max_depth': 8, 'learning_rate': 0.01, 'gamma': 0.3, 'colsample_bytree': 0.6, 'colsample_bylevel': 0.8, 'n_estimators': 300}",0.9303992303992304,repeated_stratified,6,2,full,combined
8,8,1.0,8,2,0.25,8,4,0.5,0.5833333333333334,0.565826330532213,0.8072916666666666,8,0,0,1,2,5,0,4,4,P33,xgb,141,"{'subsample': 1.0, 'reg_lambda': 3, 'reg_alpha': 0.5, 'min_child_weight': 1, 'max_depth': 2, 'learning_rate': 0.05, 'gamma': 0, 'colsample_bytree': 0.7, 'colsample_bylevel': 0.8, 'n_estimators': 300}",0.8607022607022606,repeated_stratified,6,3,full,combined
8,8,1.0,8,5,0.625,8,4,0.5,0.7083333333333334,0.7071895424836602,0.828125,8,0,0,0,5,3,0,4,4,P33,xgb,148,"{'subsample': 0.6, 'reg_lambda': 3, 'reg_alpha': 0.1, 'min_child_weight': 1, 'max_depth': 2, 'learning_rate': 0.05, 'gamma': 0, 'colsample_bytree': 0.7, 'colsample_bylevel': 0.6, 'n_estimators': 300}",0.8881433381433382,repeated_stratified,6,4,full,combined
8,8,1.0,8,4,0.5,8,1,0.125,0.5416666666666666,0.524966261808367,0.734375,8,0,0,0,4,4,0,7,1,P33,xgb,148,"{'subsample': 0.8, 'reg_lambda': 3, 'reg_alpha': 0.1, 'min_child_weight': 1, 'max_depth': 2, 'learning_rate': 0.05, 'gamma': 2, 'colsample_bytree': 0.7, 'colsample_bylevel': 0.6, 'n_estimators': 300}",0.8574795574795576,repeated_stratified,7,0,full,combined
8,8,1.0,8,3,0.375,8,5,0.625,0.6666666666666666,0.6613756613756614,0.84375,8,0,0,0,3,5,0,3,5,P33,xgb,148,"{'subsample': 0.6, 'reg_lambda': 1, 'reg_alpha': 0, 'min_child_weight': 1, 'max_depth': 2, 'learning_rate': 0.03, 'gamma': 0, 'colsample_bytree': 0.6, 'colsample_bylevel': 0.6, 'n_estimators': 300}",0.9474266474266474,repeated_stratified,7,1,full,combined
8,8,1.0,8,3,0.375,8,1,0.125,0.5,0.49206349206349204,0.734375,8,0,0,0,3,5,0,7,1,P33,xgb,149,"{'subsample': 0.6, 'reg_lambda': 10, 'reg_alpha': 0.5, 'min_child_weight': 1, 'max_depth': 2, 'learning_rate': 0.05, 'gamma': 0.1, 'colsample_bytree': 0.6, 'colsample_bylevel': 0.6, 'n_estimators': 300}",0.852068302068302,repeated_stratified,7,2,full,combined
8,8,1.0,8,4,0.5,8,3,0.375,0.625,0.6235294117647059,0.8125,8,0,0,0,4,4,0,5,3,P33,xgb,150,"{'subsample': 0.8, 'reg_lambda': 1, 'reg_alpha': 0, 'min_child_weight': 1, 'max_depth': 8, 'learning_rate': 0.01, 'gamma': 0.3, 'colsample_bytree': 0.6, 'colsample_bylevel': 0.8, 'n_estimators': 300}",0.8755892255892257,repeated_stratified,7,3,full,combined
8,8,1.0,8,3,0.375,8,6,0.75,0.7083333333333334,0.697705802968961,0.8177083333333334,8,0,0,0,3,5,0,2,6,P33,xgb,150,"{'subsample': 0.8, 'reg_lambda': 10, 'reg_alpha': 0, 'min_child_weight': 1, 'max_depth': 8, 'learning_rate': 0.05, 'gamma': 0, 'colsample_bytree': 0.7, 'colsample_bylevel': 0.6, 'n_estimators': 300}",0.9356661856661858,repeated_stratified,7,4,full,combined
8,8,1.0,8,5,0.625,8,2,0.25,0.625,0.6002751977984176,0.7994791666666666,8,0,0,1,5,2,0,6,2,P33,xgb,148,"{'subsample': 0.6, 'reg_lambda': 3, 'reg_alpha': 0.1, 'min_child_weight': 1, 'max_depth': 8, 'learning_rate': 0.05, 'gamma': 0, 'colsample_bytree': 0.7, 'colsample_bylevel': 0.8, 'n_estimators': 300}",0.9055555555555554,repeated_stratified,8,0,full,combined
8,8,1.0,8,5,0.625,8,2,0.25,0.625,0.611336032388664,0.8541666666666666,8,0,0,0,5,3,0,6,2,P33,xgb,149,"{'subsample': 0.6, 'reg_lambda': 5, 'reg_alpha': 0.5, 'min_child_weight': 1, 'max_depth': 8, 'learning_rate': 0.03, 'gamma': 0.3, 'colsample_bytree': 0.6, 'colsample_bylevel': 0.6, 'n_estimators': 300}",0.9216209716209717,repeated_stratified,8,1,full,combined
8,8,1.0,8,4,0.5,8,6,0.75,0.75,0.746031746031746,0.8776041666666666,8,0,0,0,4,4,0,2,6,P33,xgb,148,"{'subsample': 0.6, 'reg_lambda': 3, 'reg_alpha': 0.1, 'min_child_weight': 1, 'max_depth': 8, 'learning_rate': 0.05, 'gamma': 0, 'colsample_bytree': 0.7, 'colsample_bylevel': 0.8, 'n_estimators': 300}",0.8648629148629149,repeated_stratified,8,2,full,combined
8,8,1.0,8,6,0.75,8,1,0.125,0.625,0.5844155844155844,0.765625,8,0,0,0,6,2,0,7,1,P33,xgb,148,"{'subsample': 0.8, 'reg_lambda': 10, 'reg_alpha': 0.5, 'min_child_weight': 1, 'max_depth': 2, 'learning_rate': 0.05, 'gamma': 0.5, 'colsample_bytree': 0.7, 'colsample_bylevel': 0.8, 'n_estimators': 300}",0.9335738335738336,repeated_stratified,8,3,full,combined
8,8,1.0,8,3,0.375,8,4,0.5,0.625,0.6235294117647059,0.7734375,8,0,0,0,3,5,0,4,4,P33,xgb,150,"{'subsample': 0.6, 'reg_lambda': 3, 'reg_alpha': 0.1, 'min_child_weight': 1, 'max_depth': 2, 'learning_rate': 0.05, 'gamma': 0, 'colsample_bytree': 0.7, 'colsample_bylevel': 0.6, 'n_estimators': 300}",0.8885762385762387,repeated_stratified,8,4,full,combined
8,8,1.0,8,6,0.75,8,4,0.5,0.75,0.746031746031746,0.9010416666666666,8,0,0,0,6,2,0,4,4,P33,xgb,150,"{'subsample': 0.8, 'reg_lambda': 10, 'reg_alpha': 0.1, 'min_child_weight': 1, 'max_depth': 16, 'learning_rate': 0.01, 'gamma': 0.1, 'colsample_bytree': 0.6, 'colsample_bylevel': 0.6, 'n_estimators': 300}",0.8616883116883116,repeated_stratified,9,0,full,combined
8,8,1.0,8,3,0.375,8,2,0.25,0.5416666666666666,0.5266106442577031,0.8125,8,0,0,1,3,4,0,6,2,P33,xgb,150,"{'subsample': 0.8, 'reg_lambda': 10, 'reg_alpha': 0, 'min_child_weight': 1, 'max_depth': 8, 'learning_rate': 0.05, 'gamma': 0, 'colsample_bytree': 0.7, 'colsample_bylevel': 0.6, 'n_estimators': 300}",0.9016354016354017,repeated_stratified,9,1,full,combined
8,8,1.0,8,4,0.5,8,4,0.5,0.6666666666666666,0.6534391534391534,0.8802083333333334,8,0,0,2,4,2,0,4,4,P33,xgb,149,"{'subsample': 0.6, 'reg_lambda': 1, 'reg_alpha': 0, 'min_child_weight': 1, 'max_depth': 2, 'learning_rate': 0.03, 'gamma': 0, 'colsample_bytree': 0.6, 'colsample_bylevel': 0.6, 'n_estimators': 300}",0.9060125060125058,repeated_stratified,9,2,full,combined
8,8,1.0,8,3,0.375,8,6,0.75,0.7083333333333334,0.697705802968961,0.8515625,8,0,0,0,3,5,0,2,6,P33,xgb,68,"{'subsample': 0.8, 'reg_lambda': 10, 'reg_alpha': 0, 'min_child_weight': 1, 'max_depth': 4, 'learning_rate': 0.03, 'gamma': 0, 'colsample_bytree': 0.6, 'colsample_bylevel': 0.8, 'n_estimators': 300}",0.9344877344877345,repeated_stratified,9,3,full,combined
8,8,1.0,8,5,0.625,8,5,0.625,0.75,0.75,0.8776041666666666,8,0,0,0,5,3,0,3,5,P33,xgb,140,"{'subsample': 1.0, 'reg_lambda': 1, 'reg_alpha': 0.5, 'min_child_weight': 1, 'max_depth': 4, 'learning_rate': 0.01, 'gamma': 0.5, 'colsample_bytree': 0.6, 'colsample_bylevel': 0.8, 'n_estimators': 300}",0.8365319865319866,repeated_stratified,9,4,full,combined
8,8,1.0,8,5,0.625,8,5,0.625,0.75,0.75,0.890625,8,0,0,0,5,3,0,3,5,P35,xgb,149,"{'subsample': 0.6, 'reg_lambda': 1, 'reg_alpha': 0, 'min_child_weight': 1, 'max_depth': 2, 'learning_rate': 0.03, 'gamma': 0, 'colsample_bytree': 0.6, 'colsample_bylevel': 0.6, 'n_estimators': 300}",0.9224867724867725,repeated_stratified,0,0,full,combined
8,8,1.0,8,6,0.75,8,4,0.5,0.75,0.746031746031746,0.9036458333333334,8,0,0,0,6,2,0,4,4,P35,xgb,148,"{'subsample': 0.6, 'reg_lambda': 1, 'reg_alpha': 0, 'min_child_weight': 1, 'max_depth': 2, 'learning_rate': 0.03, 'gamma': 0, 'colsample_bytree': 0.6, 'colsample_bylevel': 0.6, 'n_estimators': 300}",0.9417267917267919,repeated_stratified,0,1,full,combined
8,8,1.0,8,6,0.75,8,5,0.625,0.7916666666666666,0.7908496732026143,0.9010416666666666,8,0,0,0,6,2,0,3,5,P35,xgb,150,"{'subsample': 0.8, 'reg_lambda': 5, 'reg_alpha': 0.1, 'min_child_weight': 1, 'max_depth': 8, 'learning_rate': 0.03, 'gamma': 0, 'colsample_bytree': 0.6, 'colsample_bylevel': 0.6, 'n_estimators': 300}",0.9032948532948533,repeated_stratified,0,2,full,combined
8,8,1.0,8,4,0.5,8,4,0.5,0.6666666666666666,0.6666666666666666,0.8020833333333334,8,0,0,0,4,4,0,4,4,P35,xgb,145,"{'subsample': 0.6, 'reg_lambda': 5, 'reg_alpha': 0.5, 'min_child_weight': 1, 'max_depth': 8, 'learning_rate': 0.03, 'gamma': 0.3, 'colsample_bytree': 0.6, 'colsample_bylevel': 0.6, 'n_estimators': 300}",0.9417748917748918,repeated_stratified,0,3,full,combined
8,8,1.0,8,5,0.625,8,5,0.625,0.75,0.75,0.8645833333333334,8,0,0,0,5,3,0,3,5,P35,xgb,150,"{'subsample': 0.6, 'reg_lambda': 3, 'reg_alpha': 0.1, 'min_child_weight': 1, 'max_depth': 8, 'learning_rate': 0.05, 'gamma': 0, 'colsample_bytree': 0.7, 'colsample_bylevel': 0.8, 'n_estimators': 300}",0.9226551226551226,repeated_stratified,0,4,full,combined
8,8,1.0,8,4,0.5,8,4,0.5,0.6666666666666666,0.6666666666666666,0.8697916666666666,8,0,0,0,4,4,0,4,4,P35,xgb,149,"{'subsample': 0.8, 'reg_lambda': 1, 'reg_alpha': 0, 'min_child_weight': 1, 'max_depth': 8, 'learning_rate': 0.01, 'gamma': 0.3, 'colsample_bytree': 0.6, 'colsample_bylevel': 0.8, 'n_estimators': 300}",0.904882154882155,repeated_stratified,1,0,full,combined
8,8,1.0,8,3,0.375,8,5,0.625,0.6666666666666666,0.6613756613756614,0.8098958333333334,8,0,0,0,3,5,0,3,5,P35,xgb,150,"{'subsample': 0.6, 'reg_lambda': 3, 'reg_alpha': 0.1, 'min_child_weight': 1, 'max_depth': 8, 'learning_rate': 0.05, 'gamma': 0, 'colsample_bytree': 0.7, 'colsample_bylevel': 0.8, 'n_estimators': 300}",0.9734968734968735,repeated_stratified,1,1,full,combined
8,8,1.0,8,5,0.625,8,5,0.625,0.75,0.75,0.9270833333333334,8,0,0,0,5,3,0,3,5,P35,xgb,148,"{'subsample': 0.6, 'reg_lambda': 3, 'reg_alpha': 0.1, 'min_child_weight': 1, 'max_depth': 2, 'learning_rate': 0.05, 'gamma': 0, 'colsample_bytree': 0.7, 'colsample_bylevel': 0.6, 'n_estimators': 300}",0.924074074074074,repeated_stratified,1,2,full,combined
8,8,1.0,8,5,0.625,8,6,0.75,0.7916666666666666,0.7908496732026143,0.9010416666666666,8,0,0,0,5,3,0,2,6,P35,xgb,150,"{'subsample': 0.6, 'reg_lambda': 1, 'reg_alpha': 0, 'min_child_weight': 1, 'max_depth': 2, 'learning_rate': 0.03, 'gamma': 0, 'colsample_bytree': 0.6, 'colsample_bylevel': 0.6, 'n_estimators': 300}",0.9343674843674843,repeated_stratified,1,3,full,combined
8,8,1.0,8,6,0.75,8,5,0.625,0.7916666666666666,0.7908496732026143,0.9348958333333334,8,0,0,0,6,2,0,3,5,P35,xgb,148,"{'subsample': 0.6, 'reg_lambda': 3, 'reg_alpha': 0.1, 'min_child_weight': 1, 'max_depth': 2, 'learning_rate': 0.05, 'gamma': 0, 'colsample_bytree': 0.7, 'colsample_bylevel': 0.6, 'n_estimators': 300}",0.9001202501202501,repeated_stratified,1,4,full,combined
8,8,1.0,8,5,0.625,8,5,0.625,0.75,0.75,0.8541666666666666,8,0,0,0,5,3,0,3,5,P35,xgb,150,"{'subsample': 0.8, 'reg_lambda': 5, 'reg_alpha': 0.1, 'min_child_weight': 1, 'max_depth': 8, 'learning_rate': 0.03, 'gamma': 0, 'colsample_bytree': 0.6, 'colsample_bylevel': 0.6, 'n_estimators': 300}",0.9264790764790766,repeated_stratified,2,0,full,combined
8,8,1.0,8,6,0.75,8,1,0.125,0.625,0.5844155844155844,0.8411458333333334,8,0,0,0,6,2,0,7,1,P35,xgb,149,"{'subsample': 0.6, 'reg_lambda': 3, 'reg_alpha': 0.1, 'min_child_weight': 1, 'max_depth': 2, 'learning_rate': 0.05, 'gamma': 0, 'colsample_bytree': 0.7, 'colsample_bylevel': 0.6, 'n_estimators': 300}",0.9217171717171717,repeated_stratified,2,1,full,combined
8,8,1.0,8,6,0.75,8,7,0.875,0.875,0.8745098039215686,0.9114583333333334,8,0,0,0,6,2,0,1,7,P35,xgb,149,"{'subsample': 0.6, 'reg_lambda': 1, 'reg_alpha': 0, 'min_child_weight': 1, 'max_depth': 2, 'learning_rate': 0.03, 'gamma': 0, 'colsample_bytree': 0.6, 'colsample_bylevel': 0.6, 'n_estimators': 300}",0.8971861471861472,repeated_stratified,2,2,full,combined
8,8,1.0,8,5,0.625,8,6,0.75,0.7916666666666666,0.7908496732026143,0.8723958333333334,8,0,0,0,5,3,0,2,6,P35,xgb,149,"{'subsample': 0.6, 'reg_lambda': 3, 'reg_alpha': 0.1, 'min_child_weight': 1, 'max_depth': 2, 'learning_rate': 0.05, 'gamma': 0, 'colsample_bytree': 0.7, 'colsample_bylevel': 0.6, 'n_estimators': 300}",0.9466570466570466,repeated_stratified,2,3,full,combined
8,8,1.0,8,5,0.625,8,2,0.25,0.625,0.611336032388664,0.8359375,8,0,0,0,5,3,0,6,2,P35,xgb,148,"{'subsample': 0.6, 'reg_lambda': 5, 'reg_alpha': 0, 'min_child_weight': 1, 'max_depth': 2, 'learning_rate': 0.01, 'gamma': 0.3, 'colsample_bytree': 0.7, 'colsample_bylevel': 0.6, 'n_estimators': 300}",0.9172679172679173,repeated_stratified,2,4,full,combined
8,8,1.0,8,3,0.375,8,5,0.625,0.6666666666666666,0.6613756613756614,0.8645833333333334,8,0,0,0,3,5,0,3,5,P35,xgb,150,"{'subsample': 0.6, 'reg_lambda': 1, 'reg_alpha': 0, 'min_child_weight': 1, 'max_depth': 2, 'learning_rate': 0.03, 'gamma': 0, 'colsample_bytree': 0.6, 'colsample_bylevel': 0.6, 'n_estimators': 300}",0.9231601731601732,repeated_stratified,3,0,full,combined
8,8,1.0,8,3,0.375,8,3,0.375,0.5833333333333334,0.5833333333333334,0.828125,8,0,0,0,3,5,0,5,3,P35,xgb,150,"{'subsample': 0.8, 'reg_lambda': 10, 'reg_alpha': 0.1, 'min_child_weight': 1, 'max_depth': 16, 'learning_rate': 0.01, 'gamma': 0.1, 'colsample_bytree': 0.6, 'colsample_bylevel': 0.6, 'n_estimators': 300}",0.9165223665223666,repeated_stratified,3,1,full,combined
8,8,1.0,8,1,0.125,8,3,0.375,0.5,0.49206349206349204,0.75,8,0,0,0,1,7,0,5,3,P35,xgb,145,"{'subsample': 0.6, 'reg_lambda': 10, 'reg_alpha': 0.1, 'min_child_weight': 1, 'max_depth': 8, 'learning_rate': 0.03, 'gamma': 0.3, 'colsample_bytree': 0.6, 'colsample_bylevel': 0.8, 'n_estimators': 300}",0.9779942279942281,repeated_stratified,3,2,full,combined
8,8,1.0,8,4,0.5,8,6,0.75,0.75,0.746031746031746,0.9010416666666666,8,0,0,0,4,4,0,2,6,P35,xgb,148,"{'subsample': 0.6, 'reg_lambda': 3, 'reg_alpha': 0.1, 'min_child_weight': 1, 'max_depth': 2, 'learning_rate': 0.05, 'gamma': 0, 'colsample_bytree': 0.7, 'colsample_bylevel': 0.6, 'n_estimators': 300}",0.9312650312650312,repeated_stratified,3,3,full,combined
8,8,1.0,8,5,0.625,8,4,0.5,0.7083333333333334,0.7071895424836602,0.859375,8,0,0,0,5,3,0,4,4,P35,xgb,150,"{'subsample': 0.8, 'reg_lambda': 10, 'reg_alpha': 0, 'min_child_weight': 1, 'max_depth': 8, 'learning_rate': 0.05, 'gamma': 0, 'colsample_bytree': 0.7, 'colsample_bylevel': 0.6, 'n_estimators': 300}",0.9157046657046658,repeated_stratified,3,4,full,combined
8,8,1.0,8,3,0.375,8,5,0.625,0.6666666666666666,0.6613756613756614,0.8619791666666666,8,0,0,0,3,5,0,3,5,P35,xgb,145,"{'subsample': 0.6, 'reg_lambda': 1, 'reg_alpha': 0, 'min_child_weight': 1, 'max_depth': 2, 'learning_rate': 0.03, 'gamma': 0, 'colsample_bytree': 0.6, 'colsample_bylevel': 0.6, 'n_estimators': 300}",0.9183982683982684,repeated_stratified,4,0,full,combined
8,8,1.0,8,5,0.625,8,4,0.5,0.7083333333333334,0.7071895424836602,0.8333333333333334,8,0,0,0,5,3,0,4,4,P35,xgb,150,"{'subsample': 0.6, 'reg_lambda': 1, 'reg_alpha': 0, 'min_child_weight': 1, 'max_depth': 2, 'learning_rate': 0.03, 'gamma': 0, 'colsample_bytree': 0.6, 'colsample_bylevel': 0.6, 'n_estimators': 300}",0.945983645983646,repeated_stratified,4,1,full,combined
8,8,1.0,8,5,0.625,8,7,0.875,0.8333333333333334,0.8306878306878307,0.9453125,8,0,0,0,5,3,0,1,7,P35,xgb,149,"{'subsample': 0.6, 'reg_lambda': 1, 'reg_alpha': 0, 'min_child_weight': 1, 'max_depth': 2, 'learning_rate': 0.03, 'gamma': 0, 'colsample_bytree': 0.6, 'colsample_bylevel': 0.6, 'n_estimators': 300}",0.9036315536315537,repeated_stratified,4,2,full,combined
8,8,1.0,8,5,0.625,8,5,0.625,0.75,0.75,0.8828125,8,0,0,0,5,3,0,3,5,P35,xgb,149,"{'subsample': 0.6, 'reg_lambda': 1, 'reg_alpha': 0, 'min_child_weight': 1, 'max_depth': 2, 'learning_rate': 0.03, 'gamma': 0, 'colsample_bytree': 0.6, 'colsample_bylevel': 0.6, 'n_estimators': 300}",0.9305435305435306,repeated_stratified,4,3,full,combined
8,8,1.0,8,3,0.375,8,5,0.625,0.6666666666666666,0.6613756613756614,0.8463541666666666,8,0,0,0,3,5,0,3,5,P35,xgb,147,"{'subsample': 0.6, 'reg_lambda': 3, 'reg_alpha': 0.1, 'min_child_weight': 1, 'max_depth': 2, 'learning_rate': 0.05, 'gamma': 0, 'colsample_bytree': 0.7, 'colsample_bylevel': 0.6, 'n_estimators': 300}",0.965055315055315,repeated_stratified,4,4,full,combined
8,8,1.0,8,7,0.875,8,4,0.5,0.7916666666666666,0.7840755735492578,0.8854166666666666,8,0,0,0,7,1,0,4,4,P35,xgb,148,"{'subsample': 0.6, 'reg_lambda': 1, 'reg_alpha': 0, 'min_child_weight': 1, 'max_depth': 2, 'learning_rate': 0.03, 'gamma': 0, 'colsample_bytree': 0.6, 'colsample_bylevel': 0.6, 'n_estimators': 300}",0.9302308802308802,repeated_stratified,5,0,full,combined
8,8,1.0,8,4,0.5,8,3,0.375,0.625,0.6235294117647059,0.8020833333333334,8,0,0,0,4,4,0,5,3,P35,xgb,150,"{'subsample': 0.8, 'reg_lambda': 10, 'reg_alpha': 0, 'min_child_weight': 1, 'max_depth': 4, 'learning_rate': 0.03, 'gamma': 0, 'colsample_bytree': 0.6, 'colsample_bylevel': 0.8, 'n_estimators': 300}",0.947979797979798,repeated_stratified,5,1,full,combined
8,8,1.0,8,4,0.5,8,5,0.625,0.7083333333333334,0.700280112044818,0.9036458333333334,8,0,0,0,4,4,1,2,5,P35,xgb,150,"{'subsample': 0.6, 'reg_lambda': 3, 'reg_alpha': 0.1, 'min_child_weight': 1, 'max_depth': 8, 'learning_rate': 0.05, 'gamma': 0, 'colsample_bytree': 0.7, 'colsample_bylevel': 0.8, 'n_estimators': 300}",0.9407888407888407,repeated_stratified,5,2,full,combined
8,8,1.0,8,4,0.5,8,5,0.625,0.7083333333333334,0.7071895424836602,0.9010416666666666,8,0,0,0,4,4,0,3,5,P35,xgb,117,"{'subsample': 0.6, 'reg_lambda': 3, 'reg_alpha': 0.1, 'min_child_weight': 1, 'max_depth': 2, 'learning_rate': 0.05, 'gamma': 0, 'colsample_bytree': 0.7, 'colsample_bylevel': 0.6, 'n_estimators': 300}",0.9317460317460319,repeated_stratified,5,3,full,combined
8,8,1.0,8,5,0.625,8,4,0.5,0.7083333333333334,0.7071895424836602,0.8151041666666666,8,0,0,0,5,3,0,4,4,P35,xgb,150,"{'subsample': 0.6, 'reg_lambda': 1, 'reg_alpha': 0, 'min_child_weight': 1, 'max_depth': 2, 'learning_rate': 0.03, 'gamma': 0, 'colsample_bytree': 0.6, 'colsample_bylevel': 0.6, 'n_estimators': 300}",0.9343915343915343,repeated_stratified,5,4,full,combined
8,8,1.0,8,6,0.75,8,2,0.25,0.6666666666666666,0.6444444444444445,0.8541666666666666,8,0,0,0,6,2,0,6,2,P35,xgb,148,"{'subsample': 0.6, 'reg_lambda': 3, 'reg_alpha': 0.1, 'min_child_weight': 1, 'max_depth': 2, 'learning_rate': 0.05, 'gamma': 0, 'colsample_bytree': 0.7, 'colsample_bylevel': 0.6, 'n_estimators': 300}",0.9276334776334775,repeated_stratified,6,0,full,combined
8,8,1.0,8,5,0.625,8,2,0.25,0.625,0.611336032388664,0.8072916666666666,8,0,0,0,5,3,0,6,2,P35,xgb,147,"{'subsample': 0.6, 'reg_lambda': 3, 'reg_alpha': 0.1, 'min_child_weight': 1, 'max_depth': 8, 'learning_rate': 0.05, 'gamma': 0, 'colsample_bytree': 0.7, 'colsample_bylevel': 0.8, 'n_estimators': 300}",0.931962481962482,repeated_stratified,6,1,full,combined
8,8,1.0,8,4,0.5,8,4,0.5,0.6666666666666666,0.6666666666666666,0.7786458333333334,8,0,0,0,4,4,0,4,4,P35,xgb,148,"{'subsample': 0.6, 'reg_lambda': 3, 'reg_alpha': 0.1, 'min_child_weight': 1, 'max_depth': 2, 'learning_rate': 0.05, 'gamma': 0, 'colsample_bytree': 0.7, 'colsample_bylevel': 0.6, 'n_estimators': 300}",0.9363395863395864,repeated_stratified,6,2,full,combined
8,8,1.0,8,3,0.375,8,4,0.5,0.625,0.6235294117647059,0.8333333333333334,8,0,0,0,3,5,0,4,4,P35,xgb,148,"{'subsample': 0.6, 'reg_lambda': 1, 'reg_alpha': 0, 'min_child_weight': 1, 'max_depth': 2, 'learning_rate': 0.03, 'gamma': 0, 'colsample_bytree': 0.6, 'colsample_bylevel': 0.6, 'n_estimators': 300}",0.9183501683501684,repeated_stratified,6,3,full,combined
8,8,1.0,8,5,0.625,8,5,0.625,0.75,0.75,0.8619791666666666,8,0,0,0,5,3,0,3,5,P35,xgb,149,"{'subsample': 0.6, 'reg_lambda': 1, 'reg_alpha': 0, 'min_child_weight': 1, 'max_depth': 2, 'learning_rate': 0.03, 'gamma': 0, 'colsample_bytree': 0.6, 'colsample_bylevel': 0.6, 'n_estimators': 300}",0.9072631072631072,repeated_stratified,6,4,full,combined
8,8,1.0,8,3,0.375,8,4,0.5,0.625,0.6235294117647059,0.8359375,8,0,0,0,3,5,0,4,4,P35,xgb,148,"{'subsample': 0.6, 'reg_lambda': 1, 'reg_alpha': 0, 'min_child_weight': 1, 'max_depth': 2, 'learning_rate': 0.03, 'gamma': 0, 'colsample_bytree': 0.6, 'colsample_bylevel': 0.6, 'n_estimators': 300}",0.914911014911015,repeated_stratified,7,0,full,combined
8,8,1.0,8,4,0.5,8,2,0.25,0.5833333333333334,0.5767195767195767,0.7942708333333334,8,0,0,0,4,4,0,6,2,P35,xgb,141,"{'subsample': 0.6, 'reg_lambda': 5, 'reg_alpha': 0.5, 'min_child_weight': 1, 'max_depth': 8, 'learning_rate': 0.03, 'gamma': 0.3, 'colsample_bytree': 0.6, 'colsample_bylevel': 0.6, 'n_estimators': 300}",0.9338624338624338,repeated_stratified,7,1,full,combined
8,8,1.0,8,4,0.5,8,3,0.375,0.625,0.6235294117647059,0.7916666666666666,8,0,0,0,4,4,0,5,3,P35,xgb,150,"{'subsample': 0.6, 'reg_lambda': 1, 'reg_alpha': 0, 'min_child_weight': 1, 'max_depth': 2, 'learning_rate': 0.03, 'gamma': 0, 'colsample_bytree': 0.6, 'colsample_bylevel': 0.6, 'n_estimators': 300}",0.908970658970659,repeated_stratified,7,2,full,combined
8,8,1.0,8,3,0.375,8,2,0.25,0.5416666666666666,0.5398692810457516,0.7786458333333334,8,0,0,0,3,5,0,6,2,P35,xgb,122,"{'subsample': 0.8, 'reg_lambda': 1, 'reg_alpha': 0.1, 'min_child_weight': 1, 'max_depth': 4, 'learning_rate': 0.05, 'gamma': 0.5, 'colsample_bytree': 0.7, 'colsample_bylevel': 0.6, 'n_estimators': 300}",0.9582251082251082,repeated_stratified,7,3,full,combined
8,8,1.0,8,3,0.375,8,3,0.375,0.5833333333333334,0.5833333333333334,0.8229166666666666,8,0,0,0,3,5,0,5,3,P35,xgb,147,"{'subsample': 0.6, 'reg_lambda': 5, 'reg_alpha': 0.5, 'min_child_weight': 1, 'max_depth': 8, 'learning_rate': 0.03, 'gamma': 0.3, 'colsample_bytree': 0.6, 'colsample_bylevel': 0.6, 'n_estimators': 300}",0.9252044252044253,repeated_stratified,7,4,full,combined
8,8,1.0,8,2,0.25,8,4,0.5,0.5833333333333334,0.5767195767195766,0.7916666666666666,8,0,0,0,2,6,0,4,4,P35,xgb,149,"{'subsample': 0.6, 'reg_lambda': 3, 'reg_alpha': 0.1, 'min_child_weight': 1, 'max_depth': 2, 'learning_rate': 0.05, 'gamma': 0, 'colsample_bytree': 0.7, 'colsample_bylevel': 0.6, 'n_estimators': 300}",0.9154160654160655,repeated_stratified,8,0,full,combined
8,8,1.0,8,2,0.25,8,5,0.625,0.625,0.611336032388664,0.8802083333333334,8,0,0,0,2,6,0,3,5,P35,xgb,147,"{'subsample': 0.6, 'reg_lambda': 1, 'reg_alpha': 0, 'min_child_weight': 1, 'max_depth': 2, 'learning_rate': 0.03, 'gamma': 0, 'colsample_bytree': 0.6, 'colsample_bylevel': 0.6, 'n_estimators': 300}",0.9164502164502165,repeated_stratified,8,1,full,combined
8,8,1.0,8,5,0.625,8,2,0.25,0.625,0.611336032388664,0.7838541666666666,8,0,0,0,5,3,0,6,2,P35,xgb,144,"{'subsample': 0.6, 'reg_lambda': 10, 'reg_alpha': 0.1, 'min_child_weight': 1, 'max_depth': 8, 'learning_rate': 0.03, 'gamma': 0.3, 'colsample_bytree': 0.6, 'colsample_bylevel': 0.8, 'n_estimators': 300}",0.9499518999519,repeated_stratified,8,2,full,combined
8,8,1.0,8,6,0.75,8,4,0.5,0.75,0.746031746031746,0.8958333333333334,8,0,0,0,6,2,0,4,4,P35,xgb,145,"{'subsample': 0.6, 'reg_lambda': 10, 'reg_alpha': 0.5, 'min_child_weight': 1, 'max_depth': 2, 'learning_rate': 0.05, 'gamma': 0.1, 'colsample_bytree': 0.6, 'colsample_bylevel': 0.6, 'n_estimators': 300}",0.9069745069745071,repeated_stratified,8,3,full,combined
8,8,1.0,8,5,0.625,8,5,0.625,0.75,0.75,0.9010416666666666,8,0,0,0,5,3,0,3,5,P35,xgb,150,"{'subsample': 0.6, 'reg_lambda': 1, 'reg_alpha': 0, 'min_child_weight': 1, 'max_depth': 2, 'learning_rate': 0.03, 'gamma': 0, 'colsample_bytree': 0.6, 'colsample_bylevel': 0.6, 'n_estimators': 300}",0.9147426647426647,repeated_stratified,8,4,full,combined
8,8,1.0,8,6,0.75,8,4,0.5,0.75,0.746031746031746,0.9166666666666666,8,0,0,0,6,2,0,4,4,P35,xgb,150,"{'subsample': 0.6, 'reg_lambda': 3, 'reg_alpha': 0.1, 'min_child_weight': 1, 'max_depth': 2, 'learning_rate': 0.05, 'gamma': 0, 'colsample_bytree': 0.7, 'colsample_bylevel': 0.6, 'n_estimators': 300}",0.8807359307359307,repeated_stratified,9,0,full,combined
8,8,1.0,8,5,0.625,8,5,0.625,0.75,0.75,0.8385416666666666,8,0,0,0,5,3,0,3,5,P35,xgb,130,"{'subsample': 0.6, 'reg_lambda': 5, 'reg_alpha': 0, 'min_child_weight': 1, 'max_depth': 2, 'learning_rate': 0.01, 'gamma': 0.3, 'colsample_bytree': 0.7, 'colsample_bylevel': 0.6, 'n_estimators': 300}",0.9206830206830207,repeated_stratified,9,1,full,combined
8,8,1.0,8,7,0.875,8,3,0.375,0.75,0.7333333333333334,0.90625,8,0,0,0,7,1,0,5,3,P35,xgb,150,"{'subsample': 0.8, 'reg_lambda': 10, 'reg_alpha': 0, 'min_child_weight': 1, 'max_depth': 4, 'learning_rate': 0.03, 'gamma': 0, 'colsample_bytree': 0.6, 'colsample_bylevel': 0.8, 'n_estimators': 300}",0.9232563732563732,repeated_stratified,9,2,full,combined
8,8,1.0,8,6,0.75,8,5,0.625,0.7916666666666666,0.7908496732026143,0.9114583333333334,8,0,0,0,6,2,0,3,5,P35,xgb,149,"{'subsample': 0.6, 'reg_lambda': 3, 'reg_alpha': 0.1, 'min_child_weight': 1, 'max_depth': 2, 'learning_rate': 0.05, 'gamma': 0, 'colsample_bytree': 0.7, 'colsample_bylevel': 0.6, 'n_estimators': 300}",0.9153439153439153,repeated_stratified,9,3,full,combined
8,8,1.0,8,4,0.5,8,3,0.375,0.625,0.6235294117647059,0.8098958333333334,8,0,0,0,4,4,0,5,3,P35,xgb,148,"{'subsample': 0.6, 'reg_lambda': 3, 'reg_alpha': 0.1, 'min_child_weight': 1, 'max_depth': 2, 'learning_rate': 0.05, 'gamma': 0, 'colsample_bytree': 0.7, 'colsample_bylevel': 0.6, 'n_estimators': 300}",0.9487493987493988,repeated_stratified,9,4,full,combined
8,8,1.0,8,3,0.375,8,7,0.875,0.75,0.7333333333333334,0.8697916666666666,8,0,0,0,3,5,0,1,7,P37,xgb,149,"{'subsample': 0.6, 'reg_lambda': 3, 'reg_alpha': 0.1, 'min_child_weight': 1, 'max_depth': 2, 'learning_rate': 0.05, 'gamma': 0, 'colsample_bytree': 0.7, 'colsample_bylevel': 0.6, 'n_estimators': 300}",0.9462241462241462,repeated_stratified,0,0,full,combined
8,8,1.0,8,3,0.375,8,7,0.875,0.75,0.7333333333333334,0.8671875,8,0,0,0,3,5,0,1,7,P37,xgb,150,"{'subsample': 0.6, 'reg_lambda': 3, 'reg_alpha': 0.1, 'min_child_weight': 1, 'max_depth': 2, 'learning_rate': 0.05, 'gamma': 0, 'colsample_bytree': 0.7, 'colsample_bylevel': 0.6, 'n_estimators': 300}",0.9482683982683983,repeated_stratified,0,1,full,combined
8,8,1.0,8,3,0.375,8,7,0.875,0.75,0.7333333333333334,0.8854166666666666,8,0,0,0,3,5,0,1,7,P37,xgb,147,"{'subsample': 0.6, 'reg_lambda': 10, 'reg_alpha': 0.1, 'min_child_weight': 1, 'max_depth': 8, 'learning_rate': 0.03, 'gamma': 0.3, 'colsample_bytree': 0.6, 'colsample_bylevel': 0.8, 'n_estimators': 300}",0.9161135161135161,repeated_stratified,0,2,full,combined
8,8,1.0,8,6,0.75,8,4,0.5,0.75,0.746031746031746,0.9036458333333334,8,0,0,0,6,2,0,4,4,P37,xgb,149,"{'subsample': 0.8, 'reg_lambda': 10, 'reg_alpha': 0, 'min_child_weight': 1, 'max_depth': 8, 'learning_rate': 0.05, 'gamma': 0, 'colsample_bytree': 0.7, 'colsample_bylevel': 0.6, 'n_estimators': 300}",0.9681096681096681,repeated_stratified,0,3,full,combined
8,8,1.0,8,6,0.75,8,2,0.25,0.6666666666666666,0.6444444444444445,0.8697916666666666,8,0,0,0,6,2,0,6,2,P37,xgb,149,"{'subsample': 0.6, 'reg_lambda': 1, 'reg_alpha': 0.1, 'min_child_weight': 1, 'max_depth': 2, 'learning_rate': 0.01, 'gamma': 2, 'colsample_bytree': 0.7, 'colsample_bylevel': 0.6, 'n_estimators': 300}",0.9117604617604617,repeated_stratified,0,4,full,combined
8,8,1.0,8,6,0.75,8,5,0.625,0.7916666666666666,0.7908496732026143,0.9270833333333334,8,0,0,0,6,2,0,3,5,P37,xgb,148,"{'subsample': 0.6, 'reg_lambda': 10, 'reg_alpha': 0.1, 'min_child_weight': 1, 'max_depth': 8, 'learning_rate': 0.03, 'gamma': 0.3, 'colsample_bytree': 0.6, 'colsample_bylevel': 0.8, 'n_estimators': 300}",0.9293169793169792,repeated_stratified,1,0,full,combined
8,8,1.0,8,6,0.75,8,6,0.75,0.8333333333333334,0.8333333333333334,0.90625,8,0,0,0,6,2,0,2,6,P37,xgb,149,"{'subsample': 0.6, 'reg_lambda': 1, 'reg_alpha': 0, 'min_child_weight': 1, 'max_depth': 2, 'learning_rate': 0.03, 'gamma': 0, 'colsample_bytree': 0.6, 'colsample_bylevel': 0.6, 'n_estimators': 300}",0.924963924963925,repeated_stratified,1,1,full,combined
8,8,1.0,8,5,0.625,8,5,0.625,0.75,0.75,0.8515625,8,0,0,0,5,3,0,3,5,P37,xgb,149,"{'subsample': 0.6, 'reg_lambda': 10, 'reg_alpha': 0.5, 'min_child_weight': 1, 'max_depth': 2, 'learning_rate': 0.05, 'gamma': 0.1, 'colsample_bytree': 0.6, 'colsample_bylevel': 0.6, 'n_estimators': 300}",0.9258537758537758,repeated_stratified,1,2,full,combined
8,8,1.0,8,5,0.625,8,7,0.875,0.8333333333333334,0.8306878306878307,0.9088541666666666,8,0,0,0,5,3,0,1,7,P37,xgb,150,"{'subsample': 0.6, 'reg_lambda': 1, 'reg_alpha': 0, 'min_child_weight': 1, 'max_depth': 2, 'learning_rate': 0.03, 'gamma': 0, 'colsample_bytree': 0.6, 'colsample_bylevel': 0.6, 'n_estimators': 300}",0.8950216450216449,repeated_stratified,1,3,full,combined
8,8,1.0,8,7,0.875,8,8,1.0,0.9583333333333334,0.9581699346405229,0.984375,8,0,0,0,7,1,0,0,8,P37,xgb,149,"{'subsample': 0.6, 'reg_lambda': 3, 'reg_alpha': 0.1, 'min_child_weight': 1, 'max_depth': 8, 'learning_rate': 0.05, 'gamma': 0, 'colsample_bytree': 0.7, 'colsample_bylevel': 0.8, 'n_estimators': 300}",0.9501443001443001,repeated_stratified,1,4,full,combined
8,8,1.0,8,6,0.75,8,4,0.5,0.75,0.746031746031746,0.9036458333333334,8,0,0,0,6,2,0,4,4,P37,xgb,126,"{'subsample': 0.6, 'reg_lambda': 3, 'reg_alpha': 0.1, 'min_child_weight': 1, 'max_depth': 8, 'learning_rate': 0.05, 'gamma': 0, 'colsample_bytree': 0.7, 'colsample_bylevel': 0.8, 'n_estimators': 300}",0.9162818662818664,repeated_stratified,2,0,full,combined
8,8,1.0,8,6,0.75,8,3,0.375,0.7083333333333334,0.6897938662644546,0.9322916666666666,8,0,0,0,6,2,1,4,3,P37,xgb,148,"{'subsample': 0.6, 'reg_lambda': 3, 'reg_alpha': 0.1, 'min_child_weight': 1, 'max_depth': 8, 'learning_rate': 0.05, 'gamma': 0, 'colsample_bytree': 0.7, 'colsample_bylevel': 0.8, 'n_estimators': 300}",0.9118326118326118,repeated_stratified,2,1,full,combined
8,8,1.0,8,4,0.5,8,3,0.375,0.625,0.6235294117647059,0.8567708333333334,8,0,0,0,4,4,0,5,3,P37,xgb,150,"{'subsample': 0.6, 'reg_lambda': 3, 'reg_alpha': 0.1, 'min_child_weight': 1, 'max_depth': 2, 'learning_rate': 0.05, 'gamma': 0, 'colsample_bytree': 0.7, 'colsample_bylevel': 0.6, 'n_estimators': 300}",0.8801587301587301,repeated_stratified,2,2,full,combined
8,8,1.0,8,5,0.625,8,4,0.5,0.7083333333333334,0.7071895424836602,0.9088541666666666,8,0,0,0,5,3,0,4,4,P37,xgb,150,"{'subsample': 0.6, 'reg_lambda': 1, 'reg_alpha': 0, 'min_child_weight': 1, 'max_depth': 2, 'learning_rate': 0.03, 'gamma': 0, 'colsample_bytree': 0.6, 'colsample_bylevel': 0.6, 'n_estimators': 300}",0.9065175565175566,repeated_stratified,2,3,full,combined
8,8,1.0,8,7,0.875,8,5,0.625,0.8333333333333334,0.8306878306878307,0.9427083333333334,8,0,0,0,7,1,0,3,5,P37,xgb,147,"{'subsample': 0.6, 'reg_lambda': 3, 'reg_alpha': 0.1, 'min_child_weight': 1, 'max_depth': 2, 'learning_rate': 0.05, 'gamma': 0, 'colsample_bytree': 0.7, 'colsample_bylevel': 0.6, 'n_estimators': 300}",0.9377825877825878,repeated_stratified,2,4,full,combined
8,8,1.0,8,7,0.875,8,6,0.75,0.875,0.8745098039215686,0.9583333333333334,8,0,0,0,7,1,0,2,6,P37,xgb,130,"{'subsample': 0.6, 'reg_lambda': 10, 'reg_alpha': 0.5, 'min_child_weight': 1, 'max_depth': 2, 'learning_rate': 0.05, 'gamma': 0.1, 'colsample_bytree': 0.6, 'colsample_bylevel': 0.6, 'n_estimators': 300}",0.8994468494468495,repeated_stratified,3,0,full,combined
8,8,1.0,8,5,0.625,8,3,0.375,0.6666666666666666,0.6613756613756614,0.84375,8,0,0,0,5,3,0,5,3,P37,xgb,148,"{'subsample': 0.6, 'reg_lambda': 10, 'reg_alpha': 0.5, 'min_child_weight': 1, 'max_depth': 2, 'learning_rate': 0.05, 'gamma': 0.1, 'colsample_bytree': 0.6, 'colsample_bylevel': 0.6, 'n_estimators': 300}",0.9277296777296778,repeated_stratified,3,1,full,combined
8,8,1.0,8,7,0.875,8,6,0.75,0.875,0.8745098039215686,0.9713541666666666,8,0,0,0,7,1,0,2,6,P37,xgb,142,"{'subsample': 0.6, 'reg_lambda': 3, 'reg_alpha': 0.1, 'min_child_weight': 1, 'max_depth': 2, 'learning_rate': 0.05, 'gamma': 0, 'colsample_bytree': 0.7, 'colsample_bylevel': 0.6, 'n_estimators': 300}",0.9731120731120729,repeated_stratified,3,2,full,combined
8,8,1.0,8,5,0.625,8,7,0.875,0.8333333333333334,0.8306878306878307,0.9296875,8,0,0,0,5,3,0,1,7,P37,xgb,150,"{'subsample': 0.6, 'reg_lambda': 3, 'reg_alpha': 0.1, 'min_child_weight': 1, 'max_depth': 8, 'learning_rate': 0.05, 'gamma': 0, 'colsample_bytree': 0.7, 'colsample_bylevel': 0.8, 'n_estimators': 300}",0.9106541606541607,repeated_stratified,3,3,full,combined
8,8,1.0,8,6,0.75,8,6,0.75,0.8333333333333334,0.8333333333333334,0.90625,8,0,0,0,6,2,0,2,6,P37,xgb,150,"{'subsample': 0.6, 'reg_lambda': 3, 'reg_alpha': 0.1, 'min_child_weight': 1, 'max_depth': 8, 'learning_rate': 0.05, 'gamma': 0, 'colsample_bytree': 0.7, 'colsample_bylevel': 0.8, 'n_estimators': 300}",0.9176527176527176,repeated_stratified,3,4,full,combined
8,8,1.0,8,7,0.875,8,2,0.25,0.7083333333333334,0.6767676767676768,0.8828125,8,0,0,0,7,1,0,6,2,P37,xgb,149,"{'subsample': 0.6, 'reg_lambda': 1, 'reg_alpha': 0, 'min_child_weight': 1, 'max_depth': 2, 'learning_rate': 0.03, 'gamma': 0, 'colsample_bytree': 0.6, 'colsample_bylevel': 0.6, 'n_estimators': 300}",0.9165223665223664,repeated_stratified,4,0,full,combined
8,8,1.0,8,8,1.0,8,6,0.75,0.9166666666666666,0.9153439153439153,0.9947916666666666,8,0,0,0,8,0,0,2,6,P37,xgb,144,"{'subsample': 0.8, 'reg_lambda': 5, 'reg_alpha': 0.1, 'min_child_weight': 1, 'max_depth': 8, 'learning_rate': 0.03, 'gamma': 0, 'colsample_bytree': 0.6, 'colsample_bylevel': 0.6, 'n_estimators': 300}",0.9877104377104376,repeated_stratified,4,1,full,combined
8,8,1.0,8,8,1.0,8,4,0.5,0.8333333333333334,0.8222222222222223,0.9427083333333334,8,0,0,0,8,0,0,4,4,P37,xgb,150,"{'subsample': 0.6, 'reg_lambda': 1, 'reg_alpha': 0, 'min_child_weight': 1, 'max_depth': 2, 'learning_rate': 0.03, 'gamma': 0, 'colsample_bytree': 0.6, 'colsample_bylevel': 0.6, 'n_estimators': 300}",0.8787157287157288,repeated_stratified,4,2,full,combined
8,8,1.0,8,8,1.0,8,5,0.625,0.875,0.8704453441295547,0.9557291666666666,8,0,0,0,8,0,0,3,5,P37,xgb,150,"{'subsample': 0.8, 'reg_lambda': 10, 'reg_alpha': 0, 'min_child_weight': 1, 'max_depth': 8, 'learning_rate': 0.05, 'gamma': 0, 'colsample_bytree': 0.7, 'colsample_bylevel': 0.6, 'n_estimators': 300}",0.9713804713804713,repeated_stratified,4,3,full,combined
8,8,1.0,8,2,0.25,8,5,0.625,0.625,0.611336032388664,0.8333333333333334,8,0,0,0,2,6,0,3,5,P37,xgb,149,"{'subsample': 0.6, 'reg_lambda': 5, 'reg_alpha': 0.5, 'min_child_weight': 1, 'max_depth': 8, 'learning_rate': 0.03, 'gamma': 0.3, 'colsample_bytree': 0.6, 'colsample_bylevel': 0.6, 'n_estimators': 300}",0.9353054353054353,repeated_stratified,4,4,full,combined
8,8,1.0,8,5,0.625,8,6,0.75,0.7916666666666666,0.7908496732026143,0.9166666666666666,8,0,0,0,5,3,0,2,6,P37,xgb,146,"{'subsample': 0.6, 'reg_lambda': 1, 'reg_alpha': 0, 'min_child_weight': 1, 'max_depth': 2, 'learning_rate': 0.03, 'gamma': 0, 'colsample_bytree': 0.6, 'colsample_bylevel': 0.6, 'n_estimators': 300}",0.9547619047619046,repeated_stratified,5,0,full,combined
8,8,1.0,8,3,0.375,8,6,0.75,0.7083333333333334,0.697705802968961,0.8697916666666666,8,0,0,0,3,5,0,2,6,P37,xgb,150,"{'subsample': 0.6, 'reg_lambda': 1, 'reg_alpha': 0, 'min_child_weight': 1, 'max_depth': 2, 'learning_rate': 0.03, 'gamma': 0, 'colsample_bytree': 0.6, 'colsample_bylevel': 0.6, 'n_estimators': 300}",0.9348244348244349,repeated_stratified,5,1,full,combined
8,8,1.0,8,7,0.875,8,3,0.375,0.75,0.7260061919504643,0.9114583333333334,8,0,0,0,7,1,1,4,3,P37,xgb,143,"{'subsample': 0.8, 'reg_lambda': 1, 'reg_alpha': 0, 'min_child_weight': 1, 'max_depth': 4, 'learning_rate': 0.01, 'gamma': 0, 'colsample_bytree': 0.7, 'colsample_bylevel': 0.8, 'n_estimators': 300}",0.9118807118807118,repeated_stratified,5,2,full,combined
8,8,1.0,8,6,0.75,8,6,0.75,0.8333333333333334,0.8333333333333334,0.921875,8,0,0,0,6,2,0,2,6,P37,xgb,148,"{'subsample': 0.6, 'reg_lambda': 3, 'reg_alpha': 0.1, 'min_child_weight': 1, 'max_depth': 2, 'learning_rate': 0.05, 'gamma': 0, 'colsample_bytree': 0.7, 'colsample_bylevel': 0.6, 'n_estimators': 300}",0.9686628186628187,repeated_stratified,5,3,full,combined
8,8,1.0,8,8,1.0,8,6,0.75,0.9166666666666666,0.9153439153439153,0.96875,8,0,0,0,8,0,0,2,6,P37,xgb,150,"{'subsample': 0.8, 'reg_lambda': 1, 'reg_alpha': 0, 'min_child_weight': 1, 'max_depth': 8, 'learning_rate': 0.01, 'gamma': 0.3, 'colsample_bytree': 0.6, 'colsample_bylevel': 0.8, 'n_estimators': 300}",0.9775372775372775,repeated_stratified,5,4,full,combined
8,8,1.0,8,5,0.625,8,6,0.75,0.7916666666666666,0.7908496732026143,0.9270833333333334,8,0,0,0,5,3,0,2,6,P37,xgb,149,"{'subsample': 0.8, 'reg_lambda': 10, 'reg_alpha': 0.1, 'min_child_weight': 1, 'max_depth': 16, 'learning_rate': 0.01, 'gamma': 0.1, 'colsample_bytree': 0.6, 'colsample_bylevel': 0.6, 'n_estimators': 300}",0.906878306878307,repeated_stratified,6,0,full,combined
8,8,1.0,8,5,0.625,8,5,0.625,0.75,0.75,0.9166666666666666,8,0,0,0,5,3,0,3,5,P37,xgb,150,"{'subsample': 0.8, 'reg_lambda': 1, 'reg_alpha': 0, 'min_child_weight': 1, 'max_depth': 4, 'learning_rate': 0.01, 'gamma': 0, 'colsample_bytree': 0.7, 'colsample_bylevel': 0.8, 'n_estimators': 300}",0.976022126022126,repeated_stratified,6,1,full,combined
8,7,0.875,8,5,0.625,8,2,0.25,0.5833333333333334,0.5817878028404344,0.8776041666666666,7,0,1,0,5,3,0,6,2,P37,xgb,145,"{'subsample': 0.8, 'reg_lambda': 10, 'reg_alpha': 0.1, 'min_child_weight': 1, 'max_depth': 16, 'learning_rate': 0.01, 'gamma': 0.1, 'colsample_bytree': 0.6, 'colsample_bylevel': 0.6, 'n_estimators': 300}",0.9259018759018759,repeated_stratified,6,2,full,combined
8,8,1.0,8,2,0.25,8,5,0.625,0.625,0.6002751977984175,0.8854166666666666,8,0,0,0,2,6,1,2,5,P37,xgb,148,"{'subsample': 0.6, 'reg_lambda': 3, 'reg_alpha': 0.1, 'min_child_weight': 1, 'max_depth': 2, 'learning_rate': 0.05, 'gamma': 0, 'colsample_bytree': 0.7, 'colsample_bylevel': 0.6, 'n_estimators': 300}",0.9276815776815776,repeated_stratified,6,3,full,combined
8,8,1.0,8,5,0.625,8,7,0.875,0.8333333333333334,0.8306878306878307,0.9322916666666666,8,0,0,0,5,3,0,1,7,P37,xgb,150,"{'subsample': 0.8, 'reg_lambda': 5, 'reg_alpha': 0.1, 'min_child_weight': 1, 'max_depth': 8, 'learning_rate': 0.03, 'gamma': 0, 'colsample_bytree': 0.6, 'colsample_bylevel': 0.6, 'n_estimators': 300}",0.8890572390572391,repeated_stratified,6,4,full,combined
8,8,1.0,8,7,0.875,8,6,0.75,0.875,0.8745098039215686,0.9270833333333334,8,0,0,0,7,1,0,2,6,P37,xgb,150,"{'subsample': 0.8, 'reg_lambda': 10, 'reg_alpha': 0.1, 'min_child_weight': 1, 'max_depth': 16, 'learning_rate': 0.01, 'gamma': 0.1, 'colsample_bytree': 0.6, 'colsample_bylevel': 0.6, 'n_estimators': 300}",0.9300865800865802,repeated_stratified,7,0,full,combined
8,8,1.0,8,6,0.75,8,3,0.375,0.7083333333333334,0.6977058029689608,0.8541666666666666,8,0,0,0,6,2,0,5,3,P37,xgb,52,"{'subsample': 0.6, 'reg_lambda': 1, 'reg_alpha': 0, 'min_child_weight': 1, 'max_depth': 2, 'learning_rate': 0.03, 'gamma': 0, 'colsample_bytree': 0.6, 'colsample_bylevel': 0.6, 'n_estimators': 300}",0.9452140452140453,repeated_stratified,7,1,full,combined
8,8,1.0,8,7,0.875,8,5,0.625,0.8333333333333334,0.8306878306878307,0.890625,8,0,0,0,7,1,0,3,5,P37,xgb,145,"{'subsample': 0.6, 'reg_lambda': 10, 'reg_alpha': 0.5, 'min_child_weight': 1, 'max_depth': 2, 'learning_rate': 0.05, 'gamma': 0.1, 'colsample_bytree': 0.6, 'colsample_bylevel': 0.6, 'n_estimators': 300}",0.9253487253487253,repeated_stratified,7,2,full,combined
8,8,1.0,8,5,0.625,8,5,0.625,0.75,0.75,0.9010416666666666,8,0,0,0,5,3,0,3,5,P37,xgb,128,"{'subsample': 0.6, 'reg_lambda': 5, 'reg_alpha': 0, 'min_child_weight': 1, 'max_depth': 2, 'learning_rate': 0.01, 'gamma': 0.3, 'colsample_bytree': 0.7, 'colsample_bylevel': 0.6, 'n_estimators': 300}",0.9537999037999039,repeated_stratified,7,3,full,combined
8,8,1.0,8,5,0.625,8,4,0.5,0.7083333333333334,0.7071895424836602,0.84375,8,0,0,0,5,3,0,4,4,P37,xgb,148,"{'subsample': 0.6, 'reg_lambda': 1, 'reg_alpha': 0, 'min_child_weight': 1, 'max_depth': 2, 'learning_rate': 0.03, 'gamma': 0, 'colsample_bytree': 0.6, 'colsample_bylevel': 0.6, 'n_estimators': 300}",0.971981721981722,repeated_stratified,7,4,full,combined
8,8,1.0,8,6,0.75,8,5,0.625,0.7916666666666666,0.7908496732026143,0.8932291666666666,8,0,0,0,6,2,0,3,5,P37,xgb,149,"{'subsample': 0.6, 'reg_lambda': 3, 'reg_alpha': 0.1, 'min_child_weight': 1, 'max_depth': 2, 'learning_rate': 0.05, 'gamma': 0, 'colsample_bytree': 0.7, 'colsample_bylevel': 0.6, 'n_estimators': 300}",0.9536796536796537,repeated_stratified,8,0,full,combined
8,8,1.0,8,6,0.75,8,4,0.5,0.75,0.746031746031746,0.890625,8,0,0,0,6,2,0,4,4,P37,xgb,149,"{'subsample': 0.8, 'reg_lambda': 3, 'reg_alpha': 0.1, 'min_child_weight': 1, 'max_depth': 2, 'learning_rate': 0.03, 'gamma': 1, 'colsample_bytree': 0.6, 'colsample_bylevel': 0.6, 'n_estimators': 300}",0.947041847041847,repeated_stratified,8,1,full,combined
8,8,1.0,8,5,0.625,8,5,0.625,0.75,0.75,0.9192708333333334,8,0,0,0,5,3,0,3,5,P37,xgb,148,"{'subsample': 0.8, 'reg_lambda': 3, 'reg_alpha': 0.1, 'min_child_weight': 1, 'max_depth': 2, 'learning_rate': 0.03, 'gamma': 1, 'colsample_bytree': 0.6, 'colsample_bylevel': 0.6, 'n_estimators': 300}",0.8962962962962964,repeated_stratified,8,2,full,combined
8,8,1.0,8,6,0.75,8,4,0.5,0.75,0.746031746031746,0.8463541666666666,8,0,0,0,6,2,0,4,4,P37,xgb,148,"{'subsample': 0.6, 'reg_lambda': 1, 'reg_alpha': 0, 'min_child_weight': 1, 'max_depth': 2, 'learning_rate': 0.03, 'gamma': 0, 'colsample_bytree': 0.6, 'colsample_bylevel': 0.6, 'n_estimators': 300}",0.8832130832130831,repeated_stratified,8,3,full,combined
8,8,1.0,8,6,0.75,8,5,0.625,0.7916666666666666,0.7908496732026143,0.9010416666666666,8,0,0,0,6,2,0,3,5,P37,xgb,148,"{'subsample': 0.6, 'reg_lambda': 3, 'reg_alpha': 0.1, 'min_child_weight': 1, 'max_depth': 8, 'learning_rate': 0.05, 'gamma': 0, 'colsample_bytree': 0.7, 'colsample_bylevel': 0.8, 'n_estimators': 300}",0.933020683020683,repeated_stratified,8,4,full,combined
8,8,1.0,8,5,0.625,8,7,0.875,0.8333333333333334,0.8306878306878307,0.9453125,8,0,0,0,5,3,0,1,7,P37,xgb,149,"{'subsample': 0.6, 'reg_lambda': 10, 'reg_alpha': 0.5, 'min_child_weight': 1, 'max_depth': 2, 'learning_rate': 0.05, 'gamma': 0.1, 'colsample_bytree': 0.6, 'colsample_bylevel': 0.6, 'n_estimators': 300}",0.9163780663780664,repeated_stratified,9,0,full,combined
8,7,0.875,8,5,0.625,8,3,0.375,0.625,0.6296296296296297,0.84375,7,0,1,0,5,3,0,5,3,P37,xgb,150,"{'subsample': 0.6, 'reg_lambda': 1, 'reg_alpha': 0, 'min_child_weight': 1, 'max_depth': 2, 'learning_rate': 0.03, 'gamma': 0, 'colsample_bytree': 0.6, 'colsample_bylevel': 0.6, 'n_estimators': 300}",0.9511784511784512,repeated_stratified,9,1,full,combined
8,8,1.0,8,8,1.0,8,7,0.875,0.9583333333333334,0.9581699346405229,0.9791666666666666,8,0,0,0,8,0,0,1,7,P37,xgb,147,"{'subsample': 0.8, 'reg_lambda': 10, 'reg_alpha': 0.1, 'min_child_weight': 1, 'max_depth': 16, 'learning_rate': 0.01, 'gamma': 0.1, 'colsample_bytree': 0.6, 'colsample_bylevel': 0.6, 'n_estimators': 300}",0.9146464646464647,repeated_stratified,9,2,full,combined
8,8,1.0,8,5,0.625,8,7,0.875,0.8333333333333334,0.8306878306878307,0.8932291666666666,8,0,0,0,5,3,0,1,7,P37,xgb,150,"{'subsample': 0.8, 'reg_lambda': 10, 'reg_alpha': 0, 'min_child_weight': 1, 'max_depth': 4, 'learning_rate': 0.03, 'gamma': 0, 'colsample_bytree': 0.6, 'colsample_bylevel': 0.8, 'n_estimators': 300}",0.9269600769600769,repeated_stratified,9,3,full,combined
8,8,1.0,8,5,0.625,8,5,0.625,0.75,0.75,0.9270833333333334,8,0,0,0,5,3,0,3,5,P37,xgb,150,"{'subsample': 0.6, 'reg_lambda': 3, 'reg_alpha': 0.1, 'min_child_weight': 1, 'max_depth': 8, 'learning_rate': 0.05, 'gamma': 0, 'colsample_bytree': 0.7, 'colsample_bylevel': 0.8, 'n_estimators': 300}",0.9559644059644059,repeated_stratified,9,4,full,combined
8,8,1.0,8,6,0.75,8,5,0.625,0.7916666666666666,0.7908496732026143,0.8932291666666666,8,0,0,0,6,2,0,3,5,P39,xgb,2,"{'subsample': 1.0, 'reg_lambda': 10, 'reg_alpha': 0, 'min_child_weight': 1, 'max_depth': 16, 'learning_rate': 0.05, 'gamma': 2, 'colsample_bytree': 0.6, 'colsample_bylevel': 0.8, 'n_estimators': 300}",0.8554713804713806,repeated_stratified,0,0,full,combined
8,8,1.0,8,4,0.5,8,5,0.625,0.7083333333333334,0.7071895424836602,0.8229166666666666,8,0,0,0,4,4,0,3,5,P39,xgb,2,"{'subsample': 0.8, 'reg_lambda': 1, 'reg_alpha': 0, 'min_child_weight': 1, 'max_depth': 8, 'learning_rate': 0.01, 'gamma': 0.3, 'colsample_bytree': 0.6, 'colsample_bylevel': 0.8, 'n_estimators': 300}",0.9202020202020201,repeated_stratified,0,1,full,combined
8,8,1.0,8,4,0.5,8,4,0.5,0.6666666666666666,0.6666666666666666,0.8229166666666666,8,0,0,0,4,4,0,4,4,P39,xgb,2,"{'subsample': 0.6, 'reg_lambda': 10, 'reg_alpha': 0.1, 'min_child_weight': 1, 'max_depth': 8, 'learning_rate': 0.03, 'gamma': 0.3, 'colsample_bytree': 0.6, 'colsample_bylevel': 0.8, 'n_estimators': 300}",0.8711760461760463,repeated_stratified,0,2,full,combined
8,8,1.0,8,3,0.375,8,2,0.25,0.5416666666666666,0.5398692810457516,0.7916666666666666,8,0,0,0,3,5,0,6,2,P39,xgb,1,"{'subsample': 1.0, 'reg_lambda': 5, 'reg_alpha': 0.5, 'min_child_weight': 1, 'max_depth': 4, 'learning_rate': 0.03, 'gamma': 0, 'colsample_bytree': 0.6, 'colsample_bylevel': 0.8, 'n_estimators': 300}",0.8318783068783069,repeated_stratified,0,3,full,combined
8,8,1.0,8,7,0.875,8,2,0.25,0.7083333333333334,0.6767676767676768,0.875,8,0,0,0,7,1,0,6,2,P39,xgb,3,"{'subsample': 0.8, 'reg_lambda': 3, 'reg_alpha': 0.1, 'min_child_weight': 1, 'max_depth': 2, 'learning_rate': 0.05, 'gamma': 2, 'colsample_bytree': 0.7, 'colsample_bylevel': 0.6, 'n_estimators': 300}",0.9317340067340067,repeated_stratified,0,4,full,combined
8,7,0.875,8,1,0.125,8,5,0.625,0.5416666666666666,0.5253968253968254,0.7604166666666666,7,0,1,0,1,7,0,3,5,P39,xgb,1,"{'subsample': 0.6, 'reg_lambda': 3, 'reg_alpha': 0.1, 'min_child_weight': 1, 'max_depth': 2, 'learning_rate': 0.05, 'gamma': 0, 'colsample_bytree': 0.7, 'colsample_bylevel': 0.6, 'n_estimators': 300}",0.8492424242424242,repeated_stratified,1,0,full,combined
8,8,1.0,8,3,0.375,8,6,0.75,0.7083333333333334,0.697705802968961,0.8385416666666666,8,0,0,0,3,5,0,2,6,P39,xgb,2,"{'subsample': 1.0, 'reg_lambda': 10, 'reg_alpha': 0.5, 'min_child_weight': 1, 'max_depth': 4, 'learning_rate': 0.03, 'gamma': 1, 'colsample_bytree': 0.7, 'colsample_bylevel': 0.8, 'n_estimators': 300}",0.871103896103896,repeated_stratified,1,1,full,combined
8,8,1.0,8,6,0.75,8,1,0.125,0.625,0.5844155844155844,0.8359375,8,0,0,0,6,2,0,7,1,P39,xgb,2,"{'subsample': 1.0, 'reg_lambda': 10, 'reg_alpha': 0, 'min_child_weight': 1, 'max_depth': 16, 'learning_rate': 0.05, 'gamma': 2, 'colsample_bytree': 0.6, 'colsample_bylevel': 0.8, 'n_estimators': 300}",0.8390933140933141,repeated_stratified,1,2,full,combined
8,8,1.0,8,7,0.875,8,0,0.0,0.625,0.5362318840579711,0.8151041666666666,8,0,0,0,7,1,0,8,0,P39,xgb,1,"{'subsample': 1.0, 'reg_lambda': 10, 'reg_alpha': 0, 'min_child_weight': 1, 'max_depth': 16, 'learning_rate': 0.05, 'gamma': 2, 'colsample_bytree': 0.6, 'colsample_bylevel': 0.8, 'n_estimators': 300}",0.7803030303030303,repeated_stratified,1,3,full,combined
8,8,1.0,8,4,0.5,8,4,0.5,0.6666666666666666,0.6666666666666666,0.8671875,8,0,0,0,4,4,0,4,4,P39,xgb,1,"{'subsample': 0.8, 'reg_lambda': 1, 'reg_alpha': 0, 'min_child_weight': 1, 'max_depth': 4, 'learning_rate': 0.01, 'gamma': 0, 'colsample_bytree': 0.7, 'colsample_bylevel': 0.8, 'n_estimators': 300}",0.8192881192881193,repeated_stratified,1,4,full,combined
8,8,1.0,8,4,0.5,8,6,0.75,0.75,0.746031746031746,0.890625,8,0,0,0,4,4,0,2,6,P39,xgb,5,"{'subsample': 0.8, 'reg_lambda': 1, 'reg_alpha': 0.5, 'min_child_weight': 1, 'max_depth': 2, 'learning_rate': 0.01, 'gamma': 0.1, 'colsample_bytree': 0.7, 'colsample_bylevel': 0.6, 'n_estimators': 300}",0.8926406926406928,repeated_stratified,2,0,full,combined
8,8,1.0,8,5,0.625,8,7,0.875,0.8333333333333334,0.8306878306878307,0.9375,8,0,0,0,5,3,0,1,7,P39,xgb,2,"{'subsample': 1.0, 'reg_lambda': 3, 'reg_alpha': 0, 'min_child_weight': 1, 'max_depth': 4, 'learning_rate': 0.01, 'gamma': 0.3, 'colsample_bytree': 0.6, 'colsample_bylevel': 0.6, 'n_estimators': 300}",0.8356902356902357,repeated_stratified,2,1,full,combined
8,8,1.0,8,3,0.375,8,5,0.625,0.6666666666666666,0.6613756613756614,0.8098958333333334,8,0,0,0,3,5,0,3,5,P39,xgb,1,"{'subsample': 0.6, 'reg_lambda': 3, 'reg_alpha': 0.1, 'min_child_weight': 1, 'max_depth': 8, 'learning_rate': 0.05, 'gamma': 0, 'colsample_bytree': 0.7, 'colsample_bylevel': 0.8, 'n_estimators': 300}",0.8114959114959115,repeated_stratified,2,2,full,combined
8,8,1.0,8,5,0.625,8,2,0.25,0.625,0.611336032388664,0.7942708333333334,8,0,0,0,5,3,0,6,2,P39,xgb,1,"{'subsample': 0.6, 'reg_lambda': 1, 'reg_alpha': 0, 'min_child_weight': 1, 'max_depth': 2, 'learning_rate': 0.03, 'gamma': 0, 'colsample_bytree': 0.6, 'colsample_bylevel': 0.6, 'n_estimators': 300}",0.8068061568061569,repeated_stratified,2,3,full,combined
8,7,0.875,8,5,0.625,8,7,0.875,0.7916666666666666,0.7925925925925926,0.9322916666666666,7,1,0,0,5,3,0,1,7,P39,xgb,3,"{'subsample': 1.0, 'reg_lambda': 10, 'reg_alpha': 0, 'min_child_weight': 1, 'max_depth': 16, 'learning_rate': 0.05, 'gamma': 2, 'colsample_bytree': 0.6, 'colsample_bylevel': 0.8, 'n_estimators': 300}",0.8784992784992786,repeated_stratified,2,4,full,combined
8,8,1.0,8,0,0.0,8,8,1.0,0.6666666666666666,0.5555555555555555,0.8333333333333334,8,0,0,0,0,8,0,0,8,P39,xgb,1,"{'subsample': 1.0, 'reg_lambda': 10, 'reg_alpha': 0, 'min_child_weight': 1, 'max_depth': 16, 'learning_rate': 0.05, 'gamma': 2, 'colsample_bytree': 0.6, 'colsample_bylevel': 0.8, 'n_estimators': 300}",0.818061568061568,repeated_stratified,3,0,full,combined
8,6,0.75,8,3,0.375,8,3,0.375,0.5,0.5218253968253969,0.8125,6,2,0,0,3,5,0,5,3,P39,xgb,1,"{'subsample': 0.6, 'reg_lambda': 1, 'reg_alpha': 0.1, 'min_child_weight': 1, 'max_depth': 2, 'learning_rate': 0.01, 'gamma': 2, 'colsample_bytree': 0.7, 'colsample_bylevel': 0.6, 'n_estimators': 300}",0.8077801827801828,repeated_stratified,3,1,full,combined
8,8,1.0,8,4,0.5,8,5,0.625,0.7083333333333334,0.7071895424836602,0.8671875,8,0,0,0,4,4,0,3,5,P39,xgb,3,"{'subsample': 1.0, 'reg_lambda': 10, 'reg_alpha': 0.5, 'min_child_weight': 1, 'max_depth': 4, 'learning_rate': 0.03, 'gamma': 1, 'colsample_bytree': 0.7, 'colsample_bylevel': 0.8, 'n_estimators': 300}",0.9021885521885521,repeated_stratified,3,2,full,combined
8,8,1.0,8,4,0.5,8,7,0.875,0.7916666666666666,0.7840755735492578,0.9036458333333334,8,0,0,0,4,4,0,1,7,P39,xgb,3,"{'subsample': 1.0, 'reg_lambda': 5, 'reg_alpha': 0.5, 'min_child_weight': 1, 'max_depth': 4, 'learning_rate': 0.03, 'gamma': 0, 'colsample_bytree': 0.6, 'colsample_bylevel': 0.8, 'n_estimators': 300}",0.8731361231361231,repeated_stratified,3,3,full,combined
8,8,1.0,8,6,0.75,8,5,0.625,0.7916666666666666,0.7908496732026143,0.9270833333333334,8,0,0,0,6,2,0,3,5,P39,xgb,3,"{'subsample': 0.6, 'reg_lambda': 3, 'reg_alpha': 0.1, 'min_child_weight': 1, 'max_depth': 8, 'learning_rate': 0.05, 'gamma': 0, 'colsample_bytree': 0.7, 'colsample_bylevel': 0.8, 'n_estimators': 300}",0.8790283790283789,repeated_stratified,3,4,full,combined
8,8,1.0,8,6,0.75,8,7,0.875,0.875,0.8745098039215686,0.9166666666666666,8,0,0,0,6,2,0,1,7,P39,xgb,3,"{'subsample': 0.8, 'reg_lambda': 1, 'reg_alpha': 0.5, 'min_child_weight': 1, 'max_depth': 2, 'learning_rate': 0.01, 'gamma': 0.1, 'colsample_bytree': 0.7, 'colsample_bylevel': 0.6, 'n_estimators': 300}",0.8913780663780665,repeated_stratified,4,0,full,combined
8,8,1.0,8,1,0.125,8,6,0.75,0.625,0.5844155844155844,0.8125,8,0,0,0,1,7,0,2,6,P39,xgb,3,"{'subsample': 1.0, 'reg_lambda': 5, 'reg_alpha': 0.5, 'min_child_weight': 1, 'max_depth': 4, 'learning_rate': 0.03, 'gamma': 0, 'colsample_bytree': 0.6, 'colsample_bylevel': 0.8, 'n_estimators': 300}",0.8779220779220779,repeated_stratified,4,1,full,combined
8,8,1.0,8,4,0.5,8,3,0.375,0.625,0.6235294117647059,0.8072916666666666,8,0,0,0,4,4,0,5,3,P39,xgb,2,"{'subsample': 1.0, 'reg_lambda': 10, 'reg_alpha': 0.5, 'min_child_weight': 1, 'max_depth': 4, 'learning_rate': 0.03, 'gamma': 1, 'colsample_bytree': 0.7, 'colsample_bylevel': 0.8, 'n_estimators': 300}",0.8841029341029341,repeated_stratified,4,2,full,combined
8,7,0.875,8,6,0.75,8,7,0.875,0.8333333333333334,0.8356209150326798,0.9140625,7,1,0,0,6,2,0,1,7,P39,xgb,2,"{'subsample': 1.0, 'reg_lambda': 10, 'reg_alpha': 0.5, 'min_child_weight': 1, 'max_depth': 4, 'learning_rate': 0.03, 'gamma': 1, 'colsample_bytree': 0.7, 'colsample_bylevel': 0.8, 'n_estimators': 300}",0.8354377104377105,repeated_stratified,4,3,full,combined
8,8,1.0,8,1,0.125,8,4,0.5,0.5416666666666666,0.524966261808367,0.7369791666666666,8,0,0,0,1,7,0,4,4,P39,xgb,1,"{'subsample': 0.8, 'reg_lambda': 3, 'reg_alpha': 0.1, 'min_child_weight': 1, 'max_depth': 2, 'learning_rate': 0.03, 'gamma': 1, 'colsample_bytree': 0.6, 'colsample_bylevel': 0.6, 'n_estimators': 300}",0.797101972101972,repeated_stratified,4,4,full,combined
8,8,1.0,8,4,0.5,8,1,0.125,0.5416666666666666,0.524966261808367,0.8072916666666666,8,0,0,0,4,4,0,7,1,P39,xgb,1,"{'subsample': 0.8, 'reg_lambda': 10, 'reg_alpha': 0.5, 'min_child_weight': 1, 'max_depth': 8, 'learning_rate': 0.01, 'gamma': 0.3, 'colsample_bytree': 0.7, 'colsample_bylevel': 0.6, 'n_estimators': 300}",0.8437109187109187,repeated_stratified,5,0,full,combined
8,8,1.0,8,5,0.625,8,6,0.75,0.7916666666666666,0.7908496732026143,0.9088541666666666,8,0,0,0,5,3,0,2,6,P39,xgb,3,"{'subsample': 0.8, 'reg_lambda': 10, 'reg_alpha': 0.5, 'min_child_weight': 1, 'max_depth': 8, 'learning_rate': 0.01, 'gamma': 0.3, 'colsample_bytree': 0.7, 'colsample_bylevel': 0.6, 'n_estimators': 300}",0.8957671957671959,repeated_stratified,5,1,full,combined
8,8,1.0,8,3,0.375,8,7,0.875,0.75,0.7333333333333334,0.859375,8,0,0,0,3,5,0,1,7,P39,xgb,4,"{'subsample': 1.0, 'reg_lambda': 5, 'reg_alpha': 0.5, 'min_child_weight': 1, 'max_depth': 4, 'learning_rate': 0.05, 'gamma': 2, 'colsample_bytree': 0.6, 'colsample_bylevel': 0.6, 'n_estimators': 300}",0.8964165464165464,repeated_stratified,5,2,full,combined
8,8,1.0,8,2,0.25,8,6,0.75,0.6666666666666666,0.6444444444444444,0.8020833333333334,8,0,0,0,2,6,0,2,6,P39,xgb,1,"{'subsample': 1.0, 'reg_lambda': 1, 'reg_alpha': 0.5, 'min_child_weight': 1, 'max_depth': 4, 'learning_rate': 0.01, 'gamma': 0.5, 'colsample_bytree': 0.6, 'colsample_bylevel': 0.8, 'n_estimators': 300}",0.8784632034632035,repeated_stratified,5,3,full,combined
8,7,0.875,8,3,0.375,8,6,0.75,0.6666666666666666,0.6649572649572649,0.8229166666666666,7,0,1,0,3,5,0,2,6,P39,xgb,1,"{'subsample': 1.0, 'reg_lambda': 10, 'reg_alpha': 0.5, 'min_child_weight': 1, 'max_depth': 4, 'learning_rate': 0.03, 'gamma': 1, 'colsample_bytree': 0.7, 'colsample_bylevel': 0.8, 'n_estimators': 300}",0.8471380471380471,repeated_stratified,5,4,full,combined
8,8,1.0,8,4,0.5,8,5,0.625,0.7083333333333334,0.7071895424836602,0.8489583333333334,8,0,0,0,4,4,0,3,5,P39,xgb,1,"{'subsample': 0.8, 'reg_lambda': 3, 'reg_alpha': 0.1, 'min_child_weight': 1, 'max_depth': 2, 'learning_rate': 0.05, 'gamma': 2, 'colsample_bytree': 0.7, 'colsample_bylevel': 0.6, 'n_estimators': 300}",0.8327561327561327,repeated_stratified,6,0,full,combined
8,7,0.875,8,2,0.25,8,3,0.375,0.5,0.5120915032679739,0.7578125,7,1,0,0,2,6,0,5,3,P39,xgb,2,"{'subsample': 0.8, 'reg_lambda': 3, 'reg_alpha': 0.1, 'min_child_weight': 1, 'max_depth': 2, 'learning_rate': 0.05, 'gamma': 2, 'colsample_bytree': 0.7, 'colsample_bylevel': 0.6, 'n_estimators': 300}",0.9167989417989418,repeated_stratified,6,1,full,combined
8,8,1.0,8,5,0.625,8,5,0.625,0.75,0.75,0.8802083333333334,8,0,0,0,5,3,0,3,5,P39,xgb,3,"{'subsample': 0.8, 'reg_lambda': 10, 'reg_alpha': 0, 'min_child_weight': 1, 'max_depth': 4, 'learning_rate': 0.03, 'gamma': 0, 'colsample_bytree': 0.6, 'colsample_bylevel': 0.8, 'n_estimators': 300}",0.9206830206830205,repeated_stratified,6,2,full,combined
8,8,1.0,8,4,0.5,8,6,0.75,0.75,0.746031746031746,0.8958333333333334,8,0,0,0,4,4,0,2,6,P39,xgb,3,"{'subsample': 1.0, 'reg_lambda': 10, 'reg_alpha': 0.5, 'min_child_weight': 1, 'max_depth': 4, 'learning_rate': 0.03, 'gamma': 1, 'colsample_bytree': 0.7, 'colsample_bylevel': 0.8, 'n_estimators': 300}",0.8472943722943723,repeated_stratified,6,3,full,combined
8,8,1.0,8,1,0.125,8,7,0.875,0.6666666666666666,0.6121212121212122,0.8333333333333334,8,0,0,0,1,7,0,1,7,P39,xgb,1,"{'subsample': 1.0, 'reg_lambda': 5, 'reg_alpha': 0.5, 'min_child_weight': 1, 'max_depth': 4, 'learning_rate': 0.05, 'gamma': 2, 'colsample_bytree': 0.6, 'colsample_bylevel': 0.6, 'n_estimators': 300}",0.8339947089947092,repeated_stratified,6,4,full,combined
8,8,1.0,8,3,0.375,8,6,0.75,0.7083333333333334,0.697705802968961,0.8854166666666666,8,0,0,0,3,5,0,2,6,P39,xgb,2,"{'subsample': 0.6, 'reg_lambda': 3, 'reg_alpha': 0.1, 'min_child_weight': 1, 'max_depth': 2, 'learning_rate': 0.05, 'gamma': 0, 'colsample_bytree': 0.7, 'colsample_bylevel': 0.6, 'n_estimators': 300}",0.8526695526695526,repeated_stratified,7,0,full,combined
8,8,1.0,8,4,0.5,8,4,0.5,0.6666666666666666,0.6666666666666666,0.8619791666666666,8,0,0,0,4,4,0,4,4,P39,xgb,2,"{'subsample': 0.8, 'reg_lambda': 5, 'reg_alpha': 0.1, 'min_child_weight': 1, 'max_depth': 8, 'learning_rate': 0.03, 'gamma': 0, 'colsample_bytree': 0.6, 'colsample_bylevel': 0.6, 'n_estimators': 300}",0.9217893217893218,repeated_stratified,7,1,full,combined
8,8,1.0,8,4,0.5,8,7,0.875,0.7916666666666666,0.7840755735492578,0.9140625,8,0,0,0,4,4,0,1,7,P39,xgb,3,"{'subsample': 0.6, 'reg_lambda': 10, 'reg_alpha': 0.5, 'min_child_weight': 1, 'max_depth': 2, 'learning_rate': 0.05, 'gamma': 0.1, 'colsample_bytree': 0.6, 'colsample_bylevel': 0.6, 'n_estimators': 300}",0.9027176527176527,repeated_stratified,7,2,full,combined
8,8,1.0,8,4,0.5,8,5,0.625,0.7083333333333334,0.7071895424836602,0.8333333333333334,8,0,0,0,4,4,0,3,5,P39,xgb,1,"{'subsample': 0.6, 'reg_lambda': 1, 'reg_alpha': 0.1, 'min_child_weight': 1, 'max_depth': 2, 'learning_rate': 0.01, 'gamma': 2, 'colsample_bytree': 0.7, 'colsample_bylevel': 0.6, 'n_estimators': 300}",0.8495791245791247,repeated_stratified,7,3,full,combined
8,8,1.0,8,3,0.375,8,6,0.75,0.7083333333333334,0.697705802968961,0.8359375,8,0,0,0,3,5,0,2,6,P39,xgb,1,"{'subsample': 0.8, 'reg_lambda': 10, 'reg_alpha': 0.5, 'min_child_weight': 1, 'max_depth': 8, 'learning_rate': 0.01, 'gamma': 0.3, 'colsample_bytree': 0.7, 'colsample_bylevel': 0.6, 'n_estimators': 300}",0.8231601731601731,repeated_stratified,7,4,full,combined
8,8,1.0,8,3,0.375,8,6,0.75,0.7083333333333334,0.697705802968961,0.8307291666666666,8,0,0,0,3,5,0,2,6,P39,xgb,1,"{'subsample': 0.6, 'reg_lambda': 5, 'reg_alpha': 0, 'min_child_weight': 1, 'max_depth': 2, 'learning_rate': 0.01, 'gamma': 0.3, 'colsample_bytree': 0.7, 'colsample_bylevel': 0.6, 'n_estimators': 300}",0.8258177008177009,repeated_stratified,8,0,full,combined
8,8,1.0,8,4,0.5,8,7,0.875,0.7916666666666666,0.7840755735492578,0.8880208333333334,8,0,0,0,4,4,0,1,7,P39,xgb,2,"{'subsample': 0.6, 'reg_lambda': 1, 'reg_alpha': 0.1, 'min_child_weight': 1, 'max_depth': 2, 'learning_rate': 0.01, 'gamma': 2, 'colsample_bytree': 0.7, 'colsample_bylevel': 0.6, 'n_estimators': 300}",0.8953222703222704,repeated_stratified,8,1,full,combined
8,8,1.0,8,3,0.375,8,2,0.25,0.5416666666666666,0.5398692810457516,0.7630208333333334,8,0,0,0,3,5,0,6,2,P39,xgb,1,"{'subsample': 0.8, 'reg_lambda': 10, 'reg_alpha': 0.5, 'min_child_weight': 1, 'max_depth': 2, 'learning_rate': 0.05, 'gamma': 0.5, 'colsample_bytree': 0.7, 'colsample_bylevel': 0.8, 'n_estimators': 300}",0.8667989417989418,repeated_stratified,8,2,full,combined
8,8,1.0,8,4,0.5,8,4,0.5,0.6666666666666666,0.6666666666666666,0.8463541666666666,8,0,0,0,4,4,0,4,4,P39,xgb,3,"{'subsample': 0.6, 'reg_lambda': 3, 'reg_alpha': 0.1, 'min_child_weight': 1, 'max_depth': 2, 'learning_rate': 0.05, 'gamma': 0, 'colsample_bytree': 0.7, 'colsample_bylevel': 0.6, 'n_estimators': 300}",0.8984607984607984,repeated_stratified,8,3,full,combined
8,7,0.875,8,3,0.375,8,5,0.625,0.625,0.6296296296296297,0.7786458333333334,7,1,0,0,3,5,0,3,5,P39,xgb,1,"{'subsample': 1.0, 'reg_lambda': 10, 'reg_alpha': 0.1, 'min_child_weight': 1, 'max_depth': 2, 'learning_rate': 0.03, 'gamma': 0.3, 'colsample_bytree': 0.6, 'colsample_bylevel': 0.6, 'n_estimators': 300}",0.8507575757575757,repeated_stratified,8,4,full,combined
8,7,0.875,8,3,0.375,8,3,0.375,0.5416666666666666,0.5537581699346406,0.8020833333333334,7,1,0,0,3,5,0,5,3,P39,xgb,1,"{'subsample': 0.6, 'reg_lambda': 5, 'reg_alpha': 0, 'min_child_weight': 1, 'max_depth': 2, 'learning_rate': 0.01, 'gamma': 0.3, 'colsample_bytree': 0.7, 'colsample_bylevel': 0.6, 'n_estimators': 300}",0.8378427128427127,repeated_stratified,9,0,full,combined
8,8,1.0,8,2,0.25,8,4,0.5,0.5833333333333334,0.5767195767195766,0.8307291666666666,8,0,0,0,2,6,0,4,4,P39,xgb,3,"{'subsample': 1.0, 'reg_lambda': 5, 'reg_alpha': 0, 'min_child_weight': 1, 'max_depth': 2, 'learning_rate': 0.01, 'gamma': 0, 'colsample_bytree': 0.6, 'colsample_bylevel': 0.8, 'n_estimators': 300}",0.9193843193843194,repeated_stratified,9,1,full,combined
8,8,1.0,8,4,0.5,8,5,0.625,0.7083333333333334,0.7071895424836602,0.8229166666666666,8,0,0,0,4,4,0,3,5,P39,xgb,2,"{'subsample': 0.8, 'reg_lambda': 1, 'reg_alpha': 0, 'min_child_weight': 1, 'max_depth': 4, 'learning_rate': 0.01, 'gamma': 0, 'colsample_bytree': 0.7, 'colsample_bylevel': 0.8, 'n_estimators': 300}",0.8682058682058682,repeated_stratified,9,2,full,combined
8,8,1.0,8,5,0.625,8,2,0.25,0.625,0.611336032388664,0.8098958333333334,8,0,0,0,5,3,0,6,2,P39,xgb,1,"{'subsample': 0.6, 'reg_lambda': 1, 'reg_alpha': 0.1, 'min_child_weight': 1, 'max_depth': 2, 'learning_rate': 0.01, 'gamma': 2, 'colsample_bytree': 0.7, 'colsample_bylevel': 0.6, 'n_estimators': 300}",0.8633838383838385,repeated_stratified,9,3,full,combined
8,8,1.0,8,6,0.75,8,5,0.625,0.7916666666666666,0.7908496732026143,0.9010416666666666,8,0,0,0,6,2,0,3,5,P39,xgb,3,"{'subsample': 0.8, 'reg_lambda': 3, 'reg_alpha': 0.1, 'min_child_weight': 1, 'max_depth': 2, 'learning_rate': 0.05, 'gamma': 2, 'colsample_bytree': 0.7, 'colsample_bylevel': 0.6, 'n_estimators': 300}",0.8655603655603655,repeated_stratified,9,4,full,combined
