timestamp_utc,row_type,participant_id,condition,epoch,n_epochs,variance_explained,variance_explained_percent,data_variance,residual_variance,mean_variance_explained,std_variance_explained,min_variance_explained,max_variance_explained
2026-05-30T23:51:44.797118+00:00,epoch,P02,One,0,,0.12737425241936862,12.737425241936862,9.53066117496199e-10,8.316700332738904e-10,,,,
2026-05-30T23:51:44.797118+00:00,epoch,P02,One,1,,-0.029967809735617523,-2.9967809735617523,1.1693127049737135e-10,1.204354445637806e-10,,,,
2026-05-30T23:51:44.797118+00:00,epoch,P02,One,2,,0.17310226554409458,17.310226554409457,5.554305690836944e-11,4.592842792228612e-11,,,,
2026-05-30T23:51:44.797118+00:00,epoch,P02,One,3,,0.12109800356872835,12.109800356872835,3.102152417936494e-10,2.726487953358481e-10,,,,
2026-05-30T23:51:44.797118+00:00,epoch,P02,One,4,,0.3845724296139075,38.45724296139075,7.249539567562501e-11,4.461566522482834e-11,,,,
2026-05-30T23:51:44.797118+00:00,epoch,P02,One,5,,0.1665093716946371,16.65093716946371,1.6529530877956786e-10,1.3777209077061098e-10,,,,
2026-05-30T23:51:44.797118+00:00,epoch,P02,One,6,,0.19704871816116676,19.704871816116675,1.5550360942683206e-10,1.2486182251984008e-10,,,,
2026-05-30T23:51:44.797118+00:00,epoch,P02,One,7,,0.28290958608660155,28.290958608660155,1.3347530605262265e-10,9.571386246449272e-11,,,,
2026-05-30T23:51:44.797118+00:00,epoch,P02,One,8,,0.04886109828200713,4.886109828200713,4.927783010919689e-10,4.687006120910737e-10,,,,
2026-05-30T23:51:44.797118+00:00,epoch,P02,One,9,,0.16295960742267845,16.295960742267845,7.074699415374207e-10,5.921809176011373e-10,,,,
2026-05-30T23:51:44.797118+00:00,epoch,P02,One,10,,0.05788332157955345,5.788332157955345,3.6962799177853617e-10,3.4823269586561464e-10,,,,
2026-05-30T23:51:44.797118+00:00,epoch,P02,One,11,,0.12034484053817407,12.034484053817406,5.873572357127875e-10,5.166718228419894e-10,,,,
2026-05-30T23:51:44.797118+00:00,epoch,P02,One,12,,0.16653917125741957,16.653917125741955,6.739023604908462e-10,5.616712198662819e-10,,,,
2026-05-30T23:51:44.797118+00:00,epoch,P02,One,13,,0.13771898533751703,13.771898533751703,6.540276211186854e-10,5.6395560075551e-10,,,,
2026-05-30T23:51:44.797118+00:00,epoch,P02,One,14,,0.07933472355978033,7.933472355978033,2.0711896185930158e-10,1.906872362762052e-10,,,,
2026-05-30T23:51:44.797118+00:00,epoch,P02,One,15,,0.145781884378263,14.5781884378263,7.416863448902331e-10,6.335619119145087e-10,,,,
2026-05-30T23:51:44.797118+00:00,epoch,P02,One,16,,0.167707978814418,16.7707978814418,4.825588518679366e-09,4.016298821621588e-09,,,,
2026-05-30T23:51:44.797118+00:00,epoch,P02,One,17,,0.18304591117227798,18.304591117227798,4.2509122535124095e-10,3.472800146754829e-10,,,,
2026-05-30T23:51:44.797118+00:00,epoch,P02,One,18,,0.139400560101552,13.9400560101552,4.602258646191857e-10,3.960701213180502e-10,,,,
2026-05-30T23:51:44.797118+00:00,epoch,P02,One,19,,0.22421318023788495,22.421318023788494,7.775539894846211e-10,6.032161366956193e-10,,,,
2026-05-30T23:51:44.797118+00:00,epoch,P02,One,20,,0.1951361412462781,19.51361412462781,1.6479004790912787e-09,1.3263355384435137e-09,,,,
2026-05-30T23:51:44.797118+00:00,epoch,P02,One,21,,0.11609479626709807,11.609479626709806,4.1148089899790226e-10,3.6371010786093844e-10,,,,
2026-05-30T23:51:44.797118+00:00,epoch,P02,One,22,,0.09504540116139382,9.504540116139381,6.622032561353002e-10,5.992638820055394e-10,,,,
2026-05-30T23:51:44.797118+00:00,epoch,P02,One,23,,0.20991919421462524,20.991919421462523,6.182929680982007e-10,4.885014064464574e-10,,,,
2026-05-30T23:51:44.797118+00:00,epoch,P02,One,24,,0.09022125872322684,9.022125872322684,4.900859913977115e-10,4.4586981637118947e-10,,,,
2026-05-30T23:51:44.797118+00:00,epoch,P02,One,25,,0.06991400500207012,6.991400500207012,7.212278283573512e-10,6.708039023579432e-10,,,,
2026-05-30T23:51:44.797118+00:00,epoch,P02,One,26,,0.07450332370330948,7.450332370330948,9.893276942501285e-11,9.156194927967624e-11,,,,
2026-05-30T23:51:44.797118+00:00,epoch,P02,One,27,,0.14963574055966844,14.963574055966845,2.2654098519003947e-10,1.9264235710401104e-10,,,,
2026-05-30T23:51:44.797118+00:00,epoch,P02,One,28,,0.13093656921770302,13.093656921770302,6.147039493663436e-10,5.34216723151742e-10,,,,
2026-05-30T23:51:44.797118+00:00,epoch,P02,One,29,,0.08831132844223588,8.831132844223589,4.1849962795074064e-10,3.815413698538293e-10,,,,
2026-05-30T23:51:44.797118+00:00,epoch,P02,One,30,,0.09727671111347369,9.72767111134737,3.991384990507526e-10,3.6031161858432706e-10,,,,
2026-05-30T23:51:44.797118+00:00,epoch,P02,One,31,,-0.016554585329898508,-1.6554585329898508,9.254094607742647e-11,9.407292306577477e-11,,,,
2026-05-30T23:51:44.797118+00:00,epoch,P02,One,32,,0.1617648817511107,16.17648817511107,5.696893388097588e-10,4.775336102823297e-10,,,,
2026-05-30T23:51:44.797118+00:00,epoch,P02,One,33,,0.15998383788461357,15.998383788461357,8.378943777645349e-10,7.038448194678244e-10,,,,
2026-05-30T23:51:44.797118+00:00,epoch,P02,One,34,,0.18943108541120002,18.94310854112,3.1293638839654363e-10,2.536565086779255e-10,,,,
2026-05-30T23:51:44.797118+00:00,epoch,P02,One,35,,0.12108378662838404,12.108378662838405,1.0824660714019288e-09,9.513969805798325e-10,,,,
2026-05-30T23:51:44.797118+00:00,epoch,P02,One,36,,0.1713529899663483,17.13529899663483,1.3074057793394346e-09,1.0833778899503387e-09,,,,
2026-05-30T23:51:44.797118+00:00,epoch,P02,One,37,,0.15546296676664617,15.546296676664618,8.821125269794438e-10,7.449766965131962e-10,,,,
2026-05-30T23:51:44.797118+00:00,epoch,P02,One,38,,0.14509058400858255,14.509058400858255,1.1577373218446022e-09,9.897605376896366e-10,,,,
2026-05-30T23:51:44.797118+00:00,epoch,P02,One,39,,0.09847290355822469,9.84729035582247,5.490735461480953e-10,4.950046797918815e-10,,,,
2026-05-30T23:54:08.590359+00:00,epoch,P02,Two,0,,-0.10540990013351181,-10.54099001335118,7.255752353373643e-11,8.020580484336252e-11,,,,
2026-05-30T23:54:08.590359+00:00,epoch,P02,Two,1,,0.028635845561478357,2.8635845561478357,1.3227759415182254e-10,1.2848971339444704e-10,,,,
2026-05-30T23:54:08.590359+00:00,epoch,P02,Two,2,,-0.2901332989263674,-29.01332989263674,9.032014741316292e-11,1.1652502974165968e-10,,,,
2026-05-30T23:54:08.590359+00:00,epoch,P02,Two,3,,0.050860715343640894,5.086071534364089,7.526315469458024e-10,7.143521680779478e-10,,,,
2026-05-30T23:54:08.590359+00:00,epoch,P02,Two,4,,0.021460499566519964,2.1460499566519964,1.4315320627076357e-09,1.400810669496439e-09,,,,
2026-05-30T23:54:08.590359+00:00,epoch,P02,Two,5,,-0.10755344607422557,-10.755344607422558,9.115679460003564e-11,1.0096102199234983e-10,,,,
2026-05-30T23:54:08.590359+00:00,epoch,P02,Two,6,,0.12325070214115941,12.325070214115941,5.7821750978638044e-11,5.0695179571489636e-11,,,,
2026-05-30T23:54:08.590359+00:00,epoch,P02,Two,7,,0.15887263262896267,15.887263262896267,8.834249371953678e-11,7.430728916930638e-11,,,,
2026-05-30T23:54:08.590359+00:00,epoch,P02,Two,8,,0.011254969966772332,1.1254969966772332,4.10639254839203e-10,4.0601752235881e-10,,,,
2026-05-30T23:54:08.590359+00:00,epoch,P02,Two,9,,0.015918835133734044,1.5918835133734044,6.017927319384258e-10,5.922128926540186e-10,,,,
2026-05-30T23:54:08.590359+00:00,epoch,P02,Two,10,,0.02052743033806248,2.052743033806248,6.848040828573399e-11,6.707468147512651e-11,,,,
2026-05-30T23:54:08.590359+00:00,epoch,P02,Two,11,,0.02621617050199565,2.621617050199565,1.079644747950143e-09,1.0513405971562978e-09,,,,
2026-05-30T23:54:08.590359+00:00,epoch,P02,Two,12,,0.02748276203813471,2.748276203813471,5.929622226257593e-10,5.766659829637321e-10,,,,
2026-05-30T23:54:08.590359+00:00,epoch,P02,Two,13,,0.02550437610411982,2.550437610411982,3.5749365504623983e-10,3.483760024131041e-10,,,,
2026-05-30T23:54:08.590359+00:00,epoch,P02,Two,14,,0.037621349827403394,3.7621349827403394,3.5423727431063575e-09,3.4091038989188945e-09,,,,
2026-05-30T23:54:08.590359+00:00,epoch,P02,Two,15,,-0.0019621599427435132,-0.19621599427435132,3.0163251433546166e-10,3.022243655725197e-10,,,,
2026-05-30T23:54:08.590359+00:00,epoch,P02,Two,16,,0.012304196775282827,1.2304196775282827,3.713139268527893e-10,3.667452072313896e-10,,,,
2026-05-30T23:54:08.590359+00:00,epoch,P02,Two,17,,0.05983146727685418,5.983146727685417,6.360007403179251e-10,5.979478828355381e-10,,,,
2026-05-30T23:54:08.590359+00:00,epoch,P02,Two,18,,-0.0320554461272049,-3.20554461272049,4.837628078697428e-10,4.992700404957568e-10,,,,
2026-05-30T23:54:08.590359+00:00,epoch,P02,Two,19,,0.009515949698134407,0.9515949698134407,4.666107392893805e-10,4.6217049496569346e-10,,,,
2026-05-30T23:54:08.590359+00:00,epoch,P02,Two,20,,-0.022369133851449785,-2.2369133851449785,5.418656445121012e-10,5.539867096436945e-10,,,,
2026-05-30T23:54:08.590359+00:00,epoch,P02,Two,21,,0.07348606872211527,7.348606872211527,7.614585566593796e-10,7.055019608356657e-10,,,,
2026-05-30T23:54:08.590359+00:00,epoch,P02,Two,22,,0.07066449829727384,7.066449829727384,9.7933050046649e-10,9.101266019838075e-10,,,,
2026-05-30T23:54:08.590359+00:00,epoch,P02,Two,23,,0.037707065596777944,3.7707065596777944,1.2841236892562335e-09,1.2357031530710722e-09,,,,
2026-05-30T23:54:08.590359+00:00,epoch,P02,Two,24,,0.023158230420462056,2.3158230420462056,4.817682604615153e-10,4.706113600764823e-10,,,,
2026-05-30T23:54:08.590359+00:00,epoch,P02,Two,25,,-0.057725270601285406,-5.7725270601285406,6.200865380955768e-11,6.558812013033582e-11,,,,
2026-05-30T23:54:08.590359+00:00,epoch,P02,Two,26,,-0.06341100276176492,-6.341100276176492,5.315814098206309e-10,5.652895200668697e-10,,,,
2026-05-30T23:54:08.590359+00:00,epoch,P02,Two,27,,-0.03934162047513312,-3.934162047513312,4.935689572512018e-10,5.129867598456858e-10,,,,
2026-05-30T23:54:08.590359+00:00,epoch,P02,Two,28,,-0.03990922593117441,-3.990922593117441,1.0318013100915527e-09,1.0729797016920782e-09,,,,
2026-05-30T23:54:08.590359+00:00,epoch,P02,Two,29,,-0.04884478296348016,-4.884478296348016,6.855896859189892e-10,7.190771653297029e-10,,,,
2026-05-30T23:54:08.590359+00:00,epoch,P02,Two,30,,-0.003967822295150469,-0.39678222951504694,8.029057370178521e-10,8.060915243020957e-10,,,,
2026-05-30T23:54:08.590359+00:00,epoch,P02,Two,31,,-0.07703504669985217,-7.703504669985217,1.0046626177377886e-09,1.082056849412815e-09,,,,
2026-05-30T23:54:08.590359+00:00,epoch,P02,Two,32,,0.03376679117997572,3.376679117997572,6.073930446772646e-10,5.868833305734777e-10,,,,
2026-05-30T23:54:08.590359+00:00,epoch,P02,Two,33,,0.008556989753042976,0.8556989753042976,2.1149966199324393e-09,2.096898615527957e-09,,,,
2026-05-30T23:54:08.590359+00:00,epoch,P02,Two,34,,0.03638955708571745,3.638955708571745,9.158367277478267e-10,8.825098348622505e-10,,,,
2026-05-30T23:54:08.590359+00:00,epoch,P02,Two,35,,-0.017765089498056552,-1.7765089498056552,6.561947995414818e-10,6.678521588834955e-10,,,,
2026-05-30T23:54:08.590359+00:00,epoch,P02,Two,36,,0.046351447277091395,4.6351447277091395,9.781195753613648e-10,9.327823174333115e-10,,,,
2026-05-30T23:54:08.590359+00:00,epoch,P02,Two,37,,0.05260698675616693,5.260698675616693,1.1625657130838432e-09,1.1014066340124678e-09,,,,
2026-05-30T23:54:08.590359+00:00,epoch,P02,Two,38,,0.020482448239915407,2.0482448239915407,7.079945217862286e-10,6.934930606395985e-10,,,,
2026-05-30T23:54:08.590359+00:00,epoch,P02,Two,39,,0.0023147022982504817,0.23147022982504817,7.133877506961498e-10,7.117364704300697e-10,,,,
2026-05-30T23:54:08.595364+00:00,participant_condition_average,P02,One,,40,,,,,0.13898802500826768,0.07120125559013549,-0.029967809735617523,0.3845724296139075
2026-05-30T23:54:08.595364+00:00,participant_condition_average,P02,Two,,40,,,,,0.0031814860561911102,0.07067336414717452,-0.2901332989263674,0.15887263262896267
2026-05-30T23:54:08.595364+00:00,participant_average,P02,all,,80,,,,,0.0710847555322294,0.098198908366035,-0.2901332989263674,0.3845724296139075
2026-05-30T23:56:32.048383+00:00,epoch,P03,One,0,,0.00047843928821189596,0.047843928821189596,1.052577840107973e-10,1.0520742455153642e-10,,,,
2026-05-30T23:56:32.048383+00:00,epoch,P03,One,1,,0.0006004152167013999,0.060041521670139986,9.857471111328074e-11,9.851552535674638e-11,,,,
2026-05-30T23:56:32.048383+00:00,epoch,P03,One,2,,0.00046447247803960146,0.046447247803960146,1.6733356684129473e-10,1.6725584500484474e-10,,,,
2026-05-30T23:56:32.048383+00:00,epoch,P03,One,3,,0.0004145064308470614,0.04145064308470614,1.3450921527653343e-10,1.3445346034179312e-10,,,,
2026-05-30T23:56:32.048383+00:00,epoch,P03,One,4,,0.00038339374504225976,0.038339374504225976,2.0888406229376207e-10,2.0880397745083963e-10,,,,
2026-05-30T23:56:32.048383+00:00,epoch,P03,One,5,,0.0006464698454857754,0.06464698454857754,2.239443763566449e-10,2.2379960307026421e-10,,,,
2026-05-30T23:56:32.048383+00:00,epoch,P03,One,6,,0.00034126471731588115,0.034126471731588115,1.3085005411690935e-10,1.3080539961018038e-10,,,,
2026-05-30T23:56:32.048383+00:00,epoch,P03,One,7,,0.0005311652802968414,0.05311652802968414,2.6074300947027937e-10,2.6060451183656863e-10,,,,
2026-05-30T23:56:32.048383+00:00,epoch,P03,One,8,,0.0006228580004520312,0.06228580004520312,2.522725934356142e-10,2.5211546343249803e-10,,,,
2026-05-30T23:56:32.048383+00:00,epoch,P03,One,9,,0.000291555635416052,0.0291555635416052,1.340217422609287e-10,1.3398266746670425e-10,,,,
2026-05-30T23:56:32.048383+00:00,epoch,P03,One,10,,0.00034846529708698615,0.034846529708698615,9.990847816529785e-11,9.987366352777247e-11,,,,
2026-05-30T23:56:32.048383+00:00,epoch,P03,One,11,,0.00047888369507098627,0.04788836950709863,1.1050758020351297e-10,1.1045465992517175e-10,,,,
2026-05-30T23:56:32.048383+00:00,epoch,P03,One,12,,0.000563916944246512,0.056391694424651195,1.1549826282640418e-10,1.1543313139896534e-10,,,,
2026-05-30T23:56:32.048383+00:00,epoch,P03,One,13,,0.00043795148803482675,0.043795148803482675,1.8739674894421034e-10,1.8731467825915734e-10,,,,
2026-05-30T23:56:32.048383+00:00,epoch,P03,One,14,,0.000539553777063384,0.0539553777063384,1.7125042495403369e-10,1.7115802614042602e-10,,,,
2026-05-30T23:56:32.048383+00:00,epoch,P03,One,15,,0.0006910638372276123,0.06910638372276123,2.325586707522633e-10,2.3239795786487267e-10,,,,
2026-05-30T23:56:32.048383+00:00,epoch,P03,One,16,,0.0002482783935112698,0.02482783935112698,1.2209945443435945e-10,1.2206913977796388e-10,,,,
2026-05-30T23:56:32.048383+00:00,epoch,P03,One,17,,0.0009417861662106564,0.09417861662106564,3.373377872471132e-10,3.3702008718574376e-10,,,,
2026-05-30T23:56:32.048383+00:00,epoch,P03,One,18,,0.0002543272479966774,0.02543272479966774,1.5353299630739317e-10,1.5349394868296564e-10,,,,
2026-05-30T23:56:32.048383+00:00,epoch,P03,One,19,,0.0005496744588088243,0.054967445880882426,1.8369667932765136e-10,1.8359570595485696e-10,,,,
2026-05-30T23:56:32.048383+00:00,epoch,P03,One,20,,0.0005421904990025039,0.05421904990025039,1.233856221834086e-10,1.2331872367134724e-10,,,,
2026-05-30T23:56:32.048383+00:00,epoch,P03,One,21,,0.00036714365675549754,0.036714365675549754,2.1452447062350963e-10,2.1444570932490136e-10,,,,
2026-05-30T23:56:32.048383+00:00,epoch,P03,One,22,,0.0005026579043748702,0.05026579043748702,2.205392903540507e-10,2.20428434536529e-10,,,,
2026-05-30T23:56:32.048383+00:00,epoch,P03,One,23,,0.00026472753250639247,0.026472753250639247,3.145577184407029e-10,3.1447444635206926e-10,,,,
2026-05-30T23:56:32.048383+00:00,epoch,P03,One,24,,0.00024413075915763471,0.02441307591576347,1.822339961213011e-10,1.8218950719748368e-10,,,,
2026-05-30T23:56:32.048383+00:00,epoch,P03,One,25,,0.0005556775871740083,0.05556775871740083,1.1458167918994104e-10,1.1451800871891443e-10,,,,
2026-05-30T23:56:32.048383+00:00,epoch,P03,One,26,,0.00041142805554328366,0.041142805554328366,1.3338150371046099e-10,1.3332662681774395e-10,,,,
2026-05-30T23:56:32.048383+00:00,epoch,P03,One,27,,0.0004945947188469413,0.04945947188469413,1.654644759456459e-10,1.653826380896864e-10,,,,
2026-05-30T23:56:32.048383+00:00,epoch,P03,One,28,,0.000439271532010177,0.0439271532010177,1.6215206231814128e-10,1.620808335333082e-10,,,,
2026-05-30T23:56:32.048383+00:00,epoch,P03,One,29,,0.00045193305025770236,0.045193305025770236,1.959421456269109e-10,1.958535928953637e-10,,,,
2026-05-30T23:56:32.048383+00:00,epoch,P03,One,30,,0.00042880038489068184,0.042880038489068184,9.92426494768097e-11,9.920009419051648e-11,,,,
2026-05-30T23:56:32.048383+00:00,epoch,P03,One,31,,0.00034528865688920884,0.034528865688920884,9.563591088472843e-11,9.560288888950867e-11,,,,
2026-05-30T23:56:32.048383+00:00,epoch,P03,One,32,,0.00041867662415739915,0.041867662415739915,1.2820646098518544e-10,1.2815278393690499e-10,,,,
2026-05-30T23:56:32.048383+00:00,epoch,P03,One,33,,-1.7727688774726857e-05,-0.0017727688774726857,1.994440672110998e-10,1.994476028934513e-10,,,,
2026-05-30T23:56:32.048383+00:00,epoch,P03,One,34,,0.0002877727828933807,0.02877727828933807,1.1920168430738494e-10,1.1916738130696623e-10,,,,
2026-05-30T23:56:32.048383+00:00,epoch,P03,One,35,,-9.979571398699427e-05,-0.009979571398699427,1.263593403505685e-10,1.263719504711577e-10,,,,
2026-05-30T23:56:32.048383+00:00,epoch,P03,One,36,,0.000804310475136405,0.0804310475136405,2.279659665613003e-10,2.2778261114642046e-10,,,,
2026-05-30T23:56:32.048383+00:00,epoch,P03,One,37,,0.0003328131052305894,0.03328131052305894,2.3960675035253896e-10,2.395270060859199e-10,,,,
2026-05-30T23:56:32.048383+00:00,epoch,P03,One,38,,0.0003755383514484345,0.03755383514484345,1.7568146476549326e-10,1.7561548963783518e-10,,,,
2026-05-30T23:56:32.048383+00:00,epoch,P03,One,39,,0.0002956296494444066,0.02956296494444066,3.97035934992722e-10,3.9691855939844325e-10,,,,
2026-05-30T23:59:04.490459+00:00,epoch,P03,Two,0,,0.00016597212253377513,0.016597212253377513,1.283482578017786e-10,1.283269555690077e-10,,,,
2026-05-30T23:59:04.490459+00:00,epoch,P03,Two,1,,0.00043970185586605925,0.043970185586605925,1.036654326294782e-10,1.0361985074636187e-10,,,,
2026-05-30T23:59:04.490459+00:00,epoch,P03,Two,2,,0.000556636737692795,0.0556636737692795,1.7579226808722742e-10,1.7569441565260772e-10,,,,
2026-05-30T23:59:04.490459+00:00,epoch,P03,Two,3,,0.00038735510558796094,0.038735510558796094,1.1171198329240418e-10,1.1166871108532051e-10,,,,
2026-05-30T23:59:04.490459+00:00,epoch,P03,Two,4,,0.00035350307731230046,0.035350307731230046,1.3405686003654086e-10,1.3400947052398312e-10,,,,
2026-05-30T23:59:04.490459+00:00,epoch,P03,Two,5,,0.0001545675897741683,0.015456758977416829,2.414045352598572e-10,2.4136722194268153e-10,,,,
2026-05-30T23:59:04.490459+00:00,epoch,P03,Two,6,,0.0005269267909374653,0.05269267909374653,1.1116474164719001e-10,1.1110616596660846e-10,,,,
2026-05-30T23:59:04.490459+00:00,epoch,P03,Two,7,,0.0003884355586046828,0.03884355586046828,1.211700585089388e-10,1.211229917495757e-10,,,,
2026-05-30T23:59:04.490459+00:00,epoch,P03,Two,8,,1.344314241369382e-06,0.0001344314241369382,2.4984753493719104e-10,2.4984719906359164e-10,,,,
2026-05-30T23:59:04.490459+00:00,epoch,P03,Two,9,,0.00018366565985172834,0.018366565985172834,1.2461825482638204e-10,1.2459536673237978e-10,,,,
2026-05-30T23:59:04.490459+00:00,epoch,P03,Two,10,,0.000589725704075561,0.0589725704075561,1.752202667417253e-10,1.7511693484655273e-10,,,,
2026-05-30T23:59:04.490459+00:00,epoch,P03,Two,11,,0.0002534767963968676,0.02534767963968676,1.5683569729394637e-10,1.5679594308383564e-10,,,,
2026-05-30T23:59:04.490459+00:00,epoch,P03,Two,12,,0.00034675524402671964,0.034675524402671964,1.6705112093742573e-10,1.6699319508522013e-10,,,,
2026-05-30T23:59:04.490459+00:00,epoch,P03,Two,13,,0.000249930379102703,0.0249930379102703,1.1453802455395572e-10,1.1450939802205728e-10,,,,
2026-05-30T23:59:04.490459+00:00,epoch,P03,Two,14,,0.0007583894799924051,0.07583894799924051,1.52050289731521e-10,1.519349763913588e-10,,,,
2026-05-30T23:59:04.490459+00:00,epoch,P03,Two,15,,0.0034606244573333056,0.34606244573333056,2.1283823368250917e-10,2.1210168048557186e-10,,,,
2026-05-30T23:59:04.490459+00:00,epoch,P03,Two,16,,0.005143243706026146,0.5143243706026146,1.7260709254052147e-10,1.7171933219819695e-10,,,,
2026-05-30T23:59:04.490459+00:00,epoch,P03,Two,17,,0.0002655591304586702,0.02655591304586702,1.4389988733863105e-10,1.438616734096763e-10,,,,
2026-05-30T23:59:04.490459+00:00,epoch,P03,Two,18,,0.00037310811332325056,0.037310811332325056,1.0104708232487693e-10,1.0100938083863387e-10,,,,
2026-05-30T23:59:04.490459+00:00,epoch,P03,Two,19,,0.0004739155664438277,0.04739155664438277,1.2961539282355574e-10,1.2955396607124593e-10,,,,
2026-05-30T23:59:04.490459+00:00,epoch,P03,Two,20,,0.00039139884890215804,0.039139884890215804,1.3488480378609648e-10,1.348320100291602e-10,,,,
2026-05-30T23:59:04.490459+00:00,epoch,P03,Two,21,,0.0003435930316985081,0.03435930316985081,1.2953228547667173e-10,1.2948777908600197e-10,,,,
2026-05-30T23:59:04.490459+00:00,epoch,P03,Two,22,,0.0003613564961921778,0.03613564961921778,1.4651623718836024e-10,1.4646329259425458e-10,,,,
2026-05-30T23:59:04.490459+00:00,epoch,P03,Two,23,,0.00023255512299669157,0.023255512299669157,2.4503387357358605e-10,2.449768896909788e-10,,,,
2026-05-30T23:59:04.490459+00:00,epoch,P03,Two,24,,0.000409075846902085,0.0409075846902085,1.4614509679286336e-10,1.4608531236362223e-10,,,,
2026-05-30T23:59:04.490459+00:00,epoch,P03,Two,25,,0.0003695254887917665,0.03695254887917665,1.9433514451737414e-10,1.9426333272810694e-10,,,,
2026-05-30T23:59:04.490459+00:00,epoch,P03,Two,26,,0.00039892249954376346,0.039892249954376346,1.1605707392026654e-10,1.1601077614224853e-10,,,,
2026-05-30T23:59:04.490459+00:00,epoch,P03,Two,27,,0.0004250572876128844,0.04250572876128844,1.6741552197783186e-10,1.6734436079015567e-10,,,,
2026-05-30T23:59:04.490459+00:00,epoch,P03,Two,28,,0.00037732093114406506,0.037732093114406506,1.4998114308231383e-10,1.4992455205775197e-10,,,,
2026-05-30T23:59:04.490459+00:00,epoch,P03,Two,29,,0.0003310946421017924,0.03310946421017924,1.3679249350592637e-10,1.367472022442468e-10,,,,
2026-05-30T23:59:04.490459+00:00,epoch,P03,Two,30,,0.0003530741504506052,0.03530741504506052,1.2375546075152128e-10,1.237117658973528e-10,,,,
2026-05-30T23:59:04.490459+00:00,epoch,P03,Two,31,,0.0002817309989532335,0.02817309989532335,1.923677848291925e-10,1.9231358886100613e-10,,,,
2026-05-30T23:59:04.490459+00:00,epoch,P03,Two,32,,0.00028203072647847716,0.028203072647847716,1.0890293731268013e-10,1.0887222333815419e-10,,,,
2026-05-30T23:59:04.490459+00:00,epoch,P03,Two,33,,0.00031242099316897143,0.031242099316897143,1.4004775679791397e-10,1.4000400293864408e-10,,,,
2026-05-30T23:59:04.490459+00:00,epoch,P03,Two,34,,0.00026848263121914684,0.026848263121914684,1.2116590929717794e-10,1.2113337835503577e-10,,,,
2026-05-30T23:59:04.490459+00:00,epoch,P03,Two,35,,0.0005130853452913753,0.05130853452913753,1.6291103616108082e-10,1.6282744889584035e-10,,,,
2026-05-30T23:59:04.490459+00:00,epoch,P03,Two,36,,0.0002436979880626744,0.02436979880626744,1.8592628405913814e-10,1.8588097419778495e-10,,,,
2026-05-30T23:59:04.490459+00:00,epoch,P03,Two,37,,0.0006688429607057955,0.06688429607057955,4.0114572420371917e-10,4.008774207098683e-10,,,,
2026-05-30T23:59:04.490459+00:00,epoch,P03,Two,38,,0.0004287866399005358,0.04287866399005358,3.926585317025134e-10,3.924901649700764e-10,,,,
2026-05-30T23:59:04.490459+00:00,epoch,P03,Two,39,,0.0005039991041461134,0.05039991041461134,2.0298804497765663e-10,2.028857391848355e-10,,,,
2026-05-30T23:59:04.494469+00:00,participant_condition_average,P03,One,,40,,,,,0.0004318375966506083,0.00018623336942574662,-9.979571398699427e-05,0.0009417861662106564
2026-05-30T23:59:04.494469+00:00,participant_condition_average,P03,Two,,40,,,,,0.0005642222280961146,0.0008888737617905345,1.344314241369382e-06,0.005143243706026146
2026-05-30T23:59:04.494469+00:00,participant_average,P03,all,,80,,,,,0.0004980299123733614,0.0006455781430658894,-9.979571398699427e-05,0.005143243706026146
2026-05-31T00:02:11.244925+00:00,epoch,P05,One,0,,0.17329054113736564,17.329054113736564,3.177599716698971e-10,2.6269517422742664e-10,,,,
2026-05-31T00:02:11.244925+00:00,epoch,P05,One,1,,0.08085802952551102,8.085802952551102,4.303432435142553e-10,3.955465368240755e-10,,,,
2026-05-31T00:02:11.244925+00:00,epoch,P05,One,2,,0.17750353411246,17.750353411246,3.636237702339019e-10,2.9907926593008715e-10,,,,
2026-05-31T00:02:11.244925+00:00,epoch,P05,One,3,,0.04034417282625036,4.034417282625036,9.614798608480699e-10,9.226897511730562e-10,,,,
2026-05-31T00:02:11.244925+00:00,epoch,P05,One,4,,0.22044615395562028,22.04461539556203,4.046766340205036e-10,3.1546722645497745e-10,,,,
2026-05-31T00:02:11.244925+00:00,epoch,P05,One,5,,0.1350944952353902,13.509449523539018,5.746119226371466e-10,4.969850149922442e-10,,,,
2026-05-31T00:02:11.244925+00:00,epoch,P05,One,6,,0.2106841376860521,21.06841376860521,2.6495963734855235e-10,2.091368446321635e-10,,,,
2026-05-31T00:02:11.244925+00:00,epoch,P05,One,7,,0.3027657386350644,30.27657386350644,3.211245539487536e-10,2.238990411786036e-10,,,,
2026-05-31T00:02:11.244925+00:00,epoch,P05,One,8,,0.15615053829158454,15.615053829158454,5.002913829558205e-10,4.2217061420462784e-10,,,,
2026-05-31T00:02:11.244925+00:00,epoch,P05,One,9,,0.08287601282136015,8.287601282136015,4.865709525809353e-10,4.4624589207633633e-10,,,,
2026-05-31T00:02:11.244925+00:00,epoch,P05,One,10,,0.2253452899767222,22.534528997672222,3.9655359619127644e-10,3.0719211106624123e-10,,,,
2026-05-31T00:02:11.244925+00:00,epoch,P05,One,11,,0.0754255411647089,7.54255411647089,4.4555031429260386e-10,4.1194444072097807e-10,,,,
2026-05-31T00:02:11.244925+00:00,epoch,P05,One,12,,0.1841684086497979,18.41684086497979,2.7396531463538313e-10,2.2350955861374343e-10,,,,
2026-05-31T00:02:11.244925+00:00,epoch,P05,One,13,,0.11612113337493024,11.612113337493025,9.582992032183547e-10,8.470204136283467e-10,,,,
2026-05-31T00:02:11.244925+00:00,epoch,P05,One,14,,0.33045733824843004,33.045733824843005,2.6215141175329574e-10,1.7552155400723342e-10,,,,
2026-05-31T00:02:11.244925+00:00,epoch,P05,One,15,,0.27825099896056404,27.825099896056404,3.1593982940359437e-10,2.2802925626061405e-10,,,,
2026-05-31T00:02:11.244925+00:00,epoch,P05,One,16,,0.2737762869492625,27.377628694926248,2.842937570315838e-10,2.06460867828621e-10,,,,
2026-05-31T00:02:11.244925+00:00,epoch,P05,One,17,,0.13627310707437001,13.627310707437001,4.1828549181606183e-10,3.6128442820215613e-10,,,,
2026-05-31T00:02:11.244925+00:00,epoch,P05,One,18,,0.1724854099323183,17.24854099323183,2.5227784815325535e-10,2.0876360009769796e-10,,,,
2026-05-31T00:02:11.244925+00:00,epoch,P05,One,19,,0.01792967716240934,1.792967716240934,1.7421225027986075e-10,1.71088680874606e-10,,,,
2026-05-31T00:02:11.244925+00:00,epoch,P05,One,20,,-0.06008398640115664,-6.008398640115664,8.107410232780457e-10,8.594535758955435e-10,,,,
2026-05-31T00:02:11.244925+00:00,epoch,P05,One,21,,0.3494776064118592,34.94776064118592,2.9055254630159207e-10,1.8901093788324078e-10,,,,
2026-05-31T00:02:11.244925+00:00,epoch,P05,One,22,,0.11893312373280984,11.893312373280985,5.987966575525614e-10,5.275799005890697e-10,,,,
2026-05-31T00:02:11.244925+00:00,epoch,P05,One,23,,0.15798629200184855,15.798629200184855,2.2280615638428734e-10,1.8760583790194978e-10,,,,
2026-05-31T00:02:11.244925+00:00,epoch,P05,One,24,,0.3215164767269725,32.15164767269725,2.5377647610833056e-10,1.721831576337934e-10,,,,
2026-05-31T00:02:11.244925+00:00,epoch,P05,One,25,,0.1392262799034064,13.922627990340642,9.117962864560454e-10,7.848502814630294e-10,,,,
2026-05-31T00:02:11.244925+00:00,epoch,P05,One,26,,0.09068226098005427,9.068226098005427,3.6285920266132497e-10,3.299543097465763e-10,,,,
2026-05-31T00:02:11.244925+00:00,epoch,P05,One,27,,0.14949465061450018,14.949465061450018,4.0880263661755797e-10,3.4768882928612966e-10,,,,
2026-05-31T00:02:11.244925+00:00,epoch,P05,One,28,,0.151030342772965,15.103034277296501,2.475706589906071e-10,2.1017997750272687e-10,,,,
2026-05-31T00:02:11.244925+00:00,epoch,P05,One,29,,0.10381735020317318,10.381735020317318,7.677451541434567e-10,6.880398866089563e-10,,,,
2026-05-31T00:02:11.244925+00:00,epoch,P05,One,30,,0.06767737344270197,6.767737344270197,1.5842541173830031e-09,1.4770359598527355e-09,,,,
2026-05-31T00:02:11.244925+00:00,epoch,P05,One,31,,0.03378075577671191,3.3780755776711913,1.0246001232156205e-09,9.899883566844847e-10,,,,
2026-05-31T00:02:11.244925+00:00,epoch,P05,One,32,,0.06134221261470918,6.134221261470918,6.724845512369672e-10,6.312328609148818e-10,,,,
2026-05-31T00:02:11.244925+00:00,epoch,P05,One,33,,0.04417306318573955,4.417306318573955,7.250840377031686e-10,6.930548546907354e-10,,,,
2026-05-31T00:02:11.244925+00:00,epoch,P05,One,34,,0.07241252421276811,7.241252421276812,4.824197251219115e-10,4.474864950958042e-10,,,,
2026-05-31T00:02:11.244925+00:00,epoch,P05,One,35,,0.06815267875686681,6.815267875686681,5.138681038618144e-10,4.788466160559199e-10,,,,
2026-05-31T00:02:11.244925+00:00,epoch,P05,One,36,,0.1783664716408505,17.83664716408505,3.808396823626064e-10,3.129106519587661e-10,,,,
2026-05-31T00:02:11.244925+00:00,epoch,P05,One,37,,0.04855450385275051,4.85545038527505,8.404145925854835e-10,7.996086790118839e-10,,,,
2026-05-31T00:02:11.244925+00:00,epoch,P05,One,38,,0.1641119516855798,16.41119516855798,7.055978633726197e-10,5.89800820909364e-10,,,,
2026-05-31T00:02:11.244925+00:00,epoch,P05,One,39,,0.25748070871357187,25.748070871357186,3.4964860958069273e-10,2.59620837785141e-10,,,,
2026-05-31T00:05:15.679746+00:00,epoch,P05,Two,0,,0.3567634692800641,35.67634692800641,6.129678353354753e-10,3.9428330384410003e-10,,,,
2026-05-31T00:05:15.679746+00:00,epoch,P05,Two,1,,0.0451009491960106,4.51009491960106,7.769454655364884e-10,7.419044875672565e-10,,,,
2026-05-31T00:05:15.679746+00:00,epoch,P05,Two,2,,0.13036305426724581,13.036305426724581,3.7578378369251735e-10,3.2679546190625875e-10,,,,
2026-05-31T00:05:15.679746+00:00,epoch,P05,Two,3,,0.21087448789377072,21.08744878937707,3.2660423177578644e-10,2.5773173165612907e-10,,,,
2026-05-31T00:05:15.679746+00:00,epoch,P05,Two,4,,0.10613162666469467,10.613162666469467,9.358619243681059e-10,8.365373760013674e-10,,,,
2026-05-31T00:05:15.679746+00:00,epoch,P05,Two,5,,0.34776555033233514,34.776555033233514,4.372090834041013e-10,2.851628259037782e-10,,,,
2026-05-31T00:05:15.679746+00:00,epoch,P05,Two,6,,0.10145096079114824,10.145096079114824,5.681850190445463e-10,5.105421029553403e-10,,,,
2026-05-31T00:05:15.679746+00:00,epoch,P05,Two,7,,0.22613148290452212,22.613148290452212,3.8668251987247533e-10,2.9924142824045516e-10,,,,
2026-05-31T00:05:15.679746+00:00,epoch,P05,Two,8,,0.14019129696025823,14.019129696025823,1.0400762326722714e-09,8.942665966764064e-10,,,,
2026-05-31T00:05:15.679746+00:00,epoch,P05,Two,9,,0.0534832860578357,5.3483286057835695,5.573866467091046e-10,5.275757772383438e-10,,,,
2026-05-31T00:05:15.679746+00:00,epoch,P05,Two,10,,-0.15226746893461307,-15.226746893461307,4.2840158006871575e-10,4.936332043533681e-10,,,,
2026-05-31T00:05:15.679746+00:00,epoch,P05,Two,11,,0.22473138201778542,22.473138201778543,3.1888287122098476e-10,2.472198828696934e-10,,,,
2026-05-31T00:05:15.679746+00:00,epoch,P05,Two,12,,0.09156718983091938,9.156718983091938,3.565430249127184e-10,3.238953820676453e-10,,,,
2026-05-31T00:05:15.679746+00:00,epoch,P05,Two,13,,0.04172748992447162,4.172748992447161,3.759563763585904e-10,3.6026866045204647e-10,,,,
2026-05-31T00:05:15.679746+00:00,epoch,P05,Two,14,,0.1550996821301731,15.509968213017311,4.2973233143195233e-10,3.630809834257983e-10,,,,
2026-05-31T00:05:15.679746+00:00,epoch,P05,Two,15,,0.03497320153523664,3.497320153523664,1.4981565549315748e-09,1.445761223804617e-09,,,,
2026-05-31T00:05:15.679746+00:00,epoch,P05,Two,16,,0.2204490037352368,22.044900373523678,5.344069597704968e-10,4.16597477899914e-10,,,,
2026-05-31T00:05:15.679746+00:00,epoch,P05,Two,17,,0.14397964952416964,14.397964952416963,5.791764133639353e-10,4.957867963551303e-10,,,,
2026-05-31T00:05:15.679746+00:00,epoch,P05,Two,18,,0.2433753734585422,24.337537345854223,3.222722292281299e-10,2.4383910508441683e-10,,,,
2026-05-31T00:05:15.679746+00:00,epoch,P05,Two,19,,0.009332859996650567,0.9332859996650567,1.032075290836635e-09,1.0224430766412543e-09,,,,
2026-05-31T00:05:15.679746+00:00,epoch,P05,Two,20,,0.06823783591147636,6.823783591147636,8.009213750493812e-10,7.462682336807675e-10,,,,
2026-05-31T00:05:15.679746+00:00,epoch,P05,Two,21,,0.16536872474426012,16.536872474426012,7.463301285570478e-10,6.229104669593491e-10,,,,
2026-05-31T00:05:15.679746+00:00,epoch,P05,Two,22,,0.07287097404130116,7.287097404130116,1.0857922921494266e-09,1.0066695502139609e-09,,,,
2026-05-31T00:05:15.679746+00:00,epoch,P05,Two,23,,-0.22200309321550105,-22.200309321550105,2.397836149493574e-10,2.930163191705094e-10,,,,
2026-05-31T00:05:15.679746+00:00,epoch,P05,Two,24,,0.12830707420097764,12.830707420097765,4.659571829264858e-10,4.0617158008225863e-10,,,,
2026-05-31T00:05:15.679746+00:00,epoch,P05,Two,25,,0.06509940087049115,6.509940087049115,5.841976041110483e-10,5.461666900934427e-10,,,,
2026-05-31T00:05:15.679746+00:00,epoch,P05,Two,26,,0.1834469758052375,18.34469758052375,3.3776459211671244e-10,2.7580269915881196e-10,,,,
2026-05-31T00:05:15.679746+00:00,epoch,P05,Two,27,,0.0751610291611926,7.5161029161192605,8.162854679854796e-10,7.549326121223653e-10,,,,
2026-05-31T00:05:15.679746+00:00,epoch,P05,Two,28,,0.23099941908991917,23.099941908991916,3.326144225284093e-10,2.5578068414341784e-10,,,,
2026-05-31T00:05:15.679746+00:00,epoch,P05,Two,29,,0.045714787383487,4.5714787383487,6.797465377341255e-10,6.486720692869485e-10,,,,
2026-05-31T00:05:15.679746+00:00,epoch,P05,Two,30,,0.15664181360216323,15.664181360216322,1.474005935627761e-09,1.243114972610675e-09,,,,
2026-05-31T00:05:15.679746+00:00,epoch,P05,Two,31,,-0.004291729904202013,-0.4291729904202013,1.0177346582208305e-09,1.0221025004880597e-09,,,,
2026-05-31T00:05:15.679746+00:00,epoch,P05,Two,32,,0.05456729722984266,5.4567297229842655,1.2566278111180554e-09,1.18805702784149e-09,,,,
2026-05-31T00:05:15.679746+00:00,epoch,P05,Two,33,,0.0981064531594027,9.81064531594027,1.528467190144358e-09,1.3785146953487767e-09,,,,
2026-05-31T00:05:15.679746+00:00,epoch,P05,Two,34,,0.1264703663746155,12.64703663746155,5.921745141099308e-10,5.172819863527379e-10,,,,
2026-05-31T00:05:15.679746+00:00,epoch,P05,Two,35,,0.18707562694227986,18.707562694227985,1.8579554624592128e-10,1.510377279488822e-10,,,,
2026-05-31T00:05:15.679746+00:00,epoch,P05,Two,36,,0.08148698134096977,8.148698134096977,6.925055517457763e-10,6.360753647721503e-10,,,,
2026-05-31T00:05:15.679746+00:00,epoch,P05,Two,37,,0.08372656540879497,8.372656540879497,8.849329689448486e-10,8.108405708380886e-10,,,,
2026-05-31T00:05:15.679746+00:00,epoch,P05,Two,38,,-0.015752771238003893,-1.5752771238003893,4.026681615045852e-10,4.0901130093759456e-10,,,,
2026-05-31T00:05:15.679746+00:00,epoch,P05,Two,39,,0.057236399870419064,5.723639987041906,1.1065007193334014e-09,1.0431686017047285e-09,,,,
2026-05-31T00:05:15.682749+00:00,participant_condition_average,P05,One,,40,,,,,0.14770947966372136,0.09296743316558483,-0.06008398640115664,0.3494776064118592
2026-05-31T00:05:15.682749+00:00,participant_condition_average,P05,Two,,40,,,,,0.10924236645863954,0.10893628304583994,-0.22200309321550105,0.3567634692800641
2026-05-31T00:05:15.682749+00:00,participant_average,P05,all,,80,,,,,0.12847592306118044,0.10307743883218852,-0.22200309321550105,0.3567634692800641
2026-05-31T00:08:16.099801+00:00,epoch,P06,One,0,,0.20341801338210863,20.341801338210864,2.178895527232933e-10,1.7356689277160477e-10,,,,
2026-05-31T00:08:16.099801+00:00,epoch,P06,One,1,,0.2441008741067081,24.410087410670812,2.2382882835369931e-10,1.6919201570228099e-10,,,,
2026-05-31T00:08:16.099801+00:00,epoch,P06,One,2,,0.1280895632129535,12.808956321295351,2.853921793033973e-10,2.4883641971203224e-10,,,,
2026-05-31T00:08:16.099801+00:00,epoch,P06,One,3,,0.11380807445715613,11.380807445715613,2.6530484818360293e-10,2.3511101426767896e-10,,,,
2026-05-31T00:08:16.099801+00:00,epoch,P06,One,4,,0.2439666099967257,24.39666099967257,1.9136663910530553e-10,1.446795688963173e-10,,,,
2026-05-31T00:08:16.099801+00:00,epoch,P06,One,5,,-0.0004915203451898442,-0.04915203451898442,2.525293949976966e-10,2.5265351833309646e-10,,,,
2026-05-31T00:08:16.099801+00:00,epoch,P06,One,6,,-0.027349927803943963,-2.7349927803943963,2.710822249847477e-10,2.7849630426701303e-10,,,,
2026-05-31T00:08:16.099801+00:00,epoch,P06,One,7,,0.26706146180674006,26.706146180674008,1.9077536830262442e-10,1.3982661956700632e-10,,,,
2026-05-31T00:08:16.099801+00:00,epoch,P06,One,8,,0.3465955822008808,34.65955822008808,2.391411730125843e-10,1.5625589892408607e-10,,,,
2026-05-31T00:08:16.099801+00:00,epoch,P06,One,9,,0.10532298207193869,10.532298207193868,2.4637207286962026e-10,2.2042343145574686e-10,,,,
2026-05-31T00:08:16.099801+00:00,epoch,P06,One,10,,0.15749749055072781,15.749749055072781,1.8126153960558654e-10,1.527133019843453e-10,,,,
2026-05-31T00:08:16.099801+00:00,epoch,P06,One,11,,0.23273951749021915,23.273951749021915,1.6883983038426924e-10,1.2954412972750398e-10,,,,
2026-05-31T00:08:16.099801+00:00,epoch,P06,One,12,,0.3021523365686378,30.21523365686378,1.846087766369184e-10,1.2882880342499575e-10,,,,
2026-05-31T00:08:16.099801+00:00,epoch,P06,One,13,,-0.09146656764374805,-9.146656764374805,1.7246271941271636e-10,1.882372924039043e-10,,,,
2026-05-31T00:08:16.099801+00:00,epoch,P06,One,14,,0.09156698317800283,9.156698317800283,1.072648337464975e-10,9.744291651924069e-11,,,,
2026-05-31T00:08:16.099801+00:00,epoch,P06,One,15,,0.22172579410852344,22.172579410852343,1.9767741142725137e-10,1.5384723040122676e-10,,,,
2026-05-31T00:08:16.099801+00:00,epoch,P06,One,16,,0.08254443707171522,8.254443707171522,1.2320108501614232e-10,1.1303152080686032e-10,,,,
2026-05-31T00:08:16.099801+00:00,epoch,P06,One,17,,-0.2529273016889655,-25.292730168896547,1.2868232553596403e-10,1.6122959890883648e-10,,,,
2026-05-31T00:08:16.099801+00:00,epoch,P06,One,18,,0.16037354653082692,16.03735465308269,2.0506303613377696e-10,1.7217634976662404e-10,,,,
2026-05-31T00:08:16.099801+00:00,epoch,P06,One,19,,-0.19372588718822237,-19.372588718822236,1.5648948651967272e-10,1.868055511313257e-10,,,,
2026-05-31T00:08:16.099801+00:00,epoch,P06,One,20,,-0.7630245283511861,-76.3024528351186,1.3913791186225272e-10,2.45303551436717e-10,,,,
2026-05-31T00:08:16.099801+00:00,epoch,P06,One,21,,0.23396886570421027,23.396886570421028,2.9639108679052045e-10,2.2704480040930425e-10,,,,
2026-05-31T00:08:16.099801+00:00,epoch,P06,One,22,,0.1356622764522335,13.56622764522335,2.324682635454179e-10,2.0093108970994875e-10,,,,
2026-05-31T00:08:16.099801+00:00,epoch,P06,One,23,,-0.004258702227598832,-0.4258702227598832,1.5503755248360957e-10,1.5569781125373297e-10,,,,
2026-05-31T00:08:16.099801+00:00,epoch,P06,One,24,,0.13170601091801204,13.170601091801204,2.723517675552737e-10,2.3648140268409896e-10,,,,
2026-05-31T00:08:16.099801+00:00,epoch,P06,One,25,,-0.006143863640639902,-0.6143863640639902,2.0160585514993195e-10,2.0284449403312772e-10,,,,
2026-05-31T00:08:16.099801+00:00,epoch,P06,One,26,,0.1830743458339983,18.30743458339983,2.0795772558184784e-10,1.6988600100982492e-10,,,,
2026-05-31T00:08:16.099801+00:00,epoch,P06,One,27,,0.03873150361225419,3.8731503612254192,2.054946610383036e-10,1.975355438319996e-10,,,,
2026-05-31T00:08:16.099801+00:00,epoch,P06,One,28,,0.20210562348968697,20.210562348968697,3.3729076842888866e-10,2.691224073782525e-10,,,,
2026-05-31T00:08:16.099801+00:00,epoch,P06,One,29,,0.3030636442009522,30.30636442009522,1.8066039476242962e-10,1.2590879716294507e-10,,,,
2026-05-31T00:08:16.099801+00:00,epoch,P06,One,30,,0.07311914331636338,7.311914331636338,2.4577059150839307e-10,2.278000564049435e-10,,,,
2026-05-31T00:08:16.099801+00:00,epoch,P06,One,31,,0.16981882161545692,16.98188216154569,3.4238722146592257e-10,2.8424342698038914e-10,,,,
2026-05-31T00:08:16.099801+00:00,epoch,P06,One,32,,0.4272115062256159,42.72115062256159,8.228371295793849e-10,4.713116400734136e-10,,,,
2026-05-31T00:08:16.099801+00:00,epoch,P06,One,33,,-0.2826312173330543,-28.26312173330543,2.5932694247229917e-10,3.32620831910504e-10,,,,
2026-05-31T00:08:16.099801+00:00,epoch,P06,One,34,,0.21968735379356796,21.968735379356797,2.724966684823246e-10,2.1263259646587957e-10,,,,
2026-05-31T00:08:16.099801+00:00,epoch,P06,One,35,,0.46436455566446566,46.43645556644657,2.485855449130417e-10,1.33151228804888e-10,,,,
2026-05-31T00:08:16.099801+00:00,epoch,P06,One,36,,0.07437453199992827,7.437453199992827,1.5212263033879402e-10,1.4080858090074813e-10,,,,
2026-05-31T00:08:16.099801+00:00,epoch,P06,One,37,,0.2043882058763652,20.43882058763652,2.3503900880448225e-10,1.8699980748397492e-10,,,,
2026-05-31T00:08:16.099801+00:00,epoch,P06,One,38,,0.11737772590300011,11.737772590300011,3.1138033094999257e-10,2.7483121581215886e-10,,,,
2026-05-31T00:08:16.099801+00:00,epoch,P06,One,39,,0.1326466463097522,13.26466463097522,2.010591297274446e-10,1.7438931045914168e-10,,,,
2026-05-31T00:11:12.599273+00:00,epoch,P06,Two,0,,0.2721667866489508,27.216678664895078,2.450022504045823e-10,1.7832077519020553e-10,,,,
2026-05-31T00:11:12.599273+00:00,epoch,P06,Two,1,,0.20813555000652495,20.813555000652496,3.0059439403444513e-10,2.380300145032078e-10,,,,
2026-05-31T00:11:12.599273+00:00,epoch,P06,Two,2,,0.21650740879166286,21.650740879166285,2.817887732030504e-10,2.207794160902764e-10,,,,
2026-05-31T00:11:12.599273+00:00,epoch,P06,Two,3,,-0.45386077241470213,-45.38607724147021,2.2008835009743506e-10,3.1997781867213433e-10,,,,
2026-05-31T00:11:12.599273+00:00,epoch,P06,Two,4,,0.0843958007661002,8.43958007661002,2.550294645196239e-10,2.335060486425405e-10,,,,
2026-05-31T00:11:12.599273+00:00,epoch,P06,Two,5,,0.12714516460989012,12.714516460989012,3.157777548725741e-10,2.7562814024915915e-10,,,,
2026-05-31T00:11:12.599273+00:00,epoch,P06,Two,6,,0.00833575383026286,0.833575383026286,1.3225004229998046e-10,1.3114763850332596e-10,,,,
2026-05-31T00:11:12.599273+00:00,epoch,P06,Two,7,,0.2117664958376656,21.17664958376656,1.7445461356168156e-10,1.3751097136501017e-10,,,,
2026-05-31T00:11:12.599273+00:00,epoch,P06,Two,8,,0.16299367160815958,16.299367160815958,2.5557400016310684e-10,2.139170555089377e-10,,,,
2026-05-31T00:11:12.599273+00:00,epoch,P06,Two,9,,0.25748240273617196,25.748240273617196,1.8857421886915462e-10,1.4001967590062792e-10,,,,
2026-05-31T00:11:12.599273+00:00,epoch,P06,Two,10,,0.18755833278778933,18.755833278778933,2.5934161003171446e-10,2.1069993003166507e-10,,,,
2026-05-31T00:11:12.599273+00:00,epoch,P06,Two,11,,0.12174472822854132,12.174472822854131,2.0493927000250524e-10,1.7998899427269458e-10,,,,
2026-05-31T00:11:12.599273+00:00,epoch,P06,Two,12,,0.2190169949972084,21.901699499720838,2.7704416125140813e-10,2.163667815726027e-10,,,,
2026-05-31T00:11:12.599273+00:00,epoch,P06,Two,13,,0.26425601975827795,26.425601975827796,1.9255239376445675e-10,1.4166926459333275e-10,,,,
2026-05-31T00:11:12.599273+00:00,epoch,P06,Two,14,,0.19606246573799335,19.606246573799336,2.0230227016360947e-10,1.6263838825093852e-10,,,,
2026-05-31T00:11:12.599273+00:00,epoch,P06,Two,15,,0.20030112853303894,20.030112853303894,1.6867868590131646e-10,1.3489215475581276e-10,,,,
2026-05-31T00:11:12.599273+00:00,epoch,P06,Two,16,,0.3827849635468278,38.27849635468278,4.2850908032143757e-10,2.6448224763111137e-10,,,,
2026-05-31T00:11:12.599273+00:00,epoch,P06,Two,17,,0.43104889739205043,43.10488973920504,2.2970072120268772e-10,1.306884785981104e-10,,,,
2026-05-31T00:11:12.599273+00:00,epoch,P06,Two,18,,0.09913165262198587,9.913165262198586,1.6582831626396814e-10,1.4938948122119964e-10,,,,
2026-05-31T00:11:12.599273+00:00,epoch,P06,Two,19,,0.2980707683462225,29.807076834622247,2.549139255315821e-10,1.7893153588623168e-10,,,,
2026-05-31T00:11:12.599273+00:00,epoch,P06,Two,20,,-0.05786614822165892,-5.786614822165892,4.1814688950882884e-10,4.4234343939557237e-10,,,,
2026-05-31T00:11:12.599273+00:00,epoch,P06,Two,21,,-0.09907319865156827,-9.907319865156827,1.7577919163117121e-10,1.9319419840245833e-10,,,,
2026-05-31T00:11:12.599273+00:00,epoch,P06,Two,22,,0.2802951369189024,28.02951369189024,3.264288130397481e-10,2.349324041944971e-10,,,,
2026-05-31T00:11:12.599273+00:00,epoch,P06,Two,23,,0.32223568000474345,32.223568000474344,3.51567698946189e-10,2.382800424085609e-10,,,,
2026-05-31T00:11:12.599273+00:00,epoch,P06,Two,24,,0.20733289449161607,20.733289449161607,2.150705512336009e-10,1.7047935132643102e-10,,,,
2026-05-31T00:11:12.599273+00:00,epoch,P06,Two,25,,-0.5804663894584816,-58.04663894584816,2.7604859853350644e-10,4.3628553183932485e-10,,,,
2026-05-31T00:11:12.599273+00:00,epoch,P06,Two,26,,0.0600852711240184,6.00852711240184,2.444796049425637e-10,2.2978998159529684e-10,,,,
2026-05-31T00:11:12.599273+00:00,epoch,P06,Two,27,,0.10299723543694683,10.299723543694682,1.1952670225012936e-10,1.0721578235747094e-10,,,,
2026-05-31T00:11:12.599273+00:00,epoch,P06,Two,28,,-0.0563659824712881,-5.63659824712881,1.6090413208206207e-10,1.699736515705574e-10,,,,
2026-05-31T00:11:12.599273+00:00,epoch,P06,Two,29,,0.07453048767300141,7.453048767300141,1.654000034786753e-10,1.5307266055829351e-10,,,,
2026-05-31T00:11:12.599273+00:00,epoch,P06,Two,30,,0.15788467839514586,15.788467839514587,2.0776049545916845e-10,1.7495829645038147e-10,,,,
2026-05-31T00:11:12.599273+00:00,epoch,P06,Two,31,,0.2395161738338042,23.95161738338042,3.28575906646785e-10,2.498766626727738e-10,,,,
2026-05-31T00:11:12.599273+00:00,epoch,P06,Two,32,,-0.2237850885187196,-22.37850885187196,1.622470019715445e-10,1.9855546166964344e-10,,,,
2026-05-31T00:11:12.599273+00:00,epoch,P06,Two,33,,0.16659221783775335,16.659221783775337,2.761201031592833e-10,2.3012064278438903e-10,,,,
2026-05-31T00:11:12.599273+00:00,epoch,P06,Two,34,,-0.04904006944245487,-4.904006944245487,1.5690228416613333e-10,1.6459678307732028e-10,,,,
2026-05-31T00:11:12.599273+00:00,epoch,P06,Two,35,,-0.16118972649904828,-16.118972649904826,2.0934685985339527e-10,2.4309142293659866e-10,,,,
2026-05-31T00:11:12.599273+00:00,epoch,P06,Two,36,,0.03292456929103982,3.292456929103982,1.754343216912734e-10,1.696582222107225e-10,,,,
2026-05-31T00:11:12.599273+00:00,epoch,P06,Two,37,,0.02677425797473154,2.677425797473154,1.455133210964181e-10,1.4161730989862267e-10,,,,
2026-05-31T00:11:12.599273+00:00,epoch,P06,Two,38,,-0.07989035021704782,-7.989035021704782,1.3081227603544067e-09,1.4126291458060115e-09,,,,
2026-05-31T00:11:12.599273+00:00,epoch,P06,Two,39,,0.23142274363541038,23.142274363541038,2.509460041538685e-10,1.9287139136823717e-10,,,,
2026-05-31T00:11:12.602275+00:00,participant_condition_average,P06,One,,40,,,,,0.10975611278567947,0.20982799331477864,-0.7630245283511861,0.46436455566446566
2026-05-31T00:11:12.602275+00:00,participant_condition_average,P06,Two,,40,,,,,0.10224896518768674,0.20243479829903516,-0.5804663894584816,0.43104889739205043
2026-05-31T00:11:12.602275+00:00,participant_average,P06,all,,80,,,,,0.1060025389866831,0.20619870631675513,-0.7630245283511861,0.46436455566446566
2026-05-31T00:14:17.958962+00:00,epoch,P07,One,0,,-5.706844823372137e-06,-0.0005706844823372137,1.9144541718054215e-10,1.9144650972983016e-10,,,,
2026-05-31T00:14:17.958962+00:00,epoch,P07,One,1,,-4.5196104974110085e-06,-0.00045196104974110085,2.9160738614096953e-10,2.916087040927731e-10,,,,
2026-05-31T00:14:17.958962+00:00,epoch,P07,One,2,,-3.9717787292392615e-06,-0.00039717787292392615,9.94699643904164e-11,9.947035946310517e-11,,,,
2026-05-31T00:14:17.958962+00:00,epoch,P07,One,3,,-3.7618090729107934e-06,-0.00037618090729107934,2.414063967343541e-10,2.414073048591276e-10,,,,
2026-05-31T00:14:17.958962+00:00,epoch,P07,One,4,,9.14937062113097e-07,9.14937062113097e-05,1.7774830058919336e-10,1.7774813796068543e-10,,,,
2026-05-31T00:14:17.958962+00:00,epoch,P07,One,5,,-7.778496067922802e-06,-0.0007778496067922802,2.2954435348441153e-10,2.2954613899426252e-10,,,,
2026-05-31T00:14:17.958962+00:00,epoch,P07,One,6,,-1.0117277284837911e-06,-0.00010117277284837911,1.8913081914887456e-10,1.891310104977686e-10,,,,
2026-05-31T00:14:17.958962+00:00,epoch,P07,One,7,,-7.581760110397795e-06,-0.0007581760110397795,2.5230566618569605e-10,2.5230757910673154e-10,,,,
2026-05-31T00:14:17.958962+00:00,epoch,P07,One,8,,-9.296778137768413e-06,-0.0009296778137768413,1.1312015012443446e-10,1.1312120177737308e-10,,,,
2026-05-31T00:14:17.958962+00:00,epoch,P07,One,9,,1.2356643269706424e-06,0.00012356643269706424,9.143988712725033e-11,9.143977413824374e-11,,,,
2026-05-31T00:14:17.958962+00:00,epoch,P07,One,10,,3.2260267021078093e-06,0.00032260267021078093,1.2112433853142425e-10,1.2112394778107388e-10,,,,
2026-05-31T00:14:17.958962+00:00,epoch,P07,One,11,,2.636162244162854e-06,0.0002636162244162854,2.2394013212272856e-10,2.239395417802073e-10,,,,
2026-05-31T00:14:17.958962+00:00,epoch,P07,One,12,,-1.872828745419497e-06,-0.0001872828745419497,2.4460496668475495e-10,2.4460542478796785e-10,,,,
2026-05-31T00:14:17.958962+00:00,epoch,P07,One,13,,-2.1097122853142025e-06,-0.00021097122853142025,1.1352067962075514e-10,1.1352091911672757e-10,,,,
2026-05-31T00:14:17.958962+00:00,epoch,P07,One,14,,2.836128625394174e-06,0.0002836128625394174,1.22904240702985e-10,1.2290389213074976e-10,,,,
2026-05-31T00:14:17.958962+00:00,epoch,P07,One,15,,-6.803773999086715e-06,-0.0006803773999086715,2.7139023159170764e-10,2.7139207806950897e-10,,,,
2026-05-31T00:14:17.958962+00:00,epoch,P07,One,16,,9.624682940634344e-07,9.624682940634344e-05,1.445355803487072e-10,1.4453544123779374e-10,,,,
2026-05-31T00:14:17.958962+00:00,epoch,P07,One,17,,3.5580429463832886e-06,0.00035580429463832886,1.9290757570163438e-10,1.9290688932819535e-10,,,,
2026-05-31T00:14:17.958962+00:00,epoch,P07,One,18,,-9.782605252528498e-07,-9.782605252528498e-05,1.824443427523791e-10,1.8244452123047766e-10,,,,
2026-05-31T00:14:17.958962+00:00,epoch,P07,One,19,,-1.892335144138002e-07,-1.892335144138002e-05,1.4960307980887472e-10,1.4960310811879127e-10,,,,
2026-05-31T00:14:17.958962+00:00,epoch,P07,One,20,,6.228941707098201e-06,0.0006228941707098201,1.8520741675099429e-10,1.8520626310479163e-10,,,,
2026-05-31T00:14:17.958962+00:00,epoch,P07,One,21,,-1.0264775168522533e-05,-0.0010264775168522533,1.9501146179901254e-10,1.950134635478232e-10,,,,
2026-05-31T00:14:17.958962+00:00,epoch,P07,One,22,,-3.2162156387016694e-06,-0.00032162156387016694,2.6172059858878886e-10,2.61721440338671e-10,,,,
2026-05-31T00:14:17.958962+00:00,epoch,P07,One,23,,-2.5935704412116678e-05,-0.002593570441211668,2.4193770517422317e-10,2.419439799990307e-10,,,,
2026-05-31T00:14:17.958962+00:00,epoch,P07,One,24,,3.1230679859994837e-06,0.00031230679859994837,1.6261937806187915e-10,1.6261887019050562e-10,,,,
2026-05-31T00:14:17.958962+00:00,epoch,P07,One,25,,-4.311222872699361e-06,-0.00043112228726993607,2.2848626883800672e-10,2.2848725389323506e-10,,,,
2026-05-31T00:14:17.958962+00:00,epoch,P07,One,26,,9.001087004634201e-07,9.0010870046342e-05,2.1372082863018597e-10,2.1372063625820866e-10,,,,
2026-05-31T00:14:17.958962+00:00,epoch,P07,One,27,,-3.120552536373111e-07,-3.120552536373111e-05,1.2875533862808704e-10,1.287553788068669e-10,,,,
2026-05-31T00:14:17.958962+00:00,epoch,P07,One,28,,2.0660186439425132e-06,0.00020660186439425132,1.3024618228019306e-10,1.3024591318915217e-10,,,,
2026-05-31T00:14:17.958962+00:00,epoch,P07,One,29,,-5.988837210590958e-07,-5.988837210590958e-05,1.3963995384000224e-10,1.396400374680974e-10,,,,
2026-05-31T00:14:17.958962+00:00,epoch,P07,One,30,,-2.34548442357152e-06,-0.000234548442357152,1.87241174533165e-10,1.8724161370442335e-10,,,,
2026-05-31T00:14:17.958962+00:00,epoch,P07,One,31,,3.635599080675789e-07,3.635599080675789e-05,1.6771620527524447e-10,1.677161443003563e-10,,,,
2026-05-31T00:14:17.958962+00:00,epoch,P07,One,32,,4.928183723662549e-06,0.0004928183723662549,1.8931648568100204e-10,1.893155526945787e-10,,,,
2026-05-31T00:14:17.958962+00:00,epoch,P07,One,33,,-7.53346497917029e-06,-0.000753346497917029,2.6162900041559565e-10,2.6163097138850784e-10,,,,
2026-05-31T00:14:17.958962+00:00,epoch,P07,One,34,,4.2876074213271664e-07,4.2876074213271664e-05,1.5767564727069182e-10,1.5767557966556429e-10,,,,
2026-05-31T00:14:17.958962+00:00,epoch,P07,One,35,,-6.088783128355146e-06,-0.0006088783128355146,1.5012454246513355e-10,1.5012545654091487e-10,,,,
2026-05-31T00:14:17.958962+00:00,epoch,P07,One,36,,-5.743131621382958e-07,-5.7431316213829575e-05,2.12379096226729e-10,2.1237921819883933e-10,,,,
2026-05-31T00:14:17.958962+00:00,epoch,P07,One,37,,7.853485663900095e-06,0.0007853485663900095,1.3159837531815475e-10,1.3159734181220078e-10,,,,
2026-05-31T00:14:17.958962+00:00,epoch,P07,One,38,,1.1225063318964779e-05,0.0011225063318964779,1.8713249931181378e-10,1.8713039873765996e-10,,,,
2026-05-31T00:14:17.958962+00:00,epoch,P07,One,39,,-8.427012769818276e-07,-8.427012769818276e-05,1.108049612358616e-10,1.1080505461134394e-10,,,,
2026-05-31T00:17:18.198774+00:00,epoch,P07,Two,0,,-7.767097620181573e-06,-0.0007767097620181573,1.0783898024892671e-10,1.0783981784481357e-10,,,,
2026-05-31T00:17:18.198774+00:00,epoch,P07,Two,1,,4.866434377692741e-08,4.866434377692741e-06,8.013152207379168e-11,8.013151817424374e-11,,,,
2026-05-31T00:17:18.198774+00:00,epoch,P07,Two,2,,8.063509165490146e-06,0.0008063509165490146,2.3020640824341867e-10,2.3020455197193584e-10,,,,
2026-05-31T00:17:18.198774+00:00,epoch,P07,Two,3,,-2.8019020386071958e-06,-0.0002801902038607196,1.5256304916045175e-10,1.525634766271702e-10,,,,
2026-05-31T00:17:18.198774+00:00,epoch,P07,Two,4,,-4.551193940605103e-06,-0.0004551193940605103,2.307904055832453e-10,2.3079145595514075e-10,,,,
2026-05-31T00:17:18.198774+00:00,epoch,P07,Two,5,,-3.1823355448601376e-06,-0.00031823355448601376,1.1285722313233709e-10,1.1285758228188976e-10,,,,
2026-05-31T00:17:18.198774+00:00,epoch,P07,Two,6,,-9.358734606612629e-06,-0.0009358734606612629,2.6768823379785317e-10,2.676907390209906e-10,,,,
2026-05-31T00:17:18.198774+00:00,epoch,P07,Two,7,,-7.838563230722073e-06,-0.0007838563230722073,2.734982497999121e-10,2.7350039363323664e-10,,,,
2026-05-31T00:17:18.198774+00:00,epoch,P07,Two,8,,-3.862704451629284e-06,-0.0003862704451629284,2.0811946966792609e-10,2.0812027357192803e-10,,,,
2026-05-31T00:17:18.198774+00:00,epoch,P07,Two,9,,-2.7017795085626517e-06,-0.00027017795085626517,1.4726704478366535e-10,1.4726744266674925e-10,,,,
2026-05-31T00:17:18.198774+00:00,epoch,P07,Two,10,,-6.654218827062408e-07,-6.654218827062408e-05,1.8574216300988234e-10,1.8574228660678215e-10,,,,
2026-05-31T00:17:18.198774+00:00,epoch,P07,Two,11,,-4.6669271358545927e-07,-4.666927135854593e-05,1.0702635622813586e-10,1.0702640617655648e-10,,,,
2026-05-31T00:17:18.198774+00:00,epoch,P07,Two,12,,-3.621788307928142e-06,-0.0003621788307928142,1.6414670987253278e-10,1.641473043771674e-10,,,,
2026-05-31T00:17:18.198774+00:00,epoch,P07,Two,13,,-6.595881338888887e-07,-6.595881338888887e-05,1.0679700808349325e-10,1.067970785255325e-10,,,,
2026-05-31T00:17:18.198774+00:00,epoch,P07,Two,14,,-4.7574748940348854e-07,-4.7574748940348854e-05,1.389793793244707e-10,1.389794454435615e-10,,,,
2026-05-31T00:17:18.198774+00:00,epoch,P07,Two,15,,-2.656945742085526e-06,-0.0002656945742085526,9.35344997578697e-11,9.353474827396058e-11,,,,
2026-05-31T00:17:18.198774+00:00,epoch,P07,Two,16,,-3.0915300262002177e-06,-0.00030915300262002177,2.385585376760625e-10,2.385592751869447e-10,,,,
2026-05-31T00:17:18.198774+00:00,epoch,P07,Two,17,,-4.037677661106187e-06,-0.0004037677661106187,1.531762831234305e-10,1.531769015998871e-10,,,,
2026-05-31T00:17:18.198774+00:00,epoch,P07,Two,18,,9.633350683824204e-08,9.633350683824204e-06,1.1027796952111786e-10,1.1027795889765432e-10,,,,
2026-05-31T00:17:18.198774+00:00,epoch,P07,Two,19,,-1.2286292945251631e-06,-0.0001228629294525163,1.4875221270637095e-10,1.4875239546769712e-10,,,,
2026-05-31T00:17:18.198774+00:00,epoch,P07,Two,20,,8.431229151506514e-07,8.431229151506514e-05,3.3046803901759445e-10,3.3046776039241805e-10,,,,
2026-05-31T00:17:18.198774+00:00,epoch,P07,Two,21,,-1.8145169495831226e-06,-0.00018145169495831226,7.295679483554958e-11,7.29569272168904e-11,,,,
2026-05-31T00:17:18.198774+00:00,epoch,P07,Two,22,,-2.7206292500192575e-05,-0.0027206292500192575,1.8280470549173902e-10,1.8280967893002702e-10,,,,
2026-05-31T00:17:18.198774+00:00,epoch,P07,Two,23,,-3.607915857628541e-06,-0.0003607915857628541,3.551405987936734e-10,3.551418801110715e-10,,,,
2026-05-31T00:17:18.198774+00:00,epoch,P07,Two,24,,-1.2984037853769337e-06,-0.00012984037853769337,3.05933925666881e-10,3.0593432289264813e-10,,,,
2026-05-31T00:17:18.198774+00:00,epoch,P07,Two,25,,2.2476170413732177e-06,0.00022476170413732177,1.2262035982163601e-10,1.2262008421802566e-10,,,,
2026-05-31T00:17:18.198774+00:00,epoch,P07,Two,26,,-1.946774110250793e-05,-0.001946774110250793,3.1078264455902017e-10,3.1078869479508363e-10,,,,
2026-05-31T00:17:18.198774+00:00,epoch,P07,Two,27,,-4.162795729234503e-06,-0.0004162795729234503,3.3984101109030096e-10,3.3984242577901056e-10,,,,
2026-05-31T00:17:18.198774+00:00,epoch,P07,Two,28,,-4.049484283008553e-06,-0.0004049484283008553,1.499332294332073e-10,1.499338365854634e-10,,,,
2026-05-31T00:17:18.198774+00:00,epoch,P07,Two,29,,-1.039463055851897e-06,-0.00010394630558518969,1.1734553628966802e-10,1.1734565826601777e-10,,,,
2026-05-31T00:17:18.198774+00:00,epoch,P07,Two,30,,1.812914890209072e-06,0.0001812914890209072,1.0881786586276991e-10,1.0881766858524056e-10,,,,
2026-05-31T00:17:18.198774+00:00,epoch,P07,Two,31,,-7.036637314827843e-06,-0.0007036637314827843,2.8201257748484677e-10,2.8201456190507273e-10,,,,
2026-05-31T00:17:18.198774+00:00,epoch,P07,Two,32,,-7.0971719907664266e-06,-0.0007097171990766427,2.194114087208776e-10,2.19412965921382e-10,,,,
2026-05-31T00:17:18.198774+00:00,epoch,P07,Two,33,,-1.995716515379442e-06,-0.0001995716515379442,2.0979326682225679e-10,2.0979368551014419e-10,,,,
2026-05-31T00:17:18.198774+00:00,epoch,P07,Two,34,,-2.220855188639348e-07,-2.220855188639348e-05,9.831313033742798e-11,9.831315217135053e-11,,,,
2026-05-31T00:17:18.198774+00:00,epoch,P07,Two,35,,-4.448874370455158e-06,-0.0004448874370455158,2.0281296928569546e-10,2.0281387157511651e-10,,,,
2026-05-31T00:17:18.198774+00:00,epoch,P07,Two,36,,5.24116145672604e-06,0.000524116145672604,1.988301949689297e-10,1.9882915286777538e-10,,,,
2026-05-31T00:17:18.198774+00:00,epoch,P07,Two,37,,5.458864427154708e-07,5.458864427154708e-05,1.1914491228484924e-10,1.191448472452569e-10,,,,
2026-05-31T00:17:18.198774+00:00,epoch,P07,Two,38,,-8.174619510192827e-07,-8.174619510192827e-05,1.517644156321985e-10,1.517645396938338e-10,,,,
2026-05-31T00:17:18.198774+00:00,epoch,P07,Two,39,,1.0663410501710047e-05,0.0010663410501710047,2.503377531112721e-10,2.503350836570466e-10,,,,
2026-05-31T00:17:18.202523+00:00,participant_condition_average,P07,One,,40,,,,,-1.627989941963004e-06,6.026268697353255e-06,-2.5935704412116678e-05,1.1225063318964779e-05
2026-05-31T00:17:18.202523+00:00,participant_condition_average,P07,Two,,40,,,,,-2.8417568213479074e-06,6.1400857781970315e-06,-2.7206292500192575e-05,1.0663410501710047e-05
2026-05-31T00:17:18.202523+00:00,participant_average,P07,all,,80,,,,,-2.2348733816554556e-06,6.113639783102331e-06,-2.7206292500192575e-05,1.1225063318964779e-05
2026-05-31T00:19:57.225385+00:00,epoch,P08,One,0,,0.29166499594155915,29.166499594155916,1.4231028393627618e-10,1.0080335554956007e-10,,,,
2026-05-31T00:19:57.225385+00:00,epoch,P08,One,1,,0.44055821066126255,44.055821066126256,2.3422284476502627e-10,1.3103404737935563e-10,,,,
2026-05-31T00:19:57.225385+00:00,epoch,P08,One,2,,0.4143170755605188,41.431707556051876,4.0823708078638365e-10,2.390974873396059e-10,,,,
2026-05-31T00:19:57.225385+00:00,epoch,P08,One,3,,0.12845870370848267,12.845870370848267,3.097957094322752e-10,2.6999975418415537e-10,,,,
2026-05-31T00:19:57.225385+00:00,epoch,P08,One,4,,0.3375316902515355,33.753169025153554,1.6492861299676987e-10,1.0925997948112878e-10,,,,
2026-05-31T00:19:57.225385+00:00,epoch,P08,One,5,,0.1604000765978234,16.04000765978234,2.4793825327215614e-10,2.0816893845577175e-10,,,,
2026-05-31T00:19:57.225385+00:00,epoch,P08,One,6,,-0.09243448849636149,-9.243448849636149,5.593587808744673e-10,6.110628236705471e-10,,,,
2026-05-31T00:19:57.225385+00:00,epoch,P08,One,7,,0.16309125650593304,16.3091256505933,2.1541209357071908e-10,1.8028026456369688e-10,,,,
2026-05-31T00:19:57.225385+00:00,epoch,P08,One,8,,-0.15226036054170922,-15.226036054170923,6.547021131583185e-10,7.543872929552229e-10,,,,
2026-05-31T00:19:57.225385+00:00,epoch,P08,One,9,,0.32202882556468515,32.202882556468516,1.272085702597414e-08,8.624374377723414e-09,,,,
2026-05-31T00:19:57.225385+00:00,epoch,P08,One,10,,0.357166019122103,35.7166019122103,4.515011665752772e-10,2.9024029228059994e-10,,,,
2026-05-31T00:19:57.225385+00:00,epoch,P08,One,11,,0.2521139394999823,25.21139394999823,2.96385909174473e-10,2.2166289000021268e-10,,,,
2026-05-31T00:19:57.225385+00:00,epoch,P08,One,12,,0.09274436046189571,9.274436046189571,9.325958414803226e-10,8.461028365928066e-10,,,,
2026-05-31T00:19:57.225385+00:00,epoch,P08,One,13,,0.07768167387223479,7.768167387223479,2.513188495487818e-10,2.3179598064018806e-10,,,,
2026-05-31T00:19:57.225385+00:00,epoch,P08,One,14,,0.05745716439072379,5.745716439072379,6.658802459230008e-10,6.276206551684674e-10,,,,
2026-05-31T00:19:57.225385+00:00,epoch,P08,One,15,,0.2940990947489446,29.40990947489446,2.532616811283858e-09,1.7877764997393166e-09,,,,
2026-05-31T00:19:57.225385+00:00,epoch,P08,One,16,,0.3346431307281056,33.46431307281056,1.743256055574759e-10,1.1598873914764932e-10,,,,
2026-05-31T00:19:57.225385+00:00,epoch,P08,One,17,,0.4224092506972086,42.24092506972086,2.8373328501079395e-10,1.6388172069152696e-10,,,,
2026-05-31T00:19:57.225385+00:00,epoch,P08,One,18,,0.2123955437378271,21.23955437378271,1.449448290456565e-10,1.1415919326851789e-10,,,,
2026-05-31T00:19:57.225385+00:00,epoch,P08,One,19,,0.15135804175696976,15.135804175696975,1.1761047036871893e-10,9.980917988359352e-11,,,,
2026-05-31T00:19:57.225385+00:00,epoch,P08,One,20,,0.35184265717055196,35.1842657170552,2.5116675096526003e-10,1.6279557391274864e-10,,,,
2026-05-31T00:19:57.225385+00:00,epoch,P08,One,21,,0.3132146835007682,31.32146835007682,2.233821417602416e-10,1.5341557492908377e-10,,,,
2026-05-31T00:19:57.225385+00:00,epoch,P08,One,22,,0.14209857802478243,14.209857802478243,2.0887004367477249e-10,1.791899074766131e-10,,,,
2026-05-31T00:19:57.225385+00:00,epoch,P08,One,23,,0.15578028848674053,15.578028848674052,2.071863595294994e-10,1.7491080867147645e-10,,,,
2026-05-31T00:19:57.225385+00:00,epoch,P08,One,24,,0.15405372007391027,15.405372007391026,1.688263365895057e-10,1.4281801139144223e-10,,,,
2026-05-31T00:19:57.225385+00:00,epoch,P08,One,25,,0.19952288823287978,19.95228882328798,2.098958587157772e-10,1.6801683075668484e-10,,,,
2026-05-31T00:19:57.225385+00:00,epoch,P08,One,26,,0.2276362840216839,22.76362840216839,1.1587165704280324e-10,8.949506361014454e-11,,,,
2026-05-31T00:19:57.225385+00:00,epoch,P08,One,27,,0.14417825223961567,14.417825223961566,1.7326446131701445e-10,1.482834941090888e-10,,,,
2026-05-31T00:19:57.225385+00:00,epoch,P08,One,28,,-0.06955518490913981,-6.955518490913981,1.7204944740665578e-10,1.8401637853454106e-10,,,,
2026-05-31T00:19:57.225385+00:00,epoch,P08,One,29,,0.20452263462253295,20.452263462253296,1.309950152768647e-10,1.0420356963002139e-10,,,,
2026-05-31T00:19:57.225385+00:00,epoch,P08,One,30,,0.2481936244723586,24.81936244723586,1.8073396870057216e-10,1.3587694994350334e-10,,,,
2026-05-31T00:19:57.225385+00:00,epoch,P08,One,31,,0.434336986737916,43.433698673791596,1.8315509669286277e-10,1.0360406388959312e-10,,,,
2026-05-31T00:19:57.225385+00:00,epoch,P08,One,32,,0.29413632322680483,29.413632322680485,2.0532515033944146e-10,1.4493156555260721e-10,,,,
2026-05-31T00:19:57.225385+00:00,epoch,P08,One,33,,0.37685211905052574,37.685211905052576,2.102122308776615e-10,1.3099330622107641e-10,,,,
2026-05-31T00:19:57.225385+00:00,epoch,P08,One,34,,0.12374886836196808,12.374886836196808,1.243132309748283e-10,1.0892960931927333e-10,,,,
2026-05-31T00:19:57.225385+00:00,epoch,P08,One,35,,0.25383292475805075,25.383292475805074,1.0847135125903929e-10,8.093775091649947e-11,,,,
2026-05-31T00:22:20.030148+00:00,epoch,P08,Two,0,,0.3018155377136872,30.18155377136872,2.2007597030345833e-10,1.536536229884586e-10,,,,
2026-05-31T00:22:20.030148+00:00,epoch,P08,Two,1,,0.36038405087676073,36.038405087676075,2.756884015732304e-10,1.7633469863453047e-10,,,,
2026-05-31T00:22:20.030148+00:00,epoch,P08,Two,2,,0.3872760477506939,38.72760477506939,1.676134425333712e-10,1.0270077095915914e-10,,,,
2026-05-31T00:22:20.030148+00:00,epoch,P08,Two,3,,0.13336137288628314,13.336137288628313,2.032829605705369e-10,1.7617286586446192e-10,,,,
2026-05-31T00:22:20.030148+00:00,epoch,P08,Two,4,,0.1321885045213933,13.21885045213933,2.6735383417042013e-10,2.320127306533717e-10,,,,
2026-05-31T00:22:20.030148+00:00,epoch,P08,Two,5,,0.18559423036887357,18.559423036887356,3.1339458038226924e-10,2.552303544344459e-10,,,,
2026-05-31T00:22:20.030148+00:00,epoch,P08,Two,6,,0.5299150136745385,52.99150136745385,7.162812993325993e-10,3.3671308480194867e-10,,,,
2026-05-31T00:22:20.030148+00:00,epoch,P08,Two,7,,0.31171306371997076,31.171306371997076,1.6298444088952286e-10,1.1218006148116322e-10,,,,
2026-05-31T00:22:20.030148+00:00,epoch,P08,Two,8,,0.06425666638221883,6.425666638221883,2.411464515032512e-10,2.2565118441975087e-10,,,,
2026-05-31T00:22:20.030148+00:00,epoch,P08,Two,9,,0.19196223836553006,19.196223836553006,4.813511393223478e-10,3.889498971782318e-10,,,,
2026-05-31T00:22:20.030148+00:00,epoch,P08,Two,10,,0.3358006838378469,33.58006838378469,2.063114993745854e-10,1.370319568009881e-10,,,,
2026-05-31T00:22:20.030148+00:00,epoch,P08,Two,11,,0.52401519824784,52.401519824784,2.0105914679014416e-10,9.57010981253652e-11,,,,
2026-05-31T00:22:20.030148+00:00,epoch,P08,Two,12,,0.27172474081489617,27.172474081489618,9.184127774681396e-10,6.688573035495205e-10,,,,
2026-05-31T00:22:20.030148+00:00,epoch,P08,Two,13,,-0.3201355850064629,-32.01355850064629,1.963390429633853e-10,2.591941573420777e-10,,,,
2026-05-31T00:22:20.030148+00:00,epoch,P08,Two,14,,0.197563208400527,19.756320840052698,1.399984497881111e-10,1.1233990687687179e-10,,,,
2026-05-31T00:22:20.030148+00:00,epoch,P08,Two,15,,-0.05403360890733255,-5.403360890733255,1.4939344997833857e-10,1.5746571722778525e-10,,,,
2026-05-31T00:22:20.030148+00:00,epoch,P08,Two,16,,0.24846061082827686,24.846061082827685,4.68916228092704e-10,3.524090156334992e-10,,,,
2026-05-31T00:22:20.030148+00:00,epoch,P08,Two,17,,0.00870803869339365,0.8708038693393649,1.6195999495397162e-10,1.605496410511306e-10,,,,
2026-05-31T00:22:20.030148+00:00,epoch,P08,Two,18,,0.23496344276246484,23.496344276246482,1.3262951967450088e-10,1.0146643111984809e-10,,,,
2026-05-31T00:22:20.030148+00:00,epoch,P08,Two,19,,0.23968168481741092,23.968168481741092,1.5626852624200211e-10,1.1881382258838525e-10,,,,
2026-05-31T00:22:20.030148+00:00,epoch,P08,Two,20,,0.24666629721589595,24.666629721589594,2.0098080968769804e-10,1.514056175505809e-10,,,,
2026-05-31T00:22:20.030148+00:00,epoch,P08,Two,21,,0.18823605823693124,18.823605823693125,1.4225513271117638e-10,1.15477587265653e-10,,,,
2026-05-31T00:22:20.030148+00:00,epoch,P08,Two,22,,0.30554519059018315,30.554519059018315,2.365492296316866e-10,1.6427275017991193e-10,,,,
2026-05-31T00:22:20.030148+00:00,epoch,P08,Two,23,,0.19807978670993331,19.807978670993332,2.0725774192537693e-10,1.6620417261081587e-10,,,,
2026-05-31T00:22:20.030148+00:00,epoch,P08,Two,24,,0.14493903953530174,14.493903953530173,1.966982649124722e-10,1.6818900731779813e-10,,,,
2026-05-31T00:22:20.030148+00:00,epoch,P08,Two,25,,0.23884735935386037,23.884735935386036,1.4055762314281918e-10,1.0698580601810177e-10,,,,
2026-05-31T00:22:20.030148+00:00,epoch,P08,Two,26,,0.4232361361882826,42.32361361882826,1.891579336603438e-10,1.0909946068858042e-10,,,,
2026-05-31T00:22:20.030148+00:00,epoch,P08,Two,27,,0.1666132863860268,16.66132863860268,2.1450747405774545e-10,1.787676788506191e-10,,,,
2026-05-31T00:22:20.030148+00:00,epoch,P08,Two,28,,0.24191956661347525,24.191956661347525,1.6064403509059885e-10,1.2178109974244127e-10,,,,
2026-05-31T00:22:20.030148+00:00,epoch,P08,Two,29,,0.2423944391480709,24.23944391480709,1.865686262277063e-10,1.4134542871061536e-10,,,,
2026-05-31T00:22:20.030148+00:00,epoch,P08,Two,30,,-0.08612127166251904,-8.612127166251904,1.9132346896502525e-10,2.0780048941117772e-10,,,,
2026-05-31T00:22:20.030148+00:00,epoch,P08,Two,31,,0.43255495274831934,43.25549527483194,1.9928776528961675e-10,1.1308485539144843e-10,,,,
2026-05-31T00:22:20.030148+00:00,epoch,P08,Two,32,,0.3817278608958903,38.172786089589025,3.6233407825041556e-10,2.240210656302003e-10,,,,
2026-05-31T00:22:20.035152+00:00,participant_condition_average,P08,One,,36,,,,,0.21721721813449094,0.14260484381155353,-0.15226036054170922,0.44055821066126255
2026-05-31T00:22:20.035152+00:00,participant_condition_average,P08,Two,,33,,,,,0.2245410255366201,0.16942101354127184,-0.3201355850064629,0.5299150136745385
2026-05-31T00:22:20.035152+00:00,participant_average,P08,all,,69,,,,,0.22071990863116145,0.15604901852945238,-0.3201355850064629,0.5299150136745385
2026-05-31T00:25:09.283753+00:00,epoch,P10,One,0,,0.11955234429179262,11.955234429179262,1.429628380007073e-10,1.2587129557111497e-10,,,,
2026-05-31T00:25:09.283753+00:00,epoch,P10,One,1,,-0.21840029380536885,-21.840029380536883,1.191339488970023e-10,1.451528383383014e-10,,,,
2026-05-31T00:25:09.283753+00:00,epoch,P10,One,2,,0.37272062371578984,37.27206237157898,6.908711271904653e-11,4.333692097568043e-11,,,,
2026-05-31T00:25:09.283753+00:00,epoch,P10,One,3,,0.1685140114234165,16.85140114234165,2.1693389992854963e-10,1.8037749823786374e-10,,,,
2026-05-31T00:25:09.283753+00:00,epoch,P10,One,4,,0.1390128355137631,13.90128355137631,1.2734641219702041e-10,1.0964362634500814e-10,,,,
2026-05-31T00:25:09.283753+00:00,epoch,P10,One,5,,0.36111480816498476,36.11148081649848,2.473656356456433e-10,1.580382415828573e-10,,,,
2026-05-31T00:25:09.283753+00:00,epoch,P10,One,6,,0.15328120359151998,15.328120359151997,1.9678169107808737e-10,1.6661875662486347e-10,,,,
2026-05-31T00:25:09.283753+00:00,epoch,P10,One,7,,0.09931682476717618,9.931682476717619,2.067478182683057e-10,1.862142814303564e-10,,,,
2026-05-31T00:25:09.283753+00:00,epoch,P10,One,8,,0.0973239434739348,9.73239434739348,1.2000856993209671e-10,1.0832886265563758e-10,,,,
2026-05-31T00:25:09.283753+00:00,epoch,P10,One,9,,0.2692625636677347,26.926256366773472,1.1400467790091783e-10,8.330748605920235e-11,,,,
2026-05-31T00:25:09.283753+00:00,epoch,P10,One,10,,0.22588093791606167,22.588093791606166,9.551685981843544e-11,7.394142193585026e-11,,,,
2026-05-31T00:25:09.283753+00:00,epoch,P10,One,11,,-0.3041137070085298,-30.41137070085298,1.438156676393111e-10,1.8755198345100865e-10,,,,
2026-05-31T00:25:09.283753+00:00,epoch,P10,One,12,,0.5415488433388764,54.154884333887644,1.2342583195205189e-10,5.6584715420279646e-11,,,,
2026-05-31T00:25:09.283753+00:00,epoch,P10,One,13,,0.06375268082689667,6.375268082689667,2.5055793725455817e-10,2.345841970521227e-10,,,,
2026-05-31T00:25:09.283753+00:00,epoch,P10,One,14,,0.20503027142695907,20.503027142695906,1.1194552976614642e-10,8.89933074131587e-11,,,,
2026-05-31T00:25:09.283753+00:00,epoch,P10,One,15,,0.3570681406087963,35.70681406087963,1.9045136095601783e-10,1.2244724762303784e-10,,,,
2026-05-31T00:25:09.283753+00:00,epoch,P10,One,16,,0.056716470689370024,5.671647068937002,3.526294589324212e-10,3.326295605606721e-10,,,,
2026-05-31T00:25:09.283753+00:00,epoch,P10,One,17,,-0.1628697360133189,-16.286973601331887,1.4350164643977786e-10,1.668737217129011e-10,,,,
2026-05-31T00:25:09.283753+00:00,epoch,P10,One,18,,0.30710032408409127,30.710032408409127,4.880827552037491e-10,3.3819238290082155e-10,,,,
2026-05-31T00:25:09.283753+00:00,epoch,P10,One,19,,0.313188534295995,31.318853429599503,1.549357211754467e-10,1.0641162975041559e-10,,,,
2026-05-31T00:25:09.283753+00:00,epoch,P10,One,20,,0.30305798872396794,30.305798872396792,1.738368125885505e-10,1.2115417779927903e-10,,,,
2026-05-31T00:25:09.283753+00:00,epoch,P10,One,21,,0.23160164661539073,23.160164661539074,1.0740593354545156e-10,8.253054248006175e-11,,,,
2026-05-31T00:25:09.283753+00:00,epoch,P10,One,22,,0.2857853394648532,28.57853394648532,8.366142584552403e-11,5.97522168601473e-11,,,,
2026-05-31T00:25:09.283753+00:00,epoch,P10,One,23,,0.3229848919173426,32.29848919173426,1.9785903605599505e-10,1.339535566805799e-10,,,,
2026-05-31T00:25:09.283753+00:00,epoch,P10,One,24,,0.10050545445016834,10.050545445016834,2.371379050477048e-10,2.1330425213352435e-10,,,,
2026-05-31T00:25:09.283753+00:00,epoch,P10,One,25,,0.34437099504869984,34.437099504869984,3.7489201543629995e-10,2.457900790446888e-10,,,,
2026-05-31T00:25:09.283753+00:00,epoch,P10,One,26,,0.03280205488173005,3.2802054881730047,2.3505478075440704e-10,2.2734450093588796e-10,,,,
2026-05-31T00:25:09.283753+00:00,epoch,P10,One,27,,0.09831642178024202,9.831642178024202,1.4371672295336237e-10,1.295870090026054e-10,,,,
2026-05-31T00:25:09.283753+00:00,epoch,P10,One,28,,0.28055816299588165,28.055816299588166,7.072584595258808e-11,5.088313253580026e-11,,,,
2026-05-31T00:25:09.283753+00:00,epoch,P10,One,29,,0.22484834653332997,22.484834653332996,8.195514076587276e-11,6.352766287475996e-11,,,,
2026-05-31T00:25:09.283753+00:00,epoch,P10,One,30,,-0.024914713941767364,-2.4914713941767364,1.3822941313345364e-10,1.4167335942001201e-10,,,,
2026-05-31T00:25:09.283753+00:00,epoch,P10,One,31,,0.2990359672247782,29.903596722477822,8.697181756011786e-11,6.096411597473107e-11,,,,
2026-05-31T00:25:09.283753+00:00,epoch,P10,One,32,,0.1949936379024888,19.49936379024888,1.5168954130745487e-10,1.221110458161544e-10,,,,
2026-05-31T00:25:09.283753+00:00,epoch,P10,One,33,,0.019501975924143156,1.9501975924143156,9.358191978942665e-11,9.175688744275815e-11,,,,
2026-05-31T00:25:09.283753+00:00,epoch,P10,One,34,,0.3211648096416978,32.11648096416978,2.5827929445262334e-10,1.7532907401535454e-10,,,,
2026-05-31T00:25:09.283753+00:00,epoch,P10,One,35,,0.12591408818882677,12.591408818882677,3.1467779875382714e-10,2.7505543065047187e-10,,,,
2026-05-31T00:25:09.283753+00:00,epoch,P10,One,36,,0.20395342878303468,20.395342878303467,1.4427487919099423e-10,1.1484952289273286e-10,,,,
2026-05-31T00:25:09.283753+00:00,epoch,P10,One,37,,0.128566691923663,12.856669192366299,1.8038999205007992e-10,1.5719784751606528e-10,,,,
2026-05-31T00:25:09.283753+00:00,epoch,P10,One,38,,0.35232721404630607,35.23272140463061,4.2710439763722756e-10,2.766238951107775e-10,,,,
2026-05-31T00:25:09.283753+00:00,epoch,P10,One,39,,0.11033547447025249,11.03354744702525,7.542359439444054e-11,6.710169632067806e-11,,,,
2026-05-31T00:28:02.723995+00:00,epoch,P10,Two,0,,0.12407598511060047,12.407598511060048,1.906999715838088e-10,1.670386847489842e-10,,,,
2026-05-31T00:28:02.723995+00:00,epoch,P10,Two,1,,0.029426825842592375,2.9426825842592375,5.076260845018139e-10,4.926882601200219e-10,,,,
2026-05-31T00:28:02.723995+00:00,epoch,P10,Two,2,,0.46941451508561716,46.94145150856171,1.347550394903295e-10,7.149906797263329e-11,,,,
2026-05-31T00:28:02.723995+00:00,epoch,P10,Two,3,,0.31203131820818597,31.203131820818598,5.7493876246563995e-11,3.955398625245032e-11,,,,
2026-05-31T00:28:02.723995+00:00,epoch,P10,Two,4,,0.34575354020746907,34.57535402074691,7.149289998773089e-11,4.6773976717274415e-11,,,,
2026-05-31T00:28:02.723995+00:00,epoch,P10,Two,5,,0.17291055331156735,17.291055331156734,1.4310919649491e-10,1.183641061450013e-10,,,,
2026-05-31T00:28:02.723995+00:00,epoch,P10,Two,6,,0.16701890014686482,16.701890014686484,1.710140378638982e-10,1.4245146135019562e-10,,,,
2026-05-31T00:28:02.723995+00:00,epoch,P10,Two,7,,0.18655529158119388,18.65552915811939,1.2449445525776713e-10,1.0126935585691248e-10,,,,
2026-05-31T00:28:02.723995+00:00,epoch,P10,Two,8,,0.42886160869713374,42.88616086971337,1.625065890858836e-10,9.281375186662749e-11,,,,
2026-05-31T00:28:02.723995+00:00,epoch,P10,Two,9,,0.08709737513200833,8.709737513200832,1.7849273992711704e-10,1.6294649079934492e-10,,,,
2026-05-31T00:28:02.723995+00:00,epoch,P10,Two,10,,0.18374485885108716,18.374485885108715,1.1458678474840389e-10,9.353205215860852e-11,,,,
2026-05-31T00:28:02.723995+00:00,epoch,P10,Two,11,,0.3166125149335761,31.66125149335761,1.4127684578583312e-10,9.65468283396975e-11,,,,
2026-05-31T00:28:02.723995+00:00,epoch,P10,Two,12,,0.12718116775631572,12.718116775631572,1.0154582298702473e-10,8.86311066387588e-11,,,,
2026-05-31T00:28:02.723995+00:00,epoch,P10,Two,13,,0.16092274624475955,16.092274624475955,7.588069376545096e-11,6.366976413775698e-11,,,,
2026-05-31T00:28:02.723995+00:00,epoch,P10,Two,14,,0.10721531752465996,10.721531752465996,2.0583563865604326e-10,1.837669052996444e-10,,,,
2026-05-31T00:28:02.723995+00:00,epoch,P10,Two,15,,0.11761312005812319,11.761312005812318,1.4300871785006222e-10,1.2618901634820458e-10,,,,
2026-05-31T00:28:02.723995+00:00,epoch,P10,Two,16,,0.21799401377821637,21.79940137782164,1.8539446248378537e-10,1.4497957947469005e-10,,,,
2026-05-31T00:28:02.723995+00:00,epoch,P10,Two,17,,0.4994866418624748,49.948664186247484,2.0774042932223545e-10,1.0397685990100328e-10,,,,
2026-05-31T00:28:02.723995+00:00,epoch,P10,Two,18,,0.16530247565054546,16.530247565054545,5.130551985761928e-10,4.2824590410616595e-10,,,,
2026-05-31T00:28:02.723995+00:00,epoch,P10,Two,19,,0.10414588153473558,10.41458815347356,1.9842555989877191e-10,1.7776035504409084e-10,,,,
2026-05-31T00:28:02.723995+00:00,epoch,P10,Two,20,,0.11472910228517508,11.472910228517508,1.74511254765944e-10,1.5448973516798778e-10,,,,
2026-05-31T00:28:02.723995+00:00,epoch,P10,Two,21,,0.26589290892373696,26.589290892373697,1.0390448175123744e-10,7.627701684818758e-11,,,,
2026-05-31T00:28:02.723995+00:00,epoch,P10,Two,22,,0.0875872818032507,8.75872818032507,2.1989621250681808e-10,2.006361009745159e-10,,,,
2026-05-31T00:28:02.723995+00:00,epoch,P10,Two,23,,0.3425285152524218,34.25285152524218,1.0897757750175959e-10,7.164964968427616e-11,,,,
2026-05-31T00:28:02.723995+00:00,epoch,P10,Two,24,,0.14835090479816815,14.835090479816815,1.7072222969215035e-10,1.4539543244815915e-10,,,,
2026-05-31T00:28:02.723995+00:00,epoch,P10,Two,25,,0.29769005429378326,29.769005429378325,8.642384884310268e-11,6.069632858872173e-11,,,,
2026-05-31T00:28:02.723995+00:00,epoch,P10,Two,26,,0.11382575219610147,11.382575219610146,5.913844699975438e-11,5.240696878629806e-11,,,,
2026-05-31T00:28:02.723995+00:00,epoch,P10,Two,27,,0.13588041920687643,13.588041920687644,2.0224135240431748e-10,1.7476071265865318e-10,,,,
2026-05-31T00:28:02.723995+00:00,epoch,P10,Two,28,,0.15478384344714036,15.478384344714035,2.3767596353649025e-10,2.008875644053099e-10,,,,
2026-05-31T00:28:02.723995+00:00,epoch,P10,Two,29,,0.31700613267255695,31.700613267255694,1.8594314809940598e-10,1.269980298234528e-10,,,,
2026-05-31T00:28:02.723995+00:00,epoch,P10,Two,30,,0.09222629365890189,9.222629365890189,3.3302115646576537e-10,3.0230784949492657e-10,,,,
2026-05-31T00:28:02.723995+00:00,epoch,P10,Two,31,,0.27653138921910014,27.653138921910013,1.0908048240145768e-10,7.891630506629298e-11,,,,
2026-05-31T00:28:02.723995+00:00,epoch,P10,Two,32,,0.41623233625485,41.623233625485,1.2098806370756124e-10,7.062891929161239e-11,,,,
2026-05-31T00:28:02.723995+00:00,epoch,P10,Two,33,,0.21033027092421264,21.033027092421264,1.2150909745954437e-10,9.595205607112184e-11,,,,
2026-05-31T00:28:02.723995+00:00,epoch,P10,Two,34,,0.23991730209273954,23.991730209273953,1.0943250243289033e-10,8.317775168793413e-11,,,,
2026-05-31T00:28:02.723995+00:00,epoch,P10,Two,35,,-0.020698083526172306,-2.0698083526172306,1.3993093003339432e-10,1.428272321111205e-10,,,,
2026-05-31T00:28:02.723995+00:00,epoch,P10,Two,36,,0.27006040645416973,27.006040645416974,1.1970043891309704e-10,8.737408972748354e-11,,,,
2026-05-31T00:28:02.723995+00:00,epoch,P10,Two,37,,0.04141386177685713,4.141386177685713,2.9300192162535375e-10,2.808675805428078e-10,,,,
2026-05-31T00:28:02.723995+00:00,epoch,P10,Two,38,,0.1669743092556012,16.69743092556012,1.1494256611181446e-10,9.575011053122797e-11,,,,
2026-05-31T00:28:02.723995+00:00,epoch,P10,Two,39,,0.13851487077209135,13.851487077209136,2.4322963335883786e-10,2.0953871212619528e-10,,,,
2026-05-31T00:28:02.727998+00:00,participant_condition_average,P10,One,,40,,,,,0.1780177875386243,0.1659324376912313,-0.3041137070085298,0.5415488433388764
2026-05-31T00:28:02.727998+00:00,participant_condition_average,P10,Two,,40,,,,,0.20332856308198224,0.12021152440308423,-0.020698083526172306,0.4994866418624748
2026-05-31T00:28:02.727998+00:00,participant_average,P10,all,,80,,,,,0.19067317531030326,0.1454384786718611,-0.3041137070085298,0.5415488433388764
2026-05-31T00:31:02.084107+00:00,epoch,P11,One,0,,-0.33952386612008567,-33.95238661200857,6.498941557487545e-11,8.705487320774207e-11,,,,
2026-05-31T00:31:02.084107+00:00,epoch,P11,One,1,,0.19655336993316552,19.655336993316553,7.973263680370506e-11,6.40609183462797e-11,,,,
2026-05-31T00:31:02.084107+00:00,epoch,P11,One,2,,-0.13310065792072145,-13.310065792072145,1.4441512692373753e-10,1.636368753309915e-10,,,,
2026-05-31T00:31:02.084107+00:00,epoch,P11,One,3,,0.2042834380028421,20.42834380028421,9.190922721183751e-11,7.313369429281897e-11,,,,
2026-05-31T00:31:02.084107+00:00,epoch,P11,One,4,,0.12387489761649562,12.387489761649562,1.154173883737773e-10,1.0112007120581232e-10,,,,
2026-05-31T00:31:02.084107+00:00,epoch,P11,One,5,,0.18042819973197133,18.042819973197133,1.8419647188471204e-10,1.5096223406557278e-10,,,,
2026-05-31T00:31:02.084107+00:00,epoch,P11,One,6,,0.2769206412653985,27.69206412653985,5.526383943108659e-11,3.9960141577042075e-11,,,,
2026-05-31T00:31:02.084107+00:00,epoch,P11,One,7,,0.27263473250550474,27.263473250550476,6.421484708615049e-11,4.6707649427935963e-11,,,,
2026-05-31T00:31:02.084107+00:00,epoch,P11,One,8,,0.3077847191187675,30.77847191187675,8.956904650070643e-11,6.200106268175068e-11,,,,
2026-05-31T00:31:02.084107+00:00,epoch,P11,One,9,,0.06826025247702883,6.826025247702883,6.990587822386353e-11,6.513408532667417e-11,,,,
2026-05-31T00:31:02.084107+00:00,epoch,P11,One,10,,-0.16547542983854058,-16.547542983854058,1.1741049873696532e-10,1.3683905148302208e-10,,,,
2026-05-31T00:31:02.084107+00:00,epoch,P11,One,11,,0.4162391024299683,41.62391024299683,9.715597258578882e-11,5.6715857760969475e-11,,,,
2026-05-31T00:31:02.084107+00:00,epoch,P11,One,12,,0.3307241482900888,33.07241482900888,5.980939584690673e-11,4.002898434569373e-11,,,,
2026-05-31T00:31:02.084107+00:00,epoch,P11,One,13,,0.15099400225263115,15.099400225263116,7.464521591990856e-11,6.337423601914975e-11,,,,
2026-05-31T00:31:02.084107+00:00,epoch,P11,One,14,,-0.09836347093483977,-9.836347093483976,1.6001629348498331e-10,1.7575605151829426e-10,,,,
2026-05-31T00:31:02.084107+00:00,epoch,P11,One,15,,0.35462975746754344,35.462975746754346,1.406504173144314e-10,9.077159393450583e-11,,,,
2026-05-31T00:31:02.084107+00:00,epoch,P11,One,16,,0.07310941129914994,7.310941129914994,2.9897685768895317e-10,2.7711883563124407e-10,,,,
2026-05-31T00:31:02.084107+00:00,epoch,P11,One,17,,0.02395004247716037,2.395004247716037,1.2248389610358235e-10,1.1955040158913345e-10,,,,
2026-05-31T00:31:02.084107+00:00,epoch,P11,One,18,,0.06196938216013759,6.196938216013759,1.8715182257205463e-09,1.7555413975712072e-09,,,,
2026-05-31T00:31:02.084107+00:00,epoch,P11,One,19,,0.13826514351718566,13.826514351718567,2.019534315604877e-10,1.7403031136198874e-10,,,,
2026-05-31T00:31:02.084107+00:00,epoch,P11,One,20,,0.18121864502238072,18.121864502238072,3.5353737471030847e-10,2.894698107005367e-10,,,,
2026-05-31T00:31:02.084107+00:00,epoch,P11,One,21,,0.2888222128882947,28.88222128882947,1.704844974738834e-10,1.212447876503275e-10,,,,
2026-05-31T00:31:02.084107+00:00,epoch,P11,One,22,,0.0949328825149115,9.49328825149115,1.55675122809382e-10,1.408964346652245e-10,,,,
2026-05-31T00:31:02.084107+00:00,epoch,P11,One,23,,-0.10082606282422946,-10.082606282422946,5.6720125722762676e-11,6.243899268228414e-11,,,,
2026-05-31T00:31:02.084107+00:00,epoch,P11,One,24,,0.1850133097850586,18.50133097850586,1.8216939228425016e-10,1.4846563007620833e-10,,,,
2026-05-31T00:31:02.084107+00:00,epoch,P11,One,25,,0.30257747731905316,30.257747731905315,1.1581503176941535e-10,8.077201162099965e-11,,,,
2026-05-31T00:31:02.084107+00:00,epoch,P11,One,26,,-0.0002664422451605919,-0.02664422451605919,5.6804242157251816e-11,5.6819377207066836e-11,,,,
2026-05-31T00:31:02.084107+00:00,epoch,P11,One,27,,0.27342723798549073,27.342723798549073,6.385369656077919e-11,4.639435667500171e-11,,,,
2026-05-31T00:31:02.084107+00:00,epoch,P11,One,28,,0.30406662165395115,30.406662165395115,1.6261278946618216e-10,1.1316766793547494e-10,,,,
2026-05-31T00:31:02.084107+00:00,epoch,P11,One,29,,0.23658581819196012,23.658581819196012,9.272626538639285e-11,7.078854602206827e-11,,,,
2026-05-31T00:31:02.084107+00:00,epoch,P11,One,30,,0.19295025129683108,19.295025129683108,1.9889612688868775e-10,1.6051906922354905e-10,,,,
2026-05-31T00:31:02.084107+00:00,epoch,P11,One,31,,0.00953761580493695,0.953761580493695,9.922957339225955e-11,9.828315984475638e-11,,,,
2026-05-31T00:31:02.084107+00:00,epoch,P11,One,32,,0.2603740855716764,26.03740855716764,1.8760435364614232e-10,1.3875704161626262e-10,,,,
2026-05-31T00:31:02.084107+00:00,epoch,P11,One,33,,0.3201987128884418,32.01987128884418,6.680284630688135e-11,4.541266090213354e-11,,,,
2026-05-31T00:31:02.084107+00:00,epoch,P11,One,34,,0.26161114870778623,26.161114870778622,6.897849721099402e-11,5.093295331948905e-11,,,,
2026-05-31T00:31:02.084107+00:00,epoch,P11,One,35,,0.16884293896864544,16.884293896864545,1.823355337210472e-10,1.5154946632916903e-10,,,,
2026-05-31T00:31:02.084107+00:00,epoch,P11,One,36,,0.17814767734584247,17.814767734584247,1.450876105393147e-10,1.192405897100776e-10,,,,
2026-05-31T00:31:02.084107+00:00,epoch,P11,One,37,,0.14441624023296984,14.441624023296985,1.2832618563777272e-10,1.0979380038452744e-10,,,,
2026-05-31T00:31:02.084107+00:00,epoch,P11,One,38,,0.36090117861514637,36.090117861514635,8.867380607326986e-11,5.667132494913585e-11,,,,
2026-05-31T00:31:02.084107+00:00,epoch,P11,One,39,,0.09211537648730561,9.21153764873056,4.872625783155709e-10,4.4237820246585686e-10,,,,
2026-05-31T00:33:59.775177+00:00,epoch,P11,Two,0,,0.3001489215284545,30.01489215284545,4.748816941895707e-11,3.323464658249657e-11,,,,
2026-05-31T00:33:59.775177+00:00,epoch,P11,Two,1,,0.3038659455995709,30.386594559957093,7.594041264906708e-11,5.28647073502367e-11,,,,
2026-05-31T00:33:59.775177+00:00,epoch,P11,Two,2,,0.4307956679149735,43.07956679149735,6.219417397868966e-11,3.540119325911998e-11,,,,
2026-05-31T00:33:59.775177+00:00,epoch,P11,Two,3,,0.4162344524205215,41.62344524205215,1.053598873299908e-10,6.150547232010424e-11,,,,
2026-05-31T00:33:59.775177+00:00,epoch,P11,Two,4,,0.32952572380711875,32.95257238071188,1.1519453663861008e-10,7.723497357414643e-11,,,,
2026-05-31T00:33:59.775177+00:00,epoch,P11,Two,5,,0.2514054928050957,25.14054928050957,6.95324184746343e-11,5.2051586542088725e-11,,,,
2026-05-31T00:33:59.775177+00:00,epoch,P11,Two,6,,0.379657259780779,37.9657259780779,1.1532992294515241e-10,7.154408042906746e-11,,,,
2026-05-31T00:33:59.775177+00:00,epoch,P11,Two,7,,0.33929951758368215,33.92995175836822,6.79686992062465e-11,4.490695235477667e-11,,,,
2026-05-31T00:33:59.775177+00:00,epoch,P11,Two,8,,0.2278372235248709,22.78372235248709,8.636484804725169e-11,6.66877208580185e-11,,,,
2026-05-31T00:33:59.775177+00:00,epoch,P11,Two,9,,0.3522717039509323,35.22717039509323,5.2223599705301286e-11,3.3826703250663395e-11,,,,
2026-05-31T00:33:59.775177+00:00,epoch,P11,Two,10,,0.28496925779523063,28.496925779523064,4.716844250717024e-11,3.372688645454493e-11,,,,
2026-05-31T00:33:59.775177+00:00,epoch,P11,Two,11,,0.3732986595977593,37.32986595977593,1.4730273759593534e-10,9.231482309629221e-11,,,,
2026-05-31T00:33:59.775177+00:00,epoch,P11,Two,12,,0.3805245768134049,38.05245768134049,1.62089654062968e-10,1.0041055704482591e-10,,,,
2026-05-31T00:33:59.775177+00:00,epoch,P11,Two,13,,0.29105778880542155,29.105778880542154,1.0735796135756272e-10,7.611059051417263e-11,,,,
2026-05-31T00:33:59.775177+00:00,epoch,P11,Two,14,,0.5115208084849747,51.15208084849747,4.892606799740821e-11,2.389936613938311e-11,,,,
2026-05-31T00:33:59.775177+00:00,epoch,P11,Two,15,,0.1353408029174461,13.53408029174461,4.3305217191020376e-10,3.7444254325873287e-10,,,,
2026-05-31T00:33:59.775177+00:00,epoch,P11,Two,16,,0.2414378918535829,24.143789185358287,8.715732245001296e-11,6.611424225807888e-11,,,,
2026-05-31T00:33:59.775177+00:00,epoch,P11,Two,17,,0.25256274415358504,25.256274415358504,1.32728165593583e-10,9.920597586479623e-11,,,,
2026-05-31T00:33:59.775177+00:00,epoch,P11,Two,18,,-0.27432228142396897,-27.432228142396898,6.217528241081054e-10,7.923134772992366e-10,,,,
2026-05-31T00:33:59.775177+00:00,epoch,P11,Two,19,,-0.09448272991606799,-9.4482729916068,3.689352666007406e-10,4.037932777514909e-10,,,,
2026-05-31T00:33:59.775177+00:00,epoch,P11,Two,20,,0.21315698120828108,21.31569812082811,4.4401641708322877e-10,3.4937121801085067e-10,,,,
2026-05-31T00:33:59.775177+00:00,epoch,P11,Two,21,,0.3096654726863258,30.96654726863258,5.134308387425778e-11,3.544390353716207e-11,,,,
2026-05-31T00:33:59.775177+00:00,epoch,P11,Two,22,,0.3456285502722898,34.56285502722898,8.482610469614871e-11,5.550778110477336e-11,,,,
2026-05-31T00:33:59.775177+00:00,epoch,P11,Two,23,,0.08363961356671612,8.363961356671613,8.089662191604728e-11,7.413045972013635e-11,,,,
2026-05-31T00:33:59.775177+00:00,epoch,P11,Two,24,,-0.04031215912070785,-4.031215912070785,1.0756669369079045e-09,1.1190293936294204e-09,,,,
2026-05-31T00:33:59.775177+00:00,epoch,P11,Two,25,,0.09844715418773231,9.84471541877323,2.29558938461247e-10,2.0695951425138047e-10,,,,
2026-05-31T00:33:59.775177+00:00,epoch,P11,Two,26,,0.2465721594500605,24.65721594500605,1.2716766064215877e-10,9.581165594540921e-11,,,,
2026-05-31T00:33:59.775177+00:00,epoch,P11,Two,27,,0.31721516335171074,31.721516335171074,6.718682946515552e-11,4.5874148381282676e-11,,,,
2026-05-31T00:33:59.775177+00:00,epoch,P11,Two,28,,0.2785578721910378,27.855787219103778,1.5779529703361965e-10,1.1384017485018178e-10,,,,
2026-05-31T00:33:59.775177+00:00,epoch,P11,Two,29,,0.27424210837154805,27.424210837154806,1.76998939256653e-10,1.284583769753809e-10,,,,
2026-05-31T00:33:59.775177+00:00,epoch,P11,Two,30,,0.20756238754085843,20.756238754085842,5.099325276906432e-11,4.040897147584284e-11,,,,
2026-05-31T00:33:59.775177+00:00,epoch,P11,Two,31,,0.26642644602512644,26.642644602512643,1.523378814245277e-10,1.1175104108159367e-10,,,,
2026-05-31T00:33:59.775177+00:00,epoch,P11,Two,32,,0.29551738967758623,29.551738967758624,1.503562772336301e-10,1.0592338266390826e-10,,,,
2026-05-31T00:33:59.775177+00:00,epoch,P11,Two,33,,0.24189053957863238,24.189053957863237,9.582424876232803e-11,7.264526952449141e-11,,,,
2026-05-31T00:33:59.775177+00:00,epoch,P11,Two,34,,0.34958392353044976,34.95839235304498,2.0109330969122057e-10,1.3079432149363986e-10,,,,
2026-05-31T00:33:59.775177+00:00,epoch,P11,Two,35,,0.06744302168733407,6.744302168733407,7.382978267279761e-11,6.885047903882496e-11,,,,
2026-05-31T00:33:59.775177+00:00,epoch,P11,Two,36,,0.2896497585065875,28.964975850658746,6.029355054490993e-11,4.2829538190072043e-11,,,,
2026-05-31T00:33:59.775177+00:00,epoch,P11,Two,37,,0.2750278808600626,27.50278808600626,1.0162096876865779e-10,7.367236907726723e-11,,,,
2026-05-31T00:33:59.775177+00:00,epoch,P11,Two,38,,0.4113231943578456,41.13231943578456,8.037078629838569e-11,4.731241774508192e-11,,,,
2026-05-31T00:33:59.775177+00:00,epoch,P11,Two,39,,0.28005479747870554,28.005479747870552,2.5453791355855026e-10,1.832533497262582e-10,,,,
2026-05-31T00:33:59.778178+00:00,participant_condition_average,P11,One,,40,,,,,0.1549701185485536,0.16035048854532596,-0.33952386612008567,0.4162391024299683
2026-05-31T00:33:59.778178+00:00,participant_condition_average,P11,Two,,40,,,,,0.25610604208513876,0.14561574818740974,-0.27432228142396897,0.5115208084849747
2026-05-31T00:33:59.778178+00:00,participant_average,P11,all,,80,,,,,0.2055380803168462,0.16129237863535717,-0.33952386612008567,0.5115208084849747
2026-05-31T00:36:49.270143+00:00,epoch,P12,One,0,,0.20400866240385895,20.400866240385895,1.2449775347020102e-10,9.909913331245992e-11,,,,
2026-05-31T00:36:49.270143+00:00,epoch,P12,One,1,,0.30338907977980845,30.338907977980845,1.3710628249308538e-10,9.550973361547774e-11,,,,
2026-05-31T00:36:49.270143+00:00,epoch,P12,One,2,,0.40829688185069724,40.82968818506972,1.668698246128598e-10,9.873739554845642e-11,,,,
2026-05-31T00:36:49.270143+00:00,epoch,P12,One,3,,0.31732879068208675,31.732879068208675,1.753008088278659e-10,1.1967281515692755e-10,,,,
2026-05-31T00:36:49.270143+00:00,epoch,P12,One,4,,0.2625121316827451,26.25121316827451,1.9137476687228838e-10,1.4113656887035556e-10,,,,
2026-05-31T00:36:49.270143+00:00,epoch,P12,One,5,,0.4393850941263462,43.938509412634616,1.0567212972503799e-10,5.924137105927071e-11,,,,
2026-05-31T00:36:49.270143+00:00,epoch,P12,One,6,,0.28688403557668707,28.688403557668707,3.0893523943350734e-10,2.2030665121297267e-10,,,,
2026-05-31T00:36:49.270143+00:00,epoch,P12,One,7,,0.1939672013490905,19.396720134909053,2.0470566572313673e-10,1.6499948064251746e-10,,,,
2026-05-31T00:36:49.270143+00:00,epoch,P12,One,8,,0.3478334721427835,34.78334721427835,2.7376950796726813e-10,1.7854330944419183e-10,,,,
2026-05-31T00:36:49.270143+00:00,epoch,P12,One,9,,0.28435595266327074,28.435595266327073,2.0525425416833074e-10,1.4688898518610594e-10,,,,
2026-05-31T00:36:49.270143+00:00,epoch,P12,One,10,,0.3576026733530756,35.76026733530756,1.482056243407009e-10,9.520689687050459e-11,,,,
2026-05-31T00:36:49.270143+00:00,epoch,P12,One,11,,0.31704022309905233,31.704022309905234,1.270201538601752e-10,8.674965594226929e-11,,,,
2026-05-31T00:36:49.270143+00:00,epoch,P12,One,12,,0.3660278501178533,36.60278501178533,1.89639230880443e-10,1.2022599090327123e-10,,,,
2026-05-31T00:36:49.270143+00:00,epoch,P12,One,13,,0.22884954536882574,22.884954536882574,1.312675860171114e-10,1.0122705863543224e-10,,,,
2026-05-31T00:36:49.270143+00:00,epoch,P12,One,14,,0.5033337714595199,50.333377145951985,2.318472156449678e-10,1.1515068219199755e-10,,,,
2026-05-31T00:36:49.270143+00:00,epoch,P12,One,15,,0.21245340267778356,21.245340267778356,1.0110525662673898e-10,7.962510082777776e-11,,,,
2026-05-31T00:36:49.270143+00:00,epoch,P12,One,16,,0.334108785663603,33.4108785663603,1.0603885490312368e-10,7.061034185828203e-11,,,,
2026-05-31T00:36:49.270143+00:00,epoch,P12,One,17,,0.49047287825461594,49.047287825461595,1.426083816214264e-10,7.266283822433271e-11,,,,
2026-05-31T00:36:49.270143+00:00,epoch,P12,One,18,,0.19676811535720273,19.676811535720272,2.1665067047197551e-10,1.7402072635233053e-10,,,,
2026-05-31T00:36:49.270143+00:00,epoch,P12,One,19,,0.4015558079124778,40.15558079124778,1.2532860029280913e-10,7.500217294769015e-11,,,,
2026-05-31T00:36:49.270143+00:00,epoch,P12,One,20,,0.18307789782226191,18.30778978222619,3.6654975837767006e-10,2.994425991666282e-10,,,,
2026-05-31T00:36:49.270143+00:00,epoch,P12,One,21,,0.10953630450425278,10.953630450425278,1.6852052684693385e-10,1.50061411103011e-10,,,,
2026-05-31T00:36:49.270143+00:00,epoch,P12,One,22,,-0.10389443510993779,-10.389443510993779,2.087367138187425e-10,2.3042329678764547e-10,,,,
2026-05-31T00:36:49.270143+00:00,epoch,P12,One,23,,0.19637978771576892,19.63797877157689,3.9429553356196583e-10,3.1686386038379113e-10,,,,
2026-05-31T00:36:49.270143+00:00,epoch,P12,One,24,,0.20224117300628364,20.224117300628365,1.9611844808344135e-10,1.5645522309487424e-10,,,,
2026-05-31T00:36:49.270143+00:00,epoch,P12,One,25,,0.31866759252920196,31.866759252920197,1.5769012585962973e-10,1.0743939308631468e-10,,,,
2026-05-31T00:36:49.270143+00:00,epoch,P12,One,26,,0.017673547201337403,1.7673547201337403,1.0473465360755994e-09,1.02883620763411e-09,,,,
2026-05-31T00:36:49.270143+00:00,epoch,P12,One,27,,0.22940647468608855,22.940647468608855,3.2232692420836687e-10,2.483830408293154e-10,,,,
2026-05-31T00:36:49.270143+00:00,epoch,P12,One,28,,0.17952751871643913,17.952751871643912,1.727885936896957e-10,1.4176828620208167e-10,,,,
2026-05-31T00:36:49.270143+00:00,epoch,P12,One,29,,0.13060273801555378,13.060273801555377,2.4991213578140714e-10,2.1727292658504053e-10,,,,
2026-05-31T00:36:49.270143+00:00,epoch,P12,One,30,,0.5292939754226613,52.92939754226613,1.0256737631979344e-10,4.827908195881783e-11,,,,
2026-05-31T00:36:49.270143+00:00,epoch,P12,One,31,,0.1198001358704659,11.980013587046589,1.6431356983146105e-10,1.4462878184029074e-10,,,,
2026-05-31T00:36:49.270143+00:00,epoch,P12,One,32,,0.14600933539145966,14.600933539145966,2.1395230417557796e-10,1.827132704374304e-10,,,,
2026-05-31T00:36:49.270143+00:00,epoch,P12,One,33,,0.4181164493306454,41.81164493306454,1.303951761726364e-10,7.58748081014897e-11,,,,
2026-05-31T00:36:49.270143+00:00,epoch,P12,One,34,,0.16313040768449383,16.313040768449383,2.2536825279111013e-10,1.8860383783415427e-10,,,,
2026-05-31T00:36:49.270143+00:00,epoch,P12,One,35,,0.15471048393207576,15.471048393207576,2.412883483259234e-10,2.0395851118924852e-10,,,,
2026-05-31T00:36:49.270143+00:00,epoch,P12,One,36,,0.30328631011332985,30.328631011332984,1.7096582207302827e-10,1.1911422874100744e-10,,,,
2026-05-31T00:36:49.270143+00:00,epoch,P12,One,37,,0.33182876505424586,33.18287650542459,2.024326640144945e-10,1.3525968310792371e-10,,,,
2026-05-31T00:36:49.270143+00:00,epoch,P12,One,38,,0.27926800688079445,27.926800688079446,8.1661693952368e-11,5.885619544378076e-11,,,,
2026-05-31T00:36:49.270143+00:00,epoch,P12,One,39,,0.2428273904135564,24.28273904135564,2.0011251438465877e-10,1.5151971472753682e-10,,,,
2026-05-31T00:39:48.309818+00:00,epoch,P12,Two,0,,0.3084348308760414,30.84348308760414,1.9708756313798901e-10,1.3629889393375225e-10,,,,
2026-05-31T00:39:48.309818+00:00,epoch,P12,Two,1,,0.17620483298274303,17.6204832982743,2.2539427120537023e-10,1.8567871129236087e-10,,,,
2026-05-31T00:39:48.309818+00:00,epoch,P12,Two,2,,0.49213421059961615,49.21342105996162,2.0089199424207724e-10,1.0202617123996993e-10,,,,
2026-05-31T00:39:48.309818+00:00,epoch,P12,Two,3,,0.1410586351369748,14.10586351369748,2.6456182105134114e-10,2.2724309166448638e-10,,,,
2026-05-31T00:39:48.309818+00:00,epoch,P12,Two,4,,0.5559289457134029,55.59289457134029,2.6439680046056186e-10,1.1741096593052475e-10,,,,
2026-05-31T00:39:48.309818+00:00,epoch,P12,Two,5,,0.2697725745582372,26.97725745582372,2.876049172699553e-10,2.1001699828243064e-10,,,,
2026-05-31T00:39:48.309818+00:00,epoch,P12,Two,6,,0.4757645418161143,47.576454181611425,5.963353367019717e-11,3.126201284671999e-11,,,,
2026-05-31T00:39:48.309818+00:00,epoch,P12,Two,7,,0.1790719578683646,17.90719578683646,2.4153892164652376e-10,1.9828607404586723e-10,,,,
2026-05-31T00:39:48.309818+00:00,epoch,P12,Two,8,,0.33871700795271475,33.87170079527147,6.909968402189832e-10,4.5694445799522913e-10,,,,
2026-05-31T00:39:48.309818+00:00,epoch,P12,Two,9,,0.3693146889670925,36.931468896709255,2.0731653595800348e-10,1.3075149396293836e-10,,,,
2026-05-31T00:39:48.309818+00:00,epoch,P12,Two,10,,0.40849261477477583,40.84926147747758,1.0047717837021065e-10,5.943299305257176e-11,,,,
2026-05-31T00:39:48.309818+00:00,epoch,P12,Two,11,,0.2806200030813857,28.06200030813857,1.3612847431656816e-10,9.792810143438847e-11,,,,
2026-05-31T00:39:48.309818+00:00,epoch,P12,Two,12,,0.41205541037050986,41.205541037050985,8.430356574751969e-11,4.9565825367728205e-11,,,,
2026-05-31T00:39:48.309818+00:00,epoch,P12,Two,13,,0.3922349204758143,39.22349204758143,1.0920479301569498e-10,6.63708597116061e-11,,,,
2026-05-31T00:39:48.309818+00:00,epoch,P12,Two,14,,0.2653869955118633,26.53869955118633,2.6115648280243683e-10,1.9184894847305252e-10,,,,
2026-05-31T00:39:48.309818+00:00,epoch,P12,Two,15,,0.09866863341777887,9.866863341777886,4.4055580729163617e-10,3.970867678419041e-10,,,,
2026-05-31T00:39:48.309818+00:00,epoch,P12,Two,16,,0.2159302068783454,21.593020687834542,2.6099571976498634e-10,2.0463886000177018e-10,,,,
2026-05-31T00:39:48.309818+00:00,epoch,P12,Two,17,,0.19344379759317876,19.344379759317874,2.0744408818920262e-10,1.6731531598162897e-10,,,,
2026-05-31T00:39:48.309818+00:00,epoch,P12,Two,18,,0.1394030685375678,13.940306853756779,2.099050754833864e-10,1.8064366385939254e-10,,,,
2026-05-31T00:39:48.309818+00:00,epoch,P12,Two,19,,0.3087868387103543,30.878683871035427,1.2517158194595702e-10,8.652024486049089e-11,,,,
2026-05-31T00:39:48.309818+00:00,epoch,P12,Two,20,,0.34911653205419335,34.911653205419334,1.5551174291278602e-10,1.0122002253337088e-10,,,,
2026-05-31T00:39:48.309818+00:00,epoch,P12,Two,21,,0.31653274043217583,31.653274043217582,1.995910505103797e-10,1.364139483265924e-10,,,,
2026-05-31T00:39:48.309818+00:00,epoch,P12,Two,22,,0.09032336873745839,9.03233687374584,7.399118712018177e-10,6.730805384260331e-10,,,,
2026-05-31T00:39:48.309818+00:00,epoch,P12,Two,23,,0.16788439191834903,16.788439191834904,1.966282349711892e-10,1.6361742330907285e-10,,,,
2026-05-31T00:39:48.309818+00:00,epoch,P12,Two,24,,0.3893562106756506,38.935621067565066,1.1150781403093399e-10,6.809155409912439e-11,,,,
2026-05-31T00:39:48.309818+00:00,epoch,P12,Two,25,,0.5628014123459771,56.280141234597714,3.5958874880986873e-10,1.572116931159518e-10,,,,
2026-05-31T00:39:48.309818+00:00,epoch,P12,Two,26,,0.2130486930915162,21.30486930915162,2.1141757021700012e-10,1.6637533318568438e-10,,,,
2026-05-31T00:39:48.309818+00:00,epoch,P12,Two,27,,0.18886394845774312,18.886394845774312,2.332176245943929e-10,1.8917122316356017e-10,,,,
2026-05-31T00:39:48.309818+00:00,epoch,P12,Two,28,,0.16645505163011165,16.645505163011165,1.701962565632e-10,1.4186622988972083e-10,,,,
2026-05-31T00:39:48.309818+00:00,epoch,P12,Two,29,,0.1790462913030133,17.90462913030133,1.3646919443484955e-10,1.1203489129417992e-10,,,,
2026-05-31T00:39:48.309818+00:00,epoch,P12,Two,30,,0.1641222388493072,16.41222388493072,1.4038008083003742e-10,1.1734058767436495e-10,,,,
2026-05-31T00:39:48.309818+00:00,epoch,P12,Two,31,,0.3326870907889371,33.26870907889371,1.605416387053976e-10,1.0713150797401026e-10,,,,
2026-05-31T00:39:48.309818+00:00,epoch,P12,Two,32,,0.2883277522672063,28.83277522672063,2.0204079962306117e-10,1.437868300014749e-10,,,,
2026-05-31T00:39:48.309818+00:00,epoch,P12,Two,33,,0.20882715841541588,20.88271584154159,1.1469517078401447e-10,9.07437041852179e-11,,,,
2026-05-31T00:39:48.309818+00:00,epoch,P12,Two,34,,0.32824093213819505,32.8240932138195,1.3929953587610328e-10,9.35757263737132e-11,,,,
2026-05-31T00:39:48.309818+00:00,epoch,P12,Two,35,,0.36085774406493587,36.085774406493584,2.4319290083377635e-10,1.5543485926629215e-10,,,,
2026-05-31T00:39:48.309818+00:00,epoch,P12,Two,36,,0.2742638173851569,27.426381738515694,1.6164599608727525e-10,1.17312348135353e-10,,,,
2026-05-31T00:39:48.309818+00:00,epoch,P12,Two,37,,0.136050092352346,13.6050092352346,9.344581503055187e-11,8.073250326570505e-11,,,,
2026-05-31T00:39:48.309818+00:00,epoch,P12,Two,38,,0.1782063047910326,17.82063047910326,2.2260103637673193e-10,1.829321282413803e-10,,,,
2026-05-31T00:39:48.309818+00:00,epoch,P12,Two,39,,0.21164529857803827,21.164529857803828,3.209458546056097e-10,2.5301917338022177e-10,,,,
2026-05-31T00:39:48.312821+00:00,participant_condition_average,P12,One,,40,,,,,0.2651916053675591,0.12815245101766784,-0.10389443510993779,0.5292939754226613
2026-05-31T00:39:48.312821+00:00,participant_condition_average,P12,Two,,40,,,,,0.2782020446524909,0.11960639374369054,0.09032336873745839,0.5628014123459771
2026-05-31T00:39:48.312821+00:00,participant_average,P12,all,,80,,,,,0.271696825010025,0.12412368003608326,-0.10389443510993779,0.5628014123459771
2026-05-31T00:42:42.153992+00:00,epoch,P13,One,0,,6.109141058141532e-06,0.0006109141058141532,1.8575548649829224e-10,1.8575435169182289e-10,,,,
2026-05-31T00:42:42.153992+00:00,epoch,P13,One,1,,6.7964216426963375e-06,0.0006796421642696338,2.1014371387111887e-10,2.1014228564583383e-10,,,,
2026-05-31T00:42:42.153992+00:00,epoch,P13,One,2,,2.255476939660994e-06,0.00022554769396609942,2.0734578420057239e-10,2.073453165369376e-10,,,,
2026-05-31T00:42:42.153992+00:00,epoch,P13,One,3,,1.2259971839956307e-06,0.00012259971839956307,2.0303139763111885e-10,2.030311487151971e-10,,,,
2026-05-31T00:42:42.153992+00:00,epoch,P13,One,4,,2.2401622654655284e-06,0.00022401622654655284,1.9316063095087136e-10,1.9316019823971472e-10,,,,
2026-05-31T00:42:42.153992+00:00,epoch,P13,One,5,,2.703465755482526e-06,0.0002703465755482526,1.9461232610090843e-10,1.9461179997314922e-10,,,,
2026-05-31T00:42:42.153992+00:00,epoch,P13,One,6,,4.092300754265921e-06,0.00040923007542659207,3.119889324751631e-10,3.119876557226194e-10,,,,
2026-05-31T00:42:42.153992+00:00,epoch,P13,One,7,,4.756897039492891e-06,0.0004756897039492891,3.8183911284773047e-10,3.81837296478385e-10,,,,
2026-05-31T00:42:42.153992+00:00,epoch,P13,One,8,,1.3831542452491519e-06,0.0001383154245249152,2.2523607734735676e-10,2.252357658111202e-10,,,,
2026-05-31T00:42:42.153992+00:00,epoch,P13,One,9,,5.0227060510721344e-08,5.022706051072134e-06,5.789084816054688e-10,5.789084525285975e-10,,,,
2026-05-31T00:42:42.153992+00:00,epoch,P13,One,10,,5.5262224131213955e-06,0.0005526222413121396,3.3095011978768993e-10,3.3094829088372033e-10,,,,
2026-05-31T00:42:42.153992+00:00,epoch,P13,One,11,,1.523198322583852e-06,0.0001523198322583852,6.48450947754966e-10,6.484499600355701e-10,,,,
2026-05-31T00:42:42.153992+00:00,epoch,P13,One,12,,6.056715871394225e-06,0.0006056715871394225,3.7968748639531604e-10,3.7968518673609103e-10,,,,
2026-05-31T00:42:42.153992+00:00,epoch,P13,One,13,,3.199732789282983e-06,0.0003199732789282983,1.086227857764466e-09,1.086224382125573e-09,,,,
2026-05-31T00:42:42.153992+00:00,epoch,P13,One,14,,-3.2524305715320168e-06,-0.0003252430571532017,2.060074581809099e-09,2.0600812820586483e-09,,,,
2026-05-31T00:42:42.153992+00:00,epoch,P13,One,15,,6.526978078014167e-07,6.526978078014167e-05,7.28329565246259e-10,7.283290898671485e-10,,,,
2026-05-31T00:42:42.153992+00:00,epoch,P13,One,16,,-5.366402799911185e-07,-5.366402799911185e-05,1.3682979343333445e-10,1.368298668617131e-10,,,,
2026-05-31T00:42:42.153992+00:00,epoch,P13,One,17,,2.267619075735361e-06,0.0002267619075735361,3.930362167453772e-10,3.9303532548895466e-10,,,,
2026-05-31T00:42:42.153992+00:00,epoch,P13,One,18,,-8.03334773635811e-06,-0.000803334773635811,5.352189310677831e-10,5.352232306675714e-10,,,,
2026-05-31T00:42:42.153992+00:00,epoch,P13,One,19,,-1.3332411337163563e-06,-0.00013332411337163563,2.3225691436290052e-10,2.3225722401737233e-10,,,,
2026-05-31T00:42:42.153992+00:00,epoch,P13,One,20,,4.574334175333483e-06,0.0004574334175333483,1.532237535986746e-10,1.5322305270202205e-10,,,,
2026-05-31T00:42:42.153992+00:00,epoch,P13,One,21,,9.219015648653794e-07,9.219015648653794e-05,5.358541060680505e-10,5.358536120633116e-10,,,,
2026-05-31T00:42:42.153992+00:00,epoch,P13,One,22,,-1.545405118319465e-05,-0.001545405118319465,1.109549980751942e-10,1.1095671277941349e-10,,,,
2026-05-31T00:42:42.153992+00:00,epoch,P13,One,23,,3.501649802672979e-06,0.0003501649802672979,2.721122574074128e-10,2.7211130456558033e-10,,,,
2026-05-31T00:42:42.153992+00:00,epoch,P13,One,24,,-8.740978505450414e-07,-8.740978505450414e-05,1.90396755750972e-10,1.9039692217636696e-10,,,,
2026-05-31T00:42:42.153992+00:00,epoch,P13,One,25,,2.776320479735972e-06,0.0002776320479735972,2.2184702250040267e-10,2.2184640658197072e-10,,,,
2026-05-31T00:42:42.153992+00:00,epoch,P13,One,26,,1.036958079447814e-05,0.001036958079447814,1.9950145075529635e-10,1.9949938200888413e-10,,,,
2026-05-31T00:42:42.153992+00:00,epoch,P13,One,27,,1.3073544630204381e-06,0.0001307354463020438,3.6906047564855976e-10,3.690599931556998e-10,,,,
2026-05-31T00:42:42.153992+00:00,epoch,P13,One,28,,3.7204245971755867e-06,0.00037204245971755867,2.202689216402015e-10,2.2026810214628744e-10,,,,
2026-05-31T00:42:42.153992+00:00,epoch,P13,One,29,,-2.040498567001947e-06,-0.0002040498567001947,1.1832410006665414e-10,1.1832434150681077e-10,,,,
2026-05-31T00:42:42.153992+00:00,epoch,P13,One,30,,-4.1833403074953424e-07,-4.1833403074953424e-05,3.019453284446657e-10,3.01945454758672e-10,,,,
2026-05-31T00:42:42.153992+00:00,epoch,P13,One,31,,-5.129495199707179e-07,-5.129495199707179e-05,1.8765263818582445e-10,1.876527344421551e-10,,,,
2026-05-31T00:42:42.153992+00:00,epoch,P13,One,32,,2.9417090353645037e-06,0.00029417090353645037,2.1370664857762305e-10,2.13706019914844e-10,,,,
2026-05-31T00:42:42.153992+00:00,epoch,P13,One,33,,3.262896976163887e-06,0.0003262896976163887,3.300173128938335e-10,3.3001623608134115e-10,,,,
2026-05-31T00:42:42.153992+00:00,epoch,P13,One,34,,6.788330704443624e-06,0.0006788330704443624,2.3446908623862813e-10,2.3446749458493077e-10,,,,
2026-05-31T00:42:42.153992+00:00,epoch,P13,One,35,,4.389104594659798e-06,0.00043891045946597984,2.2889325357513864e-10,2.2889224893870767e-10,,,,
2026-05-31T00:42:42.153992+00:00,epoch,P13,One,36,,3.964419682866982e-06,0.0003964419682866982,2.1165105481123912e-10,2.1165021573763153e-10,,,,
2026-05-31T00:42:42.153992+00:00,epoch,P13,One,37,,1.3567527742397445e-06,0.00013567527742397445,3.6833841804023096e-10,3.6833791829606044e-10,,,,
2026-05-31T00:42:42.153992+00:00,epoch,P13,One,38,,5.338929039200302e-06,0.0005338929039200302,2.1614157959104979e-10,2.1614042562649393e-10,,,,
2026-05-31T00:42:42.153992+00:00,epoch,P13,One,39,,3.516370153167081e-06,0.0003516370153167081,3.568518903715731e-10,3.568506355482367e-10,,,,
2026-05-31T00:45:35.404582+00:00,epoch,P13,Two,0,,2.635908162407219e-06,0.0002635908162407219,2.038758726138154e-10,2.0387533521573866e-10,,,,
2026-05-31T00:45:35.404582+00:00,epoch,P13,Two,1,,-1.081604301456096e-06,-0.00010816043014560961,1.237452224401548e-10,1.237453562835197e-10,,,,
2026-05-31T00:45:35.404582+00:00,epoch,P13,Two,2,,-3.07020069922892e-06,-0.000307020069922892,1.9519816671075628e-10,1.951987660083042e-10,,,,
2026-05-31T00:45:35.404582+00:00,epoch,P13,Two,3,,1.0729166314282779e-06,0.00010729166314282779,2.7148683236104075e-10,2.714865410783031e-10,,,,
2026-05-31T00:45:35.404582+00:00,epoch,P13,Two,4,,-3.7062960878131435e-06,-0.00037062960878131435,1.9088777472803197e-10,1.9088848221464467e-10,,,,
2026-05-31T00:45:35.404582+00:00,epoch,P13,Two,5,,7.063352197023143e-06,0.0007063352197023143,2.2625710454664547e-10,2.26255506413029e-10,,,,
2026-05-31T00:45:35.404582+00:00,epoch,P13,Two,6,,2.851157106298352e-06,0.0002851157106298352,2.6127439675624336e-10,2.6127365182189037e-10,,,,
2026-05-31T00:45:35.404582+00:00,epoch,P13,Two,7,,1.4656215626684954e-06,0.00014656215626684954,2.8804129846667874e-10,2.880408763071408e-10,,,,
2026-05-31T00:45:35.404582+00:00,epoch,P13,Two,8,,7.57289286790197e-06,0.000757289286790197,2.0655923391350717e-10,2.0655766966255787e-10,,,,
2026-05-31T00:45:35.404582+00:00,epoch,P13,Two,9,,-1.7327176347059492e-06,-0.00017327176347059492,1.7204177684925752e-10,1.720420749490782e-10,,,,
2026-05-31T00:45:35.404582+00:00,epoch,P13,Two,10,,1.909342482897536e-06,0.00019093424828975358,1.7927720831182144e-10,1.7927686601023138e-10,,,,
2026-05-31T00:45:35.404582+00:00,epoch,P13,Two,11,,-7.078132338023124e-07,-7.078132338023124e-05,2.8168400153278727e-10,2.816842009124513e-10,,,,
2026-05-31T00:45:35.404582+00:00,epoch,P13,Two,12,,1.2495693809677633e-06,0.00012495693809677633,2.2862931406037712e-10,2.2862902837218668e-10,,,,
2026-05-31T00:45:35.404582+00:00,epoch,P13,Two,13,,1.978730050589128e-06,0.0001978730050589128,2.4213334287603095e-10,2.4213286375950915e-10,,,,
2026-05-31T00:45:35.404582+00:00,epoch,P13,Two,14,,-8.134657307756754e-07,-8.134657307756754e-05,3.82484185892525e-10,3.824844970303028e-10,,,,
2026-05-31T00:45:35.404582+00:00,epoch,P13,Two,15,,6.183250772728854e-06,0.0006183250772728854,3.0339843887262746e-10,3.0339656288399585e-10,,,,
2026-05-31T00:45:35.404582+00:00,epoch,P13,Two,16,,6.201724901400141e-07,6.201724901400141e-05,2.9898374101383366e-10,2.989835555923425e-10,,,,
2026-05-31T00:45:35.404582+00:00,epoch,P13,Two,17,,3.540389531653254e-06,0.0003540389531653254,2.374298397181116e-10,2.374289991239926e-10,,,,
2026-05-31T00:45:35.404582+00:00,epoch,P13,Two,18,,6.7406049917284605e-06,0.000674060499172846,1.6419038129323186e-09,1.6418927455072813e-09,,,,
2026-05-31T00:45:35.404582+00:00,epoch,P13,Two,19,,-2.954898667528738e-06,-0.0002954898667528738,5.765214125212891e-09,5.765231160836428e-09,,,,
2026-05-31T00:45:35.404582+00:00,epoch,P13,Two,20,,-8.848534840399935e-07,-8.848534840399935e-05,1.4778645153200546e-10,1.47786582301362e-10,,,,
2026-05-31T00:45:35.404582+00:00,epoch,P13,Two,21,,3.204099955023132e-06,0.0003204099955023132,5.113595661279806e-10,5.113579276808178e-10,,,,
2026-05-31T00:45:35.404582+00:00,epoch,P13,Two,22,,1.6812535986732158e-06,0.00016812535986732158,2.510061440520534e-10,2.510057220470704e-10,,,,
2026-05-31T00:45:35.404582+00:00,epoch,P13,Two,23,,-6.599775310700551e-07,-6.599775310700551e-05,1.7982775829578702e-10,1.7982787697806697e-10,,,,
2026-05-31T00:45:35.404582+00:00,epoch,P13,Two,24,,1.5288494907839123e-06,0.00015288494907839123,3.7999521023027446e-10,3.799946292747908e-10,,,,
2026-05-31T00:45:35.404582+00:00,epoch,P13,Two,25,,1.7033214421147136e-06,0.00017033214421147136,1.934398092323979e-10,1.9343947974222309e-10,,,,
2026-05-31T00:45:35.404582+00:00,epoch,P13,Two,26,,4.3244334686498576e-06,0.00043244334686498576,2.534568649800136e-10,2.5345576892266384e-10,,,,
2026-05-31T00:45:35.404582+00:00,epoch,P13,Two,27,,1.2543796291675235e-05,0.0012543796291675235,2.3226956644912196e-10,2.3226665290699568e-10,,,,
2026-05-31T00:45:35.404582+00:00,epoch,P13,Two,28,,4.886605238230146e-07,4.886605238230146e-05,3.785537644320623e-10,3.785535794477815e-10,,,,
2026-05-31T00:45:35.404582+00:00,epoch,P13,Two,29,,9.049715221087773e-06,0.0009049715221087773,2.1569116660961908e-10,2.1568921466598555e-10,,,,
2026-05-31T00:45:35.404582+00:00,epoch,P13,Two,30,,5.003591064922652e-06,0.0005003591064922652,1.3405753865332929e-10,1.340568678842267e-10,,,,
2026-05-31T00:45:35.404582+00:00,epoch,P13,Two,31,,1.4545168772750472e-06,0.00014545168772750472,1.8421761715086518e-10,1.8421734920323194e-10,,,,
2026-05-31T00:45:35.404582+00:00,epoch,P13,Two,32,,2.387834163619651e-06,0.0002387834163619651,2.532815149894629e-10,2.532809101952084e-10,,,,
2026-05-31T00:45:35.404582+00:00,epoch,P13,Two,33,,2.3159112172432827e-07,2.3159112172432827e-05,1.8458362724340092e-10,1.8458358449547165e-10,,,,
2026-05-31T00:45:35.404582+00:00,epoch,P13,Two,34,,7.844884177932165e-06,0.0007844884177932165,1.511334034032002e-10,1.5113221777915508e-10,,,,
2026-05-31T00:45:35.404582+00:00,epoch,P13,Two,35,,-8.891690342904823e-06,-0.0008891690342904823,1.6791307735980824e-10,1.6791457039089666e-10,,,,
2026-05-31T00:45:35.404582+00:00,epoch,P13,Two,36,,4.454499294315184e-06,0.0004454499294315184,1.331649821852789e-10,1.3316438900195972e-10,,,,
2026-05-31T00:45:35.404582+00:00,epoch,P13,Two,37,,7.451208337005966e-07,7.451208337005966e-05,3.111905695819451e-10,3.1119033770736843e-10,,,,
2026-05-31T00:45:35.404582+00:00,epoch,P13,Two,38,,3.6777811819321826e-06,0.00036777811819321826,1.9797777498746101e-10,1.9797704686852572e-10,,,,
2026-05-31T00:45:35.404582+00:00,epoch,P13,Two,39,,-4.6508934223865595e-06,-0.00046508934223865595,7.953114929671459e-10,7.953151918761372e-10,,,,
2026-05-31T00:45:35.408585+00:00,participant_condition_average,P13,One,,40,,,,,1.9278479547302217e-06,4.21210628340035e-06,-1.545405118319465e-05,1.036958079447814e-05
2026-05-31T00:45:35.408585+00:00,participant_condition_average,P13,Two,,40,,,,,1.9013361449993216e-06,3.97099266522676e-06,-8.891690342904823e-06,1.2543796291675235e-05
2026-05-31T00:45:35.408585+00:00,participant_average,P13,all,,80,,,,,1.9145920498647716e-06,4.0933466459593325e-06,-1.545405118319465e-05,1.2543796291675235e-05
2026-05-31T00:48:32.433519+00:00,epoch,P14,One,0,,0.20286122251908312,20.28612225190831,2.0205123592045827e-10,1.6106287519014243e-10,,,,
2026-05-31T00:48:32.433519+00:00,epoch,P14,One,1,,0.5074232796023992,50.74232796023992,1.8964176599347833e-10,9.341311914347683e-11,,,,
2026-05-31T00:48:32.433519+00:00,epoch,P14,One,2,,0.23026165923193154,23.026165923193155,2.2677941785034447e-10,1.7456081281647265e-10,,,,
2026-05-31T00:48:32.433519+00:00,epoch,P14,One,3,,0.37895052752102376,37.89505275210237,1.0751327511831415e-10,6.677106279671604e-11,,,,
2026-05-31T00:48:32.433519+00:00,epoch,P14,One,4,,0.1312547123320258,13.125471233202578,1.4140686327948648e-10,1.2284654611796338e-10,,,,
2026-05-31T00:48:32.433519+00:00,epoch,P14,One,5,,0.23163632183390448,23.163632183390447,1.4021971723309263e-09,1.077397376846289e-09,,,,
2026-05-31T00:48:32.433519+00:00,epoch,P14,One,6,,0.2821318384411128,28.213183844111278,2.1394263614768329e-10,1.5358260689039933e-10,,,,
2026-05-31T00:48:32.433519+00:00,epoch,P14,One,7,,0.37732065712312945,37.732065712312945,1.9587913251669166e-10,1.21969889518785e-10,,,,
2026-05-31T00:48:32.433519+00:00,epoch,P14,One,8,,0.43761182920695585,43.76118292069558,1.312814458812633e-10,7.383113220822969e-11,,,,
2026-05-31T00:48:32.433519+00:00,epoch,P14,One,9,,0.4336562328378888,43.36562328378888,2.2034311674184814e-10,1.2478995080381914e-10,,,,
2026-05-31T00:48:32.433519+00:00,epoch,P14,One,10,,0.17751257848255797,17.751257848255797,1.6597422233540451e-10,1.365117101670095e-10,,,,
2026-05-31T00:48:32.433519+00:00,epoch,P14,One,11,,0.34798423550687196,34.7984235506872,1.7506937737930862e-10,1.1414799393130585e-10,,,,
2026-05-31T00:48:32.433519+00:00,epoch,P14,One,12,,0.010747145294741967,1.0747145294741967,1.9449362625094796e-10,1.924033749907278e-10,,,,
2026-05-31T00:48:32.433519+00:00,epoch,P14,One,13,,0.2883506984233457,28.83506984233457,2.338407068235151e-10,1.6641257569114569e-10,,,,
2026-05-31T00:48:32.433519+00:00,epoch,P14,One,14,,0.2305650752414724,23.05650752414724,1.677867621928069e-10,1.2910099474329935e-10,,,,
2026-05-31T00:48:32.433519+00:00,epoch,P14,One,15,,0.25347459829004926,25.347459829004926,2.1332101086798843e-10,1.5924955333139783e-10,,,,
2026-05-31T00:48:32.433519+00:00,epoch,P14,One,16,,0.18242713106657815,18.242713106657817,1.7088993798774423e-10,1.397149768724946e-10,,,,
2026-05-31T00:48:32.433519+00:00,epoch,P14,One,17,,0.3424515610224852,34.24515610224852,1.5949282227224212e-10,1.0487425631323101e-10,,,,
2026-05-31T00:48:32.433519+00:00,epoch,P14,One,18,,0.21191356989854537,21.191356989854537,1.0086847471895591e-10,7.94930761510408e-11,,,,
2026-05-31T00:48:32.433519+00:00,epoch,P14,One,19,,0.23293769792756625,23.293769792756624,1.5633968065038024e-10,1.1992227534494979e-10,,,,
2026-05-31T00:48:32.433519+00:00,epoch,P14,One,20,,0.412424692920479,41.2424692920479,1.1904058060412478e-10,6.994530570339308e-11,,,,
2026-05-31T00:48:32.433519+00:00,epoch,P14,One,21,,0.37000085150037476,37.00008515003748,2.6830908786269667e-10,1.6903449688821004e-10,,,,
2026-05-31T00:48:32.433519+00:00,epoch,P14,One,22,,0.4547104722262312,45.47104722262312,3.369818198919272e-10,1.837526574372142e-10,,,,
2026-05-31T00:48:32.433519+00:00,epoch,P14,One,23,,0.1747469936107635,17.47469936107635,1.581654266538931e-10,1.3052649385296156e-10,,,,
2026-05-31T00:48:32.433519+00:00,epoch,P14,One,24,,0.36121767273813654,36.12176727381365,2.64915036001896e-10,1.6922304322395146e-10,,,,
2026-05-31T00:48:32.433519+00:00,epoch,P14,One,25,,0.29347150789535326,29.347150789535327,1.4645328234619307e-10,1.0347341673983187e-10,,,,
2026-05-31T00:48:32.433519+00:00,epoch,P14,One,26,,0.1525556221960953,15.25556221960953,1.5852714835939413e-10,1.3434294060645405e-10,,,,
2026-05-31T00:48:32.433519+00:00,epoch,P14,One,27,,0.28022448755605134,28.022448755605133,1.5311272410936496e-10,1.102067894575071e-10,,,,
2026-05-31T00:48:32.433519+00:00,epoch,P14,One,28,,0.2646492278303999,26.46492278303999,1.917051454245339e-10,1.4097052671681648e-10,,,,
2026-05-31T00:48:32.433519+00:00,epoch,P14,One,29,,0.19847432918018004,19.847432918018004,1.8292720472627678e-10,1.4662085047942354e-10,,,,
2026-05-31T00:48:32.433519+00:00,epoch,P14,One,30,,0.27224587460710004,27.224587460710005,1.1389544825028862e-10,8.288788232762109e-11,,,,
2026-05-31T00:48:32.433519+00:00,epoch,P14,One,31,,0.2479508815644883,24.79508815644883,1.5098407472401216e-10,1.1354744029399477e-10,,,,
2026-05-31T00:48:32.433519+00:00,epoch,P14,One,32,,0.49346998143818643,49.346998143818645,2.4002575233441364e-10,1.215802487852638e-10,,,,
2026-05-31T00:48:32.433519+00:00,epoch,P14,One,33,,0.3682634277033864,36.82634277033864,4.5106746446413105e-10,2.8495581387509474e-10,,,,
2026-05-31T00:48:32.433519+00:00,epoch,P14,One,34,,0.43380680057889287,43.380680057889286,1.0025452294650683e-10,5.6763429103519503e-11,,,,
2026-05-31T00:48:32.433519+00:00,epoch,P14,One,35,,0.5415414758388777,54.15414758388777,2.2719901551228141e-10,1.0416132534262047e-10,,,,
2026-05-31T00:48:32.433519+00:00,epoch,P14,One,36,,0.4322554743400403,43.22554743400403,2.266150448190536e-10,1.286594511282041e-10,,,,
2026-05-31T00:48:32.433519+00:00,epoch,P14,One,37,,0.46928033587057927,46.928033587057925,3.6588480133952125e-10,1.9418225887697055e-10,,,,
2026-05-31T00:48:32.433519+00:00,epoch,P14,One,38,,0.5873730518007828,58.73730518007828,3.329298156551197e-10,1.3737581379830002e-10,,,,
2026-05-31T00:48:32.433519+00:00,epoch,P14,One,39,,0.43938821156365304,43.93882115636531,1.6273636353924488e-10,9.12319238073636e-11,,,,
2026-05-31T00:51:35.146129+00:00,epoch,P14,Two,0,,0.17429295550501522,17.42929555050152,1.9692362725518427e-10,1.6260122625211024e-10,,,,
2026-05-31T00:51:35.146129+00:00,epoch,P14,Two,1,,0.2514879356070673,25.14879356070673,2.846472644761278e-10,2.1306191155682752e-10,,,,
2026-05-31T00:51:35.146129+00:00,epoch,P14,Two,2,,0.33786142095112703,33.7861420951127,1.1207313970287738e-10,7.420794947240906e-11,,,,
2026-05-31T00:51:35.146129+00:00,epoch,P14,Two,3,,0.1575518753166384,15.75518753166384,1.2599709444702983e-10,1.0614601593245267e-10,,,,
2026-05-31T00:51:35.146129+00:00,epoch,P14,Two,4,,0.2852275118365317,28.52275118365317,1.9775753062660835e-10,1.4135164221904413e-10,,,,
2026-05-31T00:51:35.146129+00:00,epoch,P14,Two,5,,0.3368830975265751,33.68830975265751,4.3860108162761053e-10,2.908437906703949e-10,,,,
2026-05-31T00:51:35.146129+00:00,epoch,P14,Two,6,,0.5753112042461406,57.53112042461406,3.035222385071508e-10,1.2890249395611757e-10,,,,
2026-05-31T00:51:35.146129+00:00,epoch,P14,Two,7,,0.1893206875047968,18.93206875047968,2.9550176080134124e-10,2.395571642875533e-10,,,,
2026-05-31T00:51:35.146129+00:00,epoch,P14,Two,8,,0.4443227118871158,44.43227118871158,2.0461555122415435e-10,1.1370021460996103e-10,,,,
2026-05-31T00:51:35.146129+00:00,epoch,P14,Two,9,,0.3596885817889208,35.968858178892084,8.353945281848931e-11,5.3491265510784423e-11,,,,
2026-05-31T00:51:35.146129+00:00,epoch,P14,Two,10,,-0.07719985014762742,-7.7199850147627425,1.5782414777779124e-10,1.700081483359137e-10,,,,
2026-05-31T00:51:35.146129+00:00,epoch,P14,Two,11,,0.22127359157866333,22.127359157866334,2.9846095054670757e-10,2.3241942407325575e-10,,,,
2026-05-31T00:51:35.146129+00:00,epoch,P14,Two,12,,0.1439145433928647,14.391454339286469,1.676469863645965e-10,1.4352014687074577e-10,,,,
2026-05-31T00:51:35.146129+00:00,epoch,P14,Two,13,,0.26713653410494664,26.713653410494665,1.7932597645231952e-10,1.314214566278616e-10,,,,
2026-05-31T00:51:35.146129+00:00,epoch,P14,Two,14,,-0.011706301055631085,-1.1706301055631085,2.1053577537538436e-10,2.1300037054490932e-10,,,,
2026-05-31T00:51:35.146129+00:00,epoch,P14,Two,15,,0.3956507397669201,39.56507397669201,3.3979560083783e-10,2.0535521999679745e-10,,,,
2026-05-31T00:51:35.146129+00:00,epoch,P14,Two,16,,0.2798308530449124,27.98308530449124,2.820776587592591e-10,2.0314362688374394e-10,,,,
2026-05-31T00:51:35.146129+00:00,epoch,P14,Two,17,,0.43408634917297795,43.408634917297796,2.690593296591625e-10,1.5226434753648792e-10,,,,
2026-05-31T00:51:35.146129+00:00,epoch,P14,Two,18,,0.15663834231304685,15.663834231304685,3.200144998186944e-10,2.698879590509553e-10,,,,
2026-05-31T00:51:35.146129+00:00,epoch,P14,Two,19,,0.11095377856056698,11.095377856056698,2.426420979697297e-10,2.1572004036212492e-10,,,,
2026-05-31T00:51:35.146129+00:00,epoch,P14,Two,20,,0.14291850387529614,14.291850387529614,2.2613355440607968e-10,1.938148851343599e-10,,,,
2026-05-31T00:51:35.146129+00:00,epoch,P14,Two,21,,0.5426510398624884,54.26510398624884,2.2725894430767775e-10,1.0393664186106508e-10,,,,
2026-05-31T00:51:35.146129+00:00,epoch,P14,Two,22,,0.253420301313923,25.342030131392303,2.044988821416033e-10,1.5267471381091775e-10,,,,
2026-05-31T00:51:35.146129+00:00,epoch,P14,Two,23,,0.33865141748924843,33.86514174892484,1.7009060197044929e-10,1.1248917851155707e-10,,,,
2026-05-31T00:51:35.146129+00:00,epoch,P14,Two,24,,0.20540098270366258,20.540098270366258,1.7284945015460038e-10,1.3734600323305772e-10,,,,
2026-05-31T00:51:35.146129+00:00,epoch,P14,Two,25,,0.13393803544133065,13.393803544133064,1.426811171254855e-10,1.2357068860312357e-10,,,,
2026-05-31T00:51:35.146129+00:00,epoch,P14,Two,26,,0.2733743433626701,27.33743433626701,1.1874947844580666e-10,8.628641775102472e-11,,,,
2026-05-31T00:51:35.146129+00:00,epoch,P14,Two,27,,0.39605647721509063,39.605647721509065,2.517743218133361e-10,1.5205747086272766e-10,,,,
2026-05-31T00:51:35.146129+00:00,epoch,P14,Two,28,,0.2867326182780974,28.67326182780974,1.5104387251239516e-10,1.0773466747205295e-10,,,,
2026-05-31T00:51:35.146129+00:00,epoch,P14,Two,29,,0.28229971758142647,28.229971758142646,3.045829902584686e-10,2.1859929812839655e-10,,,,
2026-05-31T00:51:35.146129+00:00,epoch,P14,Two,30,,0.32944378593395784,32.94437859339578,1.3665843681170577e-10,9.163716400864087e-11,,,,
2026-05-31T00:51:35.146129+00:00,epoch,P14,Two,31,,0.4091872330730637,40.91872330730637,1.4679937808422396e-10,8.67309467490938e-11,,,,
2026-05-31T00:51:35.146129+00:00,epoch,P14,Two,32,,0.4317624832730025,43.17624832730025,2.5357223360630134e-10,1.4408925633536278e-10,,,,
2026-05-31T00:51:35.146129+00:00,epoch,P14,Two,33,,0.35470248890821976,35.47024889082198,1.2331857588628924e-10,7.957717009080527e-11,,,,
2026-05-31T00:51:35.146129+00:00,epoch,P14,Two,34,,0.2780668685243962,27.806686852439622,1.574504084701489e-10,1.1366866643896752e-10,,,,
2026-05-31T00:51:35.146129+00:00,epoch,P14,Two,35,,0.1465116019475715,14.651160194757152,8.661026423124424e-11,7.39208556736222e-11,,,,
2026-05-31T00:51:35.146129+00:00,epoch,P14,Two,36,,0.6056438011886045,60.56438011886045,3.128796376452011e-10,1.2338602458724833e-10,,,,
2026-05-31T00:51:35.146129+00:00,epoch,P14,Two,37,,0.26179293716697416,26.179293716697416,2.512967733392711e-10,1.8550905294619994e-10,,,,
2026-05-31T00:51:35.146129+00:00,epoch,P14,Two,38,,0.09267872112418318,9.267872112418319,1.8950629280313365e-10,1.7194309194115422e-10,,,,
2026-05-31T00:51:35.146129+00:00,epoch,P14,Two,39,,0.5660054419651417,56.60054419651417,3.449970068607937e-10,1.4972682351589912e-10,,,,
2026-05-31T00:51:35.148133+00:00,participant_condition_average,P14,One,,40,,,,,0.31848809861909305,0.12517247253327354,0.010747145294741967,0.5873730518007828
2026-05-31T00:51:35.148133+00:00,participant_condition_average,P14,Two,,40,,,,,0.28409413407824796,0.1498877884004306,-0.07719985014762742,0.6056438011886045
2026-05-31T00:51:35.148133+00:00,participant_average,P14,all,,80,,,,,0.3012911163486705,0.13915094212775533,-0.07719985014762742,0.6056438011886045
2026-05-31T00:54:32.605001+00:00,epoch,P15,One,0,,0.12913936929010972,12.913936929010973,3.6469358592060503e-10,3.1759728625066966e-10,,,,
2026-05-31T00:54:32.605001+00:00,epoch,P15,One,1,,0.2832633557694858,28.32633557694858,5.794409766669376e-10,4.1530658114591254e-10,,,,
2026-05-31T00:54:32.605001+00:00,epoch,P15,One,2,,0.4033657117771421,40.336571177714205,5.726225775869328e-10,3.416462639989179e-10,,,,
2026-05-31T00:54:32.605001+00:00,epoch,P15,One,3,,0.006213463509844308,0.6213463509844308,3.5358255674378456e-10,3.513855844297396e-10,,,,
2026-05-31T00:54:32.605001+00:00,epoch,P15,One,4,,0.11476137466027858,11.476137466027858,2.6920371317740716e-10,2.3830952498951655e-10,,,,
2026-05-31T00:54:32.605001+00:00,epoch,P15,One,5,,0.2377951493061814,23.77951493061814,4.7396363076418e-10,3.6125737842091197e-10,,,,
2026-05-31T00:54:32.605001+00:00,epoch,P15,One,6,,0.19025622253538643,19.025622253538643,4.781701204462425e-10,3.871952796008496e-10,,,,
2026-05-31T00:54:32.605001+00:00,epoch,P15,One,7,,0.4556631421556009,45.56631421556009,3.953340046783558e-10,2.1519486990565916e-10,,,,
2026-05-31T00:54:32.605001+00:00,epoch,P15,One,8,,0.10145205702708926,10.145205702708926,4.186794448351537e-10,3.762035539216676e-10,,,,
2026-05-31T00:54:32.605001+00:00,epoch,P15,One,9,,0.07793672515820438,7.793672515820438,3.153987826455084e-10,2.9081763440723317e-10,,,,
2026-05-31T00:54:32.605001+00:00,epoch,P15,One,10,,0.31996887792623796,31.996887792623795,3.0897166925311656e-10,2.1011035093120015e-10,,,,
2026-05-31T00:54:32.605001+00:00,epoch,P15,One,11,,0.19061152375300716,19.061152375300715,5.6220387566348e-10,4.550413382634179e-10,,,,
2026-05-31T00:54:32.605001+00:00,epoch,P15,One,12,,0.19286849278198548,19.28684927819855,5.34577747680161e-10,4.3147454321029987e-10,,,,
2026-05-31T00:54:32.605001+00:00,epoch,P15,One,13,,0.1568322192600221,15.683221926002211,4.088743939287877e-10,3.4474971533033943e-10,,,,
2026-05-31T00:54:32.605001+00:00,epoch,P15,One,14,,0.29136118451094073,29.136118451094074,4.001507705511571e-10,2.835623680604063e-10,,,,
2026-05-31T00:54:32.605001+00:00,epoch,P15,One,15,,0.09333452005876286,9.333452005876286,2.589283393718184e-10,2.347613870869373e-10,,,,
2026-05-31T00:54:32.605001+00:00,epoch,P15,One,16,,0.1632199401593798,16.321994015937978,3.5628902656181074e-10,2.981355529669483e-10,,,,
2026-05-31T00:54:32.605001+00:00,epoch,P15,One,17,,0.15410524765109612,15.410524765109612,4.094097758997803e-10,3.463175809939649e-10,,,,
2026-05-31T00:54:32.605001+00:00,epoch,P15,One,18,,0.1907893704598559,19.07893704598559,3.959437972824716e-10,3.2040192946146403e-10,,,,
2026-05-31T00:54:32.605001+00:00,epoch,P15,One,19,,0.2127045304223949,21.270453042239488,4.892151238160691e-10,3.8515685062923833e-10,,,,
2026-05-31T00:54:32.605001+00:00,epoch,P15,One,20,,0.09696540859912484,9.696540859912483,5.07513532024963e-10,4.5830227502257744e-10,,,,
2026-05-31T00:54:32.605001+00:00,epoch,P15,One,21,,0.18748203531331964,18.748203531331963,4.14044946505356e-10,3.364189572233373e-10,,,,
2026-05-31T00:54:32.605001+00:00,epoch,P15,One,22,,0.40901709850351975,40.90170985035198,7.550700087785981e-10,4.4623346462094877e-10,,,,
2026-05-31T00:54:32.605001+00:00,epoch,P15,One,23,,0.19188855521711246,19.188855521711247,2.978426366178532e-10,2.406900433951979e-10,,,,
2026-05-31T00:54:32.605001+00:00,epoch,P15,One,24,,0.14993919437608438,14.993919437608438,3.7523246917626495e-10,3.189704150442269e-10,,,,
2026-05-31T00:54:32.605001+00:00,epoch,P15,One,25,,0.22895968524191135,22.895968524191133,1.8228596912320104e-09,1.4054983100873615e-09,,,,
2026-05-31T00:54:32.605001+00:00,epoch,P15,One,26,,0.1399914383684714,13.99914383684714,3.052811859874237e-10,2.6254443365421143e-10,,,,
2026-05-31T00:54:32.605001+00:00,epoch,P15,One,27,,0.1855576266169685,18.55576266169685,4.2587295354963354e-10,3.468489790486051e-10,,,,
2026-05-31T00:54:32.605001+00:00,epoch,P15,One,28,,0.19502418657988263,19.50241865798826,4.318003911919152e-10,3.475888711348368e-10,,,,
2026-05-31T00:54:32.605001+00:00,epoch,P15,One,29,,0.15459601211878893,15.459601211878892,5.115035853754009e-10,4.3242717089190143e-10,,,,
2026-05-31T00:54:32.605001+00:00,epoch,P15,One,30,,0.14233747437162292,14.233747437162291,1.2473140355461567e-09,1.0697745059782402e-09,,,,
2026-05-31T00:54:32.605001+00:00,epoch,P15,One,31,,0.2807939594013106,28.079395940131057,2.1026794666293476e-10,1.5122597738426572e-10,,,,
2026-05-31T00:54:32.605001+00:00,epoch,P15,One,32,,0.1319148298486299,13.19148298486299,2.732165129669907e-10,2.3717520314711413e-10,,,,
2026-05-31T00:54:32.605001+00:00,epoch,P15,One,33,,0.11383944325965378,11.383944325965379,2.3892967002719656e-10,2.1173004941308771e-10,,,,
2026-05-31T00:54:32.605001+00:00,epoch,P15,One,34,,0.1373539894454594,13.73539894454594,5.007958360954041e-10,4.3200953011002595e-10,,,,
2026-05-31T00:54:32.605001+00:00,epoch,P15,One,35,,0.279216269177863,27.921626917786302,2.9468794452704743e-10,2.1240627608451218e-10,,,,
2026-05-31T00:54:32.605001+00:00,epoch,P15,One,36,,0.22140206820523933,22.140206820523932,2.716613758999435e-10,2.1151498542421506e-10,,,,
2026-05-31T00:54:32.605001+00:00,epoch,P15,One,37,,0.257319792346261,25.731979234626102,4.901814547664536e-10,3.6404806461396165e-10,,,,
2026-05-31T00:54:32.605001+00:00,epoch,P15,One,38,,-0.08119959406924426,-8.119959406924426,4.0421852838088835e-10,4.370409088006838e-10,,,,
2026-05-31T00:54:32.605001+00:00,epoch,P15,One,39,,0.20801487213797154,20.801487213797152,5.783487457827982e-10,4.580436053776332e-10,,,,
2026-05-31T00:57:31.228031+00:00,epoch,P15,Two,0,,-0.19070541993597856,-19.070541993597857,2.7309001387094675e-10,3.251697596465279e-10,,,,
2026-05-31T00:57:31.228031+00:00,epoch,P15,Two,1,,0.2588569226958275,25.885692269582748,2.6322078929710467e-10,1.9508426579008936e-10,,,,
2026-05-31T00:57:31.228031+00:00,epoch,P15,Two,2,,0.17731412122930568,17.731412122930568,3.312674950864398e-10,2.725290903033544e-10,,,,
2026-05-31T00:57:31.228031+00:00,epoch,P15,Two,3,,0.31217696557129626,31.217696557129628,5.26709194086779e-10,3.622827161382654e-10,,,,
2026-05-31T00:57:31.228031+00:00,epoch,P15,Two,4,,0.27990254060858144,27.990254060858145,3.7080587149894923e-10,2.6701636599381414e-10,,,,
2026-05-31T00:57:31.228031+00:00,epoch,P15,Two,5,,0.22250951348426629,22.25095134842663,4.846734160820027e-10,3.7682897007083886e-10,,,,
2026-05-31T00:57:31.228031+00:00,epoch,P15,Two,6,,0.11858506805123026,11.858506805123026,3.5576580190358677e-10,3.1357729007454944e-10,,,,
2026-05-31T00:57:31.228031+00:00,epoch,P15,Two,7,,0.16156046479926878,16.15604647992688,5.523296354247486e-10,4.6309500280311553e-10,,,,
2026-05-31T00:57:31.228031+00:00,epoch,P15,Two,8,,0.13750055572931585,13.750055572931586,3.4483533030663006e-10,2.9742028075436623e-10,,,,
2026-05-31T00:57:31.228031+00:00,epoch,P15,Two,9,,0.1724667396028241,17.24667396028241,3.7737868437144833e-10,3.122934130823014e-10,,,,
2026-05-31T00:57:31.228031+00:00,epoch,P15,Two,10,,0.2546041562014685,25.460415620146847,4.3057868794475513e-10,3.2095156442224537e-10,,,,
2026-05-31T00:57:31.228031+00:00,epoch,P15,Two,11,,0.17485806296811612,17.485806296811614,3.1145011663823585e-10,2.569905525316801e-10,,,,
2026-05-31T00:57:31.228031+00:00,epoch,P15,Two,12,,0.1786183034153075,17.861830341530748,3.8444700513178936e-10,3.1577773332205313e-10,,,,
2026-05-31T00:57:31.228031+00:00,epoch,P15,Two,13,,0.2849441922617225,28.49441922617225,4.02887955432398e-10,2.8808737239973647e-10,,,,
2026-05-31T00:57:31.228031+00:00,epoch,P15,Two,14,,0.2529429004895828,25.294290048958278,2.8714656282801896e-10,2.1451487836068565e-10,,,,
2026-05-31T00:57:31.228031+00:00,epoch,P15,Two,15,,0.12439413528018428,12.439413528018427,4.3802071928743266e-10,3.8353351067686813e-10,,,,
2026-05-31T00:57:31.228031+00:00,epoch,P15,Two,16,,0.24218459144096038,24.218459144096038,4.3237713529435415e-10,3.276620554346781e-10,,,,
2026-05-31T00:57:31.228031+00:00,epoch,P15,Two,17,,0.22455345107785885,22.455345107785885,4.102184286419259e-10,3.1810246479464506e-10,,,,
2026-05-31T00:57:31.228031+00:00,epoch,P15,Two,18,,0.14546477613399722,14.546477613399722,3.643097926550528e-10,3.113155502230626e-10,,,,
2026-05-31T00:57:31.228031+00:00,epoch,P15,Two,19,,0.18789064750959805,18.789064750959806,2.759396089706764e-10,2.2409313716763073e-10,,,,
2026-05-31T00:57:31.228031+00:00,epoch,P15,Two,20,,0.38672873931193075,38.672873931193074,5.416260326312874e-10,3.3216367985326697e-10,,,,
2026-05-31T00:57:31.228031+00:00,epoch,P15,Two,21,,0.34196767120481375,34.196767120481375,3.048480364546801e-10,2.00599863356913e-10,,,,
2026-05-31T00:57:31.228031+00:00,epoch,P15,Two,22,,0.1891842134620243,18.91842134620243,4.4284757291894487e-10,3.590678031527078e-10,,,,
2026-05-31T00:57:31.228031+00:00,epoch,P15,Two,23,,0.17166132239130882,17.16613223913088,1.5573669530347673e-09,1.2900272824282958e-09,,,,
2026-05-31T00:57:31.228031+00:00,epoch,P15,Two,24,,0.12346074411864472,12.346074411864471,3.940571361901292e-10,3.4540654893083373e-10,,,,
2026-05-31T00:57:31.228031+00:00,epoch,P15,Two,25,,0.213572585262776,21.3572585262776,5.242117941077047e-10,4.1225452601488417e-10,,,,
2026-05-31T00:57:31.228031+00:00,epoch,P15,Two,26,,0.2168492709296349,21.68492709296349,3.512810800623502e-10,2.7510603395945483e-10,,,,
2026-05-31T00:57:31.228031+00:00,epoch,P15,Two,27,,0.31446660730579634,31.446660730579634,4.815720363083438e-10,3.301337118771152e-10,,,,
2026-05-31T00:57:31.228031+00:00,epoch,P15,Two,28,,0.17715171745614444,17.715171745614445,3.818184214527896e-10,3.1417863233603394e-10,,,,
2026-05-31T00:57:31.228031+00:00,epoch,P15,Two,29,,0.21353334016482173,21.353334016482172,4.172406963611863e-10,3.28145896814486e-10,,,,
2026-05-31T00:57:31.228031+00:00,epoch,P15,Two,30,,0.15198595351017974,15.198595351017975,4.0740668086354315e-10,3.4548658800608007e-10,,,,
2026-05-31T00:57:31.228031+00:00,epoch,P15,Two,31,,0.27048497164313234,27.048497164313233,3.9583491563127637e-10,2.887675197013889e-10,,,,
2026-05-31T00:57:31.228031+00:00,epoch,P15,Two,32,,0.3527062417996226,35.27062417996226,4.97499073073495e-10,3.2202804471094675e-10,,,,
2026-05-31T00:57:31.228031+00:00,epoch,P15,Two,33,,0.38296561142562213,38.29656114256221,7.836676149312603e-10,4.835498676246512e-10,,,,
2026-05-31T00:57:31.228031+00:00,epoch,P15,Two,34,,0.1770739969714611,17.70739969714611,4.798862855794392e-10,3.9491090290009984e-10,,,,
2026-05-31T00:57:31.228031+00:00,epoch,P15,Two,35,,0.16012954455026385,16.012954455026385,3.9964636913624035e-10,3.356511780652876e-10,,,,
2026-05-31T00:57:31.228031+00:00,epoch,P15,Two,36,,0.16046268591386403,16.046268591386404,4.6004197271828877e-10,3.862224021427996e-10,,,,
2026-05-31T00:57:31.228031+00:00,epoch,P15,Two,37,,0.19449135898375458,19.44913589837546,4.881949778146778e-10,3.9324527313045726e-10,,,,
2026-05-31T00:57:31.228031+00:00,epoch,P15,Two,38,,0.20179905112101815,20.179905112101814,3.4590532168490335e-10,2.7610195599117933e-10,,,,
2026-05-31T00:57:31.228031+00:00,epoch,P15,Two,39,,0.45095254561112064,45.095254561112064,4.898546278185524e-10,2.6895343642438815e-10,,,,
2026-05-31T00:57:31.232040+00:00,participant_condition_average,P15,One,,40,,,,,0.1899014205808239,0.10051544760403107,-0.08119959406924426,0.4556631421556009
2026-05-31T00:57:31.232040+00:00,participant_condition_average,P15,Two,,40,,,,,0.2143062715438167,0.10159127569772915,-0.19070541993597856,0.45095254561112064
2026-05-31T00:57:31.232040+00:00,participant_average,P15,all,,80,,,,,0.20210384606232035,0.10178885223882247,-0.19070541993597856,0.4556631421556009
