total_standing,correct_standing,accuracy_standing,total_straight,correct_straight,accuracy_straight,total_diagonal,correct_diagonal,accuracy_diagonal,overall_accuracy,macro_f1,macro_auc,cm_standing_standing,cm_standing_straight,cm_standing_diagonal,cm_straight_standing,cm_straight_straight,cm_straight_diagonal,cm_diagonal_standing,cm_diagonal_straight,cm_diagonal_diagonal,participant_id,model,n_features_final,best_params,inner_best_score,cv_mode,repeat,fold,channel_mode,ablation
8,8,1.0,8,4,0.5,8,5,0.625,0.7083333333333334,0.7071895424836602,0.8203125,8,0,0,0,4,4,0,3,5,P02,xgb,149,"{'subsample': 0.6, 'reg_lambda': 1, 'reg_alpha': 0, 'min_child_weight': 1, 'max_depth': 2, 'learning_rate': 0.03, 'gamma': 0, 'colsample_bytree': 0.6, 'colsample_bylevel': 0.6, 'n_estimators': 300}",0.9355940355940356,repeated_stratified,0,0,full,electrode
8,8,1.0,8,5,0.625,8,3,0.375,0.6666666666666666,0.6613756613756614,0.8151041666666666,8,0,0,0,5,3,0,5,3,P02,xgb,150,"{'subsample': 0.6, 'reg_lambda': 1, 'reg_alpha': 0, 'min_child_weight': 1, 'max_depth': 2, 'learning_rate': 0.03, 'gamma': 0, 'colsample_bytree': 0.6, 'colsample_bylevel': 0.6, 'n_estimators': 300}",0.91991341991342,repeated_stratified,0,1,full,electrode
8,8,1.0,8,5,0.625,8,6,0.75,0.7916666666666666,0.7908496732026143,0.90625,8,0,0,0,5,3,0,2,6,P02,xgb,150,"{'subsample': 0.6, 'reg_lambda': 1, 'reg_alpha': 0, 'min_child_weight': 1, 'max_depth': 2, 'learning_rate': 0.03, 'gamma': 0, 'colsample_bytree': 0.6, 'colsample_bylevel': 0.6, 'n_estimators': 300}",0.896007696007696,repeated_stratified,0,2,full,electrode
8,8,1.0,8,4,0.5,8,4,0.5,0.6666666666666666,0.6581699346405229,0.8489583333333334,8,0,0,1,4,3,0,4,4,P02,xgb,150,"{'subsample': 0.6, 'reg_lambda': 1, 'reg_alpha': 0, 'min_child_weight': 1, 'max_depth': 2, 'learning_rate': 0.03, 'gamma': 0, 'colsample_bytree': 0.6, 'colsample_bylevel': 0.6, 'n_estimators': 300}",0.883068783068783,repeated_stratified,0,3,full,electrode
8,8,1.0,8,5,0.625,8,3,0.375,0.6666666666666666,0.6613756613756614,0.8046875,8,0,0,0,5,3,0,5,3,P02,xgb,150,"{'subsample': 0.6, 'reg_lambda': 3, 'reg_alpha': 0.1, 'min_child_weight': 1, 'max_depth': 8, 'learning_rate': 0.05, 'gamma': 0, 'colsample_bytree': 0.7, 'colsample_bylevel': 0.8, 'n_estimators': 300}",0.8925685425685425,repeated_stratified,0,4,full,electrode
8,8,1.0,8,4,0.5,8,3,0.375,0.625,0.6058201058201058,0.7838541666666666,8,0,0,1,4,3,1,4,3,P02,xgb,150,"{'subsample': 0.6, 'reg_lambda': 3, 'reg_alpha': 0.1, 'min_child_weight': 1, 'max_depth': 8, 'learning_rate': 0.05, 'gamma': 0, 'colsample_bytree': 0.7, 'colsample_bylevel': 0.8, 'n_estimators': 300}",0.8966810966810966,repeated_stratified,1,0,full,electrode
8,8,1.0,8,5,0.625,8,2,0.25,0.625,0.611336032388664,0.8020833333333334,8,0,0,0,5,3,0,6,2,P02,xgb,149,"{'subsample': 0.6, 'reg_lambda': 3, 'reg_alpha': 0.1, 'min_child_weight': 1, 'max_depth': 2, 'learning_rate': 0.05, 'gamma': 0, 'colsample_bytree': 0.7, 'colsample_bylevel': 0.6, 'n_estimators': 300}",0.9295093795093794,repeated_stratified,1,1,full,electrode
8,8,1.0,8,4,0.5,8,6,0.75,0.75,0.746031746031746,0.8671875,8,0,0,0,4,4,0,2,6,P02,xgb,150,"{'subsample': 0.6, 'reg_lambda': 3, 'reg_alpha': 0.1, 'min_child_weight': 1, 'max_depth': 8, 'learning_rate': 0.05, 'gamma': 0, 'colsample_bytree': 0.7, 'colsample_bylevel': 0.8, 'n_estimators': 300}",0.8816979316979318,repeated_stratified,1,2,full,electrode
8,8,1.0,8,3,0.375,8,2,0.25,0.5416666666666666,0.5398692810457516,0.75,8,0,0,0,3,5,0,6,2,P02,xgb,149,"{'subsample': 0.6, 'reg_lambda': 1, 'reg_alpha': 0, 'min_child_weight': 1, 'max_depth': 2, 'learning_rate': 0.03, 'gamma': 0, 'colsample_bytree': 0.6, 'colsample_bylevel': 0.6, 'n_estimators': 300}",0.926046176046176,repeated_stratified,1,3,full,electrode
8,6,0.75,8,3,0.375,8,4,0.5,0.5416666666666666,0.5588624338624338,0.7760416666666666,6,1,1,0,3,5,0,4,4,P02,xgb,150,"{'subsample': 0.8, 'reg_lambda': 10, 'reg_alpha': 0.5, 'min_child_weight': 1, 'max_depth': 8, 'learning_rate': 0.01, 'gamma': 0.3, 'colsample_bytree': 0.7, 'colsample_bylevel': 0.6, 'n_estimators': 300}",0.885978835978836,repeated_stratified,1,4,full,electrode
8,8,1.0,8,7,0.875,8,2,0.25,0.7083333333333334,0.6767676767676768,0.9296875,8,0,0,0,7,1,0,6,2,P02,xgb,150,"{'subsample': 0.6, 'reg_lambda': 1, 'reg_alpha': 0, 'min_child_weight': 1, 'max_depth': 2, 'learning_rate': 0.03, 'gamma': 0, 'colsample_bytree': 0.6, 'colsample_bylevel': 0.6, 'n_estimators': 300}",0.8352092352092352,repeated_stratified,2,0,full,electrode
8,8,1.0,8,6,0.75,8,5,0.625,0.7916666666666666,0.7908496732026143,0.8958333333333334,8,0,0,0,6,2,0,3,5,P02,xgb,150,"{'subsample': 0.6, 'reg_lambda': 1, 'reg_alpha': 0, 'min_child_weight': 1, 'max_depth': 2, 'learning_rate': 0.03, 'gamma': 0, 'colsample_bytree': 0.6, 'colsample_bylevel': 0.6, 'n_estimators': 300}",0.9282828282828284,repeated_stratified,2,1,full,electrode
8,7,0.875,8,5,0.625,8,6,0.75,0.75,0.7555555555555555,0.8645833333333334,7,0,1,0,5,3,0,2,6,P02,xgb,150,"{'subsample': 0.6, 'reg_lambda': 5, 'reg_alpha': 0.5, 'min_child_weight': 1, 'max_depth': 8, 'learning_rate': 0.03, 'gamma': 0.3, 'colsample_bytree': 0.6, 'colsample_bylevel': 0.6, 'n_estimators': 300}",0.9388407888407888,repeated_stratified,2,2,full,electrode
8,8,1.0,8,2,0.25,8,5,0.625,0.625,0.6014747779453662,0.8411458333333334,8,0,0,1,2,5,0,3,5,P02,xgb,149,"{'subsample': 1.0, 'reg_lambda': 3, 'reg_alpha': 0, 'min_child_weight': 1, 'max_depth': 4, 'learning_rate': 0.01, 'gamma': 0.3, 'colsample_bytree': 0.6, 'colsample_bylevel': 0.6, 'n_estimators': 300}",0.9149831649831648,repeated_stratified,2,3,full,electrode
8,8,1.0,8,4,0.5,8,2,0.25,0.5833333333333334,0.5557231439584381,0.7942708333333334,8,0,0,1,4,3,1,5,2,P02,xgb,149,"{'subsample': 0.6, 'reg_lambda': 5, 'reg_alpha': 0, 'min_child_weight': 1, 'max_depth': 2, 'learning_rate': 0.01, 'gamma': 0.3, 'colsample_bytree': 0.7, 'colsample_bylevel': 0.6, 'n_estimators': 300}",0.916113516113516,repeated_stratified,2,4,full,electrode
8,7,0.875,8,4,0.5,8,4,0.5,0.625,0.6263071895424837,0.8098958333333334,7,1,0,1,4,3,0,4,4,P02,xgb,149,"{'subsample': 0.6, 'reg_lambda': 3, 'reg_alpha': 0.1, 'min_child_weight': 1, 'max_depth': 8, 'learning_rate': 0.05, 'gamma': 0, 'colsample_bytree': 0.7, 'colsample_bylevel': 0.8, 'n_estimators': 300}",0.9000962000962001,repeated_stratified,3,0,full,electrode
8,8,1.0,8,4,0.5,8,1,0.125,0.5416666666666666,0.5131556896262778,0.765625,8,0,0,0,4,4,1,6,1,P02,xgb,150,"{'subsample': 0.6, 'reg_lambda': 10, 'reg_alpha': 0.1, 'min_child_weight': 1, 'max_depth': 8, 'learning_rate': 0.03, 'gamma': 0.3, 'colsample_bytree': 0.6, 'colsample_bylevel': 0.8, 'n_estimators': 300}",0.9283549783549784,repeated_stratified,3,1,full,electrode
8,8,1.0,8,6,0.75,8,6,0.75,0.8333333333333334,0.8333333333333334,0.8984375,8,0,0,0,6,2,0,2,6,P02,xgb,150,"{'subsample': 0.6, 'reg_lambda': 3, 'reg_alpha': 0.1, 'min_child_weight': 1, 'max_depth': 8, 'learning_rate': 0.05, 'gamma': 0, 'colsample_bytree': 0.7, 'colsample_bylevel': 0.8, 'n_estimators': 300}",0.9055315055315054,repeated_stratified,3,2,full,electrode
8,8,1.0,8,5,0.625,8,3,0.375,0.6666666666666666,0.6526610644257703,0.8515625,8,0,0,0,5,3,1,4,3,P02,xgb,148,"{'subsample': 0.6, 'reg_lambda': 1, 'reg_alpha': 0, 'min_child_weight': 1, 'max_depth': 2, 'learning_rate': 0.03, 'gamma': 0, 'colsample_bytree': 0.6, 'colsample_bylevel': 0.6, 'n_estimators': 300}",0.899086099086099,repeated_stratified,3,3,full,electrode
8,8,1.0,8,6,0.75,8,4,0.5,0.75,0.7358299595141701,0.890625,8,0,0,1,6,1,2,2,4,P02,xgb,150,"{'subsample': 0.8, 'reg_lambda': 1, 'reg_alpha': 0, 'min_child_weight': 1, 'max_depth': 4, 'learning_rate': 0.01, 'gamma': 0, 'colsample_bytree': 0.7, 'colsample_bylevel': 0.8, 'n_estimators': 300}",0.868037518037518,repeated_stratified,3,4,full,electrode
8,8,1.0,8,5,0.625,8,2,0.25,0.625,0.611336032388664,0.8203125,8,0,0,0,5,3,0,6,2,P02,xgb,149,"{'subsample': 0.6, 'reg_lambda': 1, 'reg_alpha': 0, 'min_child_weight': 1, 'max_depth': 2, 'learning_rate': 0.03, 'gamma': 0, 'colsample_bytree': 0.6, 'colsample_bylevel': 0.6, 'n_estimators': 300}",0.8444925444925445,repeated_stratified,4,0,full,electrode
8,8,1.0,8,8,1.0,8,5,0.625,0.875,0.8704453441295547,0.9036458333333334,8,0,0,0,8,0,0,3,5,P02,xgb,148,"{'subsample': 0.6, 'reg_lambda': 3, 'reg_alpha': 0.1, 'min_child_weight': 1, 'max_depth': 8, 'learning_rate': 0.05, 'gamma': 0, 'colsample_bytree': 0.7, 'colsample_bylevel': 0.8, 'n_estimators': 300}",0.9143578643578644,repeated_stratified,4,1,full,electrode
8,8,1.0,8,4,0.5,8,3,0.375,0.625,0.6137254901960785,0.796875,8,0,0,0,4,4,1,4,3,P02,xgb,149,"{'subsample': 0.6, 'reg_lambda': 1, 'reg_alpha': 0, 'min_child_weight': 1, 'max_depth': 2, 'learning_rate': 0.03, 'gamma': 0, 'colsample_bytree': 0.6, 'colsample_bylevel': 0.6, 'n_estimators': 300}",0.8795815295815296,repeated_stratified,4,2,full,electrode
8,8,1.0,8,2,0.25,8,4,0.5,0.5833333333333334,0.565826330532213,0.765625,8,0,0,1,2,5,0,4,4,P02,xgb,150,"{'subsample': 0.6, 'reg_lambda': 3, 'reg_alpha': 0.1, 'min_child_weight': 1, 'max_depth': 8, 'learning_rate': 0.05, 'gamma': 0, 'colsample_bytree': 0.7, 'colsample_bylevel': 0.8, 'n_estimators': 300}",0.8993987493987494,repeated_stratified,4,3,full,electrode
8,8,1.0,8,2,0.25,8,7,0.875,0.7083333333333334,0.6767676767676768,0.8802083333333334,8,0,0,0,2,6,0,1,7,P02,xgb,150,"{'subsample': 0.8, 'reg_lambda': 10, 'reg_alpha': 0, 'min_child_weight': 1, 'max_depth': 4, 'learning_rate': 0.03, 'gamma': 0, 'colsample_bytree': 0.6, 'colsample_bylevel': 0.8, 'n_estimators': 300}",0.904136604136604,repeated_stratified,4,4,full,electrode
8,8,1.0,8,2,0.25,8,3,0.375,0.5416666666666666,0.5398692810457516,0.7760416666666666,8,0,0,0,2,6,0,5,3,P02,xgb,150,"{'subsample': 0.6, 'reg_lambda': 1, 'reg_alpha': 0, 'min_child_weight': 1, 'max_depth': 2, 'learning_rate': 0.03, 'gamma': 0, 'colsample_bytree': 0.6, 'colsample_bylevel': 0.6, 'n_estimators': 300}",0.918879268879269,repeated_stratified,5,0,full,electrode
8,8,1.0,8,5,0.625,8,3,0.375,0.6666666666666666,0.6613756613756614,0.8776041666666666,8,0,0,0,5,3,0,5,3,P02,xgb,150,"{'subsample': 0.6, 'reg_lambda': 3, 'reg_alpha': 0.1, 'min_child_weight': 1, 'max_depth': 8, 'learning_rate': 0.05, 'gamma': 0, 'colsample_bytree': 0.7, 'colsample_bylevel': 0.8, 'n_estimators': 300}",0.9444925444925446,repeated_stratified,5,1,full,electrode
8,8,1.0,8,2,0.25,8,2,0.25,0.5,0.474074074074074,0.7317708333333334,8,0,0,1,2,5,1,5,2,P02,xgb,150,"{'subsample': 0.6, 'reg_lambda': 3, 'reg_alpha': 0.1, 'min_child_weight': 1, 'max_depth': 2, 'learning_rate': 0.05, 'gamma': 0, 'colsample_bytree': 0.7, 'colsample_bylevel': 0.6, 'n_estimators': 300}",0.928042328042328,repeated_stratified,5,2,full,electrode
8,7,0.875,8,4,0.5,8,4,0.5,0.625,0.634640522875817,0.8203125,7,1,0,0,4,4,0,4,4,P02,xgb,150,"{'subsample': 0.8, 'reg_lambda': 1, 'reg_alpha': 0, 'min_child_weight': 1, 'max_depth': 8, 'learning_rate': 0.01, 'gamma': 0.3, 'colsample_bytree': 0.6, 'colsample_bylevel': 0.8, 'n_estimators': 300}",0.8537758537758537,repeated_stratified,5,3,full,electrode
8,8,1.0,8,4,0.5,8,5,0.625,0.7083333333333334,0.7071895424836602,0.8255208333333334,8,0,0,0,4,4,0,3,5,P02,xgb,150,"{'subsample': 0.8, 'reg_lambda': 10, 'reg_alpha': 0, 'min_child_weight': 1, 'max_depth': 8, 'learning_rate': 0.05, 'gamma': 0, 'colsample_bytree': 0.7, 'colsample_bylevel': 0.6, 'n_estimators': 300}",0.9211159211159212,repeated_stratified,5,4,full,electrode
8,7,0.875,8,2,0.25,8,8,1.0,0.7083333333333334,0.6747474747474748,0.875,7,1,0,0,2,6,0,0,8,P02,xgb,149,"{'subsample': 0.6, 'reg_lambda': 1, 'reg_alpha': 0, 'min_child_weight': 1, 'max_depth': 2, 'learning_rate': 0.03, 'gamma': 0, 'colsample_bytree': 0.6, 'colsample_bylevel': 0.6, 'n_estimators': 300}",0.9054112554112552,repeated_stratified,6,0,full,electrode
8,7,0.875,8,6,0.75,8,2,0.25,0.625,0.6126984126984126,0.7916666666666666,7,1,0,0,6,2,0,6,2,P02,xgb,150,"{'subsample': 0.6, 'reg_lambda': 1, 'reg_alpha': 0, 'min_child_weight': 1, 'max_depth': 2, 'learning_rate': 0.03, 'gamma': 0, 'colsample_bytree': 0.6, 'colsample_bylevel': 0.6, 'n_estimators': 300}",0.9454545454545452,repeated_stratified,6,1,full,electrode
8,8,1.0,8,6,0.75,8,4,0.5,0.75,0.7410759175465058,0.8489583333333334,8,0,0,1,6,1,0,4,4,P02,xgb,150,"{'subsample': 0.6, 'reg_lambda': 10, 'reg_alpha': 0.5, 'min_child_weight': 1, 'max_depth': 2, 'learning_rate': 0.05, 'gamma': 0.1, 'colsample_bytree': 0.6, 'colsample_bylevel': 0.6, 'n_estimators': 300}",0.8820105820105818,repeated_stratified,6,2,full,electrode
8,8,1.0,8,4,0.5,8,3,0.375,0.625,0.6235294117647059,0.8385416666666666,8,0,0,0,4,4,0,5,3,P02,xgb,150,"{'subsample': 0.6, 'reg_lambda': 1, 'reg_alpha': 0, 'min_child_weight': 1, 'max_depth': 2, 'learning_rate': 0.03, 'gamma': 0, 'colsample_bytree': 0.6, 'colsample_bylevel': 0.6, 'n_estimators': 300}",0.9246753246753248,repeated_stratified,6,3,full,electrode
8,8,1.0,8,4,0.5,8,3,0.375,0.625,0.6137254901960785,0.7942708333333334,8,0,0,0,4,4,1,4,3,P02,xgb,150,"{'subsample': 0.6, 'reg_lambda': 3, 'reg_alpha': 0.1, 'min_child_weight': 1, 'max_depth': 8, 'learning_rate': 0.05, 'gamma': 0, 'colsample_bytree': 0.7, 'colsample_bylevel': 0.8, 'n_estimators': 300}",0.9282828282828284,repeated_stratified,6,4,full,electrode
8,8,1.0,8,4,0.5,8,3,0.375,0.625,0.6134453781512604,0.8072916666666666,8,0,0,1,4,3,0,5,3,P02,xgb,149,"{'subsample': 0.6, 'reg_lambda': 1, 'reg_alpha': 0, 'min_child_weight': 1, 'max_depth': 2, 'learning_rate': 0.03, 'gamma': 0, 'colsample_bytree': 0.6, 'colsample_bylevel': 0.6, 'n_estimators': 300}",0.9118326118326118,repeated_stratified,7,0,full,electrode
8,8,1.0,8,6,0.75,8,5,0.625,0.7916666666666666,0.7908496732026143,0.8802083333333334,8,0,0,0,6,2,0,3,5,P02,xgb,149,"{'subsample': 0.6, 'reg_lambda': 1, 'reg_alpha': 0, 'min_child_weight': 1, 'max_depth': 2, 'learning_rate': 0.03, 'gamma': 0, 'colsample_bytree': 0.6, 'colsample_bylevel': 0.6, 'n_estimators': 300}",0.9114718614718617,repeated_stratified,7,1,full,electrode
8,8,1.0,8,4,0.5,8,6,0.75,0.75,0.7410759175465058,0.8984375,8,0,0,0,4,4,1,1,6,P02,xgb,150,"{'subsample': 0.6, 'reg_lambda': 3, 'reg_alpha': 0.1, 'min_child_weight': 1, 'max_depth': 2, 'learning_rate': 0.05, 'gamma': 0, 'colsample_bytree': 0.7, 'colsample_bylevel': 0.6, 'n_estimators': 300}",0.8868205868205868,repeated_stratified,7,2,full,electrode
8,8,1.0,8,3,0.375,8,6,0.75,0.7083333333333334,0.685436567789509,0.8619791666666666,8,0,0,2,3,3,0,2,6,P02,xgb,149,"{'subsample': 0.8, 'reg_lambda': 1, 'reg_alpha': 0, 'min_child_weight': 1, 'max_depth': 8, 'learning_rate': 0.01, 'gamma': 0.3, 'colsample_bytree': 0.6, 'colsample_bylevel': 0.8, 'n_estimators': 300}",0.8652236652236653,repeated_stratified,7,3,full,electrode
8,8,1.0,8,4,0.5,8,6,0.75,0.75,0.746031746031746,0.84375,8,0,0,0,4,4,0,2,6,P02,xgb,150,"{'subsample': 0.6, 'reg_lambda': 3, 'reg_alpha': 0.1, 'min_child_weight': 1, 'max_depth': 2, 'learning_rate': 0.05, 'gamma': 0, 'colsample_bytree': 0.7, 'colsample_bylevel': 0.6, 'n_estimators': 300}",0.8977633477633478,repeated_stratified,7,4,full,electrode
8,7,0.875,8,3,0.375,8,5,0.625,0.625,0.6296296296296297,0.8151041666666666,7,1,0,0,3,5,0,3,5,P02,xgb,149,"{'subsample': 0.6, 'reg_lambda': 1, 'reg_alpha': 0, 'min_child_weight': 1, 'max_depth': 2, 'learning_rate': 0.03, 'gamma': 0, 'colsample_bytree': 0.6, 'colsample_bylevel': 0.6, 'n_estimators': 300}",0.94987974987975,repeated_stratified,8,0,full,electrode
8,7,0.875,8,3,0.375,8,4,0.5,0.5833333333333334,0.5929738562091503,0.8046875,7,1,0,0,3,5,0,4,4,P02,xgb,150,"{'subsample': 0.8, 'reg_lambda': 1, 'reg_alpha': 0, 'min_child_weight': 1, 'max_depth': 8, 'learning_rate': 0.01, 'gamma': 0.3, 'colsample_bytree': 0.6, 'colsample_bylevel': 0.8, 'n_estimators': 300}",0.9176527176527176,repeated_stratified,8,1,full,electrode
8,8,1.0,8,6,0.75,8,3,0.375,0.7083333333333334,0.6977058029689608,0.8776041666666666,8,0,0,0,6,2,0,5,3,P02,xgb,150,"{'subsample': 0.6, 'reg_lambda': 3, 'reg_alpha': 0.1, 'min_child_weight': 1, 'max_depth': 2, 'learning_rate': 0.05, 'gamma': 0, 'colsample_bytree': 0.7, 'colsample_bylevel': 0.6, 'n_estimators': 300}",0.9049062049062048,repeated_stratified,8,2,full,electrode
8,8,1.0,8,5,0.625,8,5,0.625,0.75,0.75,0.8229166666666666,8,0,0,0,5,3,0,3,5,P02,xgb,148,"{'subsample': 0.6, 'reg_lambda': 10, 'reg_alpha': 0.5, 'min_child_weight': 1, 'max_depth': 2, 'learning_rate': 0.05, 'gamma': 0.1, 'colsample_bytree': 0.6, 'colsample_bylevel': 0.6, 'n_estimators': 300}",0.9118807118807118,repeated_stratified,8,3,full,electrode
8,8,1.0,8,5,0.625,8,4,0.5,0.7083333333333334,0.6951058201058201,0.8151041666666666,8,0,0,1,5,2,1,3,4,P02,xgb,149,"{'subsample': 0.6, 'reg_lambda': 1, 'reg_alpha': 0, 'min_child_weight': 1, 'max_depth': 2, 'learning_rate': 0.03, 'gamma': 0, 'colsample_bytree': 0.6, 'colsample_bylevel': 0.6, 'n_estimators': 300}",0.878860028860029,repeated_stratified,8,4,full,electrode
8,8,1.0,8,5,0.625,8,5,0.625,0.75,0.75,0.8671875,8,0,0,0,5,3,0,3,5,P02,xgb,150,"{'subsample': 0.8, 'reg_lambda': 10, 'reg_alpha': 0.1, 'min_child_weight': 1, 'max_depth': 16, 'learning_rate': 0.01, 'gamma': 0.1, 'colsample_bytree': 0.6, 'colsample_bylevel': 0.6, 'n_estimators': 300}",0.9306156806156808,repeated_stratified,9,0,full,electrode
8,8,1.0,8,6,0.75,8,4,0.5,0.75,0.746031746031746,0.8463541666666666,8,0,0,0,6,2,0,4,4,P02,xgb,150,"{'subsample': 0.6, 'reg_lambda': 3, 'reg_alpha': 0.1, 'min_child_weight': 1, 'max_depth': 8, 'learning_rate': 0.05, 'gamma': 0, 'colsample_bytree': 0.7, 'colsample_bylevel': 0.8, 'n_estimators': 300}",0.8965127465127464,repeated_stratified,9,1,full,electrode
8,8,1.0,8,7,0.875,8,4,0.5,0.7916666666666666,0.7781129545835429,0.8880208333333334,8,0,0,0,7,1,1,3,4,P02,xgb,150,"{'subsample': 0.6, 'reg_lambda': 1, 'reg_alpha': 0, 'min_child_weight': 1, 'max_depth': 2, 'learning_rate': 0.03, 'gamma': 0, 'colsample_bytree': 0.6, 'colsample_bylevel': 0.6, 'n_estimators': 300}",0.921909571909572,repeated_stratified,9,2,full,electrode
8,8,1.0,8,3,0.375,8,5,0.625,0.6666666666666666,0.6613756613756614,0.8567708333333334,8,0,0,0,3,5,0,3,5,P02,xgb,150,"{'subsample': 0.6, 'reg_lambda': 3, 'reg_alpha': 0.1, 'min_child_weight': 1, 'max_depth': 8, 'learning_rate': 0.05, 'gamma': 0, 'colsample_bytree': 0.7, 'colsample_bylevel': 0.8, 'n_estimators': 300}",0.9046416546416546,repeated_stratified,9,3,full,electrode
8,8,1.0,8,3,0.375,8,6,0.75,0.7083333333333334,0.6897938662644544,0.7994791666666666,8,0,0,1,3,4,0,2,6,P02,xgb,150,"{'subsample': 0.6, 'reg_lambda': 3, 'reg_alpha': 0.1, 'min_child_weight': 1, 'max_depth': 2, 'learning_rate': 0.05, 'gamma': 0, 'colsample_bytree': 0.7, 'colsample_bylevel': 0.6, 'n_estimators': 300}",0.936050986050986,repeated_stratified,9,4,full,electrode
8,7,0.875,8,6,0.75,8,4,0.5,0.7083333333333334,0.7111111111111111,0.9140625,7,0,1,0,6,2,0,4,4,P03,xgb,150,"{'subsample': 0.6, 'reg_lambda': 3, 'reg_alpha': 0.1, 'min_child_weight': 1, 'max_depth': 2, 'learning_rate': 0.05, 'gamma': 0, 'colsample_bytree': 0.7, 'colsample_bylevel': 0.6, 'n_estimators': 300}",0.9490620490620492,repeated_stratified,0,0,full,electrode
8,8,1.0,8,5,0.625,8,6,0.75,0.7916666666666666,0.7908496732026143,0.9140625,8,0,0,0,5,3,0,2,6,P03,xgb,149,"{'subsample': 0.6, 'reg_lambda': 1, 'reg_alpha': 0, 'min_child_weight': 1, 'max_depth': 2, 'learning_rate': 0.03, 'gamma': 0, 'colsample_bytree': 0.6, 'colsample_bylevel': 0.6, 'n_estimators': 300}",0.9193362193362192,repeated_stratified,0,1,full,electrode
8,8,1.0,8,4,0.5,8,3,0.375,0.625,0.6074074074074073,0.8411458333333334,8,0,0,0,4,4,2,3,3,P03,xgb,150,"{'subsample': 0.6, 'reg_lambda': 3, 'reg_alpha': 0.1, 'min_child_weight': 1, 'max_depth': 8, 'learning_rate': 0.05, 'gamma': 0, 'colsample_bytree': 0.7, 'colsample_bylevel': 0.8, 'n_estimators': 300}",0.9512265512265512,repeated_stratified,0,2,full,electrode
8,8,1.0,8,6,0.75,8,4,0.5,0.75,0.746031746031746,0.9244791666666666,8,0,0,0,6,2,0,4,4,P03,xgb,150,"{'subsample': 0.6, 'reg_lambda': 3, 'reg_alpha': 0.1, 'min_child_weight': 1, 'max_depth': 8, 'learning_rate': 0.05, 'gamma': 0, 'colsample_bytree': 0.7, 'colsample_bylevel': 0.8, 'n_estimators': 300}",0.9073593073593074,repeated_stratified,0,3,full,electrode
8,8,1.0,8,5,0.625,8,6,0.75,0.7916666666666666,0.7908496732026143,0.9244791666666666,8,0,0,0,5,3,0,2,6,P03,xgb,150,"{'subsample': 0.6, 'reg_lambda': 3, 'reg_alpha': 0.1, 'min_child_weight': 1, 'max_depth': 2, 'learning_rate': 0.05, 'gamma': 0, 'colsample_bytree': 0.7, 'colsample_bylevel': 0.6, 'n_estimators': 300}",0.9162097162097164,repeated_stratified,0,4,full,electrode
8,8,1.0,8,4,0.5,8,4,0.5,0.6666666666666666,0.6581699346405229,0.859375,8,0,0,0,4,4,1,3,4,P03,xgb,150,"{'subsample': 0.6, 'reg_lambda': 3, 'reg_alpha': 0.1, 'min_child_weight': 1, 'max_depth': 2, 'learning_rate': 0.05, 'gamma': 0, 'colsample_bytree': 0.7, 'colsample_bylevel': 0.6, 'n_estimators': 300}",0.9532948532948532,repeated_stratified,1,0,full,electrode
8,8,1.0,8,6,0.75,8,3,0.375,0.7083333333333334,0.6977058029689608,0.9114583333333334,8,0,0,0,6,2,0,5,3,P03,xgb,150,"{'subsample': 0.6, 'reg_lambda': 1, 'reg_alpha': 0, 'min_child_weight': 1, 'max_depth': 2, 'learning_rate': 0.03, 'gamma': 0, 'colsample_bytree': 0.6, 'colsample_bylevel': 0.6, 'n_estimators': 300}",0.9628186628186628,repeated_stratified,1,1,full,electrode
8,8,1.0,8,5,0.625,8,5,0.625,0.75,0.75,0.8854166666666666,8,0,0,0,5,3,0,3,5,P03,xgb,148,"{'subsample': 0.6, 'reg_lambda': 3, 'reg_alpha': 0.1, 'min_child_weight': 1, 'max_depth': 2, 'learning_rate': 0.05, 'gamma': 0, 'colsample_bytree': 0.7, 'colsample_bylevel': 0.6, 'n_estimators': 300}",0.9687830687830687,repeated_stratified,1,2,full,electrode
8,7,0.875,8,5,0.625,8,7,0.875,0.7916666666666666,0.7948203842940685,0.9036458333333334,7,0,1,0,5,3,0,1,7,P03,xgb,150,"{'subsample': 0.6, 'reg_lambda': 1, 'reg_alpha': 0, 'min_child_weight': 1, 'max_depth': 2, 'learning_rate': 0.03, 'gamma': 0, 'colsample_bytree': 0.6, 'colsample_bylevel': 0.6, 'n_estimators': 300}",0.9377104377104376,repeated_stratified,1,3,full,electrode
8,7,0.875,8,4,0.5,8,4,0.5,0.625,0.634640522875817,0.8203125,7,0,1,0,4,4,0,4,4,P03,xgb,150,"{'subsample': 0.6, 'reg_lambda': 3, 'reg_alpha': 0.1, 'min_child_weight': 1, 'max_depth': 2, 'learning_rate': 0.05, 'gamma': 0, 'colsample_bytree': 0.7, 'colsample_bylevel': 0.6, 'n_estimators': 300}",0.9442039442039444,repeated_stratified,1,4,full,electrode
8,8,1.0,8,4,0.5,8,5,0.625,0.7083333333333334,0.6998366013071896,0.8776041666666666,8,0,0,1,4,3,0,3,5,P03,xgb,149,"{'subsample': 0.6, 'reg_lambda': 3, 'reg_alpha': 0.1, 'min_child_weight': 1, 'max_depth': 2, 'learning_rate': 0.05, 'gamma': 0, 'colsample_bytree': 0.7, 'colsample_bylevel': 0.6, 'n_estimators': 300}",0.9128427128427128,repeated_stratified,2,0,full,electrode
8,8,1.0,8,3,0.375,8,3,0.375,0.5833333333333334,0.5833333333333334,0.8151041666666666,8,0,0,0,3,5,0,5,3,P03,xgb,150,"{'subsample': 0.6, 'reg_lambda': 1, 'reg_alpha': 0, 'min_child_weight': 1, 'max_depth': 2, 'learning_rate': 0.03, 'gamma': 0, 'colsample_bytree': 0.6, 'colsample_bylevel': 0.6, 'n_estimators': 300}",0.892039442039442,repeated_stratified,2,1,full,electrode
8,8,1.0,8,5,0.625,8,4,0.5,0.7083333333333334,0.6998366013071896,0.8828125,8,0,0,0,5,3,1,3,4,P03,xgb,149,"{'subsample': 0.6, 'reg_lambda': 1, 'reg_alpha': 0, 'min_child_weight': 1, 'max_depth': 2, 'learning_rate': 0.03, 'gamma': 0, 'colsample_bytree': 0.6, 'colsample_bylevel': 0.6, 'n_estimators': 300}",0.9374458874458872,repeated_stratified,2,2,full,electrode
8,6,0.75,8,3,0.375,8,4,0.5,0.5416666666666666,0.5588624338624338,0.7291666666666666,6,1,1,0,3,5,0,4,4,P03,xgb,150,"{'subsample': 0.6, 'reg_lambda': 3, 'reg_alpha': 0.1, 'min_child_weight': 1, 'max_depth': 2, 'learning_rate': 0.05, 'gamma': 0, 'colsample_bytree': 0.7, 'colsample_bylevel': 0.6, 'n_estimators': 300}",0.956084656084656,repeated_stratified,2,3,full,electrode
8,8,1.0,8,6,0.75,8,5,0.625,0.7916666666666666,0.7908496732026143,0.8984375,8,0,0,0,6,2,0,3,5,P03,xgb,150,"{'subsample': 0.6, 'reg_lambda': 3, 'reg_alpha': 0.1, 'min_child_weight': 1, 'max_depth': 2, 'learning_rate': 0.05, 'gamma': 0, 'colsample_bytree': 0.7, 'colsample_bylevel': 0.6, 'n_estimators': 300}",0.925925925925926,repeated_stratified,2,4,full,electrode
8,7,0.875,8,3,0.375,8,4,0.5,0.5833333333333334,0.5699681582034524,0.765625,7,0,1,1,3,4,2,2,4,P03,xgb,149,"{'subsample': 0.6, 'reg_lambda': 3, 'reg_alpha': 0.1, 'min_child_weight': 1, 'max_depth': 8, 'learning_rate': 0.05, 'gamma': 0, 'colsample_bytree': 0.7, 'colsample_bylevel': 0.8, 'n_estimators': 300}",0.9489177489177488,repeated_stratified,3,0,full,electrode
8,7,0.875,8,5,0.625,8,7,0.875,0.7916666666666666,0.7948203842940685,0.9114583333333334,7,0,1,0,5,3,0,1,7,P03,xgb,150,"{'subsample': 0.6, 'reg_lambda': 3, 'reg_alpha': 0.1, 'min_child_weight': 1, 'max_depth': 8, 'learning_rate': 0.05, 'gamma': 0, 'colsample_bytree': 0.7, 'colsample_bylevel': 0.8, 'n_estimators': 300}",0.958994708994709,repeated_stratified,3,1,full,electrode
8,8,1.0,8,7,0.875,8,3,0.375,0.75,0.7333333333333334,0.9010416666666666,8,0,0,0,7,1,0,5,3,P03,xgb,150,"{'subsample': 0.6, 'reg_lambda': 1, 'reg_alpha': 0, 'min_child_weight': 1, 'max_depth': 2, 'learning_rate': 0.03, 'gamma': 0, 'colsample_bytree': 0.6, 'colsample_bylevel': 0.6, 'n_estimators': 300}",0.9330447330447332,repeated_stratified,3,2,full,electrode
8,8,1.0,8,6,0.75,8,3,0.375,0.7083333333333334,0.6977058029689608,0.8489583333333334,8,0,0,0,6,2,0,5,3,P03,xgb,149,"{'subsample': 0.6, 'reg_lambda': 1, 'reg_alpha': 0, 'min_child_weight': 1, 'max_depth': 2, 'learning_rate': 0.03, 'gamma': 0, 'colsample_bytree': 0.6, 'colsample_bylevel': 0.6, 'n_estimators': 300}",0.942857142857143,repeated_stratified,3,3,full,electrode
8,8,1.0,8,5,0.625,8,2,0.25,0.625,0.611336032388664,0.78125,8,0,0,0,5,3,0,6,2,P03,xgb,150,"{'subsample': 0.6, 'reg_lambda': 1, 'reg_alpha': 0, 'min_child_weight': 1, 'max_depth': 2, 'learning_rate': 0.03, 'gamma': 0, 'colsample_bytree': 0.6, 'colsample_bylevel': 0.6, 'n_estimators': 300}",0.9569745069745068,repeated_stratified,3,4,full,electrode
8,8,1.0,8,5,0.625,8,2,0.25,0.625,0.6014747779453662,0.8828125,8,0,0,0,5,3,1,5,2,P03,xgb,150,"{'subsample': 0.6, 'reg_lambda': 3, 'reg_alpha': 0.1, 'min_child_weight': 1, 'max_depth': 2, 'learning_rate': 0.05, 'gamma': 0, 'colsample_bytree': 0.7, 'colsample_bylevel': 0.6, 'n_estimators': 300}",0.9217893217893218,repeated_stratified,4,0,full,electrode
8,8,1.0,8,4,0.5,8,5,0.625,0.7083333333333334,0.7071895424836602,0.8828125,8,0,0,0,4,4,0,3,5,P03,xgb,150,"{'subsample': 0.6, 'reg_lambda': 1, 'reg_alpha': 0, 'min_child_weight': 1, 'max_depth': 2, 'learning_rate': 0.03, 'gamma': 0, 'colsample_bytree': 0.6, 'colsample_bylevel': 0.6, 'n_estimators': 300}",0.9216931216931216,repeated_stratified,4,1,full,electrode
8,8,1.0,8,7,0.875,8,2,0.25,0.7083333333333334,0.6692810457516339,0.8411458333333334,8,0,0,1,7,0,0,6,2,P03,xgb,149,"{'subsample': 0.6, 'reg_lambda': 3, 'reg_alpha': 0.1, 'min_child_weight': 1, 'max_depth': 2, 'learning_rate': 0.05, 'gamma': 0, 'colsample_bytree': 0.7, 'colsample_bylevel': 0.6, 'n_estimators': 300}",0.953992303992304,repeated_stratified,4,2,full,electrode
8,8,1.0,8,5,0.625,8,4,0.5,0.7083333333333334,0.7071895424836602,0.8645833333333334,8,0,0,0,5,3,0,4,4,P03,xgb,148,"{'subsample': 0.6, 'reg_lambda': 3, 'reg_alpha': 0.1, 'min_child_weight': 1, 'max_depth': 2, 'learning_rate': 0.05, 'gamma': 0, 'colsample_bytree': 0.7, 'colsample_bylevel': 0.6, 'n_estimators': 300}",0.951924001924002,repeated_stratified,4,3,full,electrode
8,7,0.875,8,4,0.5,8,6,0.75,0.7083333333333334,0.7121136173767754,0.8489583333333334,7,0,1,0,4,4,0,2,6,P03,xgb,148,"{'subsample': 0.6, 'reg_lambda': 1, 'reg_alpha': 0, 'min_child_weight': 1, 'max_depth': 2, 'learning_rate': 0.03, 'gamma': 0, 'colsample_bytree': 0.6, 'colsample_bylevel': 0.6, 'n_estimators': 300}",0.9334295334295334,repeated_stratified,4,4,full,electrode
8,6,0.75,8,5,0.625,8,5,0.625,0.6666666666666666,0.674074074074074,0.8619791666666666,6,0,2,0,5,3,1,2,5,P03,xgb,150,"{'subsample': 0.6, 'reg_lambda': 1, 'reg_alpha': 0, 'min_child_weight': 1, 'max_depth': 2, 'learning_rate': 0.03, 'gamma': 0, 'colsample_bytree': 0.6, 'colsample_bylevel': 0.6, 'n_estimators': 300}",0.9406685906685908,repeated_stratified,5,0,full,electrode
8,8,1.0,8,4,0.5,8,5,0.625,0.7083333333333334,0.7071895424836602,0.8671875,8,0,0,0,4,4,0,3,5,P03,xgb,150,"{'subsample': 0.6, 'reg_lambda': 3, 'reg_alpha': 0.1, 'min_child_weight': 1, 'max_depth': 2, 'learning_rate': 0.05, 'gamma': 0, 'colsample_bytree': 0.7, 'colsample_bylevel': 0.6, 'n_estimators': 300}",0.933982683982684,repeated_stratified,5,1,full,electrode
8,8,1.0,8,6,0.75,8,4,0.5,0.75,0.746031746031746,0.8307291666666666,8,0,0,0,6,2,0,4,4,P03,xgb,150,"{'subsample': 0.6, 'reg_lambda': 3, 'reg_alpha': 0.1, 'min_child_weight': 1, 'max_depth': 2, 'learning_rate': 0.05, 'gamma': 0, 'colsample_bytree': 0.7, 'colsample_bylevel': 0.6, 'n_estimators': 300}",0.9514911014911016,repeated_stratified,5,2,full,electrode
8,8,1.0,8,4,0.5,8,3,0.375,0.625,0.6235294117647059,0.8177083333333334,8,0,0,0,4,4,0,5,3,P03,xgb,150,"{'subsample': 0.6, 'reg_lambda': 1, 'reg_alpha': 0, 'min_child_weight': 1, 'max_depth': 2, 'learning_rate': 0.03, 'gamma': 0, 'colsample_bytree': 0.6, 'colsample_bylevel': 0.6, 'n_estimators': 300}",0.941029341029341,repeated_stratified,5,3,full,electrode
8,7,0.875,8,6,0.75,8,2,0.25,0.625,0.6126984126984126,0.7760416666666666,7,1,0,0,6,2,0,6,2,P03,xgb,150,"{'subsample': 0.6, 'reg_lambda': 1, 'reg_alpha': 0, 'min_child_weight': 1, 'max_depth': 2, 'learning_rate': 0.03, 'gamma': 0, 'colsample_bytree': 0.6, 'colsample_bylevel': 0.6, 'n_estimators': 300}",0.9394901394901396,repeated_stratified,5,4,full,electrode
8,8,1.0,8,5,0.625,8,5,0.625,0.75,0.7410192147034252,0.9140625,8,0,0,1,5,2,2,1,5,P03,xgb,149,"{'subsample': 0.6, 'reg_lambda': 1, 'reg_alpha': 0, 'min_child_weight': 1, 'max_depth': 2, 'learning_rate': 0.03, 'gamma': 0, 'colsample_bytree': 0.6, 'colsample_bylevel': 0.6, 'n_estimators': 300}",0.9103896103896104,repeated_stratified,6,0,full,electrode
8,7,0.875,8,5,0.625,8,4,0.5,0.6666666666666666,0.6738562091503267,0.859375,7,0,1,0,5,3,0,4,4,P03,xgb,148,"{'subsample': 0.6, 'reg_lambda': 1, 'reg_alpha': 0, 'min_child_weight': 1, 'max_depth': 2, 'learning_rate': 0.03, 'gamma': 0, 'colsample_bytree': 0.6, 'colsample_bylevel': 0.6, 'n_estimators': 300}",0.9335738335738336,repeated_stratified,6,1,full,electrode
8,7,0.875,8,6,0.75,8,5,0.625,0.75,0.7547385620915033,0.9244791666666666,7,0,1,0,6,2,0,3,5,P03,xgb,150,"{'subsample': 0.6, 'reg_lambda': 3, 'reg_alpha': 0.1, 'min_child_weight': 1, 'max_depth': 2, 'learning_rate': 0.05, 'gamma': 0, 'colsample_bytree': 0.7, 'colsample_bylevel': 0.6, 'n_estimators': 300}",0.9594035594035594,repeated_stratified,6,2,full,electrode
8,8,1.0,8,6,0.75,8,5,0.625,0.7916666666666666,0.7908496732026143,0.8463541666666666,8,0,0,0,6,2,0,3,5,P03,xgb,150,"{'subsample': 0.6, 'reg_lambda': 1, 'reg_alpha': 0, 'min_child_weight': 1, 'max_depth': 2, 'learning_rate': 0.03, 'gamma': 0, 'colsample_bytree': 0.6, 'colsample_bylevel': 0.6, 'n_estimators': 300}",0.951924001924002,repeated_stratified,6,3,full,electrode
8,8,1.0,8,6,0.75,8,3,0.375,0.7083333333333334,0.6977058029689608,0.8723958333333334,8,0,0,0,6,2,0,5,3,P03,xgb,150,"{'subsample': 0.6, 'reg_lambda': 3, 'reg_alpha': 0.1, 'min_child_weight': 1, 'max_depth': 2, 'learning_rate': 0.05, 'gamma': 0, 'colsample_bytree': 0.7, 'colsample_bylevel': 0.6, 'n_estimators': 300}",0.9568302068302068,repeated_stratified,6,4,full,electrode
8,8,1.0,8,7,0.875,8,4,0.5,0.7916666666666666,0.7840755735492578,0.8854166666666666,8,0,0,0,7,1,0,4,4,P03,xgb,149,"{'subsample': 0.6, 'reg_lambda': 1, 'reg_alpha': 0, 'min_child_weight': 1, 'max_depth': 2, 'learning_rate': 0.03, 'gamma': 0, 'colsample_bytree': 0.6, 'colsample_bylevel': 0.6, 'n_estimators': 300}",0.927056277056277,repeated_stratified,7,0,full,electrode
8,7,0.875,8,6,0.75,8,4,0.5,0.7083333333333334,0.7047385620915033,0.8776041666666666,7,0,1,0,6,2,1,3,4,P03,xgb,150,"{'subsample': 0.6, 'reg_lambda': 1, 'reg_alpha': 0, 'min_child_weight': 1, 'max_depth': 2, 'learning_rate': 0.03, 'gamma': 0, 'colsample_bytree': 0.6, 'colsample_bylevel': 0.6, 'n_estimators': 300}",0.9336940836940836,repeated_stratified,7,1,full,electrode
8,8,1.0,8,4,0.5,8,5,0.625,0.7083333333333334,0.7071895424836602,0.8411458333333334,8,0,0,0,4,4,0,3,5,P03,xgb,149,"{'subsample': 0.6, 'reg_lambda': 3, 'reg_alpha': 0.1, 'min_child_weight': 1, 'max_depth': 8, 'learning_rate': 0.05, 'gamma': 0, 'colsample_bytree': 0.7, 'colsample_bylevel': 0.8, 'n_estimators': 300}",0.9641654641654642,repeated_stratified,7,2,full,electrode
8,8,1.0,8,5,0.625,8,3,0.375,0.6666666666666666,0.6474867724867724,0.7864583333333334,8,0,0,0,5,3,2,3,3,P03,xgb,150,"{'subsample': 0.6, 'reg_lambda': 1, 'reg_alpha': 0, 'min_child_weight': 1, 'max_depth': 2, 'learning_rate': 0.03, 'gamma': 0, 'colsample_bytree': 0.6, 'colsample_bylevel': 0.6, 'n_estimators': 300}",0.9556517556517556,repeated_stratified,7,3,full,electrode
8,8,1.0,8,6,0.75,8,4,0.5,0.75,0.746031746031746,0.8697916666666666,8,0,0,0,6,2,0,4,4,P03,xgb,149,"{'subsample': 0.6, 'reg_lambda': 3, 'reg_alpha': 0.1, 'min_child_weight': 1, 'max_depth': 2, 'learning_rate': 0.05, 'gamma': 0, 'colsample_bytree': 0.7, 'colsample_bylevel': 0.6, 'n_estimators': 300}",0.9554593554593556,repeated_stratified,7,4,full,electrode
8,8,1.0,8,5,0.625,8,2,0.25,0.625,0.5861111111111111,0.8385416666666666,8,0,0,1,5,2,3,3,2,P03,xgb,149,"{'subsample': 0.6, 'reg_lambda': 1, 'reg_alpha': 0, 'min_child_weight': 1, 'max_depth': 2, 'learning_rate': 0.03, 'gamma': 0, 'colsample_bytree': 0.6, 'colsample_bylevel': 0.6, 'n_estimators': 300}",0.9673641173641172,repeated_stratified,8,0,full,electrode
8,8,1.0,8,6,0.75,8,5,0.625,0.7916666666666666,0.7908496732026143,0.9010416666666666,8,0,0,0,6,2,0,3,5,P03,xgb,150,"{'subsample': 0.6, 'reg_lambda': 1, 'reg_alpha': 0, 'min_child_weight': 1, 'max_depth': 2, 'learning_rate': 0.03, 'gamma': 0, 'colsample_bytree': 0.6, 'colsample_bylevel': 0.6, 'n_estimators': 300}",0.915031265031265,repeated_stratified,8,1,full,electrode
8,7,0.875,8,3,0.375,8,4,0.5,0.5833333333333334,0.5925925925925927,0.75,7,0,1,0,3,5,0,4,4,P03,xgb,149,"{'subsample': 0.6, 'reg_lambda': 1, 'reg_alpha': 0, 'min_child_weight': 1, 'max_depth': 2, 'learning_rate': 0.03, 'gamma': 0, 'colsample_bytree': 0.6, 'colsample_bylevel': 0.6, 'n_estimators': 300}",0.9448773448773448,repeated_stratified,8,2,full,electrode
8,6,0.75,8,7,0.875,8,4,0.5,0.7083333333333334,0.7091060985797828,0.8255208333333334,6,0,2,0,7,1,0,4,4,P03,xgb,150,"{'subsample': 0.6, 'reg_lambda': 1, 'reg_alpha': 0, 'min_child_weight': 1, 'max_depth': 2, 'learning_rate': 0.03, 'gamma': 0, 'colsample_bytree': 0.6, 'colsample_bylevel': 0.6, 'n_estimators': 300}",0.933958633958634,repeated_stratified,8,3,full,electrode
8,7,0.875,8,7,0.875,8,3,0.375,0.7083333333333334,0.6982905982905984,0.9114583333333334,7,0,1,0,7,1,0,5,3,P03,xgb,149,"{'subsample': 0.6, 'reg_lambda': 1, 'reg_alpha': 0, 'min_child_weight': 1, 'max_depth': 2, 'learning_rate': 0.03, 'gamma': 0, 'colsample_bytree': 0.6, 'colsample_bylevel': 0.6, 'n_estimators': 300}",0.9511303511303512,repeated_stratified,8,4,full,electrode
8,8,1.0,8,3,0.375,8,3,0.375,0.5833333333333334,0.5720588235294118,0.7578125,8,0,0,0,3,5,1,4,3,P03,xgb,150,"{'subsample': 0.6, 'reg_lambda': 1, 'reg_alpha': 0, 'min_child_weight': 1, 'max_depth': 2, 'learning_rate': 0.03, 'gamma': 0, 'colsample_bytree': 0.6, 'colsample_bylevel': 0.6, 'n_estimators': 300}",0.9197691197691196,repeated_stratified,9,0,full,electrode
8,8,1.0,8,7,0.875,8,2,0.25,0.7083333333333334,0.6767676767676768,0.8776041666666666,8,0,0,0,7,1,0,6,2,P03,xgb,149,"{'subsample': 0.6, 'reg_lambda': 1, 'reg_alpha': 0, 'min_child_weight': 1, 'max_depth': 2, 'learning_rate': 0.03, 'gamma': 0, 'colsample_bytree': 0.6, 'colsample_bylevel': 0.6, 'n_estimators': 300}",0.9688552188552187,repeated_stratified,9,1,full,electrode
8,7,0.875,8,4,0.5,8,5,0.625,0.6666666666666666,0.674074074074074,0.8567708333333334,7,0,1,0,4,4,0,3,5,P03,xgb,150,"{'subsample': 0.6, 'reg_lambda': 1, 'reg_alpha': 0, 'min_child_weight': 1, 'max_depth': 2, 'learning_rate': 0.03, 'gamma': 0, 'colsample_bytree': 0.6, 'colsample_bylevel': 0.6, 'n_estimators': 300}",0.9153198653198652,repeated_stratified,9,2,full,electrode
8,8,1.0,8,3,0.375,8,6,0.75,0.7083333333333334,0.6847421584263689,0.9010416666666666,8,0,0,1,3,4,2,0,6,P03,xgb,148,"{'subsample': 0.6, 'reg_lambda': 1, 'reg_alpha': 0, 'min_child_weight': 1, 'max_depth': 2, 'learning_rate': 0.03, 'gamma': 0, 'colsample_bytree': 0.6, 'colsample_bylevel': 0.6, 'n_estimators': 300}",0.8976911976911977,repeated_stratified,9,3,full,electrode
8,8,1.0,8,4,0.5,8,5,0.625,0.7083333333333334,0.7071895424836602,0.8541666666666666,8,0,0,0,4,4,0,3,5,P03,xgb,150,"{'subsample': 0.6, 'reg_lambda': 1, 'reg_alpha': 0, 'min_child_weight': 1, 'max_depth': 2, 'learning_rate': 0.03, 'gamma': 0, 'colsample_bytree': 0.6, 'colsample_bylevel': 0.6, 'n_estimators': 300}",0.9297017797017796,repeated_stratified,9,4,full,electrode
8,8,1.0,8,5,0.625,8,5,0.625,0.75,0.75,0.8645833333333334,8,0,0,0,5,3,0,3,5,P04,xgb,149,"{'subsample': 0.6, 'reg_lambda': 1, 'reg_alpha': 0, 'min_child_weight': 1, 'max_depth': 2, 'learning_rate': 0.03, 'gamma': 0, 'colsample_bytree': 0.6, 'colsample_bylevel': 0.6, 'n_estimators': 300}",0.9577441077441076,repeated_stratified,0,0,full,electrode
8,7,0.875,8,5,0.625,8,3,0.375,0.625,0.621078431372549,0.8307291666666666,7,0,1,0,5,3,1,4,3,P04,xgb,150,"{'subsample': 0.6, 'reg_lambda': 1, 'reg_alpha': 0, 'min_child_weight': 1, 'max_depth': 2, 'learning_rate': 0.03, 'gamma': 0, 'colsample_bytree': 0.6, 'colsample_bylevel': 0.6, 'n_estimators': 300}",0.877946127946128,repeated_stratified,0,1,full,electrode
8,8,1.0,8,2,0.25,8,4,0.5,0.5833333333333334,0.5444444444444444,0.7864583333333334,8,0,0,2,2,4,2,2,4,P04,xgb,150,"{'subsample': 0.6, 'reg_lambda': 3, 'reg_alpha': 0.1, 'min_child_weight': 1, 'max_depth': 8, 'learning_rate': 0.05, 'gamma': 0, 'colsample_bytree': 0.7, 'colsample_bylevel': 0.8, 'n_estimators': 300}",0.8923039923039923,repeated_stratified,0,2,full,electrode
8,7,0.875,8,6,0.75,8,4,0.5,0.7083333333333334,0.7121136173767754,0.8776041666666666,7,1,0,0,6,2,0,4,4,P04,xgb,150,"{'subsample': 0.6, 'reg_lambda': 3, 'reg_alpha': 0.1, 'min_child_weight': 1, 'max_depth': 8, 'learning_rate': 0.05, 'gamma': 0, 'colsample_bytree': 0.7, 'colsample_bylevel': 0.8, 'n_estimators': 300}",0.9244829244829244,repeated_stratified,0,3,full,electrode
8,8,1.0,8,1,0.125,8,6,0.75,0.625,0.5629629629629629,0.859375,8,0,0,1,1,6,1,1,6,P04,xgb,149,"{'subsample': 0.6, 'reg_lambda': 1, 'reg_alpha': 0, 'min_child_weight': 1, 'max_depth': 2, 'learning_rate': 0.03, 'gamma': 0, 'colsample_bytree': 0.6, 'colsample_bylevel': 0.6, 'n_estimators': 300}",0.9443482443482444,repeated_stratified,0,4,full,electrode
8,8,1.0,8,5,0.625,8,6,0.75,0.7916666666666666,0.7908496732026143,0.9375,8,0,0,0,5,3,0,2,6,P04,xgb,149,"{'subsample': 0.6, 'reg_lambda': 1, 'reg_alpha': 0, 'min_child_weight': 1, 'max_depth': 2, 'learning_rate': 0.03, 'gamma': 0, 'colsample_bytree': 0.6, 'colsample_bylevel': 0.6, 'n_estimators': 300}",0.9145743145743146,repeated_stratified,1,0,full,electrode
8,8,1.0,8,6,0.75,8,3,0.375,0.7083333333333334,0.6897938662644546,0.8802083333333334,8,0,0,0,6,2,1,4,3,P04,xgb,149,"{'subsample': 0.6, 'reg_lambda': 3, 'reg_alpha': 0.1, 'min_child_weight': 1, 'max_depth': 2, 'learning_rate': 0.05, 'gamma': 0, 'colsample_bytree': 0.7, 'colsample_bylevel': 0.6, 'n_estimators': 300}",0.8971620971620973,repeated_stratified,1,1,full,electrode
8,7,0.875,8,6,0.75,8,5,0.625,0.75,0.7547385620915033,0.9114583333333334,7,0,1,0,6,2,0,3,5,P04,xgb,150,"{'subsample': 0.6, 'reg_lambda': 3, 'reg_alpha': 0.1, 'min_child_weight': 1, 'max_depth': 2, 'learning_rate': 0.05, 'gamma': 0, 'colsample_bytree': 0.7, 'colsample_bylevel': 0.6, 'n_estimators': 300}",0.8597162097162098,repeated_stratified,1,2,full,electrode
8,8,1.0,8,3,0.375,8,3,0.375,0.5833333333333334,0.5833333333333334,0.7890625,8,0,0,0,3,5,0,5,3,P04,xgb,148,"{'subsample': 0.6, 'reg_lambda': 3, 'reg_alpha': 0.1, 'min_child_weight': 1, 'max_depth': 2, 'learning_rate': 0.05, 'gamma': 0, 'colsample_bytree': 0.7, 'colsample_bylevel': 0.6, 'n_estimators': 300}",0.91991341991342,repeated_stratified,1,3,full,electrode
8,8,1.0,8,2,0.25,8,3,0.375,0.5416666666666666,0.5082658569500674,0.7916666666666666,8,0,0,1,2,5,2,3,3,P04,xgb,147,"{'subsample': 0.6, 'reg_lambda': 3, 'reg_alpha': 0.1, 'min_child_weight': 1, 'max_depth': 8, 'learning_rate': 0.05, 'gamma': 0, 'colsample_bytree': 0.7, 'colsample_bylevel': 0.8, 'n_estimators': 300}",0.9435064935064936,repeated_stratified,1,4,full,electrode
8,8,1.0,8,5,0.625,8,4,0.5,0.7083333333333334,0.6998366013071896,0.8671875,8,0,0,0,5,3,1,3,4,P04,xgb,149,"{'subsample': 0.6, 'reg_lambda': 1, 'reg_alpha': 0, 'min_child_weight': 1, 'max_depth': 2, 'learning_rate': 0.03, 'gamma': 0, 'colsample_bytree': 0.6, 'colsample_bylevel': 0.6, 'n_estimators': 300}",0.9304713804713804,repeated_stratified,2,0,full,electrode
8,8,1.0,8,7,0.875,8,5,0.625,0.8333333333333334,0.8263305322128852,0.9270833333333334,8,0,0,0,7,1,1,2,5,P04,xgb,150,"{'subsample': 0.6, 'reg_lambda': 1, 'reg_alpha': 0, 'min_child_weight': 1, 'max_depth': 2, 'learning_rate': 0.03, 'gamma': 0, 'colsample_bytree': 0.6, 'colsample_bylevel': 0.6, 'n_estimators': 300}",0.9125781625781624,repeated_stratified,2,1,full,electrode
8,8,1.0,8,4,0.5,8,4,0.5,0.6666666666666666,0.6581699346405229,0.8567708333333334,8,0,0,1,4,3,0,4,4,P04,xgb,150,"{'subsample': 0.6, 'reg_lambda': 3, 'reg_alpha': 0.1, 'min_child_weight': 1, 'max_depth': 8, 'learning_rate': 0.05, 'gamma': 0, 'colsample_bytree': 0.7, 'colsample_bylevel': 0.8, 'n_estimators': 300}",0.9017797017797016,repeated_stratified,2,2,full,electrode
8,7,0.875,8,4,0.5,8,5,0.625,0.6666666666666666,0.674074074074074,0.8854166666666666,7,0,1,0,4,4,0,3,5,P04,xgb,147,"{'subsample': 0.6, 'reg_lambda': 1, 'reg_alpha': 0, 'min_child_weight': 1, 'max_depth': 2, 'learning_rate': 0.03, 'gamma': 0, 'colsample_bytree': 0.6, 'colsample_bylevel': 0.6, 'n_estimators': 300}",0.9162818662818664,repeated_stratified,2,3,full,electrode
8,8,1.0,8,5,0.625,8,4,0.5,0.7083333333333334,0.6934001670843776,0.8723958333333334,8,0,0,1,5,2,2,2,4,P04,xgb,150,"{'subsample': 0.6, 'reg_lambda': 3, 'reg_alpha': 0.1, 'min_child_weight': 1, 'max_depth': 2, 'learning_rate': 0.05, 'gamma': 0, 'colsample_bytree': 0.7, 'colsample_bylevel': 0.6, 'n_estimators': 300}",0.9104858104858105,repeated_stratified,2,4,full,electrode
8,8,1.0,8,3,0.375,8,4,0.5,0.625,0.6134453781512605,0.7994791666666666,8,0,0,0,3,5,1,3,4,P04,xgb,150,"{'subsample': 0.6, 'reg_lambda': 1, 'reg_alpha': 0, 'min_child_weight': 1, 'max_depth': 2, 'learning_rate': 0.03, 'gamma': 0, 'colsample_bytree': 0.6, 'colsample_bylevel': 0.6, 'n_estimators': 300}",0.912073112073112,repeated_stratified,3,0,full,electrode
8,8,1.0,8,6,0.75,8,6,0.75,0.8333333333333334,0.8303921568627451,0.9348958333333334,8,0,0,1,6,1,0,2,6,P04,xgb,149,"{'subsample': 0.6, 'reg_lambda': 1, 'reg_alpha': 0, 'min_child_weight': 1, 'max_depth': 2, 'learning_rate': 0.03, 'gamma': 0, 'colsample_bytree': 0.6, 'colsample_bylevel': 0.6, 'n_estimators': 300}",0.9025012025012024,repeated_stratified,3,1,full,electrode
8,7,0.875,8,5,0.625,8,3,0.375,0.625,0.6296296296296297,0.8359375,7,0,1,0,5,3,0,5,3,P04,xgb,150,"{'subsample': 0.6, 'reg_lambda': 1, 'reg_alpha': 0, 'min_child_weight': 1, 'max_depth': 2, 'learning_rate': 0.03, 'gamma': 0, 'colsample_bytree': 0.6, 'colsample_bylevel': 0.6, 'n_estimators': 300}",0.9356902356902356,repeated_stratified,3,2,full,electrode
8,8,1.0,8,5,0.625,8,5,0.625,0.75,0.7407407407407406,0.8828125,8,0,0,1,5,2,1,2,5,P04,xgb,149,"{'subsample': 0.6, 'reg_lambda': 1, 'reg_alpha': 0, 'min_child_weight': 1, 'max_depth': 2, 'learning_rate': 0.03, 'gamma': 0, 'colsample_bytree': 0.6, 'colsample_bylevel': 0.6, 'n_estimators': 300}",0.9088985088985088,repeated_stratified,3,3,full,electrode
8,8,1.0,8,6,0.75,8,4,0.5,0.75,0.7367724867724869,0.8854166666666666,8,0,0,0,6,2,2,2,4,P04,xgb,148,"{'subsample': 0.6, 'reg_lambda': 3, 'reg_alpha': 0.1, 'min_child_weight': 1, 'max_depth': 2, 'learning_rate': 0.05, 'gamma': 0, 'colsample_bytree': 0.7, 'colsample_bylevel': 0.6, 'n_estimators': 300}",0.9544011544011544,repeated_stratified,3,4,full,electrode
8,8,1.0,8,4,0.5,8,7,0.875,0.7916666666666666,0.7840755735492578,0.953125,8,0,0,0,4,4,0,1,7,P04,xgb,150,"{'subsample': 0.6, 'reg_lambda': 3, 'reg_alpha': 0.1, 'min_child_weight': 1, 'max_depth': 8, 'learning_rate': 0.05, 'gamma': 0, 'colsample_bytree': 0.7, 'colsample_bylevel': 0.8, 'n_estimators': 300}",0.912121212121212,repeated_stratified,4,0,full,electrode
8,6,0.75,8,6,0.75,8,5,0.625,0.7083333333333334,0.7162698412698413,0.8229166666666666,6,1,1,0,6,2,0,3,5,P04,xgb,149,"{'subsample': 0.6, 'reg_lambda': 1, 'reg_alpha': 0, 'min_child_weight': 1, 'max_depth': 2, 'learning_rate': 0.03, 'gamma': 0, 'colsample_bytree': 0.6, 'colsample_bylevel': 0.6, 'n_estimators': 300}",0.914093314093314,repeated_stratified,4,1,full,electrode
8,8,1.0,8,5,0.625,8,3,0.375,0.6666666666666666,0.6474867724867724,0.8333333333333334,8,0,0,0,5,3,2,3,3,P04,xgb,149,"{'subsample': 0.6, 'reg_lambda': 3, 'reg_alpha': 0.1, 'min_child_weight': 1, 'max_depth': 2, 'learning_rate': 0.05, 'gamma': 0, 'colsample_bytree': 0.7, 'colsample_bylevel': 0.6, 'n_estimators': 300}",0.9154160654160656,repeated_stratified,4,2,full,electrode
8,8,1.0,8,5,0.625,8,3,0.375,0.6666666666666666,0.6474867724867724,0.8307291666666666,8,0,0,0,5,3,2,3,3,P04,xgb,150,"{'subsample': 0.6, 'reg_lambda': 1, 'reg_alpha': 0, 'min_child_weight': 1, 'max_depth': 2, 'learning_rate': 0.03, 'gamma': 0, 'colsample_bytree': 0.6, 'colsample_bylevel': 0.6, 'n_estimators': 300}",0.912049062049062,repeated_stratified,4,3,full,electrode
8,8,1.0,8,6,0.75,8,5,0.625,0.7916666666666666,0.7871148459383753,0.9296875,8,0,0,1,6,1,0,3,5,P04,xgb,149,"{'subsample': 0.6, 'reg_lambda': 1, 'reg_alpha': 0, 'min_child_weight': 1, 'max_depth': 2, 'learning_rate': 0.03, 'gamma': 0, 'colsample_bytree': 0.6, 'colsample_bylevel': 0.6, 'n_estimators': 300}",0.9426887926887928,repeated_stratified,4,4,full,electrode
8,8,1.0,8,4,0.5,8,4,0.5,0.6666666666666666,0.6581699346405229,0.8411458333333334,8,0,0,1,4,3,0,4,4,P04,xgb,149,"{'subsample': 0.6, 'reg_lambda': 3, 'reg_alpha': 0.1, 'min_child_weight': 1, 'max_depth': 2, 'learning_rate': 0.05, 'gamma': 0, 'colsample_bytree': 0.7, 'colsample_bylevel': 0.6, 'n_estimators': 300}",0.8906685906685906,repeated_stratified,5,0,full,electrode
8,7,0.875,8,4,0.5,8,4,0.5,0.625,0.634640522875817,0.7864583333333334,7,0,1,0,4,4,0,4,4,P04,xgb,149,"{'subsample': 0.6, 'reg_lambda': 3, 'reg_alpha': 0.1, 'min_child_weight': 1, 'max_depth': 8, 'learning_rate': 0.05, 'gamma': 0, 'colsample_bytree': 0.7, 'colsample_bylevel': 0.8, 'n_estimators': 300}",0.907046657046657,repeated_stratified,5,1,full,electrode
8,8,1.0,8,4,0.5,8,5,0.625,0.7083333333333334,0.6951058201058201,0.8854166666666666,8,0,0,1,4,3,1,2,5,P04,xgb,148,"{'subsample': 0.6, 'reg_lambda': 1, 'reg_alpha': 0, 'min_child_weight': 1, 'max_depth': 2, 'learning_rate': 0.03, 'gamma': 0, 'colsample_bytree': 0.6, 'colsample_bylevel': 0.6, 'n_estimators': 300}",0.9191197691197692,repeated_stratified,5,2,full,electrode
8,8,1.0,8,6,0.75,8,3,0.375,0.7083333333333334,0.685436567789509,0.8723958333333334,8,0,0,0,6,2,2,3,3,P04,xgb,149,"{'subsample': 0.6, 'reg_lambda': 1, 'reg_alpha': 0, 'min_child_weight': 1, 'max_depth': 2, 'learning_rate': 0.03, 'gamma': 0, 'colsample_bytree': 0.6, 'colsample_bylevel': 0.6, 'n_estimators': 300}",0.9081048581048582,repeated_stratified,5,3,full,electrode
8,8,1.0,8,5,0.625,8,3,0.375,0.6666666666666666,0.6428812415654521,0.8489583333333334,8,0,0,1,5,2,2,3,3,P04,xgb,150,"{'subsample': 0.6, 'reg_lambda': 1, 'reg_alpha': 0, 'min_child_weight': 1, 'max_depth': 2, 'learning_rate': 0.03, 'gamma': 0, 'colsample_bytree': 0.6, 'colsample_bylevel': 0.6, 'n_estimators': 300}",0.8881914381914381,repeated_stratified,5,4,full,electrode
8,8,1.0,8,3,0.375,8,5,0.625,0.6666666666666666,0.6527568292274174,0.8333333333333334,8,0,0,0,3,5,1,2,5,P04,xgb,150,"{'subsample': 0.6, 'reg_lambda': 1, 'reg_alpha': 0, 'min_child_weight': 1, 'max_depth': 2, 'learning_rate': 0.03, 'gamma': 0, 'colsample_bytree': 0.6, 'colsample_bylevel': 0.6, 'n_estimators': 300}",0.9096921596921596,repeated_stratified,6,0,full,electrode
8,7,0.875,8,4,0.5,8,3,0.375,0.5833333333333334,0.5687830687830687,0.8229166666666666,7,1,0,1,4,3,2,3,3,P04,xgb,150,"{'subsample': 0.6, 'reg_lambda': 3, 'reg_alpha': 0.1, 'min_child_weight': 1, 'max_depth': 8, 'learning_rate': 0.05, 'gamma': 0, 'colsample_bytree': 0.7, 'colsample_bylevel': 0.8, 'n_estimators': 300}",0.8931697931697932,repeated_stratified,6,1,full,electrode
8,8,1.0,8,4,0.5,8,3,0.375,0.625,0.6013366750208855,0.8255208333333334,8,0,0,1,4,3,2,3,3,P04,xgb,149,"{'subsample': 0.6, 'reg_lambda': 3, 'reg_alpha': 0.1, 'min_child_weight': 1, 'max_depth': 2, 'learning_rate': 0.05, 'gamma': 0, 'colsample_bytree': 0.7, 'colsample_bylevel': 0.6, 'n_estimators': 300}",0.8985329485329485,repeated_stratified,6,2,full,electrode
8,8,1.0,8,4,0.5,8,6,0.75,0.75,0.7367724867724869,0.8489583333333334,8,0,0,2,4,2,0,2,6,P04,xgb,147,"{'subsample': 0.6, 'reg_lambda': 3, 'reg_alpha': 0.1, 'min_child_weight': 1, 'max_depth': 8, 'learning_rate': 0.05, 'gamma': 0, 'colsample_bytree': 0.7, 'colsample_bylevel': 0.8, 'n_estimators': 300}",0.892953342953343,repeated_stratified,6,3,full,electrode
8,6,0.75,8,7,0.875,8,3,0.375,0.6666666666666666,0.6619047619047619,0.7942708333333334,6,0,2,0,7,1,0,5,3,P04,xgb,150,"{'subsample': 0.6, 'reg_lambda': 3, 'reg_alpha': 0.1, 'min_child_weight': 1, 'max_depth': 2, 'learning_rate': 0.05, 'gamma': 0, 'colsample_bytree': 0.7, 'colsample_bylevel': 0.6, 'n_estimators': 300}",0.906060606060606,repeated_stratified,6,4,full,electrode
8,8,1.0,8,4,0.5,8,4,0.5,0.6666666666666666,0.6518518518518518,0.828125,8,0,0,1,4,3,1,3,4,P04,xgb,150,"{'subsample': 0.6, 'reg_lambda': 1, 'reg_alpha': 0, 'min_child_weight': 1, 'max_depth': 2, 'learning_rate': 0.03, 'gamma': 0, 'colsample_bytree': 0.6, 'colsample_bylevel': 0.6, 'n_estimators': 300}",0.9522607022607024,repeated_stratified,7,0,full,electrode
8,7,0.875,8,6,0.75,8,3,0.375,0.6666666666666666,0.6567460317460317,0.8385416666666666,7,0,1,0,6,2,1,4,3,P04,xgb,147,"{'subsample': 0.6, 'reg_lambda': 3, 'reg_alpha': 0.1, 'min_child_weight': 1, 'max_depth': 2, 'learning_rate': 0.05, 'gamma': 0, 'colsample_bytree': 0.7, 'colsample_bylevel': 0.6, 'n_estimators': 300}",0.9244588744588744,repeated_stratified,7,1,full,electrode
8,7,0.875,8,4,0.5,8,4,0.5,0.625,0.634640522875817,0.8098958333333334,7,1,0,0,4,4,0,4,4,P04,xgb,149,"{'subsample': 0.6, 'reg_lambda': 1, 'reg_alpha': 0, 'min_child_weight': 1, 'max_depth': 2, 'learning_rate': 0.03, 'gamma': 0, 'colsample_bytree': 0.6, 'colsample_bylevel': 0.6, 'n_estimators': 300}",0.9137566137566138,repeated_stratified,7,2,full,electrode
8,7,0.875,8,2,0.25,8,6,0.75,0.625,0.6136752136752137,0.8359375,7,1,0,0,2,6,0,2,6,P04,xgb,150,"{'subsample': 0.6, 'reg_lambda': 3, 'reg_alpha': 0.1, 'min_child_weight': 1, 'max_depth': 2, 'learning_rate': 0.05, 'gamma': 0, 'colsample_bytree': 0.7, 'colsample_bylevel': 0.6, 'n_estimators': 300}",0.9124338624338624,repeated_stratified,7,3,full,electrode
8,8,1.0,8,8,1.0,8,6,0.75,0.9166666666666666,0.9131652661064426,0.9713541666666666,8,0,0,0,8,0,1,1,6,P04,xgb,150,"{'subsample': 0.6, 'reg_lambda': 1, 'reg_alpha': 0, 'min_child_weight': 1, 'max_depth': 2, 'learning_rate': 0.03, 'gamma': 0, 'colsample_bytree': 0.6, 'colsample_bylevel': 0.6, 'n_estimators': 300}",0.8784271284271284,repeated_stratified,7,4,full,electrode
8,6,0.75,8,5,0.625,8,5,0.625,0.6666666666666666,0.6778711484593837,0.8619791666666666,6,1,1,0,5,3,0,3,5,P04,xgb,148,"{'subsample': 0.6, 'reg_lambda': 1, 'reg_alpha': 0, 'min_child_weight': 1, 'max_depth': 2, 'learning_rate': 0.03, 'gamma': 0, 'colsample_bytree': 0.6, 'colsample_bylevel': 0.6, 'n_estimators': 300}",0.888961038961039,repeated_stratified,8,0,full,electrode
8,8,1.0,8,6,0.75,8,6,0.75,0.8333333333333334,0.8303921568627451,0.9505208333333334,8,0,0,0,6,2,1,1,6,P04,xgb,150,"{'subsample': 0.6, 'reg_lambda': 3, 'reg_alpha': 0.1, 'min_child_weight': 1, 'max_depth': 8, 'learning_rate': 0.05, 'gamma': 0, 'colsample_bytree': 0.7, 'colsample_bylevel': 0.8, 'n_estimators': 300}",0.9156565656565656,repeated_stratified,8,1,full,electrode
8,8,1.0,8,5,0.625,8,2,0.25,0.625,0.611336032388664,0.7890625,8,0,0,0,5,3,0,6,2,P04,xgb,150,"{'subsample': 0.6, 'reg_lambda': 1, 'reg_alpha': 0, 'min_child_weight': 1, 'max_depth': 2, 'learning_rate': 0.03, 'gamma': 0, 'colsample_bytree': 0.6, 'colsample_bylevel': 0.6, 'n_estimators': 300}",0.8900432900432901,repeated_stratified,8,2,full,electrode
8,8,1.0,8,2,0.25,8,5,0.625,0.625,0.6002751977984175,0.7291666666666666,8,0,0,0,2,6,1,2,5,P04,xgb,150,"{'subsample': 0.6, 'reg_lambda': 1, 'reg_alpha': 0, 'min_child_weight': 1, 'max_depth': 2, 'learning_rate': 0.03, 'gamma': 0, 'colsample_bytree': 0.6, 'colsample_bylevel': 0.6, 'n_estimators': 300}",0.9154401154401154,repeated_stratified,8,3,full,electrode
8,7,0.875,8,5,0.625,8,2,0.25,0.5833333333333334,0.5555555555555556,0.8072916666666666,7,1,0,1,5,2,2,4,2,P04,xgb,148,"{'subsample': 0.6, 'reg_lambda': 3, 'reg_alpha': 0.1, 'min_child_weight': 1, 'max_depth': 8, 'learning_rate': 0.05, 'gamma': 0, 'colsample_bytree': 0.7, 'colsample_bylevel': 0.8, 'n_estimators': 300}",0.8923520923520923,repeated_stratified,8,4,full,electrode
8,6,0.75,8,3,0.375,8,5,0.625,0.5833333333333334,0.5792847503373819,0.7734375,6,1,1,0,3,5,2,1,5,P04,xgb,150,"{'subsample': 0.6, 'reg_lambda': 1, 'reg_alpha': 0, 'min_child_weight': 1, 'max_depth': 2, 'learning_rate': 0.03, 'gamma': 0, 'colsample_bytree': 0.6, 'colsample_bylevel': 0.6, 'n_estimators': 300}",0.9076238576238576,repeated_stratified,9,0,full,electrode
8,8,1.0,8,4,0.5,8,4,0.5,0.6666666666666666,0.6666666666666666,0.8177083333333334,8,0,0,0,4,4,0,4,4,P04,xgb,150,"{'subsample': 0.6, 'reg_lambda': 3, 'reg_alpha': 0.1, 'min_child_weight': 1, 'max_depth': 8, 'learning_rate': 0.05, 'gamma': 0, 'colsample_bytree': 0.7, 'colsample_bylevel': 0.8, 'n_estimators': 300}",0.9366281866281868,repeated_stratified,9,1,full,electrode
8,8,1.0,8,5,0.625,8,4,0.5,0.7083333333333334,0.6998366013071896,0.8385416666666666,8,0,0,0,5,3,1,3,4,P04,xgb,149,"{'subsample': 0.6, 'reg_lambda': 1, 'reg_alpha': 0, 'min_child_weight': 1, 'max_depth': 2, 'learning_rate': 0.03, 'gamma': 0, 'colsample_bytree': 0.6, 'colsample_bylevel': 0.6, 'n_estimators': 300}",0.8789802789802789,repeated_stratified,9,2,full,electrode
8,8,1.0,8,6,0.75,8,4,0.5,0.75,0.746031746031746,0.8541666666666666,8,0,0,0,6,2,0,4,4,P04,xgb,150,"{'subsample': 0.6, 'reg_lambda': 1, 'reg_alpha': 0, 'min_child_weight': 1, 'max_depth': 2, 'learning_rate': 0.03, 'gamma': 0, 'colsample_bytree': 0.6, 'colsample_bylevel': 0.6, 'n_estimators': 300}",0.9124098124098126,repeated_stratified,9,3,full,electrode
8,7,0.875,8,6,0.75,8,2,0.25,0.625,0.5992961287078934,0.8359375,7,0,1,0,6,2,2,4,2,P04,xgb,149,"{'subsample': 0.6, 'reg_lambda': 1, 'reg_alpha': 0, 'min_child_weight': 1, 'max_depth': 2, 'learning_rate': 0.03, 'gamma': 0, 'colsample_bytree': 0.6, 'colsample_bylevel': 0.6, 'n_estimators': 300}",0.8594035594035593,repeated_stratified,9,4,full,electrode
8,8,1.0,8,4,0.5,8,4,0.5,0.6666666666666666,0.6666666666666666,0.859375,8,0,0,0,4,4,0,4,4,P05,xgb,150,"{'subsample': 0.6, 'reg_lambda': 3, 'reg_alpha': 0.1, 'min_child_weight': 1, 'max_depth': 8, 'learning_rate': 0.05, 'gamma': 0, 'colsample_bytree': 0.7, 'colsample_bylevel': 0.8, 'n_estimators': 300}",0.9067099567099568,repeated_stratified,0,0,full,electrode
8,8,1.0,8,5,0.625,8,2,0.25,0.625,0.611336032388664,0.8307291666666666,8,0,0,0,5,3,0,6,2,P05,xgb,150,"{'subsample': 0.6, 'reg_lambda': 5, 'reg_alpha': 0.5, 'min_child_weight': 1, 'max_depth': 8, 'learning_rate': 0.03, 'gamma': 0.3, 'colsample_bytree': 0.6, 'colsample_bylevel': 0.6, 'n_estimators': 300}",0.8907166907166908,repeated_stratified,0,1,full,electrode
8,8,1.0,8,6,0.75,8,2,0.25,0.6666666666666666,0.6353629170966631,0.7942708333333334,8,0,0,0,6,2,1,5,2,P05,xgb,150,"{'subsample': 0.6, 'reg_lambda': 3, 'reg_alpha': 0.1, 'min_child_weight': 1, 'max_depth': 2, 'learning_rate': 0.05, 'gamma': 0, 'colsample_bytree': 0.7, 'colsample_bylevel': 0.6, 'n_estimators': 300}",0.8498316498316498,repeated_stratified,0,2,full,electrode
8,8,1.0,8,2,0.25,8,6,0.75,0.6666666666666666,0.6444444444444444,0.8723958333333334,8,0,0,0,2,6,0,2,6,P05,xgb,150,"{'subsample': 0.6, 'reg_lambda': 10, 'reg_alpha': 0.5, 'min_child_weight': 1, 'max_depth': 2, 'learning_rate': 0.05, 'gamma': 0.1, 'colsample_bytree': 0.6, 'colsample_bylevel': 0.6, 'n_estimators': 300}",0.8585618085618086,repeated_stratified,0,3,full,electrode
8,8,1.0,8,4,0.5,8,6,0.75,0.75,0.7394957983193278,0.8932291666666666,8,0,0,1,4,3,0,2,6,P05,xgb,150,"{'subsample': 0.8, 'reg_lambda': 5, 'reg_alpha': 0.1, 'min_child_weight': 1, 'max_depth': 8, 'learning_rate': 0.03, 'gamma': 0, 'colsample_bytree': 0.6, 'colsample_bylevel': 0.6, 'n_estimators': 300}",0.8761423761423762,repeated_stratified,0,4,full,electrode
8,8,1.0,8,4,0.5,8,4,0.5,0.6666666666666666,0.6666666666666666,0.8098958333333334,8,0,0,0,4,4,0,4,4,P05,xgb,150,"{'subsample': 0.8, 'reg_lambda': 5, 'reg_alpha': 0.1, 'min_child_weight': 1, 'max_depth': 8, 'learning_rate': 0.03, 'gamma': 0, 'colsample_bytree': 0.6, 'colsample_bylevel': 0.6, 'n_estimators': 300}",0.8484848484848485,repeated_stratified,1,0,full,electrode
8,8,1.0,8,7,0.875,8,4,0.5,0.7916666666666666,0.7840755735492578,0.8489583333333334,8,0,0,0,7,1,0,4,4,P05,xgb,150,"{'subsample': 0.6, 'reg_lambda': 3, 'reg_alpha': 0.1, 'min_child_weight': 1, 'max_depth': 2, 'learning_rate': 0.05, 'gamma': 0, 'colsample_bytree': 0.7, 'colsample_bylevel': 0.6, 'n_estimators': 300}",0.8782828282828282,repeated_stratified,1,1,full,electrode
8,8,1.0,8,3,0.375,8,3,0.375,0.5833333333333334,0.5833333333333334,0.7708333333333334,8,0,0,0,3,5,0,5,3,P05,xgb,150,"{'subsample': 0.8, 'reg_lambda': 1, 'reg_alpha': 0, 'min_child_weight': 1, 'max_depth': 4, 'learning_rate': 0.01, 'gamma': 0, 'colsample_bytree': 0.7, 'colsample_bylevel': 0.8, 'n_estimators': 300}",0.9046657046657046,repeated_stratified,1,2,full,electrode
8,8,1.0,8,5,0.625,8,2,0.25,0.625,0.6014747779453662,0.8072916666666666,8,0,0,0,5,3,1,5,2,P05,xgb,150,"{'subsample': 0.6, 'reg_lambda': 3, 'reg_alpha': 0.1, 'min_child_weight': 1, 'max_depth': 8, 'learning_rate': 0.05, 'gamma': 0, 'colsample_bytree': 0.7, 'colsample_bylevel': 0.8, 'n_estimators': 300}",0.9161616161616162,repeated_stratified,1,3,full,electrode
8,8,1.0,8,6,0.75,8,4,0.5,0.75,0.7394957983193278,0.8828125,8,0,0,0,6,2,1,3,4,P05,xgb,150,"{'subsample': 0.6, 'reg_lambda': 3, 'reg_alpha': 0.1, 'min_child_weight': 1, 'max_depth': 2, 'learning_rate': 0.05, 'gamma': 0, 'colsample_bytree': 0.7, 'colsample_bylevel': 0.6, 'n_estimators': 300}",0.8818662818662818,repeated_stratified,1,4,full,electrode
8,8,1.0,8,7,0.875,8,3,0.375,0.75,0.7333333333333334,0.875,8,0,0,0,7,1,0,5,3,P05,xgb,150,"{'subsample': 0.8, 'reg_lambda': 1, 'reg_alpha': 0, 'min_child_weight': 1, 'max_depth': 8, 'learning_rate': 0.01, 'gamma': 0.3, 'colsample_bytree': 0.6, 'colsample_bylevel': 0.8, 'n_estimators': 300}",0.9171476671476672,repeated_stratified,2,0,full,electrode
8,8,1.0,8,3,0.375,8,7,0.875,0.75,0.7333333333333334,0.8828125,8,0,0,0,3,5,0,1,7,P05,xgb,150,"{'subsample': 0.6, 'reg_lambda': 3, 'reg_alpha': 0.1, 'min_child_weight': 1, 'max_depth': 8, 'learning_rate': 0.05, 'gamma': 0, 'colsample_bytree': 0.7, 'colsample_bylevel': 0.8, 'n_estimators': 300}",0.8825396825396825,repeated_stratified,2,1,full,electrode
8,8,1.0,8,1,0.125,8,2,0.25,0.4583333333333333,0.4562091503267974,0.7526041666666666,8,0,0,0,1,7,0,6,2,P05,xgb,150,"{'subsample': 0.6, 'reg_lambda': 3, 'reg_alpha': 0.1, 'min_child_weight': 1, 'max_depth': 8, 'learning_rate': 0.05, 'gamma': 0, 'colsample_bytree': 0.7, 'colsample_bylevel': 0.8, 'n_estimators': 300}",0.8921115921115921,repeated_stratified,2,2,full,electrode
8,8,1.0,8,4,0.5,8,4,0.5,0.6666666666666666,0.6666666666666666,0.8671875,8,0,0,0,4,4,0,4,4,P05,xgb,150,"{'subsample': 0.6, 'reg_lambda': 3, 'reg_alpha': 0.1, 'min_child_weight': 1, 'max_depth': 2, 'learning_rate': 0.05, 'gamma': 0, 'colsample_bytree': 0.7, 'colsample_bylevel': 0.6, 'n_estimators': 300}",0.9084415584415584,repeated_stratified,2,3,full,electrode
8,7,0.875,8,6,0.75,8,4,0.5,0.7083333333333334,0.7121136173767754,0.8020833333333334,7,1,0,0,6,2,0,4,4,P05,xgb,149,"{'subsample': 0.6, 'reg_lambda': 1, 'reg_alpha': 0, 'min_child_weight': 1, 'max_depth': 2, 'learning_rate': 0.03, 'gamma': 0, 'colsample_bytree': 0.6, 'colsample_bylevel': 0.6, 'n_estimators': 300}",0.8788119288119288,repeated_stratified,2,4,full,electrode
8,8,1.0,8,4,0.5,8,5,0.625,0.7083333333333334,0.6951058201058201,0.9140625,8,0,0,1,4,3,1,2,5,P05,xgb,149,"{'subsample': 0.6, 'reg_lambda': 3, 'reg_alpha': 0.1, 'min_child_weight': 1, 'max_depth': 2, 'learning_rate': 0.05, 'gamma': 0, 'colsample_bytree': 0.7, 'colsample_bylevel': 0.6, 'n_estimators': 300}",0.9045454545454548,repeated_stratified,3,0,full,electrode
8,8,1.0,8,2,0.25,8,4,0.5,0.5833333333333334,0.5767195767195766,0.8098958333333334,8,0,0,0,2,6,0,4,4,P05,xgb,150,"{'subsample': 0.6, 'reg_lambda': 3, 'reg_alpha': 0.1, 'min_child_weight': 1, 'max_depth': 2, 'learning_rate': 0.05, 'gamma': 0, 'colsample_bytree': 0.7, 'colsample_bylevel': 0.6, 'n_estimators': 300}",0.905820105820106,repeated_stratified,3,1,full,electrode
8,8,1.0,8,2,0.25,8,5,0.625,0.625,0.6014747779453662,0.8619791666666666,8,0,0,1,2,5,0,3,5,P05,xgb,150,"{'subsample': 0.8, 'reg_lambda': 1, 'reg_alpha': 0, 'min_child_weight': 1, 'max_depth': 8, 'learning_rate': 0.01, 'gamma': 0.3, 'colsample_bytree': 0.6, 'colsample_bylevel': 0.8, 'n_estimators': 300}",0.8828523328523329,repeated_stratified,3,2,full,electrode
8,8,1.0,8,5,0.625,8,4,0.5,0.7083333333333334,0.7071895424836602,0.8567708333333334,8,0,0,0,5,3,0,4,4,P05,xgb,150,"{'subsample': 0.6, 'reg_lambda': 1, 'reg_alpha': 0, 'min_child_weight': 1, 'max_depth': 2, 'learning_rate': 0.03, 'gamma': 0, 'colsample_bytree': 0.6, 'colsample_bylevel': 0.6, 'n_estimators': 300}",0.91996151996152,repeated_stratified,3,3,full,electrode
8,8,1.0,8,5,0.625,8,2,0.25,0.625,0.6014747779453662,0.7734375,8,0,0,0,5,3,1,5,2,P05,xgb,149,"{'subsample': 0.6, 'reg_lambda': 3, 'reg_alpha': 0.1, 'min_child_weight': 1, 'max_depth': 2, 'learning_rate': 0.05, 'gamma': 0, 'colsample_bytree': 0.7, 'colsample_bylevel': 0.6, 'n_estimators': 300}",0.9132756132756134,repeated_stratified,3,4,full,electrode
8,8,1.0,8,4,0.5,8,5,0.625,0.7083333333333334,0.7071895424836602,0.8697916666666666,8,0,0,0,4,4,0,3,5,P05,xgb,150,"{'subsample': 0.6, 'reg_lambda': 1, 'reg_alpha': 0, 'min_child_weight': 1, 'max_depth': 2, 'learning_rate': 0.03, 'gamma': 0, 'colsample_bytree': 0.6, 'colsample_bylevel': 0.6, 'n_estimators': 300}",0.9055315055315056,repeated_stratified,4,0,full,electrode
8,8,1.0,8,4,0.5,8,5,0.625,0.7083333333333334,0.7071895424836602,0.8359375,8,0,0,0,4,4,0,3,5,P05,xgb,150,"{'subsample': 0.6, 'reg_lambda': 10, 'reg_alpha': 0.5, 'min_child_weight': 1, 'max_depth': 2, 'learning_rate': 0.05, 'gamma': 0.1, 'colsample_bytree': 0.6, 'colsample_bylevel': 0.6, 'n_estimators': 300}",0.9032467532467532,repeated_stratified,4,1,full,electrode
8,8,1.0,8,5,0.625,8,5,0.625,0.75,0.75,0.8984375,8,0,0,0,5,3,0,3,5,P05,xgb,150,"{'subsample': 0.6, 'reg_lambda': 1, 'reg_alpha': 0, 'min_child_weight': 1, 'max_depth': 2, 'learning_rate': 0.03, 'gamma': 0, 'colsample_bytree': 0.6, 'colsample_bylevel': 0.6, 'n_estimators': 300}",0.8612313612313612,repeated_stratified,4,2,full,electrode
8,8,1.0,8,4,0.5,8,2,0.25,0.5833333333333334,0.5555555555555555,0.8151041666666666,8,0,0,2,4,2,0,6,2,P05,xgb,150,"{'subsample': 0.6, 'reg_lambda': 3, 'reg_alpha': 0.1, 'min_child_weight': 1, 'max_depth': 8, 'learning_rate': 0.05, 'gamma': 0, 'colsample_bytree': 0.7, 'colsample_bylevel': 0.8, 'n_estimators': 300}",0.9076719576719576,repeated_stratified,4,3,full,electrode
8,8,1.0,8,5,0.625,8,3,0.375,0.6666666666666666,0.6613756613756614,0.7942708333333334,8,0,0,0,5,3,0,5,3,P05,xgb,150,"{'subsample': 0.6, 'reg_lambda': 1, 'reg_alpha': 0, 'min_child_weight': 1, 'max_depth': 2, 'learning_rate': 0.03, 'gamma': 0, 'colsample_bytree': 0.6, 'colsample_bylevel': 0.6, 'n_estimators': 300}",0.917075517075517,repeated_stratified,4,4,full,electrode
8,8,1.0,8,4,0.5,8,4,0.5,0.6666666666666666,0.6666666666666666,0.8151041666666666,8,0,0,0,4,4,0,4,4,P05,xgb,150,"{'subsample': 0.6, 'reg_lambda': 3, 'reg_alpha': 0.1, 'min_child_weight': 1, 'max_depth': 2, 'learning_rate': 0.05, 'gamma': 0, 'colsample_bytree': 0.7, 'colsample_bylevel': 0.6, 'n_estimators': 300}",0.8980759980759979,repeated_stratified,5,0,full,electrode
8,8,1.0,8,4,0.5,8,6,0.75,0.75,0.7394957983193278,0.921875,8,0,0,1,4,3,0,2,6,P05,xgb,150,"{'subsample': 0.8, 'reg_lambda': 5, 'reg_alpha': 0.1, 'min_child_weight': 1, 'max_depth': 8, 'learning_rate': 0.03, 'gamma': 0, 'colsample_bytree': 0.6, 'colsample_bylevel': 0.6, 'n_estimators': 300}",0.9223665223665224,repeated_stratified,5,1,full,electrode
8,8,1.0,8,6,0.75,8,4,0.5,0.75,0.7394957983193278,0.8984375,8,0,0,0,6,2,1,3,4,P05,xgb,149,"{'subsample': 0.6, 'reg_lambda': 3, 'reg_alpha': 0.1, 'min_child_weight': 1, 'max_depth': 2, 'learning_rate': 0.05, 'gamma': 0, 'colsample_bytree': 0.7, 'colsample_bylevel': 0.6, 'n_estimators': 300}",0.8990860990860989,repeated_stratified,5,2,full,electrode
8,7,0.875,8,6,0.75,8,4,0.5,0.7083333333333334,0.7111111111111111,0.8645833333333334,7,0,1,0,6,2,0,4,4,P05,xgb,150,"{'subsample': 0.6, 'reg_lambda': 1, 'reg_alpha': 0, 'min_child_weight': 1, 'max_depth': 2, 'learning_rate': 0.03, 'gamma': 0, 'colsample_bytree': 0.6, 'colsample_bylevel': 0.6, 'n_estimators': 300}",0.8292448292448293,repeated_stratified,5,3,full,electrode
8,8,1.0,8,3,0.375,8,4,0.5,0.625,0.6235294117647059,0.8619791666666666,8,0,0,0,3,5,0,4,4,P05,xgb,150,"{'subsample': 0.6, 'reg_lambda': 3, 'reg_alpha': 0.1, 'min_child_weight': 1, 'max_depth': 8, 'learning_rate': 0.05, 'gamma': 0, 'colsample_bytree': 0.7, 'colsample_bylevel': 0.8, 'n_estimators': 300}",0.9146224146224146,repeated_stratified,5,4,full,electrode
8,8,1.0,8,5,0.625,8,4,0.5,0.7083333333333334,0.7071895424836602,0.8489583333333334,8,0,0,0,5,3,0,4,4,P05,xgb,150,"{'subsample': 0.6, 'reg_lambda': 1, 'reg_alpha': 0, 'min_child_weight': 1, 'max_depth': 2, 'learning_rate': 0.03, 'gamma': 0, 'colsample_bytree': 0.6, 'colsample_bylevel': 0.6, 'n_estimators': 300}",0.8725829725829725,repeated_stratified,6,0,full,electrode
8,8,1.0,8,6,0.75,8,5,0.625,0.7916666666666666,0.7908496732026143,0.8984375,8,0,0,0,6,2,0,3,5,P05,xgb,150,"{'subsample': 0.6, 'reg_lambda': 3, 'reg_alpha': 0.1, 'min_child_weight': 1, 'max_depth': 8, 'learning_rate': 0.05, 'gamma': 0, 'colsample_bytree': 0.7, 'colsample_bylevel': 0.8, 'n_estimators': 300}",0.8772967772967774,repeated_stratified,6,1,full,electrode
8,8,1.0,8,5,0.625,8,2,0.25,0.625,0.6014747779453662,0.8229166666666666,8,0,0,0,5,3,1,5,2,P05,xgb,150,"{'subsample': 0.6, 'reg_lambda': 3, 'reg_alpha': 0.1, 'min_child_weight': 1, 'max_depth': 8, 'learning_rate': 0.05, 'gamma': 0, 'colsample_bytree': 0.7, 'colsample_bylevel': 0.8, 'n_estimators': 300}",0.899062049062049,repeated_stratified,6,2,full,electrode
8,8,1.0,8,3,0.375,8,4,0.5,0.625,0.6058201058201058,0.7942708333333334,8,0,0,1,3,4,1,3,4,P05,xgb,149,"{'subsample': 0.6, 'reg_lambda': 1, 'reg_alpha': 0.1, 'min_child_weight': 1, 'max_depth': 2, 'learning_rate': 0.01, 'gamma': 2, 'colsample_bytree': 0.7, 'colsample_bylevel': 0.6, 'n_estimators': 300}",0.8409812409812409,repeated_stratified,6,3,full,electrode
8,8,1.0,8,2,0.25,8,8,1.0,0.75,0.7010270774976658,0.890625,8,0,0,1,2,5,0,0,8,P05,xgb,143,"{'subsample': 0.8, 'reg_lambda': 10, 'reg_alpha': 0, 'min_child_weight': 1, 'max_depth': 8, 'learning_rate': 0.05, 'gamma': 0, 'colsample_bytree': 0.7, 'colsample_bylevel': 0.6, 'n_estimators': 300}",0.8848965848965848,repeated_stratified,6,4,full,electrode
8,7,0.875,8,5,0.625,8,6,0.75,0.75,0.7547385620915033,0.8984375,7,1,0,0,5,3,0,2,6,P05,xgb,149,"{'subsample': 0.8, 'reg_lambda': 1, 'reg_alpha': 0.1, 'min_child_weight': 1, 'max_depth': 4, 'learning_rate': 0.05, 'gamma': 0.5, 'colsample_bytree': 0.7, 'colsample_bylevel': 0.6, 'n_estimators': 300}",0.8750120250120249,repeated_stratified,7,0,full,electrode
8,8,1.0,8,5,0.625,8,5,0.625,0.75,0.7407407407407406,0.875,8,0,0,1,5,2,1,2,5,P05,xgb,149,"{'subsample': 0.8, 'reg_lambda': 1, 'reg_alpha': 0, 'min_child_weight': 1, 'max_depth': 4, 'learning_rate': 0.01, 'gamma': 0, 'colsample_bytree': 0.7, 'colsample_bylevel': 0.8, 'n_estimators': 300}",0.911063011063011,repeated_stratified,7,1,full,electrode
8,8,1.0,8,4,0.5,8,4,0.5,0.6666666666666666,0.6666666666666666,0.8489583333333334,8,0,0,0,4,4,0,4,4,P05,xgb,150,"{'subsample': 0.6, 'reg_lambda': 3, 'reg_alpha': 0.1, 'min_child_weight': 1, 'max_depth': 2, 'learning_rate': 0.05, 'gamma': 0, 'colsample_bytree': 0.7, 'colsample_bylevel': 0.6, 'n_estimators': 300}",0.8794853294853294,repeated_stratified,7,2,full,electrode
8,8,1.0,8,4,0.5,8,4,0.5,0.6666666666666666,0.6666666666666666,0.8151041666666666,8,0,0,0,4,4,0,4,4,P05,xgb,150,"{'subsample': 0.6, 'reg_lambda': 1, 'reg_alpha': 0, 'min_child_weight': 1, 'max_depth': 2, 'learning_rate': 0.03, 'gamma': 0, 'colsample_bytree': 0.6, 'colsample_bylevel': 0.6, 'n_estimators': 300}",0.878908128908129,repeated_stratified,7,3,full,electrode
8,8,1.0,8,5,0.625,8,5,0.625,0.75,0.75,0.8697916666666666,8,0,0,0,5,3,0,3,5,P05,xgb,150,"{'subsample': 0.6, 'reg_lambda': 3, 'reg_alpha': 0.1, 'min_child_weight': 1, 'max_depth': 2, 'learning_rate': 0.05, 'gamma': 0, 'colsample_bytree': 0.7, 'colsample_bylevel': 0.6, 'n_estimators': 300}",0.8706589706589707,repeated_stratified,7,4,full,electrode
8,8,1.0,8,3,0.375,8,4,0.5,0.625,0.6235294117647059,0.7682291666666666,8,0,0,0,3,5,0,4,4,P05,xgb,150,"{'subsample': 0.6, 'reg_lambda': 3, 'reg_alpha': 0.1, 'min_child_weight': 1, 'max_depth': 8, 'learning_rate': 0.05, 'gamma': 0, 'colsample_bytree': 0.7, 'colsample_bylevel': 0.8, 'n_estimators': 300}",0.9005531505531504,repeated_stratified,8,0,full,electrode
8,8,1.0,8,4,0.5,8,5,0.625,0.7083333333333334,0.7071895424836602,0.859375,8,0,0,0,4,4,0,3,5,P05,xgb,150,"{'subsample': 0.6, 'reg_lambda': 1, 'reg_alpha': 0, 'min_child_weight': 1, 'max_depth': 2, 'learning_rate': 0.03, 'gamma': 0, 'colsample_bytree': 0.6, 'colsample_bylevel': 0.6, 'n_estimators': 300}",0.8798460798460798,repeated_stratified,8,1,full,electrode
8,8,1.0,8,3,0.375,8,5,0.625,0.6666666666666666,0.6613756613756614,0.8515625,8,0,0,0,3,5,0,3,5,P05,xgb,150,"{'subsample': 0.6, 'reg_lambda': 3, 'reg_alpha': 0.1, 'min_child_weight': 1, 'max_depth': 2, 'learning_rate': 0.05, 'gamma': 0, 'colsample_bytree': 0.7, 'colsample_bylevel': 0.6, 'n_estimators': 300}",0.9012506012506012,repeated_stratified,8,2,full,electrode
8,8,1.0,8,4,0.5,8,3,0.375,0.625,0.6235294117647059,0.7916666666666666,8,0,0,0,4,4,0,5,3,P05,xgb,150,"{'subsample': 0.6, 'reg_lambda': 3, 'reg_alpha': 0.1, 'min_child_weight': 1, 'max_depth': 8, 'learning_rate': 0.05, 'gamma': 0, 'colsample_bytree': 0.7, 'colsample_bylevel': 0.8, 'n_estimators': 300}",0.9233044733044732,repeated_stratified,8,3,full,electrode
8,8,1.0,8,4,0.5,8,6,0.75,0.75,0.746031746031746,0.8515625,8,0,0,0,4,4,0,2,6,P05,xgb,150,"{'subsample': 0.6, 'reg_lambda': 3, 'reg_alpha': 0.1, 'min_child_weight': 1, 'max_depth': 2, 'learning_rate': 0.05, 'gamma': 0, 'colsample_bytree': 0.7, 'colsample_bylevel': 0.6, 'n_estimators': 300}",0.8898027898027898,repeated_stratified,8,4,full,electrode
8,8,1.0,8,5,0.625,8,4,0.5,0.7083333333333334,0.7071895424836602,0.8411458333333334,8,0,0,0,5,3,0,4,4,P05,xgb,150,"{'subsample': 0.8, 'reg_lambda': 5, 'reg_alpha': 0.1, 'min_child_weight': 1, 'max_depth': 8, 'learning_rate': 0.03, 'gamma': 0, 'colsample_bytree': 0.6, 'colsample_bylevel': 0.6, 'n_estimators': 300}",0.8866762866762867,repeated_stratified,9,0,full,electrode
8,8,1.0,8,5,0.625,8,3,0.375,0.6666666666666666,0.6613756613756614,0.7916666666666666,8,0,0,0,5,3,0,5,3,P05,xgb,150,"{'subsample': 0.6, 'reg_lambda': 5, 'reg_alpha': 0, 'min_child_weight': 1, 'max_depth': 2, 'learning_rate': 0.01, 'gamma': 0.3, 'colsample_bytree': 0.7, 'colsample_bylevel': 0.6, 'n_estimators': 300}",0.8625541125541125,repeated_stratified,9,1,full,electrode
8,8,1.0,8,3,0.375,8,3,0.375,0.5833333333333334,0.5720588235294118,0.8020833333333334,8,0,0,0,3,5,1,4,3,P05,xgb,150,"{'subsample': 0.8, 'reg_lambda': 1, 'reg_alpha': 0, 'min_child_weight': 1, 'max_depth': 4, 'learning_rate': 0.01, 'gamma': 0, 'colsample_bytree': 0.7, 'colsample_bylevel': 0.8, 'n_estimators': 300}",0.868037518037518,repeated_stratified,9,2,full,electrode
8,8,1.0,8,6,0.75,8,3,0.375,0.7083333333333334,0.6977058029689608,0.875,8,0,0,0,6,2,0,5,3,P05,xgb,148,"{'subsample': 0.6, 'reg_lambda': 1, 'reg_alpha': 0, 'min_child_weight': 1, 'max_depth': 2, 'learning_rate': 0.03, 'gamma': 0, 'colsample_bytree': 0.6, 'colsample_bylevel': 0.6, 'n_estimators': 300}",0.861976911976912,repeated_stratified,9,3,full,electrode
8,8,1.0,8,4,0.5,8,3,0.375,0.625,0.6012145748987855,0.8333333333333334,8,0,0,2,4,2,1,4,3,P05,xgb,150,"{'subsample': 0.6, 'reg_lambda': 5, 'reg_alpha': 0.5, 'min_child_weight': 1, 'max_depth': 8, 'learning_rate': 0.03, 'gamma': 0.3, 'colsample_bytree': 0.6, 'colsample_bylevel': 0.6, 'n_estimators': 300}",0.9266955266955268,repeated_stratified,9,4,full,electrode
8,8,1.0,8,4,0.5,8,6,0.75,0.75,0.7410759175465058,0.9036458333333334,8,0,0,0,4,4,1,1,6,P06,xgb,150,"{'subsample': 0.6, 'reg_lambda': 1, 'reg_alpha': 0, 'min_child_weight': 1, 'max_depth': 2, 'learning_rate': 0.03, 'gamma': 0, 'colsample_bytree': 0.6, 'colsample_bylevel': 0.6, 'n_estimators': 300}",0.8172438672438673,repeated_stratified,0,0,full,electrode
8,8,1.0,8,3,0.375,8,3,0.375,0.5833333333333334,0.5833333333333334,0.8177083333333334,8,0,0,0,3,5,0,5,3,P06,xgb,150,"{'subsample': 0.6, 'reg_lambda': 1, 'reg_alpha': 0, 'min_child_weight': 1, 'max_depth': 2, 'learning_rate': 0.03, 'gamma': 0, 'colsample_bytree': 0.6, 'colsample_bylevel': 0.6, 'n_estimators': 300}",0.8616402116402115,repeated_stratified,0,1,full,electrode
8,8,1.0,8,6,0.75,8,4,0.5,0.75,0.746031746031746,0.8723958333333334,8,0,0,0,6,2,0,4,4,P06,xgb,148,"{'subsample': 0.6, 'reg_lambda': 3, 'reg_alpha': 0.1, 'min_child_weight': 1, 'max_depth': 2, 'learning_rate': 0.05, 'gamma': 0, 'colsample_bytree': 0.7, 'colsample_bylevel': 0.6, 'n_estimators': 300}",0.9353294853294852,repeated_stratified,0,2,full,electrode
8,8,1.0,8,3,0.375,8,3,0.375,0.5833333333333334,0.5720588235294118,0.8203125,8,0,0,1,3,4,0,5,3,P06,xgb,147,"{'subsample': 0.6, 'reg_lambda': 1, 'reg_alpha': 0, 'min_child_weight': 1, 'max_depth': 2, 'learning_rate': 0.03, 'gamma': 0, 'colsample_bytree': 0.6, 'colsample_bylevel': 0.6, 'n_estimators': 300}",0.8925925925925925,repeated_stratified,0,3,full,electrode
8,8,1.0,8,5,0.625,8,4,0.5,0.7083333333333334,0.7002801120448178,0.9036458333333334,8,0,0,1,5,2,0,4,4,P06,xgb,150,"{'subsample': 0.6, 'reg_lambda': 1, 'reg_alpha': 0, 'min_child_weight': 1, 'max_depth': 2, 'learning_rate': 0.03, 'gamma': 0, 'colsample_bytree': 0.6, 'colsample_bylevel': 0.6, 'n_estimators': 300}",0.881914381914382,repeated_stratified,0,4,full,electrode
8,8,1.0,8,2,0.25,8,5,0.625,0.625,0.6014747779453662,0.828125,8,0,0,1,2,5,0,3,5,P06,xgb,150,"{'subsample': 0.6, 'reg_lambda': 3, 'reg_alpha': 0.1, 'min_child_weight': 1, 'max_depth': 8, 'learning_rate': 0.05, 'gamma': 0, 'colsample_bytree': 0.7, 'colsample_bylevel': 0.8, 'n_estimators': 300}",0.8571909571909572,repeated_stratified,1,0,full,electrode
8,7,0.875,8,5,0.625,8,2,0.25,0.5833333333333334,0.5803418803418804,0.7916666666666666,7,1,0,0,5,3,0,6,2,P06,xgb,149,"{'subsample': 0.6, 'reg_lambda': 1, 'reg_alpha': 0, 'min_child_weight': 1, 'max_depth': 2, 'learning_rate': 0.03, 'gamma': 0, 'colsample_bytree': 0.6, 'colsample_bylevel': 0.6, 'n_estimators': 300}",0.9505291005291006,repeated_stratified,1,1,full,electrode
8,8,1.0,8,4,0.5,8,2,0.25,0.5833333333333334,0.5644377409083291,0.8177083333333334,8,0,0,1,4,3,0,6,2,P06,xgb,149,"{'subsample': 1.0, 'reg_lambda': 3, 'reg_alpha': 0, 'min_child_weight': 1, 'max_depth': 4, 'learning_rate': 0.01, 'gamma': 0.3, 'colsample_bytree': 0.6, 'colsample_bylevel': 0.6, 'n_estimators': 300}",0.8575998075998076,repeated_stratified,1,2,full,electrode
8,8,1.0,8,4,0.5,8,7,0.875,0.7916666666666666,0.7840755735492578,0.8489583333333334,8,0,0,0,4,4,0,1,7,P06,xgb,150,"{'subsample': 0.6, 'reg_lambda': 3, 'reg_alpha': 0.1, 'min_child_weight': 1, 'max_depth': 8, 'learning_rate': 0.05, 'gamma': 0, 'colsample_bytree': 0.7, 'colsample_bylevel': 0.8, 'n_estimators': 300}",0.8648629148629149,repeated_stratified,1,3,full,electrode
8,8,1.0,8,6,0.75,8,4,0.5,0.75,0.7410759175465058,0.8489583333333334,8,0,0,1,6,1,0,4,4,P06,xgb,150,"{'subsample': 0.6, 'reg_lambda': 3, 'reg_alpha': 0.1, 'min_child_weight': 1, 'max_depth': 2, 'learning_rate': 0.05, 'gamma': 0, 'colsample_bytree': 0.7, 'colsample_bylevel': 0.6, 'n_estimators': 300}",0.8634920634920634,repeated_stratified,1,4,full,electrode
8,7,0.875,8,4,0.5,8,4,0.5,0.625,0.625,0.8463541666666666,7,0,1,1,4,3,0,4,4,P06,xgb,149,"{'subsample': 0.6, 'reg_lambda': 5, 'reg_alpha': 0.5, 'min_child_weight': 1, 'max_depth': 8, 'learning_rate': 0.03, 'gamma': 0.3, 'colsample_bytree': 0.6, 'colsample_bylevel': 0.6, 'n_estimators': 300}",0.8965127465127464,repeated_stratified,2,0,full,electrode
8,8,1.0,8,6,0.75,8,4,0.5,0.75,0.7358299595141701,0.9114583333333334,8,0,0,1,6,1,2,2,4,P06,xgb,150,"{'subsample': 0.6, 'reg_lambda': 5, 'reg_alpha': 0.5, 'min_child_weight': 1, 'max_depth': 8, 'learning_rate': 0.03, 'gamma': 0.3, 'colsample_bytree': 0.6, 'colsample_bylevel': 0.6, 'n_estimators': 300}",0.8616642616642617,repeated_stratified,2,1,full,electrode
8,8,1.0,8,3,0.375,8,2,0.25,0.5416666666666666,0.5165074576839283,0.765625,8,0,0,2,3,3,0,6,2,P06,xgb,150,"{'subsample': 0.8, 'reg_lambda': 10, 'reg_alpha': 0, 'min_child_weight': 1, 'max_depth': 4, 'learning_rate': 0.03, 'gamma': 0, 'colsample_bytree': 0.6, 'colsample_bylevel': 0.8, 'n_estimators': 300}",0.8562530062530063,repeated_stratified,2,2,full,electrode
8,8,1.0,8,3,0.375,8,4,0.5,0.625,0.6235294117647059,0.7916666666666666,8,0,0,0,3,5,0,4,4,P06,xgb,150,"{'subsample': 0.6, 'reg_lambda': 10, 'reg_alpha': 0.5, 'min_child_weight': 1, 'max_depth': 2, 'learning_rate': 0.05, 'gamma': 0.1, 'colsample_bytree': 0.6, 'colsample_bylevel': 0.6, 'n_estimators': 300}",0.9047138047138048,repeated_stratified,2,3,full,electrode
8,8,1.0,8,6,0.75,8,4,0.5,0.75,0.746031746031746,0.859375,8,0,0,0,6,2,0,4,4,P06,xgb,150,"{'subsample': 0.6, 'reg_lambda': 3, 'reg_alpha': 0.1, 'min_child_weight': 1, 'max_depth': 2, 'learning_rate': 0.05, 'gamma': 0, 'colsample_bytree': 0.7, 'colsample_bylevel': 0.6, 'n_estimators': 300}",0.951106301106301,repeated_stratified,2,4,full,electrode
8,8,1.0,8,3,0.375,8,4,0.5,0.625,0.6058201058201058,0.7786458333333334,8,0,0,1,3,4,1,3,4,P06,xgb,149,"{'subsample': 0.6, 'reg_lambda': 3, 'reg_alpha': 0.1, 'min_child_weight': 1, 'max_depth': 8, 'learning_rate': 0.05, 'gamma': 0, 'colsample_bytree': 0.7, 'colsample_bylevel': 0.8, 'n_estimators': 300}",0.8993987493987494,repeated_stratified,3,0,full,electrode
8,8,1.0,8,2,0.25,8,2,0.25,0.5,0.5,0.7135416666666666,8,0,0,0,2,6,0,6,2,P06,xgb,150,"{'subsample': 0.6, 'reg_lambda': 3, 'reg_alpha': 0.1, 'min_child_weight': 1, 'max_depth': 8, 'learning_rate': 0.05, 'gamma': 0, 'colsample_bytree': 0.7, 'colsample_bylevel': 0.8, 'n_estimators': 300}",0.865945165945166,repeated_stratified,3,1,full,electrode
8,8,1.0,8,6,0.75,8,1,0.125,0.625,0.5844155844155844,0.7916666666666666,8,0,0,0,6,2,0,7,1,P06,xgb,149,"{'subsample': 0.8, 'reg_lambda': 1, 'reg_alpha': 0, 'min_child_weight': 1, 'max_depth': 8, 'learning_rate': 0.01, 'gamma': 0.3, 'colsample_bytree': 0.6, 'colsample_bylevel': 0.8, 'n_estimators': 300}",0.921813371813372,repeated_stratified,3,2,full,electrode
8,7,0.875,8,6,0.75,8,5,0.625,0.75,0.7491830065359477,0.8854166666666666,7,0,1,1,6,1,0,3,5,P06,xgb,148,"{'subsample': 0.6, 'reg_lambda': 1, 'reg_alpha': 0, 'min_child_weight': 1, 'max_depth': 2, 'learning_rate': 0.03, 'gamma': 0, 'colsample_bytree': 0.6, 'colsample_bylevel': 0.6, 'n_estimators': 300}",0.8642857142857143,repeated_stratified,3,3,full,electrode
8,8,1.0,8,4,0.5,8,4,0.5,0.6666666666666666,0.6581699346405229,0.8541666666666666,8,0,0,1,4,3,0,4,4,P06,xgb,150,"{'subsample': 0.6, 'reg_lambda': 3, 'reg_alpha': 0.1, 'min_child_weight': 1, 'max_depth': 8, 'learning_rate': 0.05, 'gamma': 0, 'colsample_bytree': 0.7, 'colsample_bylevel': 0.8, 'n_estimators': 300}",0.9008177008177009,repeated_stratified,3,4,full,electrode
8,8,1.0,8,4,0.5,8,2,0.25,0.5833333333333334,0.5767195767195767,0.7734375,8,0,0,0,4,4,0,6,2,P06,xgb,150,"{'subsample': 0.6, 'reg_lambda': 1, 'reg_alpha': 0, 'min_child_weight': 1, 'max_depth': 2, 'learning_rate': 0.03, 'gamma': 0, 'colsample_bytree': 0.6, 'colsample_bylevel': 0.6, 'n_estimators': 300}",0.8692159692159692,repeated_stratified,4,0,full,electrode
8,8,1.0,8,5,0.625,8,5,0.625,0.75,0.75,0.9166666666666666,8,0,0,0,5,3,0,3,5,P06,xgb,150,"{'subsample': 0.6, 'reg_lambda': 3, 'reg_alpha': 0.1, 'min_child_weight': 1, 'max_depth': 2, 'learning_rate': 0.05, 'gamma': 0, 'colsample_bytree': 0.7, 'colsample_bylevel': 0.6, 'n_estimators': 300}",0.8174122174122175,repeated_stratified,4,1,full,electrode
8,8,1.0,8,4,0.5,8,2,0.25,0.5833333333333334,0.5557231439584381,0.859375,8,0,0,1,4,3,1,5,2,P06,xgb,150,"{'subsample': 0.6, 'reg_lambda': 3, 'reg_alpha': 0.1, 'min_child_weight': 1, 'max_depth': 8, 'learning_rate': 0.05, 'gamma': 0, 'colsample_bytree': 0.7, 'colsample_bylevel': 0.8, 'n_estimators': 300}",0.9173881673881676,repeated_stratified,4,2,full,electrode
8,8,1.0,8,2,0.25,8,2,0.25,0.5,0.4859477124183006,0.8229166666666666,8,0,0,1,2,5,0,6,2,P06,xgb,149,"{'subsample': 0.6, 'reg_lambda': 3, 'reg_alpha': 0.1, 'min_child_weight': 1, 'max_depth': 2, 'learning_rate': 0.05, 'gamma': 0, 'colsample_bytree': 0.7, 'colsample_bylevel': 0.6, 'n_estimators': 300}",0.9030062530062528,repeated_stratified,4,3,full,electrode
8,7,0.875,8,6,0.75,8,3,0.375,0.6666666666666666,0.6649572649572649,0.8177083333333334,7,1,0,0,6,2,0,5,3,P06,xgb,150,"{'subsample': 0.8, 'reg_lambda': 10, 'reg_alpha': 0, 'min_child_weight': 1, 'max_depth': 4, 'learning_rate': 0.03, 'gamma': 0, 'colsample_bytree': 0.6, 'colsample_bylevel': 0.8, 'n_estimators': 300}",0.8652958152958153,repeated_stratified,4,4,full,electrode
8,8,1.0,8,6,0.75,8,2,0.25,0.6666666666666666,0.6353629170966631,0.8645833333333334,8,0,0,0,6,2,1,5,2,P06,xgb,140,"{'subsample': 0.6, 'reg_lambda': 5, 'reg_alpha': 0.5, 'min_child_weight': 1, 'max_depth': 8, 'learning_rate': 0.03, 'gamma': 0.3, 'colsample_bytree': 0.6, 'colsample_bylevel': 0.6, 'n_estimators': 300}",0.8551467051467051,repeated_stratified,5,0,full,electrode
8,8,1.0,8,5,0.625,8,4,0.5,0.7083333333333334,0.6998366013071896,0.8177083333333334,8,0,0,0,5,3,1,3,4,P06,xgb,150,"{'subsample': 0.6, 'reg_lambda': 3, 'reg_alpha': 0.1, 'min_child_weight': 1, 'max_depth': 8, 'learning_rate': 0.05, 'gamma': 0, 'colsample_bytree': 0.7, 'colsample_bylevel': 0.8, 'n_estimators': 300}",0.9429292929292928,repeated_stratified,5,1,full,electrode
8,8,1.0,8,4,0.5,8,5,0.625,0.7083333333333334,0.700280112044818,0.875,8,0,0,0,4,4,1,2,5,P06,xgb,150,"{'subsample': 0.8, 'reg_lambda': 10, 'reg_alpha': 0, 'min_child_weight': 1, 'max_depth': 8, 'learning_rate': 0.05, 'gamma': 0, 'colsample_bytree': 0.7, 'colsample_bylevel': 0.6, 'n_estimators': 300}",0.8882876382876382,repeated_stratified,5,2,full,electrode
8,8,1.0,8,4,0.5,8,2,0.25,0.5833333333333334,0.5644377409083291,0.8098958333333334,8,0,0,1,4,3,0,6,2,P06,xgb,150,"{'subsample': 0.6, 'reg_lambda': 1, 'reg_alpha': 0, 'min_child_weight': 1, 'max_depth': 2, 'learning_rate': 0.03, 'gamma': 0, 'colsample_bytree': 0.6, 'colsample_bylevel': 0.6, 'n_estimators': 300}",0.8452380952380952,repeated_stratified,5,3,full,electrode
8,7,0.875,8,5,0.625,8,3,0.375,0.625,0.6197089947089948,0.8463541666666666,7,0,1,1,5,2,0,5,3,P06,xgb,150,"{'subsample': 0.6, 'reg_lambda': 1, 'reg_alpha': 0, 'min_child_weight': 1, 'max_depth': 2, 'learning_rate': 0.03, 'gamma': 0, 'colsample_bytree': 0.6, 'colsample_bylevel': 0.6, 'n_estimators': 300}",0.8506012506012506,repeated_stratified,5,4,full,electrode
8,8,1.0,8,3,0.375,8,5,0.625,0.6666666666666666,0.6474867724867724,0.8932291666666666,8,0,0,2,3,3,0,3,5,P06,xgb,150,"{'subsample': 0.6, 'reg_lambda': 3, 'reg_alpha': 0.1, 'min_child_weight': 1, 'max_depth': 8, 'learning_rate': 0.05, 'gamma': 0, 'colsample_bytree': 0.7, 'colsample_bylevel': 0.8, 'n_estimators': 300}",0.8366281866281865,repeated_stratified,6,0,full,electrode
8,8,1.0,8,3,0.375,8,3,0.375,0.5833333333333334,0.5833333333333334,0.8020833333333334,8,0,0,0,3,5,0,5,3,P06,xgb,150,"{'subsample': 0.6, 'reg_lambda': 1, 'reg_alpha': 0, 'min_child_weight': 1, 'max_depth': 2, 'learning_rate': 0.03, 'gamma': 0, 'colsample_bytree': 0.6, 'colsample_bylevel': 0.6, 'n_estimators': 300}",0.9271284271284272,repeated_stratified,6,1,full,electrode
8,8,1.0,8,3,0.375,8,5,0.625,0.6666666666666666,0.6462208815149992,0.8385416666666666,8,0,0,1,3,4,1,2,5,P06,xgb,150,"{'subsample': 0.6, 'reg_lambda': 1, 'reg_alpha': 0, 'min_child_weight': 1, 'max_depth': 2, 'learning_rate': 0.03, 'gamma': 0, 'colsample_bytree': 0.6, 'colsample_bylevel': 0.6, 'n_estimators': 300}",0.8575998075998076,repeated_stratified,6,2,full,electrode
8,8,1.0,8,4,0.5,8,4,0.5,0.6666666666666666,0.6666666666666666,0.8411458333333334,8,0,0,0,4,4,0,4,4,P06,xgb,150,"{'subsample': 0.6, 'reg_lambda': 3, 'reg_alpha': 0.1, 'min_child_weight': 1, 'max_depth': 8, 'learning_rate': 0.05, 'gamma': 0, 'colsample_bytree': 0.7, 'colsample_bylevel': 0.8, 'n_estimators': 300}",0.8714526214526214,repeated_stratified,6,3,full,electrode
8,8,1.0,8,6,0.75,8,5,0.625,0.7916666666666666,0.7908496732026143,0.8880208333333334,8,0,0,0,6,2,0,3,5,P06,xgb,141,"{'subsample': 0.6, 'reg_lambda': 1, 'reg_alpha': 0, 'min_child_weight': 1, 'max_depth': 2, 'learning_rate': 0.03, 'gamma': 0, 'colsample_bytree': 0.6, 'colsample_bylevel': 0.6, 'n_estimators': 300}",0.8704184704184703,repeated_stratified,6,4,full,electrode
8,7,0.875,8,4,0.5,8,7,0.875,0.75,0.7495726495726496,0.8515625,7,0,1,0,4,4,0,1,7,P06,xgb,149,"{'subsample': 0.6, 'reg_lambda': 1, 'reg_alpha': 0, 'min_child_weight': 1, 'max_depth': 2, 'learning_rate': 0.03, 'gamma': 0, 'colsample_bytree': 0.6, 'colsample_bylevel': 0.6, 'n_estimators': 300}",0.916065416065416,repeated_stratified,7,0,full,electrode
8,8,1.0,8,3,0.375,8,3,0.375,0.5833333333333334,0.5629629629629629,0.8203125,8,0,0,1,3,4,1,4,3,P06,xgb,150,"{'subsample': 0.6, 'reg_lambda': 1, 'reg_alpha': 0, 'min_child_weight': 1, 'max_depth': 2, 'learning_rate': 0.03, 'gamma': 0, 'colsample_bytree': 0.6, 'colsample_bylevel': 0.6, 'n_estimators': 300}",0.8566137566137567,repeated_stratified,7,1,full,electrode
8,8,1.0,8,2,0.25,8,4,0.5,0.5833333333333334,0.565826330532213,0.78125,8,0,0,1,2,5,0,4,4,P06,xgb,150,"{'subsample': 0.6, 'reg_lambda': 3, 'reg_alpha': 0.1, 'min_child_weight': 1, 'max_depth': 8, 'learning_rate': 0.05, 'gamma': 0, 'colsample_bytree': 0.7, 'colsample_bylevel': 0.8, 'n_estimators': 300}",0.9146945646945648,repeated_stratified,7,2,full,electrode
8,8,1.0,8,4,0.5,8,5,0.625,0.7083333333333334,0.7071895424836602,0.8619791666666666,8,0,0,0,4,4,0,3,5,P06,xgb,121,"{'subsample': 1.0, 'reg_lambda': 5, 'reg_alpha': 0.1, 'min_child_weight': 1, 'max_depth': 8, 'learning_rate': 0.03, 'gamma': 0.1, 'colsample_bytree': 0.7, 'colsample_bylevel': 0.8, 'n_estimators': 300}",0.8977392977392976,repeated_stratified,7,3,full,electrode
8,8,1.0,8,3,0.375,8,2,0.25,0.5416666666666666,0.5276143790849673,0.7890625,8,0,0,0,3,5,1,5,2,P06,xgb,150,"{'subsample': 0.6, 'reg_lambda': 1, 'reg_alpha': 0, 'min_child_weight': 1, 'max_depth': 2, 'learning_rate': 0.03, 'gamma': 0, 'colsample_bytree': 0.6, 'colsample_bylevel': 0.6, 'n_estimators': 300}",0.8628667628667629,repeated_stratified,7,4,full,electrode
8,8,1.0,8,5,0.625,8,4,0.5,0.7083333333333334,0.7002801120448178,0.8515625,8,0,0,1,5,2,0,4,4,P06,xgb,149,"{'subsample': 0.6, 'reg_lambda': 3, 'reg_alpha': 0.1, 'min_child_weight': 1, 'max_depth': 8, 'learning_rate': 0.05, 'gamma': 0, 'colsample_bytree': 0.7, 'colsample_bylevel': 0.8, 'n_estimators': 300}",0.8778018278018279,repeated_stratified,8,0,full,electrode
8,7,0.875,8,6,0.75,8,3,0.375,0.6666666666666666,0.6644945697577277,0.8463541666666666,7,0,1,0,6,2,0,5,3,P06,xgb,150,"{'subsample': 0.6, 'reg_lambda': 3, 'reg_alpha': 0.1, 'min_child_weight': 1, 'max_depth': 8, 'learning_rate': 0.05, 'gamma': 0, 'colsample_bytree': 0.7, 'colsample_bylevel': 0.8, 'n_estimators': 300}",0.9132275132275132,repeated_stratified,8,1,full,electrode
8,8,1.0,8,4,0.5,8,3,0.375,0.625,0.6134453781512604,0.84375,8,0,0,1,4,3,0,5,3,P06,xgb,150,"{'subsample': 0.6, 'reg_lambda': 1, 'reg_alpha': 0, 'min_child_weight': 1, 'max_depth': 2, 'learning_rate': 0.03, 'gamma': 0, 'colsample_bytree': 0.6, 'colsample_bylevel': 0.6, 'n_estimators': 300}",0.8852573352573353,repeated_stratified,8,2,full,electrode
8,8,1.0,8,4,0.5,8,5,0.625,0.7083333333333334,0.7071895424836602,0.8619791666666666,8,0,0,0,4,4,0,3,5,P06,xgb,148,"{'subsample': 0.6, 'reg_lambda': 10, 'reg_alpha': 0.1, 'min_child_weight': 1, 'max_depth': 8, 'learning_rate': 0.03, 'gamma': 0.3, 'colsample_bytree': 0.6, 'colsample_bylevel': 0.8, 'n_estimators': 300}",0.8599086099086098,repeated_stratified,8,3,full,electrode
8,8,1.0,8,3,0.375,8,5,0.625,0.6666666666666666,0.6613756613756614,0.8125,8,0,0,0,3,5,0,3,5,P06,xgb,149,"{'subsample': 0.6, 'reg_lambda': 3, 'reg_alpha': 0.1, 'min_child_weight': 1, 'max_depth': 2, 'learning_rate': 0.05, 'gamma': 0, 'colsample_bytree': 0.7, 'colsample_bylevel': 0.6, 'n_estimators': 300}",0.8366281866281865,repeated_stratified,8,4,full,electrode
8,8,1.0,8,4,0.5,8,2,0.25,0.5833333333333334,0.5767195767195767,0.7890625,8,0,0,0,4,4,0,6,2,P06,xgb,150,"{'subsample': 0.6, 'reg_lambda': 10, 'reg_alpha': 0.1, 'min_child_weight': 1, 'max_depth': 8, 'learning_rate': 0.03, 'gamma': 0.3, 'colsample_bytree': 0.6, 'colsample_bylevel': 0.8, 'n_estimators': 300}",0.8713083213083214,repeated_stratified,9,0,full,electrode
8,8,1.0,8,3,0.375,8,1,0.125,0.5,0.4689153439153439,0.7916666666666666,8,0,0,0,3,5,2,5,1,P06,xgb,149,"{'subsample': 0.6, 'reg_lambda': 5, 'reg_alpha': 0.5, 'min_child_weight': 1, 'max_depth': 8, 'learning_rate': 0.03, 'gamma': 0.3, 'colsample_bytree': 0.6, 'colsample_bylevel': 0.6, 'n_estimators': 300}",0.8933381433381432,repeated_stratified,9,1,full,electrode
8,8,1.0,8,5,0.625,8,4,0.5,0.7083333333333334,0.7002801120448178,0.8359375,8,0,0,1,5,2,0,4,4,P06,xgb,149,"{'subsample': 0.8, 'reg_lambda': 1, 'reg_alpha': 0.1, 'min_child_weight': 1, 'max_depth': 4, 'learning_rate': 0.05, 'gamma': 0.5, 'colsample_bytree': 0.7, 'colsample_bylevel': 0.6, 'n_estimators': 300}",0.8712121212121212,repeated_stratified,9,2,full,electrode
8,8,1.0,8,6,0.75,8,2,0.25,0.6666666666666666,0.6349376114081996,0.8359375,8,0,0,1,6,1,0,6,2,P06,xgb,150,"{'subsample': 0.6, 'reg_lambda': 1, 'reg_alpha': 0, 'min_child_weight': 1, 'max_depth': 2, 'learning_rate': 0.03, 'gamma': 0, 'colsample_bytree': 0.6, 'colsample_bylevel': 0.6, 'n_estimators': 300}",0.813949013949014,repeated_stratified,9,3,full,electrode
8,7,0.875,8,7,0.875,8,6,0.75,0.8333333333333334,0.837037037037037,0.9166666666666666,7,1,0,0,7,1,0,2,6,P06,xgb,150,"{'subsample': 0.8, 'reg_lambda': 10, 'reg_alpha': 0, 'min_child_weight': 1, 'max_depth': 8, 'learning_rate': 0.05, 'gamma': 0, 'colsample_bytree': 0.7, 'colsample_bylevel': 0.6, 'n_estimators': 300}",0.846849446849447,repeated_stratified,9,4,full,electrode
9,9,1.0,8,4,0.5,9,3,0.3333333333333333,0.6153846153846154,0.5976522187822497,0.7961601307189543,9,0,0,0,4,4,1,5,3,P07,xgb,120,"{'subsample': 0.6, 'reg_lambda': 3, 'reg_alpha': 0.1, 'min_child_weight': 1, 'max_depth': 2, 'learning_rate': 0.05, 'gamma': 0, 'colsample_bytree': 0.7, 'colsample_bylevel': 0.6, 'n_estimators': 300}",0.8855906213778414,repeated_stratified,0,0,full,electrode
9,8,0.8888888888888888,8,3,0.375,9,4,0.4444444444444444,0.5769230769230769,0.5621832358674463,0.7971132897603486,8,0,1,1,3,4,1,4,4,P07,xgb,150,"{'subsample': 0.6, 'reg_lambda': 1, 'reg_alpha': 0, 'min_child_weight': 1, 'max_depth': 2, 'learning_rate': 0.03, 'gamma': 0, 'colsample_bytree': 0.6, 'colsample_bylevel': 0.6, 'n_estimators': 300}",0.8614167904022977,repeated_stratified,0,1,full,electrode
8,8,1.0,8,2,0.25,9,2,0.2222222222222222,0.48,0.4636165577342048,0.7312091503267973,8,0,0,0,2,6,2,5,2,P07,xgb,150,"{'subsample': 0.6, 'reg_lambda': 3, 'reg_alpha': 0.1, 'min_child_weight': 1, 'max_depth': 8, 'learning_rate': 0.05, 'gamma': 0, 'colsample_bytree': 0.7, 'colsample_bylevel': 0.8, 'n_estimators': 300}",0.8734317815839555,repeated_stratified,0,2,full,electrode
9,8,0.8888888888888888,8,3,0.375,8,3,0.375,0.56,0.5340909090909091,0.8198529411764706,8,0,1,1,3,4,4,1,3,P07,xgb,93,"{'subsample': 0.6, 'reg_lambda': 3, 'reg_alpha': 0.1, 'min_child_weight': 1, 'max_depth': 8, 'learning_rate': 0.05, 'gamma': 0, 'colsample_bytree': 0.7, 'colsample_bylevel': 0.8, 'n_estimators': 300}",0.8490942028985508,repeated_stratified,0,3,full,electrode
9,9,1.0,7,4,0.5714285714285714,9,4,0.4444444444444444,0.68,0.6555555555555556,0.8591269841269842,9,0,0,1,4,2,1,4,4,P07,xgb,78,"{'subsample': 0.6, 'reg_lambda': 3, 'reg_alpha': 0.1, 'min_child_weight': 1, 'max_depth': 2, 'learning_rate': 0.05, 'gamma': 0, 'colsample_bytree': 0.7, 'colsample_bylevel': 0.6, 'n_estimators': 300}",0.8526698140828576,repeated_stratified,0,4,full,electrode
9,9,1.0,8,1,0.125,9,5,0.5555555555555556,0.5769230769230769,0.5087719298245613,0.7998366013071895,9,0,0,2,1,5,2,2,5,P07,xgb,63,"{'subsample': 0.6, 'reg_lambda': 1, 'reg_alpha': 0, 'min_child_weight': 1, 'max_depth': 2, 'learning_rate': 0.03, 'gamma': 0, 'colsample_bytree': 0.6, 'colsample_bylevel': 0.6, 'n_estimators': 300}",0.8986083227025256,repeated_stratified,1,0,full,electrode
9,6,0.6666666666666666,8,2,0.25,9,5,0.5555555555555556,0.5,0.4892623716153128,0.7288943355119826,6,1,2,1,2,5,1,3,5,P07,xgb,92,"{'subsample': 0.6, 'reg_lambda': 3, 'reg_alpha': 0.1, 'min_child_weight': 1, 'max_depth': 2, 'learning_rate': 0.05, 'gamma': 0, 'colsample_bytree': 0.7, 'colsample_bylevel': 0.6, 'n_estimators': 300}",0.8317298874940509,repeated_stratified,1,1,full,electrode
8,8,1.0,8,2,0.25,9,2,0.2222222222222222,0.48,0.4296862557732123,0.8190359477124183,8,0,0,3,2,3,4,3,2,P07,xgb,150,"{'subsample': 0.6, 'reg_lambda': 1, 'reg_alpha': 0, 'min_child_weight': 1, 'max_depth': 2, 'learning_rate': 0.03, 'gamma': 0, 'colsample_bytree': 0.6, 'colsample_bylevel': 0.6, 'n_estimators': 300}",0.8232853901332162,repeated_stratified,1,2,full,electrode
9,9,1.0,8,2,0.25,8,5,0.625,0.64,0.5962962962962963,0.7288943355119826,9,0,0,1,2,5,1,2,5,P07,xgb,150,"{'subsample': 0.6, 'reg_lambda': 3, 'reg_alpha': 0.1, 'min_child_weight': 1, 'max_depth': 8, 'learning_rate': 0.05, 'gamma': 0, 'colsample_bytree': 0.7, 'colsample_bylevel': 0.8, 'n_estimators': 300}",0.8412787293222075,repeated_stratified,1,3,full,electrode
9,9,1.0,7,3,0.4285714285714285,9,4,0.4444444444444444,0.64,0.6155093616393925,0.7533068783068783,9,0,0,0,3,4,1,4,4,P07,xgb,79,"{'subsample': 0.6, 'reg_lambda': 3, 'reg_alpha': 0.1, 'min_child_weight': 1, 'max_depth': 8, 'learning_rate': 0.05, 'gamma': 0, 'colsample_bytree': 0.7, 'colsample_bylevel': 0.8, 'n_estimators': 300}",0.8876500512370078,repeated_stratified,1,4,full,electrode
9,9,1.0,8,2,0.25,9,6,0.6666666666666666,0.6538461538461539,0.6072747939755613,0.7693355119825708,9,0,0,4,2,2,1,2,6,P07,xgb,148,"{'subsample': 0.6, 'reg_lambda': 1, 'reg_alpha': 0, 'min_child_weight': 1, 'max_depth': 2, 'learning_rate': 0.03, 'gamma': 0, 'colsample_bytree': 0.6, 'colsample_bylevel': 0.6, 'n_estimators': 300}",0.8428112054100195,repeated_stratified,2,0,full,electrode
9,8,0.8888888888888888,8,2,0.25,9,6,0.6666666666666666,0.6153846153846154,0.5892255892255892,0.8372821350762526,8,0,1,0,2,6,1,2,6,P07,xgb,105,"{'subsample': 0.6, 'reg_lambda': 3, 'reg_alpha': 0.1, 'min_child_weight': 1, 'max_depth': 8, 'learning_rate': 0.05, 'gamma': 0, 'colsample_bytree': 0.7, 'colsample_bylevel': 0.8, 'n_estimators': 300}",0.8859128647666198,repeated_stratified,2,1,full,electrode
8,8,1.0,8,2,0.25,9,2,0.2222222222222222,0.48,0.4543712221730797,0.7607570806100218,8,0,0,0,2,6,3,4,2,P07,xgb,66,"{'subsample': 0.6, 'reg_lambda': 1, 'reg_alpha': 0, 'min_child_weight': 1, 'max_depth': 2, 'learning_rate': 0.03, 'gamma': 0, 'colsample_bytree': 0.6, 'colsample_bylevel': 0.6, 'n_estimators': 300}",0.9343836919923876,repeated_stratified,2,2,full,electrode
9,9,1.0,8,2,0.25,8,5,0.625,0.64,0.6035387614334983,0.8387799564270152,9,0,0,1,2,5,0,3,5,P07,xgb,150,"{'subsample': 0.6, 'reg_lambda': 1, 'reg_alpha': 0, 'min_child_weight': 1, 'max_depth': 2, 'learning_rate': 0.03, 'gamma': 0, 'colsample_bytree': 0.6, 'colsample_bylevel': 0.6, 'n_estimators': 300}",0.7784182403747621,repeated_stratified,2,3,full,electrode
9,9,1.0,7,2,0.2857142857142857,9,6,0.6666666666666666,0.68,0.6374269005847953,0.794973544973545,9,0,0,1,2,4,0,3,6,P07,xgb,114,"{'subsample': 0.6, 'reg_lambda': 1, 'reg_alpha': 0, 'min_child_weight': 1, 'max_depth': 2, 'learning_rate': 0.03, 'gamma': 0, 'colsample_bytree': 0.6, 'colsample_bylevel': 0.6, 'n_estimators': 300}",0.8917270531400966,repeated_stratified,2,4,full,electrode
9,8,0.8888888888888888,8,1,0.125,9,6,0.6666666666666666,0.5769230769230769,0.5431940892298949,0.789624183006536,8,0,1,0,1,7,0,3,6,P07,xgb,81,"{'subsample': 0.6, 'reg_lambda': 1, 'reg_alpha': 0, 'min_child_weight': 1, 'max_depth': 2, 'learning_rate': 0.03, 'gamma': 0, 'colsample_bytree': 0.6, 'colsample_bylevel': 0.6, 'n_estimators': 300}",0.8937507089845692,repeated_stratified,3,0,full,electrode
9,9,1.0,8,5,0.625,9,4,0.4444444444444444,0.6923076923076923,0.6851851851851851,0.8020152505446623,9,0,0,0,5,3,0,5,4,P07,xgb,142,"{'subsample': 0.8, 'reg_lambda': 1, 'reg_alpha': 0, 'min_child_weight': 1, 'max_depth': 8, 'learning_rate': 0.01, 'gamma': 0.3, 'colsample_bytree': 0.6, 'colsample_bylevel': 0.8, 'n_estimators': 300}",0.9061540177482208,repeated_stratified,3,1,full,electrode
8,7,0.875,8,4,0.5,9,2,0.2222222222222222,0.52,0.4970760233918128,0.7418300653594772,7,1,0,3,4,1,1,6,2,P07,xgb,150,"{'subsample': 0.6, 'reg_lambda': 3, 'reg_alpha': 0.1, 'min_child_weight': 1, 'max_depth': 2, 'learning_rate': 0.05, 'gamma': 0, 'colsample_bytree': 0.7, 'colsample_bylevel': 0.6, 'n_estimators': 300}",0.8525874688918167,repeated_stratified,3,2,full,electrode
9,9,1.0,8,3,0.375,8,5,0.625,0.68,0.6548208127155496,0.8041938997821351,9,0,0,0,3,5,1,2,5,P07,xgb,150,"{'subsample': 0.6, 'reg_lambda': 1, 'reg_alpha': 0, 'min_child_weight': 1, 'max_depth': 2, 'learning_rate': 0.03, 'gamma': 0, 'colsample_bytree': 0.6, 'colsample_bylevel': 0.6, 'n_estimators': 300}",0.8486184306836481,repeated_stratified,3,3,full,electrode
9,8,0.8888888888888888,7,3,0.4285714285714285,9,4,0.4444444444444444,0.6,0.5763285024154589,0.8888888888888888,8,1,0,2,3,2,4,1,4,P07,xgb,148,"{'subsample': 0.6, 'reg_lambda': 1, 'reg_alpha': 0, 'min_child_weight': 1, 'max_depth': 2, 'learning_rate': 0.03, 'gamma': 0, 'colsample_bytree': 0.6, 'colsample_bylevel': 0.6, 'n_estimators': 300}",0.8513431415605329,repeated_stratified,3,4,full,electrode
9,8,0.8888888888888888,8,2,0.25,9,4,0.4444444444444444,0.5384615384615384,0.5095816464237517,0.7634803921568628,8,1,0,0,2,6,3,2,4,P07,xgb,150,"{'subsample': 0.6, 'reg_lambda': 1, 'reg_alpha': 0, 'min_child_weight': 1, 'max_depth': 2, 'learning_rate': 0.03, 'gamma': 0, 'colsample_bytree': 0.6, 'colsample_bylevel': 0.6, 'n_estimators': 300}",0.8880968620263744,repeated_stratified,4,0,full,electrode
9,9,1.0,8,3,0.375,9,6,0.6666666666666666,0.6923076923076923,0.6617826617826618,0.8349673202614379,9,0,0,2,3,3,1,2,6,P07,xgb,143,"{'subsample': 0.6, 'reg_lambda': 1, 'reg_alpha': 0, 'min_child_weight': 1, 'max_depth': 2, 'learning_rate': 0.03, 'gamma': 0, 'colsample_bytree': 0.6, 'colsample_bylevel': 0.6, 'n_estimators': 300}",0.861354114582046,repeated_stratified,4,1,full,electrode
8,8,1.0,8,0,0.0,9,3,0.3333333333333333,0.44,0.3859649122807018,0.7321623093681917,8,0,0,1,0,7,2,4,3,P07,xgb,78,"{'subsample': 0.6, 'reg_lambda': 3, 'reg_alpha': 0.1, 'min_child_weight': 1, 'max_depth': 8, 'learning_rate': 0.05, 'gamma': 0, 'colsample_bytree': 0.7, 'colsample_bylevel': 0.8, 'n_estimators': 300}",0.8751079636949202,repeated_stratified,4,2,full,electrode
9,9,1.0,8,1,0.125,8,3,0.375,0.52,0.4810555801267875,0.732979302832244,9,0,0,1,1,6,0,5,3,P07,xgb,96,"{'subsample': 0.6, 'reg_lambda': 3, 'reg_alpha': 0.1, 'min_child_weight': 1, 'max_depth': 8, 'learning_rate': 0.05, 'gamma': 0, 'colsample_bytree': 0.7, 'colsample_bylevel': 0.8, 'n_estimators': 300}",0.9047339335382812,repeated_stratified,4,3,full,electrode
9,9,1.0,7,1,0.1428571428571428,9,4,0.4444444444444444,0.56,0.524966261808367,0.7966269841269842,9,0,0,0,1,6,0,5,4,P07,xgb,86,"{'subsample': 0.8, 'reg_lambda': 1, 'reg_alpha': 0, 'min_child_weight': 1, 'max_depth': 8, 'learning_rate': 0.01, 'gamma': 0.3, 'colsample_bytree': 0.6, 'colsample_bylevel': 0.8, 'n_estimators': 300}",0.8646629336846728,repeated_stratified,4,4,full,electrode
9,9,1.0,8,5,0.625,9,4,0.4444444444444444,0.6923076923076923,0.6718253968253968,0.8528050108932462,9,0,0,1,5,2,2,3,4,P07,xgb,149,"{'subsample': 0.6, 'reg_lambda': 1, 'reg_alpha': 0, 'min_child_weight': 1, 'max_depth': 2, 'learning_rate': 0.03, 'gamma': 0, 'colsample_bytree': 0.6, 'colsample_bylevel': 0.6, 'n_estimators': 300}",0.8624583481467539,repeated_stratified,5,0,full,electrode
9,9,1.0,8,1,0.125,9,4,0.4444444444444444,0.5384615384615384,0.5142857142857142,0.7263071895424836,9,0,0,0,1,7,0,5,4,P07,xgb,86,"{'subsample': 0.6, 'reg_lambda': 3, 'reg_alpha': 0.1, 'min_child_weight': 1, 'max_depth': 8, 'learning_rate': 0.05, 'gamma': 0, 'colsample_bytree': 0.7, 'colsample_bylevel': 0.8, 'n_estimators': 300}",0.9184627028171164,repeated_stratified,5,1,full,electrode
8,8,1.0,8,2,0.25,9,4,0.4444444444444444,0.56,0.5625730994152046,0.7331154684095861,8,0,0,0,2,6,0,5,4,P07,xgb,111,"{'subsample': 0.6, 'reg_lambda': 3, 'reg_alpha': 0.1, 'min_child_weight': 1, 'max_depth': 2, 'learning_rate': 0.05, 'gamma': 0, 'colsample_bytree': 0.7, 'colsample_bylevel': 0.6, 'n_estimators': 300}",0.944069316351925,repeated_stratified,5,2,full,electrode
9,8,0.8888888888888888,8,2,0.25,8,2,0.25,0.48,0.4529239766081871,0.6974400871459695,8,1,0,1,2,5,1,5,2,P07,xgb,150,"{'subsample': 0.6, 'reg_lambda': 3, 'reg_alpha': 0.1, 'min_child_weight': 1, 'max_depth': 2, 'learning_rate': 0.05, 'gamma': 0, 'colsample_bytree': 0.7, 'colsample_bylevel': 0.6, 'n_estimators': 300}",0.857890499194847,repeated_stratified,5,3,full,electrode
9,9,1.0,7,2,0.2857142857142857,9,1,0.1111111111111111,0.48,0.4128982128982129,0.7523148148148149,9,0,0,2,2,3,2,6,1,P07,xgb,86,"{'subsample': 0.6, 'reg_lambda': 3, 'reg_alpha': 0.1, 'min_child_weight': 1, 'max_depth': 8, 'learning_rate': 0.05, 'gamma': 0, 'colsample_bytree': 0.7, 'colsample_bylevel': 0.8, 'n_estimators': 300}",0.853645147123408,repeated_stratified,5,4,full,electrode
9,9,1.0,8,2,0.25,9,2,0.2222222222222222,0.5,0.4579365079365079,0.7404684095860566,9,0,0,1,2,5,2,5,2,P07,xgb,138,"{'subsample': 0.6, 'reg_lambda': 1, 'reg_alpha': 0, 'min_child_weight': 1, 'max_depth': 2, 'learning_rate': 0.03, 'gamma': 0, 'colsample_bytree': 0.6, 'colsample_bylevel': 0.6, 'n_estimators': 300}",0.8809563892897225,repeated_stratified,6,0,full,electrode
9,9,1.0,8,3,0.375,9,6,0.6666666666666666,0.6923076923076923,0.669172932330827,0.790168845315904,9,0,0,1,3,4,0,3,6,P07,xgb,94,"{'subsample': 0.6, 'reg_lambda': 1, 'reg_alpha': 0, 'min_child_weight': 1, 'max_depth': 2, 'learning_rate': 0.03, 'gamma': 0, 'colsample_bytree': 0.6, 'colsample_bylevel': 0.6, 'n_estimators': 300}",0.8090283679381175,repeated_stratified,6,1,full,electrode
8,8,1.0,8,2,0.25,9,4,0.4444444444444444,0.56,0.5625730994152046,0.7516339869281046,8,0,0,0,2,6,0,5,4,P07,xgb,105,"{'subsample': 0.6, 'reg_lambda': 1, 'reg_alpha': 0, 'min_child_weight': 1, 'max_depth': 2, 'learning_rate': 0.03, 'gamma': 0, 'colsample_bytree': 0.6, 'colsample_bylevel': 0.6, 'n_estimators': 300}",0.858574879227053,repeated_stratified,6,2,full,electrode
9,9,1.0,8,5,0.625,8,4,0.5,0.72,0.6984126984126983,0.8873910675381262,9,0,0,1,5,2,2,2,4,P07,xgb,145,"{'subsample': 0.8, 'reg_lambda': 1, 'reg_alpha': 0, 'min_child_weight': 1, 'max_depth': 8, 'learning_rate': 0.01, 'gamma': 0.3, 'colsample_bytree': 0.6, 'colsample_bylevel': 0.8, 'n_estimators': 300}",0.8602327624066755,repeated_stratified,6,3,full,electrode
9,7,0.7777777777777778,7,0,0.0,9,3,0.3333333333333333,0.4,0.3444444444444444,0.5823412698412699,7,1,1,2,0,5,2,4,3,P07,xgb,101,"{'subsample': 0.6, 'reg_lambda': 5, 'reg_alpha': 0, 'min_child_weight': 1, 'max_depth': 2, 'learning_rate': 0.01, 'gamma': 0.3, 'colsample_bytree': 0.7, 'colsample_bylevel': 0.6, 'n_estimators': 300}",0.8658541941150636,repeated_stratified,6,4,full,electrode
9,8,0.8888888888888888,8,2,0.25,9,5,0.5555555555555556,0.5769230769230769,0.5444444444444444,0.7339324618736383,8,0,1,1,2,5,2,2,5,P07,xgb,58,"{'subsample': 0.6, 'reg_lambda': 3, 'reg_alpha': 0.1, 'min_child_weight': 1, 'max_depth': 2, 'learning_rate': 0.05, 'gamma': 0, 'colsample_bytree': 0.7, 'colsample_bylevel': 0.6, 'n_estimators': 300}",0.8939284621102802,repeated_stratified,7,0,full,electrode
9,8,0.8888888888888888,8,3,0.375,9,5,0.5555555555555556,0.6153846153846154,0.5947089947089947,0.8119553376906318,8,1,0,1,3,4,2,2,5,P07,xgb,149,"{'subsample': 0.6, 'reg_lambda': 3, 'reg_alpha': 0.1, 'min_child_weight': 1, 'max_depth': 8, 'learning_rate': 0.05, 'gamma': 0, 'colsample_bytree': 0.7, 'colsample_bylevel': 0.8, 'n_estimators': 300}",0.8623810014949672,repeated_stratified,7,1,full,electrode
8,8,1.0,8,0,0.0,9,4,0.4444444444444444,0.48,0.4470588235294118,0.6873638344226579,8,0,0,1,0,7,0,5,4,P07,xgb,150,"{'subsample': 0.6, 'reg_lambda': 1, 'reg_alpha': 0, 'min_child_weight': 1, 'max_depth': 2, 'learning_rate': 0.03, 'gamma': 0, 'colsample_bytree': 0.6, 'colsample_bylevel': 0.6, 'n_estimators': 300}",0.8495461865027082,repeated_stratified,7,2,full,electrode
9,8,0.8888888888888888,8,2,0.25,8,5,0.625,0.6,0.5702380952380953,0.8097766884531591,8,1,0,3,2,3,0,3,5,P07,xgb,138,"{'subsample': 0.6, 'reg_lambda': 1, 'reg_alpha': 0, 'min_child_weight': 1, 'max_depth': 2, 'learning_rate': 0.03, 'gamma': 0, 'colsample_bytree': 0.6, 'colsample_bylevel': 0.6, 'n_estimators': 300}",0.8393335529205094,repeated_stratified,7,3,full,electrode
9,9,1.0,7,3,0.4285714285714285,9,6,0.6666666666666666,0.72,0.6923444976076555,0.8564814814814815,9,0,0,0,3,4,2,1,6,P07,xgb,97,"{'subsample': 0.6, 'reg_lambda': 1, 'reg_alpha': 0, 'min_child_weight': 1, 'max_depth': 2, 'learning_rate': 0.03, 'gamma': 0, 'colsample_bytree': 0.6, 'colsample_bylevel': 0.6, 'n_estimators': 300}",0.8654205094422486,repeated_stratified,7,4,full,electrode
9,9,1.0,8,0,0.0,9,7,0.7777777777777778,0.6153846153846154,0.5277777777777778,0.7860838779956426,9,0,0,0,0,8,0,2,7,P07,xgb,127,"{'subsample': 0.6, 'reg_lambda': 3, 'reg_alpha': 0.1, 'min_child_weight': 1, 'max_depth': 8, 'learning_rate': 0.05, 'gamma': 0, 'colsample_bytree': 0.7, 'colsample_bylevel': 0.8, 'n_estimators': 300}",0.9286287652229682,repeated_stratified,8,0,full,electrode
9,8,0.8888888888888888,8,1,0.125,9,4,0.4444444444444444,0.5,0.4533984533984534,0.698937908496732,8,1,0,2,1,5,2,3,4,P07,xgb,150,"{'subsample': 0.6, 'reg_lambda': 1, 'reg_alpha': 0, 'min_child_weight': 1, 'max_depth': 2, 'learning_rate': 0.03, 'gamma': 0, 'colsample_bytree': 0.6, 'colsample_bylevel': 0.6, 'n_estimators': 300}",0.8587607757732921,repeated_stratified,8,1,full,electrode
8,8,1.0,8,1,0.125,9,5,0.5555555555555556,0.56,0.5116959064327485,0.7653867102396514,8,0,0,2,1,5,1,3,5,P07,xgb,94,"{'subsample': 0.6, 'reg_lambda': 3, 'reg_alpha': 0.1, 'min_child_weight': 1, 'max_depth': 8, 'learning_rate': 0.05, 'gamma': 0, 'colsample_bytree': 0.7, 'colsample_bylevel': 0.8, 'n_estimators': 300}",0.8533450446493925,repeated_stratified,8,2,full,electrode
9,8,0.8888888888888888,8,1,0.125,8,4,0.5,0.52,0.4766081871345029,0.7331154684095861,8,0,1,1,1,6,1,3,4,P07,xgb,73,"{'subsample': 0.6, 'reg_lambda': 1, 'reg_alpha': 0, 'min_child_weight': 1, 'max_depth': 2, 'learning_rate': 0.03, 'gamma': 0, 'colsample_bytree': 0.6, 'colsample_bylevel': 0.6, 'n_estimators': 300}",0.8730676328502415,repeated_stratified,8,3,full,electrode
9,9,1.0,7,2,0.2857142857142857,9,4,0.4444444444444444,0.6,0.5505050505050505,0.7655423280423279,9,0,0,2,2,3,2,3,4,P07,xgb,150,"{'subsample': 0.6, 'reg_lambda': 1, 'reg_alpha': 0, 'min_child_weight': 1, 'max_depth': 2, 'learning_rate': 0.03, 'gamma': 0, 'colsample_bytree': 0.6, 'colsample_bylevel': 0.6, 'n_estimators': 300}",0.8537073634899722,repeated_stratified,8,4,full,electrode
9,9,1.0,8,6,0.75,9,3,0.3333333333333333,0.6923076923076923,0.6761904761904761,0.8130446623093682,9,0,0,0,6,2,0,6,3,P07,xgb,143,"{'subsample': 0.6, 'reg_lambda': 1, 'reg_alpha': 0, 'min_child_weight': 1, 'max_depth': 2, 'learning_rate': 0.03, 'gamma': 0, 'colsample_bytree': 0.6, 'colsample_bylevel': 0.6, 'n_estimators': 300}",0.8910933872890395,repeated_stratified,9,0,full,electrode
9,9,1.0,8,4,0.5,9,4,0.4444444444444444,0.6538461538461539,0.634640522875817,0.8284313725490197,9,0,0,0,4,4,2,3,4,P07,xgb,77,"{'subsample': 0.6, 'reg_lambda': 1, 'reg_alpha': 0, 'min_child_weight': 1, 'max_depth': 2, 'learning_rate': 0.03, 'gamma': 0, 'colsample_bytree': 0.6, 'colsample_bylevel': 0.6, 'n_estimators': 300}",0.8499226058185214,repeated_stratified,9,1,full,electrode
8,8,1.0,8,3,0.375,9,5,0.5555555555555556,0.64,0.6255810466336782,0.736111111111111,8,0,0,0,3,5,2,2,5,P07,xgb,150,"{'subsample': 0.6, 'reg_lambda': 1, 'reg_alpha': 0, 'min_child_weight': 1, 'max_depth': 2, 'learning_rate': 0.03, 'gamma': 0, 'colsample_bytree': 0.6, 'colsample_bylevel': 0.6, 'n_estimators': 300}",0.8642457180500659,repeated_stratified,9,2,full,electrode
9,9,1.0,8,1,0.125,8,3,0.375,0.52,0.4689291101055807,0.7573529411764706,9,0,0,1,1,6,1,4,3,P07,xgb,122,"{'subsample': 0.6, 'reg_lambda': 1, 'reg_alpha': 0, 'min_child_weight': 1, 'max_depth': 2, 'learning_rate': 0.03, 'gamma': 0, 'colsample_bytree': 0.6, 'colsample_bylevel': 0.6, 'n_estimators': 300}",0.8941900892987849,repeated_stratified,9,3,full,electrode
9,9,1.0,7,2,0.2857142857142857,9,5,0.5555555555555556,0.64,0.5921115921115921,0.7992724867724869,9,0,0,1,2,4,2,2,5,P07,xgb,99,"{'subsample': 0.6, 'reg_lambda': 5, 'reg_alpha': 0, 'min_child_weight': 1, 'max_depth': 2, 'learning_rate': 0.01, 'gamma': 0.3, 'colsample_bytree': 0.7, 'colsample_bylevel': 0.6, 'n_estimators': 300}",0.8338713219148003,repeated_stratified,9,4,full,electrode
8,7,0.875,8,5,0.625,8,3,0.375,0.625,0.6166150670794633,0.7734375,7,1,0,2,5,1,0,5,3,P08,xgb,150,"{'subsample': 0.6, 'reg_lambda': 3, 'reg_alpha': 0.1, 'min_child_weight': 1, 'max_depth': 8, 'learning_rate': 0.05, 'gamma': 0, 'colsample_bytree': 0.7, 'colsample_bylevel': 0.8, 'n_estimators': 300}",0.925036075036075,repeated_stratified,0,0,full,electrode
8,5,0.625,8,2,0.25,8,5,0.625,0.5,0.5103785103785103,0.7213541666666666,5,1,2,0,2,6,0,3,5,P08,xgb,149,"{'subsample': 0.6, 'reg_lambda': 1, 'reg_alpha': 0, 'min_child_weight': 1, 'max_depth': 2, 'learning_rate': 0.03, 'gamma': 0, 'colsample_bytree': 0.6, 'colsample_bylevel': 0.6, 'n_estimators': 300}",0.9115440115440115,repeated_stratified,0,1,full,electrode
7,6,0.8571428571428571,8,4,0.5,8,4,0.5,0.6086956521739131,0.6203548085901027,0.8382936507936508,6,1,0,1,4,3,0,4,4,P08,xgb,150,"{'subsample': 0.6, 'reg_lambda': 1, 'reg_alpha': 0, 'min_child_weight': 1, 'max_depth': 2, 'learning_rate': 0.03, 'gamma': 0, 'colsample_bytree': 0.6, 'colsample_bylevel': 0.6, 'n_estimators': 300}",0.9043290043290044,repeated_stratified,0,2,full,electrode
7,6,0.8571428571428571,8,5,0.625,8,3,0.375,0.6086956521739131,0.6056022408963585,0.7902777777777779,6,0,1,1,5,2,1,4,3,P08,xgb,150,"{'subsample': 0.6, 'reg_lambda': 1, 'reg_alpha': 0, 'min_child_weight': 1, 'max_depth': 2, 'learning_rate': 0.03, 'gamma': 0, 'colsample_bytree': 0.6, 'colsample_bylevel': 0.6, 'n_estimators': 300}",0.8962481962481963,repeated_stratified,0,3,full,electrode
7,7,1.0,8,4,0.5,8,5,0.625,0.6956521739130435,0.6872082166199812,0.8297619047619048,7,0,0,2,4,2,1,2,5,P08,xgb,150,"{'subsample': 0.6, 'reg_lambda': 3, 'reg_alpha': 0.1, 'min_child_weight': 1, 'max_depth': 8, 'learning_rate': 0.05, 'gamma': 0, 'colsample_bytree': 0.7, 'colsample_bylevel': 0.8, 'n_estimators': 300}",0.874963924963925,repeated_stratified,0,4,full,electrode
8,7,0.875,8,3,0.375,8,5,0.625,0.625,0.6134453781512605,0.8697916666666666,7,1,0,1,3,4,1,2,5,P08,xgb,150,"{'subsample': 0.6, 'reg_lambda': 1, 'reg_alpha': 0, 'min_child_weight': 1, 'max_depth': 2, 'learning_rate': 0.03, 'gamma': 0, 'colsample_bytree': 0.6, 'colsample_bylevel': 0.6, 'n_estimators': 300}",0.8839666506333174,repeated_stratified,1,0,full,electrode
8,7,0.875,8,6,0.75,8,4,0.5,0.7083333333333334,0.7121136173767754,0.8697916666666666,7,1,0,0,6,2,0,4,4,P08,xgb,150,"{'subsample': 0.6, 'reg_lambda': 1, 'reg_alpha': 0, 'min_child_weight': 1, 'max_depth': 2, 'learning_rate': 0.03, 'gamma': 0, 'colsample_bytree': 0.6, 'colsample_bylevel': 0.6, 'n_estimators': 300}",0.9322751322751324,repeated_stratified,1,1,full,electrode
7,6,0.8571428571428571,8,2,0.25,8,2,0.25,0.4347826086956521,0.4403361344537815,0.6869047619047618,6,1,0,2,2,4,0,6,2,P08,xgb,149,"{'subsample': 0.6, 'reg_lambda': 3, 'reg_alpha': 0.1, 'min_child_weight': 1, 'max_depth': 8, 'learning_rate': 0.05, 'gamma': 0, 'colsample_bytree': 0.7, 'colsample_bylevel': 0.8, 'n_estimators': 300}",0.918109668109668,repeated_stratified,1,2,full,electrode
7,6,0.8571428571428571,8,1,0.125,8,4,0.5,0.4782608695652174,0.4746031746031745,0.7567460317460317,6,0,1,0,1,7,1,3,4,P08,xgb,149,"{'subsample': 0.6, 'reg_lambda': 1, 'reg_alpha': 0, 'min_child_weight': 1, 'max_depth': 2, 'learning_rate': 0.03, 'gamma': 0, 'colsample_bytree': 0.6, 'colsample_bylevel': 0.6, 'n_estimators': 300}",0.8451178451178452,repeated_stratified,1,3,full,electrode
7,7,1.0,8,1,0.125,8,4,0.5,0.5217391304347826,0.4728867623604465,0.8083333333333335,7,0,0,3,1,4,2,2,4,P08,xgb,150,"{'subsample': 0.6, 'reg_lambda': 1, 'reg_alpha': 0, 'min_child_weight': 1, 'max_depth': 2, 'learning_rate': 0.03, 'gamma': 0, 'colsample_bytree': 0.6, 'colsample_bylevel': 0.6, 'n_estimators': 300}",0.9371091871091872,repeated_stratified,1,4,full,electrode
8,7,0.875,8,4,0.5,8,4,0.5,0.625,0.6263071895424837,0.8177083333333334,7,0,1,0,4,4,1,3,4,P08,xgb,150,"{'subsample': 0.6, 'reg_lambda': 1, 'reg_alpha': 0, 'min_child_weight': 1, 'max_depth': 2, 'learning_rate': 0.03, 'gamma': 0, 'colsample_bytree': 0.6, 'colsample_bylevel': 0.6, 'n_estimators': 300}",0.9035754369087702,repeated_stratified,2,0,full,electrode
8,7,0.875,8,4,0.5,8,5,0.625,0.6666666666666666,0.6633986928104575,0.7630208333333334,7,1,0,2,4,2,0,3,5,P08,xgb,148,"{'subsample': 0.6, 'reg_lambda': 1, 'reg_alpha': 0, 'min_child_weight': 1, 'max_depth': 2, 'learning_rate': 0.03, 'gamma': 0, 'colsample_bytree': 0.6, 'colsample_bylevel': 0.6, 'n_estimators': 300}",0.9211479878146543,repeated_stratified,2,1,full,electrode
7,5,0.7142857142857143,8,5,0.625,8,3,0.375,0.5652173913043478,0.56737998843262,0.729563492063492,5,2,0,1,5,2,1,4,3,P08,xgb,150,"{'subsample': 0.6, 'reg_lambda': 3, 'reg_alpha': 0.1, 'min_child_weight': 1, 'max_depth': 8, 'learning_rate': 0.05, 'gamma': 0, 'colsample_bytree': 0.7, 'colsample_bylevel': 0.8, 'n_estimators': 300}",0.9434102934102936,repeated_stratified,2,2,full,electrode
7,7,1.0,8,6,0.75,8,4,0.5,0.7391304347826086,0.7320889894419307,0.8666666666666666,7,0,0,1,6,1,1,3,4,P08,xgb,150,"{'subsample': 0.6, 'reg_lambda': 3, 'reg_alpha': 0.1, 'min_child_weight': 1, 'max_depth': 2, 'learning_rate': 0.05, 'gamma': 0, 'colsample_bytree': 0.7, 'colsample_bylevel': 0.6, 'n_estimators': 300}",0.8490379990379989,repeated_stratified,2,3,full,electrode
7,7,1.0,8,4,0.5,8,4,0.5,0.6521739130434783,0.6472222222222221,0.8384920634920636,7,0,0,1,4,3,1,3,4,P08,xgb,150,"{'subsample': 0.6, 'reg_lambda': 1, 'reg_alpha': 0, 'min_child_weight': 1, 'max_depth': 2, 'learning_rate': 0.03, 'gamma': 0, 'colsample_bytree': 0.6, 'colsample_bylevel': 0.6, 'n_estimators': 300}",0.9016594516594516,repeated_stratified,2,4,full,electrode
8,6,0.75,8,4,0.5,8,4,0.5,0.5833333333333334,0.5901960784313726,0.8151041666666666,6,2,0,0,4,4,1,3,4,P08,xgb,149,"{'subsample': 0.6, 'reg_lambda': 1, 'reg_alpha': 0, 'min_child_weight': 1, 'max_depth': 2, 'learning_rate': 0.03, 'gamma': 0, 'colsample_bytree': 0.6, 'colsample_bylevel': 0.6, 'n_estimators': 300}",0.907351290684624,repeated_stratified,3,0,full,electrode
8,8,1.0,8,5,0.625,8,4,0.5,0.7083333333333334,0.6990024079807361,0.8333333333333334,8,0,0,3,5,0,0,4,4,P08,xgb,149,"{'subsample': 0.6, 'reg_lambda': 1, 'reg_alpha': 0, 'min_child_weight': 1, 'max_depth': 2, 'learning_rate': 0.03, 'gamma': 0, 'colsample_bytree': 0.6, 'colsample_bylevel': 0.6, 'n_estimators': 300}",0.9109347442680776,repeated_stratified,3,1,full,electrode
7,7,1.0,8,3,0.375,8,4,0.5,0.6086956521739131,0.6023755656108598,0.7944444444444444,7,0,0,0,3,5,2,2,4,P08,xgb,149,"{'subsample': 0.6, 'reg_lambda': 1, 'reg_alpha': 0, 'min_child_weight': 1, 'max_depth': 2, 'learning_rate': 0.03, 'gamma': 0, 'colsample_bytree': 0.6, 'colsample_bylevel': 0.6, 'n_estimators': 300}",0.911063011063011,repeated_stratified,3,2,full,electrode
7,3,0.4285714285714285,8,1,0.125,8,4,0.5,0.3478260869565217,0.3464387464387464,0.6581349206349206,3,3,1,2,1,5,1,3,4,P08,xgb,150,"{'subsample': 0.6, 'reg_lambda': 3, 'reg_alpha': 0.1, 'min_child_weight': 1, 'max_depth': 2, 'learning_rate': 0.05, 'gamma': 0, 'colsample_bytree': 0.7, 'colsample_bylevel': 0.6, 'n_estimators': 300}",0.9251563251563252,repeated_stratified,3,3,full,electrode
7,7,1.0,8,3,0.375,8,4,0.5,0.6086956521739131,0.5951447245564893,0.7488095238095238,7,0,0,2,3,3,1,3,4,P08,xgb,150,"{'subsample': 0.6, 'reg_lambda': 3, 'reg_alpha': 0.1, 'min_child_weight': 1, 'max_depth': 2, 'learning_rate': 0.05, 'gamma': 0, 'colsample_bytree': 0.7, 'colsample_bylevel': 0.6, 'n_estimators': 300}",0.8974987974987975,repeated_stratified,3,4,full,electrode
8,7,0.875,8,3,0.375,8,4,0.5,0.5833333333333334,0.5929738562091503,0.7447916666666666,7,1,0,0,3,5,0,4,4,P08,xgb,150,"{'subsample': 0.6, 'reg_lambda': 3, 'reg_alpha': 0.1, 'min_child_weight': 1, 'max_depth': 2, 'learning_rate': 0.05, 'gamma': 0, 'colsample_bytree': 0.7, 'colsample_bylevel': 0.6, 'n_estimators': 300}",0.906878306878307,repeated_stratified,4,0,full,electrode
8,5,0.625,8,4,0.5,8,5,0.625,0.5833333333333334,0.5833333333333334,0.7838541666666666,5,2,1,2,4,2,1,2,5,P08,xgb,149,"{'subsample': 0.6, 'reg_lambda': 1, 'reg_alpha': 0, 'min_child_weight': 1, 'max_depth': 2, 'learning_rate': 0.03, 'gamma': 0, 'colsample_bytree': 0.6, 'colsample_bylevel': 0.6, 'n_estimators': 300}",0.9132275132275132,repeated_stratified,4,1,full,electrode
7,5,0.7142857142857143,8,5,0.625,8,4,0.5,0.6086956521739131,0.6309941520467836,0.7523809523809524,5,2,0,0,5,3,0,4,4,P08,xgb,150,"{'subsample': 0.6, 'reg_lambda': 1, 'reg_alpha': 0, 'min_child_weight': 1, 'max_depth': 2, 'learning_rate': 0.03, 'gamma': 0, 'colsample_bytree': 0.6, 'colsample_bylevel': 0.6, 'n_estimators': 300}",0.9093554593554596,repeated_stratified,4,2,full,electrode
7,7,1.0,8,2,0.25,8,5,0.625,0.6086956521739131,0.5883173843700159,0.6942460317460317,7,0,0,0,2,6,2,1,5,P08,xgb,150,"{'subsample': 0.6, 'reg_lambda': 3, 'reg_alpha': 0.1, 'min_child_weight': 1, 'max_depth': 8, 'learning_rate': 0.05, 'gamma': 0, 'colsample_bytree': 0.7, 'colsample_bylevel': 0.8, 'n_estimators': 300}",0.9243145743145744,repeated_stratified,4,3,full,electrode
7,7,1.0,8,3,0.375,8,4,0.5,0.6086956521739131,0.6111111111111112,0.775,7,0,0,1,3,4,0,4,4,P08,xgb,149,"{'subsample': 0.6, 'reg_lambda': 3, 'reg_alpha': 0.1, 'min_child_weight': 1, 'max_depth': 2, 'learning_rate': 0.05, 'gamma': 0, 'colsample_bytree': 0.7, 'colsample_bylevel': 0.6, 'n_estimators': 300}",0.9095719095719096,repeated_stratified,4,4,full,electrode
8,8,1.0,8,4,0.5,8,5,0.625,0.7083333333333334,0.700280112044818,0.8229166666666666,8,0,0,0,4,4,1,2,5,P08,xgb,149,"{'subsample': 0.6, 'reg_lambda': 1, 'reg_alpha': 0, 'min_child_weight': 1, 'max_depth': 2, 'learning_rate': 0.03, 'gamma': 0, 'colsample_bytree': 0.6, 'colsample_bylevel': 0.6, 'n_estimators': 300}",0.9175885842552508,repeated_stratified,5,0,full,electrode
8,7,0.875,8,5,0.625,8,5,0.625,0.7083333333333334,0.7099673202614379,0.8515625,7,1,0,1,5,2,0,3,5,P08,xgb,149,"{'subsample': 0.6, 'reg_lambda': 1, 'reg_alpha': 0, 'min_child_weight': 1, 'max_depth': 2, 'learning_rate': 0.03, 'gamma': 0, 'colsample_bytree': 0.6, 'colsample_bylevel': 0.6, 'n_estimators': 300}",0.9188632355299022,repeated_stratified,5,1,full,electrode
7,5,0.7142857142857143,8,5,0.625,8,3,0.375,0.5652173913043478,0.5661375661375662,0.7658730158730158,5,2,0,0,5,3,2,3,3,P08,xgb,150,"{'subsample': 0.6, 'reg_lambda': 1, 'reg_alpha': 0, 'min_child_weight': 1, 'max_depth': 2, 'learning_rate': 0.03, 'gamma': 0, 'colsample_bytree': 0.6, 'colsample_bylevel': 0.6, 'n_estimators': 300}",0.9411976911976913,repeated_stratified,5,2,full,electrode
7,4,0.5714285714285714,8,4,0.5,8,4,0.5,0.5217391304347826,0.5238095238095238,0.684126984126984,4,1,2,2,4,2,1,3,4,P08,xgb,150,"{'subsample': 0.6, 'reg_lambda': 1, 'reg_alpha': 0, 'min_child_weight': 1, 'max_depth': 2, 'learning_rate': 0.03, 'gamma': 0, 'colsample_bytree': 0.6, 'colsample_bylevel': 0.6, 'n_estimators': 300}",0.8992063492063492,repeated_stratified,5,3,full,electrode
7,7,1.0,8,5,0.625,8,4,0.5,0.6956521739130435,0.7071895424836602,0.8166666666666668,7,0,0,0,5,3,0,4,4,P08,xgb,149,"{'subsample': 0.6, 'reg_lambda': 3, 'reg_alpha': 0.1, 'min_child_weight': 1, 'max_depth': 8, 'learning_rate': 0.05, 'gamma': 0, 'colsample_bytree': 0.7, 'colsample_bylevel': 0.8, 'n_estimators': 300}",0.8754449254449254,repeated_stratified,5,4,full,electrode
8,6,0.75,8,3,0.375,8,2,0.25,0.4583333333333333,0.4583333333333333,0.6979166666666666,6,1,1,0,3,5,2,4,2,P08,xgb,148,"{'subsample': 0.6, 'reg_lambda': 3, 'reg_alpha': 0.1, 'min_child_weight': 1, 'max_depth': 2, 'learning_rate': 0.05, 'gamma': 0, 'colsample_bytree': 0.7, 'colsample_bylevel': 0.6, 'n_estimators': 300}",0.933774250440917,repeated_stratified,6,0,full,electrode
8,8,1.0,8,4,0.5,8,3,0.375,0.625,0.6058201058201058,0.7473958333333334,8,0,0,1,4,3,1,4,3,P08,xgb,148,"{'subsample': 0.6, 'reg_lambda': 3, 'reg_alpha': 0.1, 'min_child_weight': 1, 'max_depth': 2, 'learning_rate': 0.05, 'gamma': 0, 'colsample_bytree': 0.7, 'colsample_bylevel': 0.6, 'n_estimators': 300}",0.9364999198332532,repeated_stratified,6,1,full,electrode
7,5,0.7142857142857143,8,4,0.5,8,4,0.5,0.5652173913043478,0.5727357609710552,0.7501984126984128,5,0,2,1,4,3,1,3,4,P08,xgb,150,"{'subsample': 0.6, 'reg_lambda': 3, 'reg_alpha': 0.1, 'min_child_weight': 1, 'max_depth': 8, 'learning_rate': 0.05, 'gamma': 0, 'colsample_bytree': 0.7, 'colsample_bylevel': 0.8, 'n_estimators': 300}",0.9115440115440115,repeated_stratified,6,2,full,electrode
7,6,0.8571428571428571,8,1,0.125,8,4,0.5,0.4782608695652174,0.4711484593837534,0.7182539682539683,6,1,0,2,1,5,0,4,4,P08,xgb,150,"{'subsample': 0.6, 'reg_lambda': 1, 'reg_alpha': 0, 'min_child_weight': 1, 'max_depth': 2, 'learning_rate': 0.03, 'gamma': 0, 'colsample_bytree': 0.6, 'colsample_bylevel': 0.6, 'n_estimators': 300}",0.9247715247715248,repeated_stratified,6,3,full,electrode
7,7,1.0,8,4,0.5,8,6,0.75,0.7391304347826086,0.746031746031746,0.8277777777777778,7,0,0,0,4,4,0,2,6,P08,xgb,150,"{'subsample': 0.6, 'reg_lambda': 1, 'reg_alpha': 0, 'min_child_weight': 1, 'max_depth': 2, 'learning_rate': 0.03, 'gamma': 0, 'colsample_bytree': 0.6, 'colsample_bylevel': 0.6, 'n_estimators': 300}",0.876022126022126,repeated_stratified,6,4,full,electrode
8,8,1.0,8,7,0.875,8,3,0.375,0.75,0.7260061919504643,0.8697916666666666,8,0,0,0,7,1,1,4,3,P08,xgb,149,"{'subsample': 0.6, 'reg_lambda': 3, 'reg_alpha': 0.1, 'min_child_weight': 1, 'max_depth': 2, 'learning_rate': 0.05, 'gamma': 0, 'colsample_bytree': 0.7, 'colsample_bylevel': 0.6, 'n_estimators': 300}",0.925460958794292,repeated_stratified,7,0,full,electrode
8,7,0.875,8,4,0.5,8,3,0.375,0.5833333333333334,0.5745098039215687,0.7838541666666666,7,1,0,0,4,4,2,3,3,P08,xgb,149,"{'subsample': 0.6, 'reg_lambda': 1, 'reg_alpha': 0, 'min_child_weight': 1, 'max_depth': 2, 'learning_rate': 0.03, 'gamma': 0, 'colsample_bytree': 0.6, 'colsample_bylevel': 0.6, 'n_estimators': 300}",0.8720939554272887,repeated_stratified,7,1,full,electrode
7,4,0.5714285714285714,8,3,0.375,8,5,0.625,0.5217391304347826,0.5309941520467837,0.767063492063492,4,1,2,1,3,4,0,3,5,P08,xgb,148,"{'subsample': 0.6, 'reg_lambda': 3, 'reg_alpha': 0.1, 'min_child_weight': 1, 'max_depth': 2, 'learning_rate': 0.05, 'gamma': 0, 'colsample_bytree': 0.7, 'colsample_bylevel': 0.6, 'n_estimators': 300}",0.9162818662818664,repeated_stratified,7,2,full,electrode
7,6,0.8571428571428571,8,3,0.375,8,4,0.5,0.5652173913043478,0.5666666666666668,0.7492063492063492,6,0,1,2,3,3,0,4,4,P08,xgb,150,"{'subsample': 0.6, 'reg_lambda': 1, 'reg_alpha': 0, 'min_child_weight': 1, 'max_depth': 2, 'learning_rate': 0.03, 'gamma': 0, 'colsample_bytree': 0.6, 'colsample_bylevel': 0.6, 'n_estimators': 300}",0.9209235209235208,repeated_stratified,7,3,full,electrode
7,4,0.5714285714285714,8,3,0.375,8,4,0.5,0.4782608695652174,0.4953703703703703,0.7361111111111112,4,2,1,0,3,5,1,3,4,P08,xgb,150,"{'subsample': 0.6, 'reg_lambda': 3, 'reg_alpha': 0.1, 'min_child_weight': 1, 'max_depth': 2, 'learning_rate': 0.05, 'gamma': 0, 'colsample_bytree': 0.7, 'colsample_bylevel': 0.6, 'n_estimators': 300}",0.8727272727272727,repeated_stratified,7,4,full,electrode
8,5,0.625,8,4,0.5,8,3,0.375,0.5,0.5037037037037037,0.671875,5,2,1,1,4,3,1,4,3,P08,xgb,146,"{'subsample': 0.6, 'reg_lambda': 3, 'reg_alpha': 0.1, 'min_child_weight': 1, 'max_depth': 8, 'learning_rate': 0.05, 'gamma': 0, 'colsample_bytree': 0.7, 'colsample_bylevel': 0.8, 'n_estimators': 300}",0.9230078563411896,repeated_stratified,8,0,full,electrode
8,7,0.875,8,3,0.375,8,4,0.5,0.5833333333333334,0.5826719576719577,0.8046875,7,0,1,0,3,5,1,3,4,P08,xgb,150,"{'subsample': 0.6, 'reg_lambda': 1, 'reg_alpha': 0, 'min_child_weight': 1, 'max_depth': 2, 'learning_rate': 0.03, 'gamma': 0, 'colsample_bytree': 0.6, 'colsample_bylevel': 0.6, 'n_estimators': 300}",0.9222943722943724,repeated_stratified,8,1,full,electrode
7,6,0.8571428571428571,8,2,0.25,8,2,0.25,0.4347826086956521,0.4523809523809524,0.7545634920634919,6,1,0,0,2,6,1,5,2,P08,xgb,150,"{'subsample': 0.6, 'reg_lambda': 3, 'reg_alpha': 0.1, 'min_child_weight': 1, 'max_depth': 2, 'learning_rate': 0.05, 'gamma': 0, 'colsample_bytree': 0.7, 'colsample_bylevel': 0.6, 'n_estimators': 300}",0.9044733044733044,repeated_stratified,8,2,full,electrode
7,6,0.8571428571428571,8,6,0.75,8,5,0.625,0.7391304347826086,0.746031746031746,0.8097222222222222,6,1,0,1,6,1,0,3,5,P08,xgb,150,"{'subsample': 0.6, 'reg_lambda': 1, 'reg_alpha': 0, 'min_child_weight': 1, 'max_depth': 2, 'learning_rate': 0.03, 'gamma': 0, 'colsample_bytree': 0.6, 'colsample_bylevel': 0.6, 'n_estimators': 300}",0.9015632515632516,repeated_stratified,8,3,full,electrode
7,7,1.0,8,4,0.5,8,3,0.375,0.6086956521739131,0.6023755656108598,0.7525793650793652,7,0,0,2,4,2,0,5,3,P08,xgb,150,"{'subsample': 0.6, 'reg_lambda': 1, 'reg_alpha': 0, 'min_child_weight': 1, 'max_depth': 2, 'learning_rate': 0.03, 'gamma': 0, 'colsample_bytree': 0.6, 'colsample_bylevel': 0.6, 'n_estimators': 300}",0.8617123617123617,repeated_stratified,8,4,full,electrode
8,7,0.875,8,3,0.375,8,3,0.375,0.5416666666666666,0.532843137254902,0.7552083333333334,7,1,0,1,3,4,1,4,3,P08,xgb,150,"{'subsample': 0.6, 'reg_lambda': 3, 'reg_alpha': 0.1, 'min_child_weight': 1, 'max_depth': 2, 'learning_rate': 0.05, 'gamma': 0, 'colsample_bytree': 0.7, 'colsample_bylevel': 0.6, 'n_estimators': 300}",0.9238415905082572,repeated_stratified,9,0,full,electrode
8,6,0.75,8,2,0.25,8,5,0.625,0.5416666666666666,0.5407407407407407,0.7682291666666666,6,2,0,1,2,5,0,3,5,P08,xgb,150,"{'subsample': 0.6, 'reg_lambda': 3, 'reg_alpha': 0.1, 'min_child_weight': 1, 'max_depth': 2, 'learning_rate': 0.05, 'gamma': 0, 'colsample_bytree': 0.7, 'colsample_bylevel': 0.6, 'n_estimators': 300}",0.9545214045214044,repeated_stratified,9,1,full,electrode
7,6,0.8571428571428571,8,6,0.75,8,4,0.5,0.6956521739130435,0.7076923076923077,0.9055555555555556,6,0,1,0,6,2,0,4,4,P08,xgb,150,"{'subsample': 0.6, 'reg_lambda': 1, 'reg_alpha': 0, 'min_child_weight': 1, 'max_depth': 2, 'learning_rate': 0.03, 'gamma': 0, 'colsample_bytree': 0.6, 'colsample_bylevel': 0.6, 'n_estimators': 300}",0.8638768638768638,repeated_stratified,9,2,full,electrode
7,6,0.8571428571428571,8,3,0.375,8,3,0.375,0.5217391304347826,0.5114845938375351,0.7708333333333334,6,1,0,2,3,3,2,3,3,P08,xgb,149,"{'subsample': 0.6, 'reg_lambda': 1, 'reg_alpha': 0, 'min_child_weight': 1, 'max_depth': 2, 'learning_rate': 0.03, 'gamma': 0, 'colsample_bytree': 0.6, 'colsample_bylevel': 0.6, 'n_estimators': 300}",0.8818662818662818,repeated_stratified,9,3,full,electrode
7,7,1.0,8,4,0.5,8,4,0.5,0.6521739130434783,0.6427637721755369,0.8138888888888888,7,0,0,2,4,2,1,3,4,P08,xgb,150,"{'subsample': 0.6, 'reg_lambda': 1, 'reg_alpha': 0, 'min_child_weight': 1, 'max_depth': 2, 'learning_rate': 0.03, 'gamma': 0, 'colsample_bytree': 0.6, 'colsample_bylevel': 0.6, 'n_estimators': 300}",0.8688071188071187,repeated_stratified,9,4,full,electrode
8,8,1.0,8,8,1.0,8,8,1.0,1.0,1.0,1.0,8,0,0,0,8,0,0,0,8,P09,xgb,150,"{'subsample': 0.6, 'reg_lambda': 1, 'reg_alpha': 0, 'min_child_weight': 1, 'max_depth': 2, 'learning_rate': 0.03, 'gamma': 0, 'colsample_bytree': 0.6, 'colsample_bylevel': 0.6, 'n_estimators': 300}",0.9921356421356422,repeated_stratified,0,0,full,electrode
8,8,1.0,8,6,0.75,8,8,1.0,0.9166666666666666,0.9153439153439152,0.9973958333333334,8,0,0,0,6,2,0,0,8,P09,xgb,147,"{'subsample': 0.6, 'reg_lambda': 1, 'reg_alpha': 0, 'min_child_weight': 1, 'max_depth': 2, 'learning_rate': 0.03, 'gamma': 0, 'colsample_bytree': 0.6, 'colsample_bylevel': 0.6, 'n_estimators': 300}",0.992063492063492,repeated_stratified,0,1,full,electrode
8,8,1.0,8,6,0.75,8,8,1.0,0.9166666666666666,0.9131652661064426,0.9947916666666666,8,0,0,1,6,1,0,0,8,P09,xgb,148,"{'subsample': 0.6, 'reg_lambda': 3, 'reg_alpha': 0.1, 'min_child_weight': 1, 'max_depth': 8, 'learning_rate': 0.05, 'gamma': 0, 'colsample_bytree': 0.7, 'colsample_bylevel': 0.8, 'n_estimators': 300}",0.9935786435786436,repeated_stratified,0,2,full,electrode
8,8,1.0,8,8,1.0,8,8,1.0,1.0,1.0,1.0,8,0,0,0,8,0,0,0,8,P09,xgb,143,"{'subsample': 0.6, 'reg_lambda': 1, 'reg_alpha': 0, 'min_child_weight': 1, 'max_depth': 2, 'learning_rate': 0.03, 'gamma': 0, 'colsample_bytree': 0.6, 'colsample_bylevel': 0.6, 'n_estimators': 300}",0.9985329485329486,repeated_stratified,0,3,full,electrode
8,8,1.0,8,8,1.0,8,6,0.75,0.9166666666666666,0.9131652661064426,0.9765625,8,0,0,0,8,0,1,1,6,P09,xgb,145,"{'subsample': 0.6, 'reg_lambda': 3, 'reg_alpha': 0.1, 'min_child_weight': 1, 'max_depth': 2, 'learning_rate': 0.05, 'gamma': 0, 'colsample_bytree': 0.7, 'colsample_bylevel': 0.6, 'n_estimators': 300}",0.999013949013949,repeated_stratified,0,4,full,electrode
8,7,0.875,8,8,1.0,8,8,1.0,0.9583333333333334,0.9581699346405228,0.9973958333333334,7,1,0,0,8,0,0,0,8,P09,xgb,149,"{'subsample': 0.6, 'reg_lambda': 1, 'reg_alpha': 0, 'min_child_weight': 1, 'max_depth': 2, 'learning_rate': 0.03, 'gamma': 0, 'colsample_bytree': 0.6, 'colsample_bylevel': 0.6, 'n_estimators': 300}",0.9907166907166908,repeated_stratified,1,0,full,electrode
8,8,1.0,8,7,0.875,8,8,1.0,0.9583333333333334,0.9581699346405228,0.9947916666666666,8,0,0,0,7,1,0,0,8,P09,xgb,143,"{'subsample': 0.6, 'reg_lambda': 1, 'reg_alpha': 0, 'min_child_weight': 1, 'max_depth': 2, 'learning_rate': 0.03, 'gamma': 0, 'colsample_bytree': 0.6, 'colsample_bylevel': 0.6, 'n_estimators': 300}",0.9955747955747956,repeated_stratified,1,1,full,electrode
8,7,0.875,8,7,0.875,8,8,1.0,0.9166666666666666,0.9165032679738562,0.9947916666666666,7,1,0,0,7,1,0,0,8,P09,xgb,148,"{'subsample': 0.6, 'reg_lambda': 1, 'reg_alpha': 0, 'min_child_weight': 1, 'max_depth': 2, 'learning_rate': 0.03, 'gamma': 0, 'colsample_bytree': 0.6, 'colsample_bylevel': 0.6, 'n_estimators': 300}",0.996055796055796,repeated_stratified,1,2,full,electrode
8,8,1.0,8,8,1.0,8,5,0.625,0.875,0.8704453441295547,0.9895833333333334,8,0,0,0,8,0,0,3,5,P09,xgb,147,"{'subsample': 0.6, 'reg_lambda': 10, 'reg_alpha': 0.5, 'min_child_weight': 1, 'max_depth': 2, 'learning_rate': 0.05, 'gamma': 0.1, 'colsample_bytree': 0.6, 'colsample_bylevel': 0.6, 'n_estimators': 300}",0.9985569985569986,repeated_stratified,1,3,full,electrode
8,8,1.0,8,8,1.0,8,8,1.0,1.0,1.0,1.0,8,0,0,0,8,0,0,0,8,P09,xgb,149,"{'subsample': 0.6, 'reg_lambda': 1, 'reg_alpha': 0, 'min_child_weight': 1, 'max_depth': 2, 'learning_rate': 0.03, 'gamma': 0, 'colsample_bytree': 0.6, 'colsample_bylevel': 0.6, 'n_estimators': 300}",0.99006734006734,repeated_stratified,1,4,full,electrode
8,8,1.0,8,8,1.0,8,8,1.0,1.0,1.0,1.0,8,0,0,0,8,0,0,0,8,P09,xgb,148,"{'subsample': 0.6, 'reg_lambda': 1, 'reg_alpha': 0, 'min_child_weight': 1, 'max_depth': 2, 'learning_rate': 0.03, 'gamma': 0, 'colsample_bytree': 0.6, 'colsample_bylevel': 0.6, 'n_estimators': 300}",0.998051948051948,repeated_stratified,2,0,full,electrode
8,8,1.0,8,8,1.0,8,8,1.0,1.0,1.0,1.0,8,0,0,0,8,0,0,0,8,P09,xgb,149,"{'subsample': 0.6, 'reg_lambda': 3, 'reg_alpha': 0.1, 'min_child_weight': 1, 'max_depth': 8, 'learning_rate': 0.05, 'gamma': 0, 'colsample_bytree': 0.7, 'colsample_bylevel': 0.8, 'n_estimators': 300}",0.9990379990379992,repeated_stratified,2,1,full,electrode
8,8,1.0,8,8,1.0,8,7,0.875,0.9583333333333334,0.9581699346405228,0.9973958333333334,8,0,0,0,8,0,0,1,7,P09,xgb,147,"{'subsample': 0.6, 'reg_lambda': 1, 'reg_alpha': 0, 'min_child_weight': 1, 'max_depth': 2, 'learning_rate': 0.03, 'gamma': 0, 'colsample_bytree': 0.6, 'colsample_bylevel': 0.6, 'n_estimators': 300}",0.9955988455988456,repeated_stratified,2,2,full,electrode
8,8,1.0,8,8,1.0,8,7,0.875,0.9583333333333334,0.9581699346405228,0.9947916666666666,8,0,0,0,8,0,1,0,7,P09,xgb,150,"{'subsample': 0.8, 'reg_lambda': 1, 'reg_alpha': 0, 'min_child_weight': 1, 'max_depth': 8, 'learning_rate': 0.01, 'gamma': 0.3, 'colsample_bytree': 0.6, 'colsample_bylevel': 0.8, 'n_estimators': 300}",0.999037999037999,repeated_stratified,2,3,full,electrode
8,7,0.875,8,8,1.0,8,7,0.875,0.9166666666666666,0.9185185185185184,0.9765625,7,1,0,0,8,0,0,1,7,P09,xgb,150,"{'subsample': 0.8, 'reg_lambda': 10, 'reg_alpha': 0, 'min_child_weight': 1, 'max_depth': 4, 'learning_rate': 0.03, 'gamma': 0, 'colsample_bytree': 0.6, 'colsample_bylevel': 0.8, 'n_estimators': 300}",0.9995189995189996,repeated_stratified,2,4,full,electrode
8,6,0.75,8,8,1.0,8,7,0.875,0.875,0.8775271512113617,0.9817708333333334,6,2,0,0,8,0,0,1,7,P09,xgb,146,"{'subsample': 0.6, 'reg_lambda': 3, 'reg_alpha': 0.1, 'min_child_weight': 1, 'max_depth': 2, 'learning_rate': 0.05, 'gamma': 0, 'colsample_bytree': 0.7, 'colsample_bylevel': 0.6, 'n_estimators': 300}",0.9955266955266956,repeated_stratified,3,0,full,electrode
8,8,1.0,8,8,1.0,8,7,0.875,0.9583333333333334,0.9581699346405228,0.9921875,8,0,0,0,8,0,0,1,7,P09,xgb,148,"{'subsample': 0.6, 'reg_lambda': 1, 'reg_alpha': 0, 'min_child_weight': 1, 'max_depth': 2, 'learning_rate': 0.03, 'gamma': 0, 'colsample_bytree': 0.6, 'colsample_bylevel': 0.6, 'n_estimators': 300}",0.9990379990379992,repeated_stratified,3,1,full,electrode
8,8,1.0,8,8,1.0,8,8,1.0,1.0,1.0,1.0,8,0,0,0,8,0,0,0,8,P09,xgb,147,"{'subsample': 0.6, 'reg_lambda': 3, 'reg_alpha': 0.1, 'min_child_weight': 1, 'max_depth': 2, 'learning_rate': 0.05, 'gamma': 0, 'colsample_bytree': 0.7, 'colsample_bylevel': 0.6, 'n_estimators': 300}",0.998051948051948,repeated_stratified,3,2,full,electrode
8,8,1.0,8,8,1.0,8,8,1.0,1.0,1.0,1.0,8,0,0,0,8,0,0,0,8,P09,xgb,150,"{'subsample': 0.6, 'reg_lambda': 1, 'reg_alpha': 0, 'min_child_weight': 1, 'max_depth': 2, 'learning_rate': 0.03, 'gamma': 0, 'colsample_bytree': 0.6, 'colsample_bylevel': 0.6, 'n_estimators': 300}",0.9965608465608464,repeated_stratified,3,3,full,electrode
8,6,0.75,8,8,1.0,8,8,1.0,0.9166666666666666,0.9153439153439152,1.0,6,2,0,0,8,0,0,0,8,P09,xgb,150,"{'subsample': 0.8, 'reg_lambda': 5, 'reg_alpha': 0.1, 'min_child_weight': 1, 'max_depth': 8, 'learning_rate': 0.03, 'gamma': 0, 'colsample_bytree': 0.6, 'colsample_bylevel': 0.6, 'n_estimators': 300}",1.0,repeated_stratified,3,4,full,electrode
8,7,0.875,8,8,1.0,8,8,1.0,0.9583333333333334,0.9581699346405228,0.9973958333333334,7,0,1,0,8,0,0,0,8,P09,xgb,146,"{'subsample': 0.8, 'reg_lambda': 5, 'reg_alpha': 0.1, 'min_child_weight': 1, 'max_depth': 8, 'learning_rate': 0.03, 'gamma': 0, 'colsample_bytree': 0.6, 'colsample_bylevel': 0.6, 'n_estimators': 300}",0.9975228475228476,repeated_stratified,4,0,full,electrode
8,8,1.0,8,8,1.0,8,6,0.75,0.9166666666666666,0.9153439153439152,0.9739583333333334,8,0,0,0,8,0,0,2,6,P09,xgb,150,"{'subsample': 0.6, 'reg_lambda': 1, 'reg_alpha': 0, 'min_child_weight': 1, 'max_depth': 2, 'learning_rate': 0.03, 'gamma': 0, 'colsample_bytree': 0.6, 'colsample_bylevel': 0.6, 'n_estimators': 300}",0.9803270803270804,repeated_stratified,4,1,full,electrode
8,6,0.75,8,7,0.875,8,8,1.0,0.875,0.8736772486772487,0.984375,6,1,1,0,7,1,0,0,8,P09,xgb,149,"{'subsample': 0.6, 'reg_lambda': 3, 'reg_alpha': 0.1, 'min_child_weight': 1, 'max_depth': 2, 'learning_rate': 0.05, 'gamma': 0, 'colsample_bytree': 0.7, 'colsample_bylevel': 0.6, 'n_estimators': 300}",0.998075998075998,repeated_stratified,4,2,full,electrode
8,8,1.0,8,8,1.0,8,7,0.875,0.9583333333333334,0.9581699346405228,0.9947916666666666,8,0,0,0,8,0,0,1,7,P09,xgb,149,"{'subsample': 0.6, 'reg_lambda': 1, 'reg_alpha': 0, 'min_child_weight': 1, 'max_depth': 2, 'learning_rate': 0.03, 'gamma': 0, 'colsample_bytree': 0.6, 'colsample_bylevel': 0.6, 'n_estimators': 300}",0.996127946127946,repeated_stratified,4,3,full,electrode
8,8,1.0,8,7,0.875,8,8,1.0,0.9583333333333334,0.9581699346405228,1.0,8,0,0,0,7,1,0,0,8,P09,xgb,147,"{'subsample': 0.6, 'reg_lambda': 3, 'reg_alpha': 0.1, 'min_child_weight': 1, 'max_depth': 8, 'learning_rate': 0.05, 'gamma': 0, 'colsample_bytree': 0.7, 'colsample_bylevel': 0.8, 'n_estimators': 300}",0.9936507936507936,repeated_stratified,4,4,full,electrode
8,7,0.875,8,8,1.0,8,6,0.75,0.875,0.8775271512113617,0.984375,7,1,0,0,8,0,0,2,6,P09,xgb,148,"{'subsample': 0.6, 'reg_lambda': 1, 'reg_alpha': 0, 'min_child_weight': 1, 'max_depth': 2, 'learning_rate': 0.03, 'gamma': 0, 'colsample_bytree': 0.6, 'colsample_bylevel': 0.6, 'n_estimators': 300}",0.9975228475228476,repeated_stratified,5,0,full,electrode
8,7,0.875,8,8,1.0,8,8,1.0,0.9583333333333334,0.9581699346405228,1.0,7,1,0,0,8,0,0,0,8,P09,xgb,147,"{'subsample': 0.6, 'reg_lambda': 1, 'reg_alpha': 0, 'min_child_weight': 1, 'max_depth': 2, 'learning_rate': 0.03, 'gamma': 0, 'colsample_bytree': 0.6, 'colsample_bylevel': 0.6, 'n_estimators': 300}",0.9951178451178452,repeated_stratified,5,1,full,electrode
8,7,0.875,8,8,1.0,8,7,0.875,0.9166666666666666,0.9165032679738562,0.9921875,7,0,1,0,8,0,0,1,7,P09,xgb,148,"{'subsample': 0.6, 'reg_lambda': 1, 'reg_alpha': 0, 'min_child_weight': 1, 'max_depth': 2, 'learning_rate': 0.03, 'gamma': 0, 'colsample_bytree': 0.6, 'colsample_bylevel': 0.6, 'n_estimators': 300}",0.998051948051948,repeated_stratified,5,2,full,electrode
8,7,0.875,8,8,1.0,8,8,1.0,0.9583333333333334,0.9581699346405228,1.0,7,1,0,0,8,0,0,0,8,P09,xgb,149,"{'subsample': 0.6, 'reg_lambda': 1, 'reg_alpha': 0, 'min_child_weight': 1, 'max_depth': 2, 'learning_rate': 0.03, 'gamma': 0, 'colsample_bytree': 0.6, 'colsample_bylevel': 0.6, 'n_estimators': 300}",0.9966329966329966,repeated_stratified,5,3,full,electrode
8,8,1.0,8,8,1.0,8,8,1.0,1.0,1.0,1.0,8,0,0,0,8,0,0,0,8,P09,xgb,148,"{'subsample': 0.6, 'reg_lambda': 3, 'reg_alpha': 0.1, 'min_child_weight': 1, 'max_depth': 2, 'learning_rate': 0.05, 'gamma': 0, 'colsample_bytree': 0.7, 'colsample_bylevel': 0.6, 'n_estimators': 300}",0.9975949975949976,repeated_stratified,5,4,full,electrode
8,8,1.0,8,8,1.0,8,8,1.0,1.0,1.0,1.0,8,0,0,0,8,0,0,0,8,P09,xgb,149,"{'subsample': 0.6, 'reg_lambda': 3, 'reg_alpha': 0.1, 'min_child_weight': 1, 'max_depth': 8, 'learning_rate': 0.05, 'gamma': 0, 'colsample_bytree': 0.7, 'colsample_bylevel': 0.8, 'n_estimators': 300}",0.9936507936507936,repeated_stratified,6,0,full,electrode
8,8,1.0,8,8,1.0,8,7,0.875,0.9583333333333334,0.9581699346405228,1.0,8,0,0,0,8,0,1,0,7,P09,xgb,147,"{'subsample': 0.6, 'reg_lambda': 1, 'reg_alpha': 0, 'min_child_weight': 1, 'max_depth': 2, 'learning_rate': 0.03, 'gamma': 0, 'colsample_bytree': 0.6, 'colsample_bylevel': 0.6, 'n_estimators': 300}",0.9930735930735932,repeated_stratified,6,1,full,electrode
8,8,1.0,8,8,1.0,8,5,0.625,0.875,0.8664320429026312,0.9895833333333334,8,0,0,0,8,0,1,2,5,P09,xgb,145,"{'subsample': 0.6, 'reg_lambda': 3, 'reg_alpha': 0.1, 'min_child_weight': 1, 'max_depth': 8, 'learning_rate': 0.05, 'gamma': 0, 'colsample_bytree': 0.7, 'colsample_bylevel': 0.8, 'n_estimators': 300}",0.9990379990379992,repeated_stratified,6,2,full,electrode
8,8,1.0,8,7,0.875,8,8,1.0,0.9583333333333334,0.9581699346405228,0.9791666666666666,8,0,0,0,7,1,0,0,8,P09,xgb,148,"{'subsample': 0.6, 'reg_lambda': 3, 'reg_alpha': 0.1, 'min_child_weight': 1, 'max_depth': 2, 'learning_rate': 0.05, 'gamma': 0, 'colsample_bytree': 0.7, 'colsample_bylevel': 0.6, 'n_estimators': 300}",0.9935786435786436,repeated_stratified,6,3,full,electrode
8,7,0.875,8,8,1.0,8,8,1.0,0.9583333333333334,0.9581699346405228,0.9947916666666666,7,1,0,0,8,0,0,0,8,P09,xgb,145,"{'subsample': 0.6, 'reg_lambda': 1, 'reg_alpha': 0, 'min_child_weight': 1, 'max_depth': 2, 'learning_rate': 0.03, 'gamma': 0, 'colsample_bytree': 0.6, 'colsample_bylevel': 0.6, 'n_estimators': 300}",0.9950697450697452,repeated_stratified,6,4,full,electrode
8,8,1.0,8,7,0.875,8,7,0.875,0.9166666666666666,0.9165032679738562,0.984375,8,0,0,1,7,0,0,1,7,P09,xgb,149,"{'subsample': 0.6, 'reg_lambda': 3, 'reg_alpha': 0.1, 'min_child_weight': 1, 'max_depth': 2, 'learning_rate': 0.05, 'gamma': 0, 'colsample_bytree': 0.7, 'colsample_bylevel': 0.6, 'n_estimators': 300}",0.992159692159692,repeated_stratified,7,0,full,electrode
8,8,1.0,8,8,1.0,8,8,1.0,1.0,1.0,1.0,8,0,0,0,8,0,0,0,8,P09,xgb,150,"{'subsample': 0.6, 'reg_lambda': 1, 'reg_alpha': 0, 'min_child_weight': 1, 'max_depth': 2, 'learning_rate': 0.03, 'gamma': 0, 'colsample_bytree': 0.6, 'colsample_bylevel': 0.6, 'n_estimators': 300}",0.9990379990379992,repeated_stratified,7,1,full,electrode
8,7,0.875,8,7,0.875,8,7,0.875,0.875,0.875,0.9765625,7,1,0,0,7,1,1,0,7,P09,xgb,149,"{'subsample': 0.6, 'reg_lambda': 1, 'reg_alpha': 0, 'min_child_weight': 1, 'max_depth': 2, 'learning_rate': 0.03, 'gamma': 0, 'colsample_bytree': 0.6, 'colsample_bylevel': 0.6, 'n_estimators': 300}",1.0,repeated_stratified,7,2,full,electrode
8,8,1.0,8,8,1.0,8,6,0.75,0.9166666666666666,0.9153439153439152,0.9739583333333334,8,0,0,0,8,0,0,2,6,P09,xgb,146,"{'subsample': 0.6, 'reg_lambda': 1, 'reg_alpha': 0, 'min_child_weight': 1, 'max_depth': 2, 'learning_rate': 0.03, 'gamma': 0, 'colsample_bytree': 0.6, 'colsample_bylevel': 0.6, 'n_estimators': 300}",0.996993746993747,repeated_stratified,7,3,full,electrode
8,8,1.0,8,7,0.875,8,8,1.0,0.9583333333333334,0.9581699346405228,0.9973958333333334,8,0,0,0,7,1,0,0,8,P09,xgb,148,"{'subsample': 0.6, 'reg_lambda': 1, 'reg_alpha': 0, 'min_child_weight': 1, 'max_depth': 2, 'learning_rate': 0.03, 'gamma': 0, 'colsample_bytree': 0.6, 'colsample_bylevel': 0.6, 'n_estimators': 300}",0.9863395863395864,repeated_stratified,7,4,full,electrode
8,7,0.875,8,7,0.875,8,7,0.875,0.875,0.8772875816993464,0.9713541666666666,7,1,0,0,7,1,0,1,7,P09,xgb,144,"{'subsample': 0.8, 'reg_lambda': 5, 'reg_alpha': 0.1, 'min_child_weight': 1, 'max_depth': 8, 'learning_rate': 0.03, 'gamma': 0, 'colsample_bytree': 0.6, 'colsample_bylevel': 0.6, 'n_estimators': 300}",0.9994949494949495,repeated_stratified,8,0,full,electrode
8,8,1.0,8,8,1.0,8,7,0.875,0.9583333333333334,0.9581699346405228,0.984375,8,0,0,0,8,0,1,0,7,P09,xgb,149,"{'subsample': 0.6, 'reg_lambda': 1, 'reg_alpha': 0, 'min_child_weight': 1, 'max_depth': 2, 'learning_rate': 0.03, 'gamma': 0, 'colsample_bytree': 0.6, 'colsample_bylevel': 0.6, 'n_estimators': 300}",0.9857623857623858,repeated_stratified,8,1,full,electrode
8,8,1.0,8,8,1.0,8,8,1.0,1.0,1.0,1.0,8,0,0,0,8,0,0,0,8,P09,xgb,146,"{'subsample': 0.6, 'reg_lambda': 1, 'reg_alpha': 0, 'min_child_weight': 1, 'max_depth': 2, 'learning_rate': 0.03, 'gamma': 0, 'colsample_bytree': 0.6, 'colsample_bylevel': 0.6, 'n_estimators': 300}",0.9975949975949976,repeated_stratified,8,2,full,electrode
8,7,0.875,8,7,0.875,8,7,0.875,0.875,0.8772875816993464,0.9739583333333334,7,1,0,0,7,1,0,1,7,P09,xgb,148,"{'subsample': 0.6, 'reg_lambda': 3, 'reg_alpha': 0.1, 'min_child_weight': 1, 'max_depth': 2, 'learning_rate': 0.05, 'gamma': 0, 'colsample_bytree': 0.7, 'colsample_bylevel': 0.6, 'n_estimators': 300}",0.9975228475228476,repeated_stratified,8,3,full,electrode
8,8,1.0,8,7,0.875,8,8,1.0,0.9583333333333334,0.9581699346405228,0.9947916666666666,8,0,0,0,7,1,0,0,8,P09,xgb,149,"{'subsample': 0.6, 'reg_lambda': 3, 'reg_alpha': 0.1, 'min_child_weight': 1, 'max_depth': 2, 'learning_rate': 0.05, 'gamma': 0, 'colsample_bytree': 0.7, 'colsample_bylevel': 0.6, 'n_estimators': 300}",0.9970899470899472,repeated_stratified,8,4,full,electrode
8,7,0.875,8,8,1.0,8,8,1.0,0.9583333333333334,0.9581699346405228,0.9947916666666666,7,1,0,0,8,0,0,0,8,P09,xgb,146,"{'subsample': 0.6, 'reg_lambda': 1, 'reg_alpha': 0, 'min_child_weight': 1, 'max_depth': 2, 'learning_rate': 0.03, 'gamma': 0, 'colsample_bytree': 0.6, 'colsample_bylevel': 0.6, 'n_estimators': 300}",0.9876382876382876,repeated_stratified,9,0,full,electrode
8,7,0.875,8,8,1.0,8,7,0.875,0.9166666666666666,0.9185185185185184,1.0,7,1,0,0,8,0,0,1,7,P09,xgb,149,"{'subsample': 0.6, 'reg_lambda': 3, 'reg_alpha': 0.1, 'min_child_weight': 1, 'max_depth': 2, 'learning_rate': 0.05, 'gamma': 0, 'colsample_bytree': 0.7, 'colsample_bylevel': 0.6, 'n_estimators': 300}",0.9970658970658972,repeated_stratified,9,1,full,electrode
8,7,0.875,8,7,0.875,8,8,1.0,0.9166666666666666,0.9165032679738562,0.9973958333333334,7,1,0,0,7,1,0,0,8,P09,xgb,146,"{'subsample': 0.6, 'reg_lambda': 3, 'reg_alpha': 0.1, 'min_child_weight': 1, 'max_depth': 2, 'learning_rate': 0.05, 'gamma': 0, 'colsample_bytree': 0.7, 'colsample_bylevel': 0.6, 'n_estimators': 300}",0.9985329485329486,repeated_stratified,9,2,full,electrode
8,8,1.0,8,8,1.0,8,6,0.75,0.9166666666666666,0.9131652661064426,0.9869791666666666,8,0,0,0,8,0,1,1,6,P09,xgb,148,"{'subsample': 0.6, 'reg_lambda': 1, 'reg_alpha': 0, 'min_child_weight': 1, 'max_depth': 2, 'learning_rate': 0.03, 'gamma': 0, 'colsample_bytree': 0.6, 'colsample_bylevel': 0.6, 'n_estimators': 300}",0.9985088985088983,repeated_stratified,9,3,full,electrode
8,8,1.0,8,8,1.0,8,8,1.0,1.0,1.0,1.0,8,0,0,0,8,0,0,0,8,P09,xgb,149,"{'subsample': 0.6, 'reg_lambda': 3, 'reg_alpha': 0.1, 'min_child_weight': 1, 'max_depth': 2, 'learning_rate': 0.05, 'gamma': 0, 'colsample_bytree': 0.7, 'colsample_bylevel': 0.6, 'n_estimators': 300}",0.9951418951418952,repeated_stratified,9,4,full,electrode
8,5,0.625,8,3,0.375,9,5,0.5555555555555556,0.52,0.5294117647058824,0.7513616557734203,5,3,0,2,3,3,0,4,5,P10,xgb,150,"{'subsample': 0.6, 'reg_lambda': 1, 'reg_alpha': 0, 'min_child_weight': 1, 'max_depth': 2, 'learning_rate': 0.03, 'gamma': 0, 'colsample_bytree': 0.6, 'colsample_bylevel': 0.6, 'n_estimators': 300}",0.9341728978092616,repeated_stratified,0,0,full,electrode
9,7,0.7777777777777778,8,6,0.75,8,1,0.125,0.56,0.5103415103415104,0.8105936819172114,7,2,0,0,6,2,2,5,1,P10,xgb,150,"{'subsample': 0.6, 'reg_lambda': 1, 'reg_alpha': 0, 'min_child_weight': 1, 'max_depth': 2, 'learning_rate': 0.03, 'gamma': 0, 'colsample_bytree': 0.6, 'colsample_bylevel': 0.6, 'n_estimators': 300}",0.9265096856005948,repeated_stratified,0,1,full,electrode
8,6,0.75,8,4,0.5,8,4,0.5,0.5833333333333334,0.6005291005291006,0.8854166666666666,6,0,2,0,4,4,0,4,4,P10,xgb,150,"{'subsample': 0.6, 'reg_lambda': 1, 'reg_alpha': 0, 'min_child_weight': 1, 'max_depth': 2, 'learning_rate': 0.03, 'gamma': 0, 'colsample_bytree': 0.6, 'colsample_bylevel': 0.6, 'n_estimators': 300}",0.9209585027766846,repeated_stratified,0,2,full,electrode
8,8,1.0,8,1,0.125,8,6,0.75,0.625,0.5708683473389355,0.8463541666666666,8,0,0,0,1,7,1,1,6,P10,xgb,144,"{'subsample': 0.6, 'reg_lambda': 1, 'reg_alpha': 0, 'min_child_weight': 1, 'max_depth': 2, 'learning_rate': 0.03, 'gamma': 0, 'colsample_bytree': 0.6, 'colsample_bylevel': 0.6, 'n_estimators': 300}",0.9139533866806594,repeated_stratified,0,3,full,electrode
8,8,1.0,8,4,0.5,8,5,0.625,0.7083333333333334,0.7071895424836602,0.859375,8,0,0,0,4,4,0,3,5,P10,xgb,150,"{'subsample': 0.6, 'reg_lambda': 1, 'reg_alpha': 0, 'min_child_weight': 1, 'max_depth': 2, 'learning_rate': 0.03, 'gamma': 0, 'colsample_bytree': 0.6, 'colsample_bylevel': 0.6, 'n_estimators': 300}",0.9328151646333463,repeated_stratified,0,4,full,electrode
8,7,0.875,8,6,0.75,9,3,0.3333333333333333,0.64,0.6444444444444444,0.8272058823529411,7,0,1,0,6,2,0,6,3,P10,xgb,150,"{'subsample': 0.6, 'reg_lambda': 1, 'reg_alpha': 0, 'min_child_weight': 1, 'max_depth': 2, 'learning_rate': 0.03, 'gamma': 0, 'colsample_bytree': 0.6, 'colsample_bylevel': 0.6, 'n_estimators': 300}",0.9500481000481,repeated_stratified,1,0,full,electrode
9,9,1.0,8,3,0.375,8,5,0.625,0.68,0.6613756613756614,0.8161764705882352,9,0,0,0,3,5,0,3,5,P10,xgb,149,"{'subsample': 0.6, 'reg_lambda': 1, 'reg_alpha': 0, 'min_child_weight': 1, 'max_depth': 2, 'learning_rate': 0.03, 'gamma': 0, 'colsample_bytree': 0.6, 'colsample_bylevel': 0.6, 'n_estimators': 300}",0.9116992435174254,repeated_stratified,1,1,full,electrode
8,7,0.875,8,5,0.625,8,5,0.625,0.7083333333333334,0.7086834733893558,0.8489583333333334,7,0,1,0,5,3,2,1,5,P10,xgb,150,"{'subsample': 0.6, 'reg_lambda': 1, 'reg_alpha': 0, 'min_child_weight': 1, 'max_depth': 2, 'learning_rate': 0.03, 'gamma': 0, 'colsample_bytree': 0.6, 'colsample_bylevel': 0.6, 'n_estimators': 300}",0.9285779876688968,repeated_stratified,1,2,full,electrode
8,8,1.0,8,4,0.5,8,5,0.625,0.7083333333333334,0.6951058201058201,0.8385416666666666,8,0,0,1,4,3,1,2,5,P10,xgb,150,"{'subsample': 0.6, 'reg_lambda': 1, 'reg_alpha': 0, 'min_child_weight': 1, 'max_depth': 2, 'learning_rate': 0.03, 'gamma': 0, 'colsample_bytree': 0.6, 'colsample_bylevel': 0.6, 'n_estimators': 300}",0.8966002011456556,repeated_stratified,1,3,full,electrode
8,7,0.875,8,5,0.625,8,5,0.625,0.7083333333333334,0.7050653594771242,0.8046875,7,1,0,1,5,2,1,2,5,P10,xgb,150,"{'subsample': 0.6, 'reg_lambda': 3, 'reg_alpha': 0.1, 'min_child_weight': 1, 'max_depth': 2, 'learning_rate': 0.05, 'gamma': 0, 'colsample_bytree': 0.7, 'colsample_bylevel': 0.6, 'n_estimators': 300}",0.8880121561939744,repeated_stratified,1,4,full,electrode
8,8,1.0,8,5,0.625,9,6,0.6666666666666666,0.76,0.7638888888888888,0.9169389978213508,8,0,0,0,5,3,0,3,6,P10,xgb,150,"{'subsample': 0.6, 'reg_lambda': 1, 'reg_alpha': 0, 'min_child_weight': 1, 'max_depth': 2, 'learning_rate': 0.03, 'gamma': 0, 'colsample_bytree': 0.6, 'colsample_bylevel': 0.6, 'n_estimators': 300}",0.9172766627312082,repeated_stratified,2,0,full,electrode
9,8,0.8888888888888888,8,3,0.375,8,4,0.5,0.6,0.5807017543859648,0.8050108932461874,8,1,0,1,3,4,1,3,4,P10,xgb,148,"{'subsample': 0.6, 'reg_lambda': 3, 'reg_alpha': 0.1, 'min_child_weight': 1, 'max_depth': 2, 'learning_rate': 0.05, 'gamma': 0, 'colsample_bytree': 0.7, 'colsample_bylevel': 0.6, 'n_estimators': 300}",0.9579933534478988,repeated_stratified,2,1,full,electrode
8,8,1.0,8,6,0.75,8,4,0.5,0.75,0.7394957983193278,0.8541666666666666,8,0,0,0,6,2,1,3,4,P10,xgb,149,"{'subsample': 0.6, 'reg_lambda': 1, 'reg_alpha': 0, 'min_child_weight': 1, 'max_depth': 2, 'learning_rate': 0.03, 'gamma': 0, 'colsample_bytree': 0.6, 'colsample_bylevel': 0.6, 'n_estimators': 300}",0.9286435786435786,repeated_stratified,2,2,full,electrode
8,7,0.875,8,4,0.5,8,6,0.75,0.7083333333333334,0.7121136173767754,0.8723958333333334,7,0,1,0,4,4,0,2,6,P10,xgb,149,"{'subsample': 0.6, 'reg_lambda': 1, 'reg_alpha': 0, 'min_child_weight': 1, 'max_depth': 2, 'learning_rate': 0.03, 'gamma': 0, 'colsample_bytree': 0.6, 'colsample_bylevel': 0.6, 'n_estimators': 300}",0.8521863658227296,repeated_stratified,2,3,full,electrode
8,7,0.875,8,6,0.75,8,3,0.375,0.6666666666666666,0.6505781799899447,0.796875,7,0,1,1,6,1,1,4,3,P10,xgb,150,"{'subsample': 0.6, 'reg_lambda': 1, 'reg_alpha': 0, 'min_child_weight': 1, 'max_depth': 2, 'learning_rate': 0.03, 'gamma': 0, 'colsample_bytree': 0.6, 'colsample_bylevel': 0.6, 'n_estimators': 300}",0.9354890900345446,repeated_stratified,2,4,full,electrode
8,7,0.875,8,5,0.625,9,5,0.5555555555555556,0.68,0.6838235294117648,0.8244825708061002,7,1,0,0,5,3,1,3,5,P10,xgb,150,"{'subsample': 0.6, 'reg_lambda': 3, 'reg_alpha': 0.1, 'min_child_weight': 1, 'max_depth': 2, 'learning_rate': 0.05, 'gamma': 0, 'colsample_bytree': 0.7, 'colsample_bylevel': 0.6, 'n_estimators': 300}",0.9373387555205736,repeated_stratified,3,0,full,electrode
9,8,0.8888888888888888,8,6,0.75,8,5,0.625,0.76,0.7546296296296297,0.8929738562091503,8,0,1,0,6,2,1,2,5,P10,xgb,150,"{'subsample': 0.6, 'reg_lambda': 3, 'reg_alpha': 0.1, 'min_child_weight': 1, 'max_depth': 8, 'learning_rate': 0.05, 'gamma': 0, 'colsample_bytree': 0.7, 'colsample_bylevel': 0.8, 'n_estimators': 300}",0.9394923258559622,repeated_stratified,3,1,full,electrode
8,7,0.875,8,4,0.5,8,3,0.375,0.5833333333333334,0.5818627450980393,0.78125,7,1,0,0,4,4,1,4,3,P10,xgb,149,"{'subsample': 0.6, 'reg_lambda': 1, 'reg_alpha': 0, 'min_child_weight': 1, 'max_depth': 2, 'learning_rate': 0.03, 'gamma': 0, 'colsample_bytree': 0.6, 'colsample_bylevel': 0.6, 'n_estimators': 300}",0.8587826315099042,repeated_stratified,3,2,full,electrode
8,8,1.0,8,3,0.375,8,5,0.625,0.6666666666666666,0.6526610644257703,0.8489583333333334,8,0,0,1,3,4,0,3,5,P10,xgb,149,"{'subsample': 0.6, 'reg_lambda': 3, 'reg_alpha': 0.1, 'min_child_weight': 1, 'max_depth': 2, 'learning_rate': 0.05, 'gamma': 0, 'colsample_bytree': 0.7, 'colsample_bylevel': 0.6, 'n_estimators': 300}",0.9011850102759196,repeated_stratified,3,3,full,electrode
8,8,1.0,8,4,0.5,8,3,0.375,0.625,0.6134453781512604,0.8307291666666666,8,0,0,1,4,3,0,5,3,P10,xgb,150,"{'subsample': 0.6, 'reg_lambda': 1, 'reg_alpha': 0, 'min_child_weight': 1, 'max_depth': 2, 'learning_rate': 0.03, 'gamma': 0, 'colsample_bytree': 0.6, 'colsample_bylevel': 0.6, 'n_estimators': 300}",0.9501289955835412,repeated_stratified,3,4,full,electrode
8,6,0.75,8,5,0.625,9,7,0.7777777777777778,0.72,0.7222222222222223,0.8736383442265794,6,1,1,0,5,3,1,1,7,P10,xgb,148,"{'subsample': 0.6, 'reg_lambda': 3, 'reg_alpha': 0.1, 'min_child_weight': 1, 'max_depth': 2, 'learning_rate': 0.05, 'gamma': 0, 'colsample_bytree': 0.7, 'colsample_bylevel': 0.6, 'n_estimators': 300}",0.9180003498185316,repeated_stratified,4,0,full,electrode
9,8,0.8888888888888888,8,5,0.625,8,6,0.75,0.76,0.7546296296296297,0.8922930283224401,8,1,0,1,5,2,0,2,6,P10,xgb,150,"{'subsample': 0.6, 'reg_lambda': 1, 'reg_alpha': 0, 'min_child_weight': 1, 'max_depth': 2, 'learning_rate': 0.03, 'gamma': 0, 'colsample_bytree': 0.6, 'colsample_bylevel': 0.6, 'n_estimators': 300}",0.9232847960120688,repeated_stratified,4,1,full,electrode
8,7,0.875,8,6,0.75,8,5,0.625,0.75,0.7491830065359477,0.8151041666666666,7,0,1,1,6,1,0,3,5,P10,xgb,150,"{'subsample': 0.6, 'reg_lambda': 5, 'reg_alpha': 0, 'min_child_weight': 1, 'max_depth': 2, 'learning_rate': 0.01, 'gamma': 0.3, 'colsample_bytree': 0.7, 'colsample_bylevel': 0.6, 'n_estimators': 300}",0.9147470374743102,repeated_stratified,4,2,full,electrode
8,8,1.0,8,4,0.5,8,2,0.25,0.5833333333333334,0.5499325236167342,0.796875,8,0,0,1,4,3,2,4,2,P10,xgb,150,"{'subsample': 0.6, 'reg_lambda': 3, 'reg_alpha': 0.1, 'min_child_weight': 1, 'max_depth': 2, 'learning_rate': 0.05, 'gamma': 0, 'colsample_bytree': 0.7, 'colsample_bylevel': 0.6, 'n_estimators': 300}",0.9205977524159342,repeated_stratified,4,3,full,electrode
8,8,1.0,8,7,0.875,8,6,0.75,0.875,0.8720588235294118,0.9479166666666666,8,0,0,0,7,1,1,1,6,P10,xgb,150,"{'subsample': 0.6, 'reg_lambda': 1, 'reg_alpha': 0, 'min_child_weight': 1, 'max_depth': 2, 'learning_rate': 0.03, 'gamma': 0, 'colsample_bytree': 0.6, 'colsample_bylevel': 0.6, 'n_estimators': 300}",0.93008658008658,repeated_stratified,4,4,full,electrode
8,8,1.0,8,6,0.75,9,3,0.3333333333333333,0.68,0.656770130454341,0.8208061002178649,8,0,0,1,6,1,2,4,3,P10,xgb,150,"{'subsample': 0.6, 'reg_lambda': 10, 'reg_alpha': 0.1, 'min_child_weight': 1, 'max_depth': 8, 'learning_rate': 0.03, 'gamma': 0.3, 'colsample_bytree': 0.6, 'colsample_bylevel': 0.8, 'n_estimators': 300}",0.9203441339804976,repeated_stratified,5,0,full,electrode
9,9,1.0,8,5,0.625,8,2,0.25,0.64,0.611336032388664,0.8210784313725489,9,0,0,0,5,3,0,6,2,P10,xgb,150,"{'subsample': 0.6, 'reg_lambda': 1, 'reg_alpha': 0, 'min_child_weight': 1, 'max_depth': 2, 'learning_rate': 0.03, 'gamma': 0, 'colsample_bytree': 0.6, 'colsample_bylevel': 0.6, 'n_estimators': 300}",0.907960557960558,repeated_stratified,5,1,full,electrode
8,5,0.625,8,6,0.75,8,4,0.5,0.625,0.6222222222222222,0.8411458333333334,5,2,1,0,6,2,2,2,4,P10,xgb,150,"{'subsample': 0.6, 'reg_lambda': 3, 'reg_alpha': 0.1, 'min_child_weight': 1, 'max_depth': 8, 'learning_rate': 0.05, 'gamma': 0, 'colsample_bytree': 0.7, 'colsample_bylevel': 0.8, 'n_estimators': 300}",0.957199702654248,repeated_stratified,5,2,full,electrode
8,8,1.0,8,6,0.75,8,5,0.625,0.7916666666666666,0.7859477124183006,0.8958333333333334,8,0,0,0,6,2,1,2,5,P10,xgb,150,"{'subsample': 0.6, 'reg_lambda': 3, 'reg_alpha': 0.1, 'min_child_weight': 1, 'max_depth': 8, 'learning_rate': 0.05, 'gamma': 0, 'colsample_bytree': 0.7, 'colsample_bylevel': 0.8, 'n_estimators': 300}",0.8761533079714897,repeated_stratified,5,3,full,electrode
8,7,0.875,8,2,0.25,8,4,0.5,0.5416666666666666,0.53505291005291,0.7838541666666666,7,1,0,0,2,6,1,3,4,P10,xgb,150,"{'subsample': 0.6, 'reg_lambda': 1, 'reg_alpha': 0, 'min_child_weight': 1, 'max_depth': 2, 'learning_rate': 0.03, 'gamma': 0, 'colsample_bytree': 0.6, 'colsample_bylevel': 0.6, 'n_estimators': 300}",0.9154641654641654,repeated_stratified,5,4,full,electrode
8,8,1.0,8,6,0.75,9,2,0.2222222222222222,0.64,0.6162895927601809,0.8762254901960785,8,0,0,0,6,2,1,6,2,P10,xgb,150,"{'subsample': 0.6, 'reg_lambda': 1, 'reg_alpha': 0, 'min_child_weight': 1, 'max_depth': 2, 'learning_rate': 0.03, 'gamma': 0, 'colsample_bytree': 0.6, 'colsample_bylevel': 0.6, 'n_estimators': 300}",0.921341116795662,repeated_stratified,6,0,full,electrode
9,7,0.7777777777777778,8,3,0.375,8,5,0.625,0.6,0.5845496093174112,0.7657952069716775,7,1,1,2,3,3,1,2,5,P10,xgb,149,"{'subsample': 0.6, 'reg_lambda': 1, 'reg_alpha': 0, 'min_child_weight': 1, 'max_depth': 2, 'learning_rate': 0.03, 'gamma': 0, 'colsample_bytree': 0.6, 'colsample_bylevel': 0.6, 'n_estimators': 300}",0.9197800515982334,repeated_stratified,6,1,full,electrode
8,7,0.875,8,3,0.375,8,4,0.5,0.5833333333333334,0.5745098039215687,0.8333333333333334,7,1,0,1,3,4,1,3,4,P10,xgb,150,"{'subsample': 0.6, 'reg_lambda': 1, 'reg_alpha': 0, 'min_child_weight': 1, 'max_depth': 2, 'learning_rate': 0.03, 'gamma': 0, 'colsample_bytree': 0.6, 'colsample_bylevel': 0.6, 'n_estimators': 300}",0.8865735274826183,repeated_stratified,6,2,full,electrode
8,8,1.0,8,6,0.75,8,5,0.625,0.7916666666666666,0.7908496732026143,0.9010416666666666,8,0,0,0,6,2,0,3,5,P10,xgb,150,"{'subsample': 0.6, 'reg_lambda': 1, 'reg_alpha': 0, 'min_child_weight': 1, 'max_depth': 2, 'learning_rate': 0.03, 'gamma': 0, 'colsample_bytree': 0.6, 'colsample_bylevel': 0.6, 'n_estimators': 300}",0.8937754165026893,repeated_stratified,6,3,full,electrode
8,6,0.75,8,4,0.5,8,2,0.25,0.5,0.514954051796157,0.765625,6,1,1,0,4,4,0,6,2,P10,xgb,150,"{'subsample': 0.6, 'reg_lambda': 3, 'reg_alpha': 0.1, 'min_child_weight': 1, 'max_depth': 2, 'learning_rate': 0.05, 'gamma': 0, 'colsample_bytree': 0.7, 'colsample_bylevel': 0.6, 'n_estimators': 300}",0.9275154138790502,repeated_stratified,6,4,full,electrode
8,8,1.0,8,5,0.625,9,5,0.5555555555555556,0.72,0.7254901960784315,0.9067265795206972,8,0,0,0,5,3,0,4,5,P10,xgb,150,"{'subsample': 0.6, 'reg_lambda': 5, 'reg_alpha': 0.5, 'min_child_weight': 1, 'max_depth': 8, 'learning_rate': 0.03, 'gamma': 0.3, 'colsample_bytree': 0.6, 'colsample_bylevel': 0.6, 'n_estimators': 300}",0.9176527176527176,repeated_stratified,7,0,full,electrode
9,8,0.8888888888888888,8,6,0.75,8,5,0.625,0.76,0.7581699346405228,0.8848039215686274,8,1,0,0,6,2,0,3,5,P10,xgb,150,"{'subsample': 0.6, 'reg_lambda': 1, 'reg_alpha': 0, 'min_child_weight': 1, 'max_depth': 2, 'learning_rate': 0.03, 'gamma': 0, 'colsample_bytree': 0.6, 'colsample_bylevel': 0.6, 'n_estimators': 300}",0.9199899427172156,repeated_stratified,7,1,full,electrode
8,8,1.0,8,5,0.625,8,6,0.75,0.7916666666666666,0.7880006703536115,0.8880208333333334,8,0,0,0,5,3,2,0,6,P10,xgb,149,"{'subsample': 0.6, 'reg_lambda': 1, 'reg_alpha': 0, 'min_child_weight': 1, 'max_depth': 2, 'learning_rate': 0.03, 'gamma': 0, 'colsample_bytree': 0.6, 'colsample_bylevel': 0.6, 'n_estimators': 300}",0.9246993746993748,repeated_stratified,7,2,full,electrode
8,6,0.75,8,5,0.625,8,3,0.375,0.5833333333333334,0.5849624060150377,0.7395833333333334,6,1,1,1,5,2,0,5,3,P10,xgb,148,"{'subsample': 0.6, 'reg_lambda': 5, 'reg_alpha': 0.5, 'min_child_weight': 1, 'max_depth': 8, 'learning_rate': 0.03, 'gamma': 0.3, 'colsample_bytree': 0.6, 'colsample_bylevel': 0.6, 'n_estimators': 300}",0.9600747737111374,repeated_stratified,7,3,full,electrode
8,8,1.0,8,7,0.875,8,6,0.75,0.875,0.8745098039215686,0.8958333333333334,8,0,0,0,7,1,0,2,6,P10,xgb,149,"{'subsample': 0.6, 'reg_lambda': 1, 'reg_alpha': 0, 'min_child_weight': 1, 'max_depth': 2, 'learning_rate': 0.03, 'gamma': 0, 'colsample_bytree': 0.6, 'colsample_bylevel': 0.6, 'n_estimators': 300}",0.8877869605142332,repeated_stratified,7,4,full,electrode
8,7,0.875,8,6,0.75,9,3,0.3333333333333333,0.64,0.622473604826546,0.8622004357298475,7,1,0,1,6,1,4,2,3,P10,xgb,150,"{'subsample': 0.6, 'reg_lambda': 3, 'reg_alpha': 0.1, 'min_child_weight': 1, 'max_depth': 2, 'learning_rate': 0.05, 'gamma': 0, 'colsample_bytree': 0.7, 'colsample_bylevel': 0.6, 'n_estimators': 300}",0.9105426559972014,repeated_stratified,8,0,full,electrode
9,9,1.0,8,4,0.5,8,4,0.5,0.68,0.660233918128655,0.8221677559912854,9,0,0,0,4,4,1,3,4,P10,xgb,149,"{'subsample': 0.6, 'reg_lambda': 3, 'reg_alpha': 0.1, 'min_child_weight': 1, 'max_depth': 2, 'learning_rate': 0.05, 'gamma': 0, 'colsample_bytree': 0.7, 'colsample_bylevel': 0.6, 'n_estimators': 300}",0.919362455726092,repeated_stratified,8,1,full,electrode
8,8,1.0,8,4,0.5,8,4,0.5,0.6666666666666666,0.6581699346405229,0.8177083333333334,8,0,0,1,4,3,0,4,4,P10,xgb,149,"{'subsample': 0.6, 'reg_lambda': 1, 'reg_alpha': 0, 'min_child_weight': 1, 'max_depth': 2, 'learning_rate': 0.03, 'gamma': 0, 'colsample_bytree': 0.6, 'colsample_bylevel': 0.6, 'n_estimators': 300}",0.9495824041278588,repeated_stratified,8,2,full,electrode
8,8,1.0,8,4,0.5,8,5,0.625,0.7083333333333334,0.6998366013071896,0.8385416666666666,8,0,0,1,4,3,0,3,5,P10,xgb,150,"{'subsample': 0.6, 'reg_lambda': 1, 'reg_alpha': 0, 'min_child_weight': 1, 'max_depth': 2, 'learning_rate': 0.03, 'gamma': 0, 'colsample_bytree': 0.6, 'colsample_bylevel': 0.6, 'n_estimators': 300}",0.937513664786392,repeated_stratified,8,3,full,electrode
8,8,1.0,8,4,0.5,8,6,0.75,0.75,0.746031746031746,0.8776041666666666,8,0,0,0,4,4,0,2,6,P10,xgb,149,"{'subsample': 0.6, 'reg_lambda': 3, 'reg_alpha': 0.1, 'min_child_weight': 1, 'max_depth': 2, 'learning_rate': 0.05, 'gamma': 0, 'colsample_bytree': 0.7, 'colsample_bylevel': 0.6, 'n_estimators': 300}",0.8953386680659409,repeated_stratified,8,4,full,electrode
8,8,1.0,8,4,0.5,9,5,0.5555555555555556,0.68,0.6766884531590414,0.8052832244008714,8,0,0,0,4,4,1,3,5,P10,xgb,150,"{'subsample': 0.6, 'reg_lambda': 1, 'reg_alpha': 0, 'min_child_weight': 1, 'max_depth': 2, 'learning_rate': 0.03, 'gamma': 0, 'colsample_bytree': 0.6, 'colsample_bylevel': 0.6, 'n_estimators': 300}",0.943932834841926,repeated_stratified,9,0,full,electrode
9,9,1.0,8,5,0.625,8,5,0.625,0.76,0.7464285714285714,0.892156862745098,9,0,0,2,5,1,0,3,5,P10,xgb,150,"{'subsample': 0.6, 'reg_lambda': 1, 'reg_alpha': 0, 'min_child_weight': 1, 'max_depth': 2, 'learning_rate': 0.03, 'gamma': 0, 'colsample_bytree': 0.6, 'colsample_bylevel': 0.6, 'n_estimators': 300}",0.9610673837946564,repeated_stratified,9,1,full,electrode
8,8,1.0,8,7,0.875,8,5,0.625,0.8333333333333334,0.8263305322128852,0.9036458333333334,8,0,0,0,7,1,1,2,5,P10,xgb,150,"{'subsample': 0.6, 'reg_lambda': 1, 'reg_alpha': 0, 'min_child_weight': 1, 'max_depth': 2, 'learning_rate': 0.03, 'gamma': 0, 'colsample_bytree': 0.6, 'colsample_bylevel': 0.6, 'n_estimators': 300}",0.8772093226638682,repeated_stratified,9,2,full,electrode
8,7,0.875,8,7,0.875,8,6,0.75,0.8333333333333334,0.8356209150326798,0.9375,7,0,1,0,7,1,0,2,6,P10,xgb,150,"{'subsample': 0.6, 'reg_lambda': 1, 'reg_alpha': 0, 'min_child_weight': 1, 'max_depth': 2, 'learning_rate': 0.03, 'gamma': 0, 'colsample_bytree': 0.6, 'colsample_bylevel': 0.6, 'n_estimators': 300}",0.9194105557741922,repeated_stratified,9,3,full,electrode
8,7,0.875,8,7,0.875,8,2,0.25,0.6666666666666666,0.6444444444444445,0.9296875,7,1,0,0,7,1,0,6,2,P10,xgb,149,"{'subsample': 0.6, 'reg_lambda': 1, 'reg_alpha': 0, 'min_child_weight': 1, 'max_depth': 2, 'learning_rate': 0.03, 'gamma': 0, 'colsample_bytree': 0.6, 'colsample_bylevel': 0.6, 'n_estimators': 300}",0.9193012374830556,repeated_stratified,9,4,full,electrode
8,8,1.0,8,4,0.5,8,2,0.25,0.5833333333333334,0.5767195767195767,0.8385416666666666,8,0,0,0,4,4,0,6,2,P11,xgb,150,"{'subsample': 0.6, 'reg_lambda': 1, 'reg_alpha': 0, 'min_child_weight': 1, 'max_depth': 2, 'learning_rate': 0.03, 'gamma': 0, 'colsample_bytree': 0.6, 'colsample_bylevel': 0.6, 'n_estimators': 300}",0.9561568061568062,repeated_stratified,0,0,full,electrode
8,8,1.0,8,4,0.5,8,7,0.875,0.7916666666666666,0.7840755735492578,0.9114583333333334,8,0,0,0,4,4,0,1,7,P11,xgb,150,"{'subsample': 0.6, 'reg_lambda': 10, 'reg_alpha': 0.5, 'min_child_weight': 1, 'max_depth': 2, 'learning_rate': 0.05, 'gamma': 0.1, 'colsample_bytree': 0.6, 'colsample_bylevel': 0.6, 'n_estimators': 300}",0.9572150072150072,repeated_stratified,0,1,full,electrode
8,8,1.0,8,4,0.5,8,4,0.5,0.6666666666666666,0.6489557226399331,0.9010416666666666,8,0,0,2,4,2,1,3,4,P11,xgb,149,"{'subsample': 0.8, 'reg_lambda': 10, 'reg_alpha': 0.1, 'min_child_weight': 1, 'max_depth': 16, 'learning_rate': 0.01, 'gamma': 0.1, 'colsample_bytree': 0.6, 'colsample_bylevel': 0.6, 'n_estimators': 300}",0.9484607984607984,repeated_stratified,0,2,full,electrode
8,8,1.0,8,4,0.5,8,5,0.625,0.7083333333333334,0.6998366013071896,0.8619791666666666,8,0,0,1,4,3,0,3,5,P11,xgb,149,"{'subsample': 0.6, 'reg_lambda': 3, 'reg_alpha': 0.1, 'min_child_weight': 1, 'max_depth': 2, 'learning_rate': 0.05, 'gamma': 0, 'colsample_bytree': 0.7, 'colsample_bylevel': 0.6, 'n_estimators': 300}",0.9643097643097645,repeated_stratified,0,3,full,electrode
8,8,1.0,8,4,0.5,8,3,0.375,0.625,0.6134453781512604,0.8515625,8,0,0,1,4,3,0,5,3,P11,xgb,149,"{'subsample': 0.6, 'reg_lambda': 1, 'reg_alpha': 0, 'min_child_weight': 1, 'max_depth': 2, 'learning_rate': 0.03, 'gamma': 0, 'colsample_bytree': 0.6, 'colsample_bylevel': 0.6, 'n_estimators': 300}",0.9304473304473304,repeated_stratified,0,4,full,electrode
8,8,1.0,8,6,0.75,8,4,0.5,0.75,0.746031746031746,0.8984375,8,0,0,0,6,2,0,4,4,P11,xgb,150,"{'subsample': 0.6, 'reg_lambda': 3, 'reg_alpha': 0.1, 'min_child_weight': 1, 'max_depth': 8, 'learning_rate': 0.05, 'gamma': 0, 'colsample_bytree': 0.7, 'colsample_bylevel': 0.8, 'n_estimators': 300}",0.9253727753727752,repeated_stratified,1,0,full,electrode
8,8,1.0,8,5,0.625,8,7,0.875,0.8333333333333334,0.8263305322128852,0.8880208333333334,8,0,0,1,5,2,0,1,7,P11,xgb,148,"{'subsample': 0.8, 'reg_lambda': 1, 'reg_alpha': 0.1, 'min_child_weight': 1, 'max_depth': 4, 'learning_rate': 0.05, 'gamma': 0.5, 'colsample_bytree': 0.7, 'colsample_bylevel': 0.6, 'n_estimators': 300}",0.9448292448292448,repeated_stratified,1,1,full,electrode
8,8,1.0,8,6,0.75,8,5,0.625,0.7916666666666666,0.7908496732026143,0.9140625,8,0,0,0,6,2,0,3,5,P11,xgb,150,"{'subsample': 0.6, 'reg_lambda': 3, 'reg_alpha': 0.1, 'min_child_weight': 1, 'max_depth': 8, 'learning_rate': 0.05, 'gamma': 0, 'colsample_bytree': 0.7, 'colsample_bylevel': 0.8, 'n_estimators': 300}",0.9502405002405,repeated_stratified,1,2,full,electrode
8,8,1.0,8,3,0.375,8,6,0.75,0.7083333333333334,0.697705802968961,0.8776041666666666,8,0,0,0,3,5,0,2,6,P11,xgb,149,"{'subsample': 0.6, 'reg_lambda': 3, 'reg_alpha': 0.1, 'min_child_weight': 1, 'max_depth': 8, 'learning_rate': 0.05, 'gamma': 0, 'colsample_bytree': 0.7, 'colsample_bylevel': 0.8, 'n_estimators': 300}",0.9405964405964404,repeated_stratified,1,3,full,electrode
8,8,1.0,8,5,0.625,8,6,0.75,0.7916666666666666,0.7859477124183006,0.9036458333333334,8,0,0,1,5,2,0,2,6,P11,xgb,149,"{'subsample': 0.6, 'reg_lambda': 3, 'reg_alpha': 0.1, 'min_child_weight': 1, 'max_depth': 8, 'learning_rate': 0.05, 'gamma': 0, 'colsample_bytree': 0.7, 'colsample_bylevel': 0.8, 'n_estimators': 300}",0.9383597883597884,repeated_stratified,1,4,full,electrode
8,8,1.0,8,5,0.625,8,4,0.5,0.7083333333333334,0.7071895424836602,0.8411458333333334,8,0,0,0,5,3,0,4,4,P11,xgb,149,"{'subsample': 0.6, 'reg_lambda': 3, 'reg_alpha': 0.1, 'min_child_weight': 1, 'max_depth': 2, 'learning_rate': 0.05, 'gamma': 0, 'colsample_bytree': 0.7, 'colsample_bylevel': 0.6, 'n_estimators': 300}",0.95988455988456,repeated_stratified,2,0,full,electrode
8,8,1.0,8,5,0.625,8,4,0.5,0.7083333333333334,0.7071895424836602,0.8307291666666666,8,0,0,0,5,3,0,4,4,P11,xgb,148,"{'subsample': 0.6, 'reg_lambda': 1, 'reg_alpha': 0, 'min_child_weight': 1, 'max_depth': 2, 'learning_rate': 0.03, 'gamma': 0, 'colsample_bytree': 0.6, 'colsample_bylevel': 0.6, 'n_estimators': 300}",0.9527176527176529,repeated_stratified,2,1,full,electrode
8,8,1.0,8,5,0.625,8,6,0.75,0.7916666666666666,0.7859477124183006,0.8802083333333334,8,0,0,1,5,2,0,2,6,P11,xgb,149,"{'subsample': 0.6, 'reg_lambda': 3, 'reg_alpha': 0.1, 'min_child_weight': 1, 'max_depth': 8, 'learning_rate': 0.05, 'gamma': 0, 'colsample_bytree': 0.7, 'colsample_bylevel': 0.8, 'n_estimators': 300}",0.9500721500721502,repeated_stratified,2,2,full,electrode
8,8,1.0,8,6,0.75,8,4,0.5,0.75,0.746031746031746,0.9401041666666666,8,0,0,0,6,2,0,4,4,P11,xgb,150,"{'subsample': 0.6, 'reg_lambda': 3, 'reg_alpha': 0.1, 'min_child_weight': 1, 'max_depth': 8, 'learning_rate': 0.05, 'gamma': 0, 'colsample_bytree': 0.7, 'colsample_bylevel': 0.8, 'n_estimators': 300}",0.9377585377585378,repeated_stratified,2,3,full,electrode
8,8,1.0,8,6,0.75,8,7,0.875,0.875,0.8745098039215686,0.9322916666666666,8,0,0,0,6,2,0,1,7,P11,xgb,147,"{'subsample': 0.6, 'reg_lambda': 1, 'reg_alpha': 0, 'min_child_weight': 1, 'max_depth': 2, 'learning_rate': 0.03, 'gamma': 0, 'colsample_bytree': 0.6, 'colsample_bylevel': 0.6, 'n_estimators': 300}",0.931890331890332,repeated_stratified,2,4,full,electrode
8,7,0.875,8,4,0.5,8,3,0.375,0.5833333333333334,0.5929738562091503,0.8177083333333334,7,0,1,0,4,4,0,5,3,P11,xgb,146,"{'subsample': 0.6, 'reg_lambda': 3, 'reg_alpha': 0.1, 'min_child_weight': 1, 'max_depth': 2, 'learning_rate': 0.05, 'gamma': 0, 'colsample_bytree': 0.7, 'colsample_bylevel': 0.6, 'n_estimators': 300}",0.9774891774891774,repeated_stratified,3,0,full,electrode
8,8,1.0,8,5,0.625,8,6,0.75,0.7916666666666666,0.7859477124183006,0.9322916666666666,8,0,0,1,5,2,0,2,6,P11,xgb,150,"{'subsample': 0.6, 'reg_lambda': 1, 'reg_alpha': 0, 'min_child_weight': 1, 'max_depth': 2, 'learning_rate': 0.03, 'gamma': 0, 'colsample_bytree': 0.6, 'colsample_bylevel': 0.6, 'n_estimators': 300}",0.9463443963443964,repeated_stratified,3,1,full,electrode
8,8,1.0,8,5,0.625,8,3,0.375,0.6666666666666666,0.6613756613756614,0.890625,8,0,0,0,5,3,0,5,3,P11,xgb,150,"{'subsample': 0.6, 'reg_lambda': 1, 'reg_alpha': 0, 'min_child_weight': 1, 'max_depth': 2, 'learning_rate': 0.03, 'gamma': 0, 'colsample_bytree': 0.6, 'colsample_bylevel': 0.6, 'n_estimators': 300}",0.9317460317460317,repeated_stratified,3,2,full,electrode
8,8,1.0,8,7,0.875,8,2,0.25,0.7083333333333334,0.6767676767676768,0.8541666666666666,8,0,0,0,7,1,0,6,2,P11,xgb,150,"{'subsample': 0.6, 'reg_lambda': 1, 'reg_alpha': 0, 'min_child_weight': 1, 'max_depth': 2, 'learning_rate': 0.03, 'gamma': 0, 'colsample_bytree': 0.6, 'colsample_bylevel': 0.6, 'n_estimators': 300}",0.9207070707070708,repeated_stratified,3,3,full,electrode
8,7,0.875,8,2,0.25,8,6,0.75,0.625,0.604757085020243,0.8307291666666666,7,1,0,1,2,5,0,2,6,P11,xgb,148,"{'subsample': 0.6, 'reg_lambda': 1, 'reg_alpha': 0, 'min_child_weight': 1, 'max_depth': 2, 'learning_rate': 0.03, 'gamma': 0, 'colsample_bytree': 0.6, 'colsample_bylevel': 0.6, 'n_estimators': 300}",0.9482924482924484,repeated_stratified,3,4,full,electrode
8,8,1.0,8,5,0.625,8,5,0.625,0.75,0.75,0.890625,8,0,0,0,5,3,0,3,5,P11,xgb,149,"{'subsample': 0.6, 'reg_lambda': 3, 'reg_alpha': 0.1, 'min_child_weight': 1, 'max_depth': 2, 'learning_rate': 0.05, 'gamma': 0, 'colsample_bytree': 0.7, 'colsample_bylevel': 0.6, 'n_estimators': 300}",0.937926887926888,repeated_stratified,4,0,full,electrode
8,8,1.0,8,6,0.75,8,4,0.5,0.75,0.746031746031746,0.8697916666666666,8,0,0,0,6,2,0,4,4,P11,xgb,150,"{'subsample': 0.6, 'reg_lambda': 1, 'reg_alpha': 0, 'min_child_weight': 1, 'max_depth': 2, 'learning_rate': 0.03, 'gamma': 0, 'colsample_bytree': 0.6, 'colsample_bylevel': 0.6, 'n_estimators': 300}",0.954088504088504,repeated_stratified,4,1,full,electrode
8,7,0.875,8,7,0.875,8,5,0.625,0.7916666666666666,0.7925925925925926,0.9270833333333334,7,0,1,0,7,1,0,3,5,P11,xgb,150,"{'subsample': 0.6, 'reg_lambda': 3, 'reg_alpha': 0.1, 'min_child_weight': 1, 'max_depth': 8, 'learning_rate': 0.05, 'gamma': 0, 'colsample_bytree': 0.7, 'colsample_bylevel': 0.8, 'n_estimators': 300}",0.9127224627224626,repeated_stratified,4,2,full,electrode
8,7,0.875,8,5,0.625,8,6,0.75,0.75,0.7547385620915033,0.8515625,7,1,0,0,5,3,0,2,6,P11,xgb,149,"{'subsample': 0.6, 'reg_lambda': 1, 'reg_alpha': 0, 'min_child_weight': 1, 'max_depth': 2, 'learning_rate': 0.03, 'gamma': 0, 'colsample_bytree': 0.6, 'colsample_bylevel': 0.6, 'n_estimators': 300}",0.9460798460798462,repeated_stratified,4,3,full,electrode
8,8,1.0,8,3,0.375,8,3,0.375,0.5833333333333334,0.5629629629629629,0.8307291666666666,8,0,0,1,3,4,1,4,3,P11,xgb,148,"{'subsample': 0.6, 'reg_lambda': 3, 'reg_alpha': 0.1, 'min_child_weight': 1, 'max_depth': 2, 'learning_rate': 0.05, 'gamma': 0, 'colsample_bytree': 0.7, 'colsample_bylevel': 0.6, 'n_estimators': 300}",0.9622174122174122,repeated_stratified,4,4,full,electrode
8,8,1.0,8,3,0.375,8,5,0.625,0.6666666666666666,0.6474867724867724,0.8776041666666666,8,0,0,2,3,3,0,3,5,P11,xgb,150,"{'subsample': 0.6, 'reg_lambda': 1, 'reg_alpha': 0, 'min_child_weight': 1, 'max_depth': 2, 'learning_rate': 0.03, 'gamma': 0, 'colsample_bytree': 0.6, 'colsample_bylevel': 0.6, 'n_estimators': 300}",0.9387686387686388,repeated_stratified,5,0,full,electrode
8,8,1.0,8,7,0.875,8,5,0.625,0.8333333333333334,0.8306878306878307,0.9348958333333334,8,0,0,0,7,1,0,3,5,P11,xgb,149,"{'subsample': 0.6, 'reg_lambda': 1, 'reg_alpha': 0, 'min_child_weight': 1, 'max_depth': 2, 'learning_rate': 0.03, 'gamma': 0, 'colsample_bytree': 0.6, 'colsample_bylevel': 0.6, 'n_estimators': 300}",0.9714766714766716,repeated_stratified,5,1,full,electrode
8,7,0.875,8,4,0.5,8,6,0.75,0.7083333333333334,0.7121136173767754,0.9010416666666666,7,0,1,0,4,4,0,2,6,P11,xgb,149,"{'subsample': 0.6, 'reg_lambda': 1, 'reg_alpha': 0, 'min_child_weight': 1, 'max_depth': 2, 'learning_rate': 0.03, 'gamma': 0, 'colsample_bytree': 0.6, 'colsample_bylevel': 0.6, 'n_estimators': 300}",0.9407647907647908,repeated_stratified,5,2,full,electrode
8,8,1.0,8,4,0.5,8,5,0.625,0.7083333333333334,0.7071895424836602,0.8567708333333334,8,0,0,0,4,4,0,3,5,P11,xgb,147,"{'subsample': 0.6, 'reg_lambda': 3, 'reg_alpha': 0.1, 'min_child_weight': 1, 'max_depth': 2, 'learning_rate': 0.05, 'gamma': 0, 'colsample_bytree': 0.7, 'colsample_bylevel': 0.6, 'n_estimators': 300}",0.9045454545454548,repeated_stratified,5,3,full,electrode
8,8,1.0,8,6,0.75,8,5,0.625,0.7916666666666666,0.7908496732026143,0.9453125,8,0,0,0,6,2,0,3,5,P11,xgb,148,"{'subsample': 0.6, 'reg_lambda': 3, 'reg_alpha': 0.1, 'min_child_weight': 1, 'max_depth': 2, 'learning_rate': 0.05, 'gamma': 0, 'colsample_bytree': 0.7, 'colsample_bylevel': 0.6, 'n_estimators': 300}",0.9515151515151516,repeated_stratified,5,4,full,electrode
8,8,1.0,8,5,0.625,8,5,0.625,0.75,0.75,0.9036458333333334,8,0,0,0,5,3,0,3,5,P11,xgb,150,"{'subsample': 0.6, 'reg_lambda': 3, 'reg_alpha': 0.1, 'min_child_weight': 1, 'max_depth': 2, 'learning_rate': 0.05, 'gamma': 0, 'colsample_bytree': 0.7, 'colsample_bylevel': 0.6, 'n_estimators': 300}",0.9402597402597404,repeated_stratified,6,0,full,electrode
8,8,1.0,8,2,0.25,8,5,0.625,0.625,0.611336032388664,0.8567708333333334,8,0,0,0,2,6,0,3,5,P11,xgb,150,"{'subsample': 0.6, 'reg_lambda': 1, 'reg_alpha': 0, 'min_child_weight': 1, 'max_depth': 2, 'learning_rate': 0.03, 'gamma': 0, 'colsample_bytree': 0.6, 'colsample_bylevel': 0.6, 'n_estimators': 300}",0.9041847041847042,repeated_stratified,6,1,full,electrode
8,8,1.0,8,4,0.5,8,6,0.75,0.75,0.7358299595141701,0.9244791666666666,8,0,0,2,4,2,1,1,6,P11,xgb,150,"{'subsample': 0.6, 'reg_lambda': 1, 'reg_alpha': 0, 'min_child_weight': 1, 'max_depth': 2, 'learning_rate': 0.03, 'gamma': 0, 'colsample_bytree': 0.6, 'colsample_bylevel': 0.6, 'n_estimators': 300}",0.9328763828763827,repeated_stratified,6,2,full,electrode
8,8,1.0,8,5,0.625,8,5,0.625,0.75,0.744281045751634,0.8984375,8,0,0,1,5,2,0,3,5,P11,xgb,150,"{'subsample': 0.6, 'reg_lambda': 1, 'reg_alpha': 0, 'min_child_weight': 1, 'max_depth': 2, 'learning_rate': 0.03, 'gamma': 0, 'colsample_bytree': 0.6, 'colsample_bylevel': 0.6, 'n_estimators': 300}",0.9365079365079364,repeated_stratified,6,3,full,electrode
8,8,1.0,8,5,0.625,8,4,0.5,0.7083333333333334,0.7071895424836602,0.8984375,8,0,0,0,5,3,0,4,4,P11,xgb,149,"{'subsample': 0.6, 'reg_lambda': 3, 'reg_alpha': 0.1, 'min_child_weight': 1, 'max_depth': 2, 'learning_rate': 0.05, 'gamma': 0, 'colsample_bytree': 0.7, 'colsample_bylevel': 0.6, 'n_estimators': 300}",0.9354256854256854,repeated_stratified,6,4,full,electrode
8,8,1.0,8,3,0.375,8,6,0.75,0.7083333333333334,0.697705802968961,0.8984375,8,0,0,0,3,5,0,2,6,P11,xgb,150,"{'subsample': 0.6, 'reg_lambda': 3, 'reg_alpha': 0.1, 'min_child_weight': 1, 'max_depth': 2, 'learning_rate': 0.05, 'gamma': 0, 'colsample_bytree': 0.7, 'colsample_bylevel': 0.6, 'n_estimators': 300}",0.944107744107744,repeated_stratified,7,0,full,electrode
8,8,1.0,8,5,0.625,8,3,0.375,0.6666666666666666,0.6613756613756614,0.8619791666666666,8,0,0,0,5,3,0,5,3,P11,xgb,149,"{'subsample': 0.6, 'reg_lambda': 1, 'reg_alpha': 0, 'min_child_weight': 1, 'max_depth': 2, 'learning_rate': 0.03, 'gamma': 0, 'colsample_bytree': 0.6, 'colsample_bylevel': 0.6, 'n_estimators': 300}",0.9391053391053392,repeated_stratified,7,1,full,electrode
8,8,1.0,8,6,0.75,8,6,0.75,0.8333333333333334,0.8333333333333334,0.9453125,8,0,0,0,6,2,0,2,6,P11,xgb,148,"{'subsample': 0.6, 'reg_lambda': 1, 'reg_alpha': 0, 'min_child_weight': 1, 'max_depth': 2, 'learning_rate': 0.03, 'gamma': 0, 'colsample_bytree': 0.6, 'colsample_bylevel': 0.6, 'n_estimators': 300}",0.9375661375661376,repeated_stratified,7,2,full,electrode
8,8,1.0,8,3,0.375,8,5,0.625,0.6666666666666666,0.6526610644257703,0.8020833333333334,8,0,0,1,3,4,0,3,5,P11,xgb,150,"{'subsample': 0.6, 'reg_lambda': 3, 'reg_alpha': 0.1, 'min_child_weight': 1, 'max_depth': 2, 'learning_rate': 0.05, 'gamma': 0, 'colsample_bytree': 0.7, 'colsample_bylevel': 0.6, 'n_estimators': 300}",0.9125541125541125,repeated_stratified,7,3,full,electrode
8,8,1.0,8,3,0.375,8,6,0.75,0.7083333333333334,0.697705802968961,0.8854166666666666,8,0,0,0,3,5,0,2,6,P11,xgb,150,"{'subsample': 0.6, 'reg_lambda': 3, 'reg_alpha': 0.1, 'min_child_weight': 1, 'max_depth': 8, 'learning_rate': 0.05, 'gamma': 0, 'colsample_bytree': 0.7, 'colsample_bylevel': 0.8, 'n_estimators': 300}",0.9358104858104858,repeated_stratified,7,4,full,electrode
8,8,1.0,8,6,0.75,8,4,0.5,0.75,0.746031746031746,0.9010416666666666,8,0,0,0,6,2,0,4,4,P11,xgb,149,"{'subsample': 0.6, 'reg_lambda': 1, 'reg_alpha': 0, 'min_child_weight': 1, 'max_depth': 2, 'learning_rate': 0.03, 'gamma': 0, 'colsample_bytree': 0.6, 'colsample_bylevel': 0.6, 'n_estimators': 300}",0.9417748917748916,repeated_stratified,8,0,full,electrode
8,8,1.0,8,5,0.625,8,7,0.875,0.8333333333333334,0.8263305322128852,0.9713541666666666,8,0,0,1,5,2,0,1,7,P11,xgb,148,"{'subsample': 0.6, 'reg_lambda': 1, 'reg_alpha': 0, 'min_child_weight': 1, 'max_depth': 2, 'learning_rate': 0.03, 'gamma': 0, 'colsample_bytree': 0.6, 'colsample_bylevel': 0.6, 'n_estimators': 300}",0.930880230880231,repeated_stratified,8,1,full,electrode
8,8,1.0,8,5,0.625,8,5,0.625,0.75,0.7407407407407406,0.8984375,8,0,0,1,5,2,1,2,5,P11,xgb,149,"{'subsample': 0.6, 'reg_lambda': 3, 'reg_alpha': 0.1, 'min_child_weight': 1, 'max_depth': 2, 'learning_rate': 0.05, 'gamma': 0, 'colsample_bytree': 0.7, 'colsample_bylevel': 0.6, 'n_estimators': 300}",0.9293650793650792,repeated_stratified,8,2,full,electrode
8,8,1.0,8,5,0.625,8,4,0.5,0.7083333333333334,0.7071895424836602,0.8567708333333334,8,0,0,0,5,3,0,4,4,P11,xgb,149,"{'subsample': 0.6, 'reg_lambda': 1, 'reg_alpha': 0, 'min_child_weight': 1, 'max_depth': 2, 'learning_rate': 0.03, 'gamma': 0, 'colsample_bytree': 0.6, 'colsample_bylevel': 0.6, 'n_estimators': 300}",0.9716450216450218,repeated_stratified,8,3,full,electrode
8,8,1.0,8,4,0.5,8,5,0.625,0.7083333333333334,0.7071895424836602,0.8802083333333334,8,0,0,0,4,4,0,3,5,P11,xgb,150,"{'subsample': 0.6, 'reg_lambda': 1, 'reg_alpha': 0, 'min_child_weight': 1, 'max_depth': 2, 'learning_rate': 0.03, 'gamma': 0, 'colsample_bytree': 0.6, 'colsample_bylevel': 0.6, 'n_estimators': 300}",0.9383357383357382,repeated_stratified,8,4,full,electrode
8,8,1.0,8,3,0.375,8,5,0.625,0.6666666666666666,0.6613756613756614,0.8567708333333334,8,0,0,0,3,5,0,3,5,P11,xgb,149,"{'subsample': 0.6, 'reg_lambda': 3, 'reg_alpha': 0.1, 'min_child_weight': 1, 'max_depth': 8, 'learning_rate': 0.05, 'gamma': 0, 'colsample_bytree': 0.7, 'colsample_bylevel': 0.8, 'n_estimators': 300}",0.9406204906204906,repeated_stratified,9,0,full,electrode
8,8,1.0,8,5,0.625,8,6,0.75,0.7916666666666666,0.7908496732026143,0.9114583333333334,8,0,0,0,5,3,0,2,6,P11,xgb,150,"{'subsample': 0.6, 'reg_lambda': 3, 'reg_alpha': 0.1, 'min_child_weight': 1, 'max_depth': 2, 'learning_rate': 0.05, 'gamma': 0, 'colsample_bytree': 0.7, 'colsample_bylevel': 0.6, 'n_estimators': 300}",0.9117123617123618,repeated_stratified,9,1,full,electrode
8,8,1.0,8,6,0.75,8,5,0.625,0.7916666666666666,0.7908496732026143,0.9088541666666666,8,0,0,0,6,2,0,3,5,P11,xgb,149,"{'subsample': 0.6, 'reg_lambda': 3, 'reg_alpha': 0.1, 'min_child_weight': 1, 'max_depth': 2, 'learning_rate': 0.05, 'gamma': 0, 'colsample_bytree': 0.7, 'colsample_bylevel': 0.6, 'n_estimators': 300}",0.9514911014911016,repeated_stratified,9,2,full,electrode
8,7,0.875,8,7,0.875,8,7,0.875,0.875,0.875,0.9479166666666666,7,0,1,1,7,0,0,1,7,P11,xgb,147,"{'subsample': 0.6, 'reg_lambda': 1, 'reg_alpha': 0, 'min_child_weight': 1, 'max_depth': 2, 'learning_rate': 0.03, 'gamma': 0, 'colsample_bytree': 0.6, 'colsample_bylevel': 0.6, 'n_estimators': 300}",0.9392736892736891,repeated_stratified,9,3,full,electrode
8,7,0.875,8,4,0.5,8,5,0.625,0.6666666666666666,0.674074074074074,0.8385416666666666,7,0,1,0,4,4,0,3,5,P11,xgb,148,"{'subsample': 0.6, 'reg_lambda': 1, 'reg_alpha': 0, 'min_child_weight': 1, 'max_depth': 2, 'learning_rate': 0.03, 'gamma': 0, 'colsample_bytree': 0.6, 'colsample_bylevel': 0.6, 'n_estimators': 300}",0.9647186147186148,repeated_stratified,9,4,full,electrode
8,8,1.0,8,6,0.75,8,3,0.375,0.7083333333333334,0.6977058029689608,0.8984375,8,0,0,0,6,2,0,5,3,P12,xgb,149,"{'subsample': 0.6, 'reg_lambda': 3, 'reg_alpha': 0.1, 'min_child_weight': 1, 'max_depth': 2, 'learning_rate': 0.05, 'gamma': 0, 'colsample_bytree': 0.7, 'colsample_bylevel': 0.6, 'n_estimators': 300}",0.9593795093795092,repeated_stratified,0,0,full,electrode
8,8,1.0,8,5,0.625,8,3,0.375,0.6666666666666666,0.6613756613756614,0.8385416666666666,8,0,0,0,5,3,0,5,3,P12,xgb,148,"{'subsample': 0.6, 'reg_lambda': 3, 'reg_alpha': 0.1, 'min_child_weight': 1, 'max_depth': 2, 'learning_rate': 0.05, 'gamma': 0, 'colsample_bytree': 0.7, 'colsample_bylevel': 0.6, 'n_estimators': 300}",0.9542568542568542,repeated_stratified,0,1,full,electrode
8,8,1.0,8,3,0.375,8,2,0.25,0.5416666666666666,0.5276143790849673,0.7786458333333334,8,0,0,0,3,5,1,5,2,P12,xgb,150,"{'subsample': 0.6, 'reg_lambda': 1, 'reg_alpha': 0, 'min_child_weight': 1, 'max_depth': 2, 'learning_rate': 0.03, 'gamma': 0, 'colsample_bytree': 0.6, 'colsample_bylevel': 0.6, 'n_estimators': 300}",0.908008658008658,repeated_stratified,0,2,full,electrode
8,8,1.0,8,6,0.75,8,5,0.625,0.7916666666666666,0.7859477124183006,0.9244791666666666,8,0,0,0,6,2,1,2,5,P12,xgb,150,"{'subsample': 0.6, 'reg_lambda': 3, 'reg_alpha': 0.1, 'min_child_weight': 1, 'max_depth': 8, 'learning_rate': 0.05, 'gamma': 0, 'colsample_bytree': 0.7, 'colsample_bylevel': 0.8, 'n_estimators': 300}",0.9318422318422318,repeated_stratified,0,3,full,electrode
8,8,1.0,8,5,0.625,8,5,0.625,0.75,0.744281045751634,0.84375,8,0,0,0,5,3,1,2,5,P12,xgb,150,"{'subsample': 0.6, 'reg_lambda': 1, 'reg_alpha': 0, 'min_child_weight': 1, 'max_depth': 2, 'learning_rate': 0.03, 'gamma': 0, 'colsample_bytree': 0.6, 'colsample_bylevel': 0.6, 'n_estimators': 300}",0.951058201058201,repeated_stratified,0,4,full,electrode
8,8,1.0,8,3,0.375,8,5,0.625,0.6666666666666666,0.6613756613756614,0.8723958333333334,8,0,0,0,3,5,0,3,5,P12,xgb,150,"{'subsample': 0.6, 'reg_lambda': 3, 'reg_alpha': 0.1, 'min_child_weight': 1, 'max_depth': 2, 'learning_rate': 0.05, 'gamma': 0, 'colsample_bytree': 0.7, 'colsample_bylevel': 0.6, 'n_estimators': 300}",0.9463443963443964,repeated_stratified,1,0,full,electrode
8,8,1.0,8,5,0.625,8,3,0.375,0.6666666666666666,0.6474867724867724,0.8776041666666666,8,0,0,0,5,3,2,3,3,P12,xgb,150,"{'subsample': 0.6, 'reg_lambda': 1, 'reg_alpha': 0, 'min_child_weight': 1, 'max_depth': 2, 'learning_rate': 0.03, 'gamma': 0, 'colsample_bytree': 0.6, 'colsample_bylevel': 0.6, 'n_estimators': 300}",0.94997594997595,repeated_stratified,1,1,full,electrode
8,8,1.0,8,5,0.625,8,5,0.625,0.75,0.75,0.8984375,8,0,0,0,5,3,0,3,5,P12,xgb,150,"{'subsample': 0.6, 'reg_lambda': 1, 'reg_alpha': 0, 'min_child_weight': 1, 'max_depth': 2, 'learning_rate': 0.03, 'gamma': 0, 'colsample_bytree': 0.6, 'colsample_bylevel': 0.6, 'n_estimators': 300}",0.962987012987013,repeated_stratified,1,2,full,electrode
8,8,1.0,8,6,0.75,8,6,0.75,0.8333333333333334,0.8333333333333334,0.9375,8,0,0,0,6,2,0,2,6,P12,xgb,149,"{'subsample': 0.6, 'reg_lambda': 3, 'reg_alpha': 0.1, 'min_child_weight': 1, 'max_depth': 2, 'learning_rate': 0.05, 'gamma': 0, 'colsample_bytree': 0.7, 'colsample_bylevel': 0.6, 'n_estimators': 300}",0.9313131313131312,repeated_stratified,1,3,full,electrode
8,8,1.0,8,4,0.5,8,2,0.25,0.5833333333333334,0.5658263305322128,0.7708333333333334,8,0,0,0,4,4,1,5,2,P12,xgb,147,"{'subsample': 0.6, 'reg_lambda': 1, 'reg_alpha': 0, 'min_child_weight': 1, 'max_depth': 2, 'learning_rate': 0.03, 'gamma': 0, 'colsample_bytree': 0.6, 'colsample_bylevel': 0.6, 'n_estimators': 300}",0.9465608465608466,repeated_stratified,1,4,full,electrode
8,8,1.0,8,4,0.5,8,6,0.75,0.75,0.746031746031746,0.8854166666666666,8,0,0,0,4,4,0,2,6,P12,xgb,150,"{'subsample': 0.6, 'reg_lambda': 10, 'reg_alpha': 0.5, 'min_child_weight': 1, 'max_depth': 2, 'learning_rate': 0.05, 'gamma': 0.1, 'colsample_bytree': 0.6, 'colsample_bylevel': 0.6, 'n_estimators': 300}",0.8625541125541125,repeated_stratified,2,0,full,electrode
8,7,0.875,8,5,0.625,8,3,0.375,0.625,0.6197089947089948,0.7161458333333334,7,1,0,0,5,3,1,4,3,P12,xgb,148,"{'subsample': 0.6, 'reg_lambda': 1, 'reg_alpha': 0, 'min_child_weight': 1, 'max_depth': 2, 'learning_rate': 0.03, 'gamma': 0, 'colsample_bytree': 0.6, 'colsample_bylevel': 0.6, 'n_estimators': 300}",0.9650793650793648,repeated_stratified,2,1,full,electrode
8,8,1.0,8,5,0.625,8,2,0.25,0.625,0.611336032388664,0.8177083333333334,8,0,0,0,5,3,0,6,2,P12,xgb,149,"{'subsample': 0.6, 'reg_lambda': 3, 'reg_alpha': 0.1, 'min_child_weight': 1, 'max_depth': 2, 'learning_rate': 0.05, 'gamma': 0, 'colsample_bytree': 0.7, 'colsample_bylevel': 0.6, 'n_estimators': 300}",0.9566137566137566,repeated_stratified,2,2,full,electrode
8,8,1.0,8,5,0.625,8,7,0.875,0.8333333333333334,0.8306878306878307,0.9453125,8,0,0,0,5,3,0,1,7,P12,xgb,150,"{'subsample': 0.6, 'reg_lambda': 1, 'reg_alpha': 0, 'min_child_weight': 1, 'max_depth': 2, 'learning_rate': 0.03, 'gamma': 0, 'colsample_bytree': 0.6, 'colsample_bylevel': 0.6, 'n_estimators': 300}",0.956108706108706,repeated_stratified,2,3,full,electrode
8,8,1.0,8,5,0.625,8,4,0.5,0.7083333333333334,0.7071895424836602,0.8359375,8,0,0,0,5,3,0,4,4,P12,xgb,150,"{'subsample': 0.6, 'reg_lambda': 3, 'reg_alpha': 0.1, 'min_child_weight': 1, 'max_depth': 2, 'learning_rate': 0.05, 'gamma': 0, 'colsample_bytree': 0.7, 'colsample_bylevel': 0.6, 'n_estimators': 300}",0.9268157768157768,repeated_stratified,2,4,full,electrode
8,8,1.0,8,3,0.375,8,6,0.75,0.7083333333333334,0.6909184726522187,0.8098958333333334,8,0,0,0,3,5,1,1,6,P12,xgb,150,"{'subsample': 0.6, 'reg_lambda': 3, 'reg_alpha': 0.1, 'min_child_weight': 1, 'max_depth': 2, 'learning_rate': 0.05, 'gamma': 0, 'colsample_bytree': 0.7, 'colsample_bylevel': 0.6, 'n_estimators': 300}",0.9303270803270804,repeated_stratified,3,0,full,electrode
8,8,1.0,8,3,0.375,8,4,0.5,0.625,0.6235294117647059,0.7734375,8,0,0,0,3,5,0,4,4,P12,xgb,149,"{'subsample': 0.6, 'reg_lambda': 3, 'reg_alpha': 0.1, 'min_child_weight': 1, 'max_depth': 2, 'learning_rate': 0.05, 'gamma': 0, 'colsample_bytree': 0.7, 'colsample_bylevel': 0.6, 'n_estimators': 300}",0.9534391534391534,repeated_stratified,3,1,full,electrode
8,8,1.0,8,5,0.625,8,4,0.5,0.7083333333333334,0.7071895424836602,0.8463541666666666,8,0,0,0,5,3,0,4,4,P12,xgb,148,"{'subsample': 0.6, 'reg_lambda': 3, 'reg_alpha': 0.1, 'min_child_weight': 1, 'max_depth': 2, 'learning_rate': 0.05, 'gamma': 0, 'colsample_bytree': 0.7, 'colsample_bylevel': 0.6, 'n_estimators': 300}",0.9734728234728236,repeated_stratified,3,2,full,electrode
8,8,1.0,8,6,0.75,8,6,0.75,0.8333333333333334,0.8333333333333334,0.953125,8,0,0,0,6,2,0,2,6,P12,xgb,150,"{'subsample': 0.6, 'reg_lambda': 1, 'reg_alpha': 0, 'min_child_weight': 1, 'max_depth': 2, 'learning_rate': 0.03, 'gamma': 0, 'colsample_bytree': 0.6, 'colsample_bylevel': 0.6, 'n_estimators': 300}",0.9233285233285232,repeated_stratified,3,3,full,electrode
8,8,1.0,8,4,0.5,8,7,0.875,0.7916666666666666,0.7840755735492578,0.90625,8,0,0,0,4,4,0,1,7,P12,xgb,150,"{'subsample': 0.6, 'reg_lambda': 1, 'reg_alpha': 0, 'min_child_weight': 1, 'max_depth': 2, 'learning_rate': 0.03, 'gamma': 0, 'colsample_bytree': 0.6, 'colsample_bylevel': 0.6, 'n_estimators': 300}",0.942159692159692,repeated_stratified,3,4,full,electrode
8,8,1.0,8,4,0.5,8,2,0.25,0.5833333333333334,0.5767195767195767,0.8098958333333334,8,0,0,0,4,4,0,6,2,P12,xgb,150,"{'subsample': 0.6, 'reg_lambda': 1, 'reg_alpha': 0, 'min_child_weight': 1, 'max_depth': 2, 'learning_rate': 0.03, 'gamma': 0, 'colsample_bytree': 0.6, 'colsample_bylevel': 0.6, 'n_estimators': 300}",0.9455266955266955,repeated_stratified,4,0,full,electrode
8,8,1.0,8,4,0.5,8,3,0.375,0.625,0.6235294117647059,0.7994791666666666,8,0,0,0,4,4,0,5,3,P12,xgb,149,"{'subsample': 0.6, 'reg_lambda': 1, 'reg_alpha': 0, 'min_child_weight': 1, 'max_depth': 2, 'learning_rate': 0.03, 'gamma': 0, 'colsample_bytree': 0.6, 'colsample_bylevel': 0.6, 'n_estimators': 300}",0.915055315055315,repeated_stratified,4,1,full,electrode
8,8,1.0,8,5,0.625,8,2,0.25,0.625,0.5925925925925926,0.8489583333333334,8,0,0,1,5,2,1,5,2,P12,xgb,150,"{'subsample': 0.6, 'reg_lambda': 3, 'reg_alpha': 0.1, 'min_child_weight': 1, 'max_depth': 2, 'learning_rate': 0.05, 'gamma': 0, 'colsample_bytree': 0.7, 'colsample_bylevel': 0.6, 'n_estimators': 300}",0.9181818181818184,repeated_stratified,4,2,full,electrode
8,8,1.0,8,4,0.5,8,3,0.375,0.625,0.6137254901960785,0.8151041666666666,8,0,0,0,4,4,1,4,3,P12,xgb,150,"{'subsample': 0.6, 'reg_lambda': 1, 'reg_alpha': 0, 'min_child_weight': 1, 'max_depth': 2, 'learning_rate': 0.03, 'gamma': 0, 'colsample_bytree': 0.6, 'colsample_bylevel': 0.6, 'n_estimators': 300}",0.8951418951418951,repeated_stratified,4,3,full,electrode
8,8,1.0,8,6,0.75,8,6,0.75,0.8333333333333334,0.8333333333333334,0.8697916666666666,8,0,0,0,6,2,0,2,6,P12,xgb,149,"{'subsample': 0.6, 'reg_lambda': 3, 'reg_alpha': 0.1, 'min_child_weight': 1, 'max_depth': 2, 'learning_rate': 0.05, 'gamma': 0, 'colsample_bytree': 0.7, 'colsample_bylevel': 0.6, 'n_estimators': 300}",0.8938672438672438,repeated_stratified,4,4,full,electrode
8,8,1.0,8,5,0.625,8,3,0.375,0.6666666666666666,0.6613756613756614,0.875,8,0,0,0,5,3,0,5,3,P12,xgb,148,"{'subsample': 0.6, 'reg_lambda': 3, 'reg_alpha': 0.1, 'min_child_weight': 1, 'max_depth': 2, 'learning_rate': 0.05, 'gamma': 0, 'colsample_bytree': 0.7, 'colsample_bylevel': 0.6, 'n_estimators': 300}",0.9803751803751805,repeated_stratified,5,0,full,electrode
8,8,1.0,8,3,0.375,8,3,0.375,0.5833333333333334,0.5833333333333334,0.828125,8,0,0,0,3,5,0,5,3,P12,xgb,150,"{'subsample': 0.6, 'reg_lambda': 1, 'reg_alpha': 0, 'min_child_weight': 1, 'max_depth': 2, 'learning_rate': 0.03, 'gamma': 0, 'colsample_bytree': 0.6, 'colsample_bylevel': 0.6, 'n_estimators': 300}",0.937902837902838,repeated_stratified,5,1,full,electrode
8,8,1.0,8,5,0.625,8,5,0.625,0.75,0.744281045751634,0.8984375,8,0,0,0,5,3,1,2,5,P12,xgb,148,"{'subsample': 0.6, 'reg_lambda': 1, 'reg_alpha': 0, 'min_child_weight': 1, 'max_depth': 2, 'learning_rate': 0.03, 'gamma': 0, 'colsample_bytree': 0.6, 'colsample_bylevel': 0.6, 'n_estimators': 300}",0.9343193843193844,repeated_stratified,5,2,full,electrode
8,8,1.0,8,5,0.625,8,5,0.625,0.75,0.7407407407407406,0.9088541666666666,8,0,0,1,5,2,1,2,5,P12,xgb,150,"{'subsample': 0.6, 'reg_lambda': 1, 'reg_alpha': 0, 'min_child_weight': 1, 'max_depth': 2, 'learning_rate': 0.03, 'gamma': 0, 'colsample_bytree': 0.6, 'colsample_bylevel': 0.6, 'n_estimators': 300}",0.922198172198172,repeated_stratified,5,3,full,electrode
8,8,1.0,8,2,0.25,8,5,0.625,0.625,0.611336032388664,0.828125,8,0,0,0,2,6,0,3,5,P12,xgb,150,"{'subsample': 0.6, 'reg_lambda': 1, 'reg_alpha': 0, 'min_child_weight': 1, 'max_depth': 2, 'learning_rate': 0.03, 'gamma': 0, 'colsample_bytree': 0.6, 'colsample_bylevel': 0.6, 'n_estimators': 300}",0.966041366041366,repeated_stratified,5,4,full,electrode
8,8,1.0,8,5,0.625,8,3,0.375,0.6666666666666666,0.6613756613756614,0.9010416666666666,8,0,0,0,5,3,0,5,3,P12,xgb,150,"{'subsample': 0.6, 'reg_lambda': 1, 'reg_alpha': 0, 'min_child_weight': 1, 'max_depth': 2, 'learning_rate': 0.03, 'gamma': 0, 'colsample_bytree': 0.6, 'colsample_bylevel': 0.6, 'n_estimators': 300}",0.9568302068302068,repeated_stratified,6,0,full,electrode
8,8,1.0,8,5,0.625,8,3,0.375,0.6666666666666666,0.6526610644257703,0.8098958333333334,8,0,0,0,5,3,1,4,3,P12,xgb,149,"{'subsample': 0.6, 'reg_lambda': 1, 'reg_alpha': 0, 'min_child_weight': 1, 'max_depth': 2, 'learning_rate': 0.03, 'gamma': 0, 'colsample_bytree': 0.6, 'colsample_bylevel': 0.6, 'n_estimators': 300}",0.9312890812890812,repeated_stratified,6,1,full,electrode
8,8,1.0,8,6,0.75,8,4,0.5,0.75,0.746031746031746,0.8567708333333334,8,0,0,0,6,2,0,4,4,P12,xgb,150,"{'subsample': 0.6, 'reg_lambda': 3, 'reg_alpha': 0.1, 'min_child_weight': 1, 'max_depth': 8, 'learning_rate': 0.05, 'gamma': 0, 'colsample_bytree': 0.7, 'colsample_bylevel': 0.8, 'n_estimators': 300}",0.9484126984126984,repeated_stratified,6,2,full,electrode
8,8,1.0,8,4,0.5,8,5,0.625,0.7083333333333334,0.700280112044818,0.8619791666666666,8,0,0,0,4,4,1,2,5,P12,xgb,150,"{'subsample': 0.6, 'reg_lambda': 1, 'reg_alpha': 0, 'min_child_weight': 1, 'max_depth': 2, 'learning_rate': 0.03, 'gamma': 0, 'colsample_bytree': 0.6, 'colsample_bylevel': 0.6, 'n_estimators': 300}",0.9307118807118808,repeated_stratified,6,3,full,electrode
8,8,1.0,8,1,0.125,8,4,0.5,0.5416666666666666,0.524966261808367,0.7552083333333334,8,0,0,0,1,7,0,4,4,P12,xgb,148,"{'subsample': 0.6, 'reg_lambda': 1, 'reg_alpha': 0, 'min_child_weight': 1, 'max_depth': 2, 'learning_rate': 0.03, 'gamma': 0, 'colsample_bytree': 0.6, 'colsample_bylevel': 0.6, 'n_estimators': 300}",0.9697450697450696,repeated_stratified,6,4,full,electrode
8,8,1.0,8,5,0.625,8,6,0.75,0.7916666666666666,0.7908496732026143,0.890625,8,0,0,0,5,3,0,2,6,P12,xgb,150,"{'subsample': 0.6, 'reg_lambda': 3, 'reg_alpha': 0.1, 'min_child_weight': 1, 'max_depth': 8, 'learning_rate': 0.05, 'gamma': 0, 'colsample_bytree': 0.7, 'colsample_bylevel': 0.8, 'n_estimators': 300}",0.9158249158249158,repeated_stratified,7,0,full,electrode
8,8,1.0,8,5,0.625,8,5,0.625,0.75,0.744281045751634,0.8776041666666666,8,0,0,0,5,3,1,2,5,P12,xgb,149,"{'subsample': 0.6, 'reg_lambda': 3, 'reg_alpha': 0.1, 'min_child_weight': 1, 'max_depth': 8, 'learning_rate': 0.05, 'gamma': 0, 'colsample_bytree': 0.7, 'colsample_bylevel': 0.8, 'n_estimators': 300}",0.9643097643097645,repeated_stratified,7,1,full,electrode
8,8,1.0,8,6,0.75,8,5,0.625,0.7916666666666666,0.7843915343915344,0.9713541666666666,8,0,0,1,6,1,1,2,5,P12,xgb,149,"{'subsample': 0.6, 'reg_lambda': 3, 'reg_alpha': 0.1, 'min_child_weight': 1, 'max_depth': 8, 'learning_rate': 0.05, 'gamma': 0, 'colsample_bytree': 0.7, 'colsample_bylevel': 0.8, 'n_estimators': 300}",0.9349927849927852,repeated_stratified,7,2,full,electrode
8,8,1.0,8,5,0.625,8,4,0.5,0.7083333333333334,0.7071895424836602,0.8619791666666666,8,0,0,0,5,3,0,4,4,P12,xgb,150,"{'subsample': 0.6, 'reg_lambda': 3, 'reg_alpha': 0.1, 'min_child_weight': 1, 'max_depth': 2, 'learning_rate': 0.05, 'gamma': 0, 'colsample_bytree': 0.7, 'colsample_bylevel': 0.6, 'n_estimators': 300}",0.9655603655603656,repeated_stratified,7,3,full,electrode
8,8,1.0,8,7,0.875,8,4,0.5,0.7916666666666666,0.7781129545835429,0.9348958333333334,8,0,0,0,7,1,1,3,4,P12,xgb,149,"{'subsample': 0.6, 'reg_lambda': 1, 'reg_alpha': 0, 'min_child_weight': 1, 'max_depth': 2, 'learning_rate': 0.03, 'gamma': 0, 'colsample_bytree': 0.6, 'colsample_bylevel': 0.6, 'n_estimators': 300}",0.96005291005291,repeated_stratified,7,4,full,electrode
8,8,1.0,8,5,0.625,8,1,0.125,0.5833333333333334,0.5555555555555556,0.8046875,8,0,0,0,5,3,0,7,1,P12,xgb,150,"{'subsample': 0.6, 'reg_lambda': 3, 'reg_alpha': 0.1, 'min_child_weight': 1, 'max_depth': 8, 'learning_rate': 0.05, 'gamma': 0, 'colsample_bytree': 0.7, 'colsample_bylevel': 0.8, 'n_estimators': 300}",0.928090428090428,repeated_stratified,8,0,full,electrode
8,7,0.875,8,2,0.25,8,5,0.625,0.5833333333333334,0.5803418803418804,0.7994791666666666,7,0,1,0,2,6,0,3,5,P12,xgb,148,"{'subsample': 0.6, 'reg_lambda': 3, 'reg_alpha': 0.1, 'min_child_weight': 1, 'max_depth': 8, 'learning_rate': 0.05, 'gamma': 0, 'colsample_bytree': 0.7, 'colsample_bylevel': 0.8, 'n_estimators': 300}",0.93999518999519,repeated_stratified,8,1,full,electrode
8,8,1.0,8,3,0.375,8,5,0.625,0.6666666666666666,0.6527568292274174,0.8463541666666666,8,0,0,0,3,5,1,2,5,P12,xgb,149,"{'subsample': 0.6, 'reg_lambda': 3, 'reg_alpha': 0.1, 'min_child_weight': 1, 'max_depth': 2, 'learning_rate': 0.05, 'gamma': 0, 'colsample_bytree': 0.7, 'colsample_bylevel': 0.6, 'n_estimators': 300}",0.8913419913419913,repeated_stratified,8,2,full,electrode
8,8,1.0,8,3,0.375,8,2,0.25,0.5416666666666666,0.5185185185185185,0.796875,8,0,0,0,3,5,2,4,2,P12,xgb,146,"{'subsample': 0.6, 'reg_lambda': 1, 'reg_alpha': 0, 'min_child_weight': 1, 'max_depth': 2, 'learning_rate': 0.03, 'gamma': 0, 'colsample_bytree': 0.6, 'colsample_bylevel': 0.6, 'n_estimators': 300}",0.9632996632996632,repeated_stratified,8,3,full,electrode
8,8,1.0,8,6,0.75,8,6,0.75,0.8333333333333334,0.8333333333333334,0.8671875,8,0,0,0,6,2,0,2,6,P12,xgb,147,"{'subsample': 0.6, 'reg_lambda': 3, 'reg_alpha': 0.1, 'min_child_weight': 1, 'max_depth': 2, 'learning_rate': 0.05, 'gamma': 0, 'colsample_bytree': 0.7, 'colsample_bylevel': 0.6, 'n_estimators': 300}",0.9777296777296776,repeated_stratified,8,4,full,electrode
8,8,1.0,8,4,0.5,8,3,0.375,0.625,0.6137254901960785,0.7838541666666666,8,0,0,0,4,4,1,4,3,P12,xgb,148,"{'subsample': 0.6, 'reg_lambda': 10, 'reg_alpha': 0.1, 'min_child_weight': 1, 'max_depth': 8, 'learning_rate': 0.03, 'gamma': 0.3, 'colsample_bytree': 0.6, 'colsample_bylevel': 0.8, 'n_estimators': 300}",0.937926887926888,repeated_stratified,9,0,full,electrode
8,8,1.0,8,3,0.375,8,5,0.625,0.6666666666666666,0.6613756613756614,0.796875,8,0,0,0,3,5,0,3,5,P12,xgb,150,"{'subsample': 0.6, 'reg_lambda': 1, 'reg_alpha': 0, 'min_child_weight': 1, 'max_depth': 2, 'learning_rate': 0.03, 'gamma': 0, 'colsample_bytree': 0.6, 'colsample_bylevel': 0.6, 'n_estimators': 300}",0.8904521404521405,repeated_stratified,9,1,full,electrode
8,8,1.0,8,5,0.625,8,5,0.625,0.75,0.744281045751634,0.8984375,8,0,0,0,5,3,1,2,5,P12,xgb,150,"{'subsample': 0.6, 'reg_lambda': 1, 'reg_alpha': 0, 'min_child_weight': 1, 'max_depth': 2, 'learning_rate': 0.03, 'gamma': 0, 'colsample_bytree': 0.6, 'colsample_bylevel': 0.6, 'n_estimators': 300}",0.96986531986532,repeated_stratified,9,2,full,electrode
8,8,1.0,8,7,0.875,8,3,0.375,0.75,0.7333333333333334,0.9088541666666666,8,0,0,0,7,1,0,5,3,P12,xgb,150,"{'subsample': 0.6, 'reg_lambda': 1, 'reg_alpha': 0, 'min_child_weight': 1, 'max_depth': 2, 'learning_rate': 0.03, 'gamma': 0, 'colsample_bytree': 0.6, 'colsample_bylevel': 0.6, 'n_estimators': 300}",0.9318903318903318,repeated_stratified,9,3,full,electrode
8,8,1.0,8,4,0.5,8,5,0.625,0.7083333333333334,0.700280112044818,0.8619791666666666,8,0,0,0,4,4,1,2,5,P12,xgb,149,"{'subsample': 0.6, 'reg_lambda': 3, 'reg_alpha': 0.1, 'min_child_weight': 1, 'max_depth': 8, 'learning_rate': 0.05, 'gamma': 0, 'colsample_bytree': 0.7, 'colsample_bylevel': 0.8, 'n_estimators': 300}",0.9422318422318422,repeated_stratified,9,4,full,electrode
8,8,1.0,8,4,0.5,8,5,0.625,0.7083333333333334,0.7071895424836602,0.8020833333333334,8,0,0,0,4,4,0,3,5,P13,xgb,148,"{'subsample': 0.6, 'reg_lambda': 1, 'reg_alpha': 0, 'min_child_weight': 1, 'max_depth': 2, 'learning_rate': 0.03, 'gamma': 0, 'colsample_bytree': 0.6, 'colsample_bylevel': 0.6, 'n_estimators': 300}",0.8573352573352574,repeated_stratified,0,0,full,electrode
8,8,1.0,8,3,0.375,8,5,0.625,0.6666666666666666,0.6613756613756614,0.8046875,8,0,0,0,3,5,0,3,5,P13,xgb,149,"{'subsample': 0.6, 'reg_lambda': 10, 'reg_alpha': 0.1, 'min_child_weight': 1, 'max_depth': 8, 'learning_rate': 0.03, 'gamma': 0.3, 'colsample_bytree': 0.6, 'colsample_bylevel': 0.8, 'n_estimators': 300}",0.8973544973544972,repeated_stratified,0,1,full,electrode
8,8,1.0,8,7,0.875,8,3,0.375,0.75,0.7333333333333334,0.8125,8,0,0,0,7,1,0,5,3,P13,xgb,127,"{'subsample': 0.6, 'reg_lambda': 3, 'reg_alpha': 0.1, 'min_child_weight': 1, 'max_depth': 2, 'learning_rate': 0.05, 'gamma': 0, 'colsample_bytree': 0.7, 'colsample_bylevel': 0.6, 'n_estimators': 300}",0.8851851851851852,repeated_stratified,0,2,full,electrode
8,8,1.0,8,5,0.625,8,5,0.625,0.75,0.7427248677248678,0.8802083333333334,8,0,0,0,5,3,2,1,5,P13,xgb,150,"{'subsample': 0.6, 'reg_lambda': 1, 'reg_alpha': 0, 'min_child_weight': 1, 'max_depth': 2, 'learning_rate': 0.03, 'gamma': 0, 'colsample_bytree': 0.6, 'colsample_bylevel': 0.6, 'n_estimators': 300}",0.8594997594997595,repeated_stratified,0,3,full,electrode
8,8,1.0,8,5,0.625,8,5,0.625,0.75,0.744281045751634,0.8671875,8,0,0,0,5,3,1,2,5,P13,xgb,150,"{'subsample': 0.6, 'reg_lambda': 1, 'reg_alpha': 0, 'min_child_weight': 1, 'max_depth': 2, 'learning_rate': 0.03, 'gamma': 0, 'colsample_bytree': 0.6, 'colsample_bylevel': 0.6, 'n_estimators': 300}",0.9067099567099568,repeated_stratified,0,4,full,electrode
8,8,1.0,8,3,0.375,8,6,0.75,0.7083333333333334,0.697705802968961,0.8515625,8,0,0,0,3,5,0,2,6,P13,xgb,148,"{'subsample': 0.6, 'reg_lambda': 3, 'reg_alpha': 0.1, 'min_child_weight': 1, 'max_depth': 8, 'learning_rate': 0.05, 'gamma': 0, 'colsample_bytree': 0.7, 'colsample_bylevel': 0.8, 'n_estimators': 300}",0.8524531024531025,repeated_stratified,1,0,full,electrode
8,8,1.0,8,8,1.0,8,2,0.25,0.75,0.7090909090909091,0.8671875,8,0,0,0,8,0,0,6,2,P13,xgb,150,"{'subsample': 0.8, 'reg_lambda': 10, 'reg_alpha': 0, 'min_child_weight': 1, 'max_depth': 8, 'learning_rate': 0.05, 'gamma': 0, 'colsample_bytree': 0.7, 'colsample_bylevel': 0.6, 'n_estimators': 300}",0.9250841750841752,repeated_stratified,1,1,full,electrode
8,8,1.0,8,5,0.625,8,3,0.375,0.6666666666666666,0.6526610644257703,0.8541666666666666,8,0,0,0,5,3,1,4,3,P13,xgb,137,"{'subsample': 0.8, 'reg_lambda': 1, 'reg_alpha': 0, 'min_child_weight': 1, 'max_depth': 8, 'learning_rate': 0.01, 'gamma': 0.3, 'colsample_bytree': 0.6, 'colsample_bylevel': 0.8, 'n_estimators': 300}",0.8853535353535354,repeated_stratified,1,2,full,electrode
8,8,1.0,8,4,0.5,8,5,0.625,0.7083333333333334,0.700280112044818,0.84375,8,0,0,0,4,4,1,2,5,P13,xgb,150,"{'subsample': 0.6, 'reg_lambda': 1, 'reg_alpha': 0, 'min_child_weight': 1, 'max_depth': 2, 'learning_rate': 0.03, 'gamma': 0, 'colsample_bytree': 0.6, 'colsample_bylevel': 0.6, 'n_estimators': 300}",0.8677248677248676,repeated_stratified,1,3,full,electrode
8,8,1.0,8,8,1.0,8,3,0.375,0.7916666666666666,0.7588162325004429,0.8255208333333334,8,0,0,0,8,0,2,3,3,P13,xgb,148,"{'subsample': 0.6, 'reg_lambda': 1, 'reg_alpha': 0, 'min_child_weight': 1, 'max_depth': 2, 'learning_rate': 0.03, 'gamma': 0, 'colsample_bytree': 0.6, 'colsample_bylevel': 0.6, 'n_estimators': 300}",0.8486772486772488,repeated_stratified,1,4,full,electrode
8,8,1.0,8,5,0.625,8,3,0.375,0.6666666666666666,0.6613756613756614,0.8489583333333334,8,0,0,0,5,3,0,5,3,P13,xgb,147,"{'subsample': 0.8, 'reg_lambda': 1, 'reg_alpha': 0, 'min_child_weight': 1, 'max_depth': 8, 'learning_rate': 0.01, 'gamma': 0.3, 'colsample_bytree': 0.6, 'colsample_bylevel': 0.8, 'n_estimators': 300}",0.8961519961519961,repeated_stratified,2,0,full,electrode
8,8,1.0,8,4,0.5,8,1,0.125,0.5416666666666666,0.524966261808367,0.7734375,8,0,0,0,4,4,0,7,1,P13,xgb,150,"{'subsample': 0.8, 'reg_lambda': 1, 'reg_alpha': 0, 'min_child_weight': 1, 'max_depth': 8, 'learning_rate': 0.01, 'gamma': 0.3, 'colsample_bytree': 0.6, 'colsample_bylevel': 0.8, 'n_estimators': 300}",0.8880471380471381,repeated_stratified,2,1,full,electrode
8,8,1.0,8,2,0.25,8,5,0.625,0.625,0.6002751977984175,0.8125,8,0,0,0,2,6,1,2,5,P13,xgb,150,"{'subsample': 0.6, 'reg_lambda': 3, 'reg_alpha': 0.1, 'min_child_weight': 1, 'max_depth': 8, 'learning_rate': 0.05, 'gamma': 0, 'colsample_bytree': 0.7, 'colsample_bylevel': 0.8, 'n_estimators': 300}",0.8858345358345358,repeated_stratified,2,2,full,electrode
8,8,1.0,8,4,0.5,8,3,0.375,0.625,0.6137254901960785,0.8046875,8,0,0,0,4,4,1,4,3,P13,xgb,150,"{'subsample': 0.8, 'reg_lambda': 5, 'reg_alpha': 0.1, 'min_child_weight': 1, 'max_depth': 8, 'learning_rate': 0.03, 'gamma': 0, 'colsample_bytree': 0.6, 'colsample_bylevel': 0.6, 'n_estimators': 300}",0.9263347763347765,repeated_stratified,2,3,full,electrode
8,8,1.0,8,6,0.75,8,2,0.25,0.6666666666666666,0.6353629170966631,0.7890625,8,0,0,0,6,2,1,5,2,P13,xgb,150,"{'subsample': 0.6, 'reg_lambda': 3, 'reg_alpha': 0.1, 'min_child_weight': 1, 'max_depth': 2, 'learning_rate': 0.05, 'gamma': 0, 'colsample_bytree': 0.7, 'colsample_bylevel': 0.6, 'n_estimators': 300}",0.8910774410774412,repeated_stratified,2,4,full,electrode
8,8,1.0,8,1,0.125,8,5,0.625,0.5833333333333334,0.5555555555555556,0.7265625,8,0,0,0,1,7,0,3,5,P13,xgb,150,"{'subsample': 0.6, 'reg_lambda': 1, 'reg_alpha': 0, 'min_child_weight': 1, 'max_depth': 2, 'learning_rate': 0.03, 'gamma': 0, 'colsample_bytree': 0.6, 'colsample_bylevel': 0.6, 'n_estimators': 300}",0.8246512746512747,repeated_stratified,3,0,full,electrode
8,7,0.875,8,4,0.5,8,3,0.375,0.5833333333333334,0.5925925925925926,0.7942708333333334,7,1,0,0,4,4,0,5,3,P13,xgb,150,"{'subsample': 0.6, 'reg_lambda': 3, 'reg_alpha': 0.1, 'min_child_weight': 1, 'max_depth': 2, 'learning_rate': 0.05, 'gamma': 0, 'colsample_bytree': 0.7, 'colsample_bylevel': 0.6, 'n_estimators': 300}",0.8812169312169313,repeated_stratified,3,1,full,electrode
8,8,1.0,8,5,0.625,8,4,0.5,0.7083333333333334,0.6962962962962962,0.8645833333333334,8,0,0,0,5,3,2,2,4,P13,xgb,149,"{'subsample': 0.6, 'reg_lambda': 3, 'reg_alpha': 0.1, 'min_child_weight': 1, 'max_depth': 2, 'learning_rate': 0.05, 'gamma': 0, 'colsample_bytree': 0.7, 'colsample_bylevel': 0.6, 'n_estimators': 300}",0.8771524771524772,repeated_stratified,3,2,full,electrode
8,8,1.0,8,4,0.5,8,2,0.25,0.5833333333333334,0.5767195767195767,0.7994791666666666,8,0,0,0,4,4,0,6,2,P13,xgb,150,"{'subsample': 0.8, 'reg_lambda': 1, 'reg_alpha': 0, 'min_child_weight': 1, 'max_depth': 4, 'learning_rate': 0.01, 'gamma': 0, 'colsample_bytree': 0.7, 'colsample_bylevel': 0.8, 'n_estimators': 300}",0.898003848003848,repeated_stratified,3,3,full,electrode
8,8,1.0,8,4,0.5,8,3,0.375,0.625,0.6137254901960785,0.8411458333333334,8,0,0,0,4,4,1,4,3,P13,xgb,150,"{'subsample': 0.6, 'reg_lambda': 1, 'reg_alpha': 0, 'min_child_weight': 1, 'max_depth': 2, 'learning_rate': 0.03, 'gamma': 0, 'colsample_bytree': 0.6, 'colsample_bylevel': 0.6, 'n_estimators': 300}",0.8879268879268879,repeated_stratified,3,4,full,electrode
8,8,1.0,8,6,0.75,8,1,0.125,0.625,0.5844155844155844,0.7994791666666666,8,0,0,0,6,2,0,7,1,P13,xgb,150,"{'subsample': 0.6, 'reg_lambda': 3, 'reg_alpha': 0.1, 'min_child_weight': 1, 'max_depth': 2, 'learning_rate': 0.05, 'gamma': 0, 'colsample_bytree': 0.7, 'colsample_bylevel': 0.6, 'n_estimators': 300}",0.8531505531505531,repeated_stratified,4,0,full,electrode
8,8,1.0,8,3,0.375,8,6,0.75,0.7083333333333334,0.6909184726522187,0.8541666666666666,8,0,0,0,3,5,1,1,6,P13,xgb,139,"{'subsample': 0.6, 'reg_lambda': 10, 'reg_alpha': 0.5, 'min_child_weight': 1, 'max_depth': 2, 'learning_rate': 0.05, 'gamma': 0.1, 'colsample_bytree': 0.6, 'colsample_bylevel': 0.6, 'n_estimators': 300}",0.8488455988455987,repeated_stratified,4,1,full,electrode
8,8,1.0,8,8,1.0,8,2,0.25,0.75,0.7010270774976658,0.9557291666666666,8,0,0,0,8,0,1,5,2,P13,xgb,129,"{'subsample': 0.6, 'reg_lambda': 3, 'reg_alpha': 0.1, 'min_child_weight': 1, 'max_depth': 2, 'learning_rate': 0.05, 'gamma': 0, 'colsample_bytree': 0.7, 'colsample_bylevel': 0.6, 'n_estimators': 300}",0.8880952380952382,repeated_stratified,4,2,full,electrode
8,8,1.0,8,2,0.25,8,4,0.5,0.5833333333333334,0.5644377409083291,0.75,8,0,0,0,2,6,1,3,4,P13,xgb,150,"{'subsample': 0.6, 'reg_lambda': 3, 'reg_alpha': 0.1, 'min_child_weight': 1, 'max_depth': 8, 'learning_rate': 0.05, 'gamma': 0, 'colsample_bytree': 0.7, 'colsample_bylevel': 0.8, 'n_estimators': 300}",0.8781385281385282,repeated_stratified,4,3,full,electrode
8,8,1.0,8,6,0.75,8,5,0.625,0.7916666666666666,0.7908496732026143,0.8880208333333334,8,0,0,0,6,2,0,3,5,P13,xgb,150,"{'subsample': 0.8, 'reg_lambda': 10, 'reg_alpha': 0, 'min_child_weight': 1, 'max_depth': 8, 'learning_rate': 0.05, 'gamma': 0, 'colsample_bytree': 0.7, 'colsample_bylevel': 0.6, 'n_estimators': 300}",0.8913419913419913,repeated_stratified,4,4,full,electrode
8,8,1.0,8,5,0.625,8,3,0.375,0.6666666666666666,0.6613756613756614,0.8671875,8,0,0,0,5,3,0,5,3,P13,xgb,150,"{'subsample': 0.6, 'reg_lambda': 1, 'reg_alpha': 0, 'min_child_weight': 1, 'max_depth': 2, 'learning_rate': 0.03, 'gamma': 0, 'colsample_bytree': 0.6, 'colsample_bylevel': 0.6, 'n_estimators': 300}",0.9345117845117844,repeated_stratified,5,0,full,electrode
8,8,1.0,8,6,0.75,8,2,0.25,0.6666666666666666,0.6353629170966631,0.8463541666666666,8,0,0,0,6,2,1,5,2,P13,xgb,150,"{'subsample': 0.6, 'reg_lambda': 5, 'reg_alpha': 0.5, 'min_child_weight': 1, 'max_depth': 8, 'learning_rate': 0.03, 'gamma': 0.3, 'colsample_bytree': 0.6, 'colsample_bylevel': 0.6, 'n_estimators': 300}",0.8430254930254931,repeated_stratified,5,1,full,electrode
8,8,1.0,8,4,0.5,8,3,0.375,0.625,0.6235294117647059,0.71875,8,0,0,0,4,4,0,5,3,P13,xgb,149,"{'subsample': 0.6, 'reg_lambda': 3, 'reg_alpha': 0.1, 'min_child_weight': 1, 'max_depth': 2, 'learning_rate': 0.05, 'gamma': 0, 'colsample_bytree': 0.7, 'colsample_bylevel': 0.6, 'n_estimators': 300}",0.8667869167869168,repeated_stratified,5,2,full,electrode
8,8,1.0,8,5,0.625,8,3,0.375,0.6666666666666666,0.6474867724867724,0.8046875,8,0,0,0,5,3,2,3,3,P13,xgb,145,"{'subsample': 0.6, 'reg_lambda': 1, 'reg_alpha': 0, 'min_child_weight': 1, 'max_depth': 2, 'learning_rate': 0.03, 'gamma': 0, 'colsample_bytree': 0.6, 'colsample_bylevel': 0.6, 'n_estimators': 300}",0.8582491582491584,repeated_stratified,5,3,full,electrode
8,7,0.875,8,5,0.625,8,5,0.625,0.7083333333333334,0.7155228758169935,0.8723958333333334,7,1,0,0,5,3,0,3,5,P13,xgb,150,"{'subsample': 0.8, 'reg_lambda': 10, 'reg_alpha': 0, 'min_child_weight': 1, 'max_depth': 4, 'learning_rate': 0.03, 'gamma': 0, 'colsample_bytree': 0.6, 'colsample_bylevel': 0.8, 'n_estimators': 300}",0.8788840788840787,repeated_stratified,5,4,full,electrode
8,8,1.0,8,4,0.5,8,3,0.375,0.625,0.6137254901960785,0.8203125,8,0,0,0,4,4,1,4,3,P13,xgb,136,"{'subsample': 0.6, 'reg_lambda': 3, 'reg_alpha': 0.1, 'min_child_weight': 1, 'max_depth': 2, 'learning_rate': 0.05, 'gamma': 0, 'colsample_bytree': 0.7, 'colsample_bylevel': 0.6, 'n_estimators': 300}",0.8603174603174604,repeated_stratified,6,0,full,electrode
8,8,1.0,8,3,0.375,8,5,0.625,0.6666666666666666,0.6527568292274174,0.8828125,8,0,0,0,3,5,1,2,5,P13,xgb,149,"{'subsample': 0.6, 'reg_lambda': 1, 'reg_alpha': 0, 'min_child_weight': 1, 'max_depth': 2, 'learning_rate': 0.03, 'gamma': 0, 'colsample_bytree': 0.6, 'colsample_bylevel': 0.6, 'n_estimators': 300}",0.8740500240500241,repeated_stratified,6,1,full,electrode
8,8,1.0,8,7,0.875,8,3,0.375,0.75,0.7260061919504643,0.8958333333333334,8,0,0,0,7,1,1,4,3,P13,xgb,150,"{'subsample': 0.6, 'reg_lambda': 3, 'reg_alpha': 0.1, 'min_child_weight': 1, 'max_depth': 2, 'learning_rate': 0.05, 'gamma': 0, 'colsample_bytree': 0.7, 'colsample_bylevel': 0.6, 'n_estimators': 300}",0.842953342953343,repeated_stratified,6,2,full,electrode
8,8,1.0,8,5,0.625,8,5,0.625,0.75,0.744281045751634,0.8489583333333334,8,0,0,1,5,2,0,3,5,P13,xgb,150,"{'subsample': 0.6, 'reg_lambda': 3, 'reg_alpha': 0.1, 'min_child_weight': 1, 'max_depth': 8, 'learning_rate': 0.05, 'gamma': 0, 'colsample_bytree': 0.7, 'colsample_bylevel': 0.8, 'n_estimators': 300}",0.9245310245310246,repeated_stratified,6,3,full,electrode
8,8,1.0,8,4,0.5,8,3,0.375,0.625,0.6235294117647059,0.7760416666666666,8,0,0,0,4,4,0,5,3,P13,xgb,149,"{'subsample': 0.6, 'reg_lambda': 1, 'reg_alpha': 0, 'min_child_weight': 1, 'max_depth': 2, 'learning_rate': 0.03, 'gamma': 0, 'colsample_bytree': 0.6, 'colsample_bylevel': 0.6, 'n_estimators': 300}",0.9367484367484368,repeated_stratified,6,4,full,electrode
8,8,1.0,8,4,0.5,8,3,0.375,0.625,0.6137254901960785,0.796875,8,0,0,0,4,4,1,4,3,P13,xgb,150,"{'subsample': 0.8, 'reg_lambda': 1, 'reg_alpha': 0, 'min_child_weight': 1, 'max_depth': 4, 'learning_rate': 0.01, 'gamma': 0, 'colsample_bytree': 0.7, 'colsample_bylevel': 0.8, 'n_estimators': 300}",0.8942279942279941,repeated_stratified,7,0,full,electrode
8,8,1.0,8,6,0.75,8,3,0.375,0.7083333333333334,0.6977058029689608,0.8307291666666666,8,0,0,0,6,2,0,5,3,P13,xgb,150,"{'subsample': 0.6, 'reg_lambda': 10, 'reg_alpha': 0.5, 'min_child_weight': 1, 'max_depth': 2, 'learning_rate': 0.05, 'gamma': 0.1, 'colsample_bytree': 0.6, 'colsample_bylevel': 0.6, 'n_estimators': 300}",0.8892015392015392,repeated_stratified,7,1,full,electrode
8,8,1.0,8,5,0.625,8,4,0.5,0.7083333333333334,0.6951058201058201,0.890625,8,0,0,1,5,2,1,3,4,P13,xgb,150,"{'subsample': 0.8, 'reg_lambda': 10, 'reg_alpha': 0.5, 'min_child_weight': 1, 'max_depth': 8, 'learning_rate': 0.01, 'gamma': 0.3, 'colsample_bytree': 0.7, 'colsample_bylevel': 0.6, 'n_estimators': 300}",0.8628667628667629,repeated_stratified,7,2,full,electrode
8,8,1.0,8,3,0.375,8,6,0.75,0.7083333333333334,0.697705802968961,0.8723958333333334,8,0,0,0,3,5,0,2,6,P13,xgb,150,"{'subsample': 0.6, 'reg_lambda': 1, 'reg_alpha': 0, 'min_child_weight': 1, 'max_depth': 2, 'learning_rate': 0.03, 'gamma': 0, 'colsample_bytree': 0.6, 'colsample_bylevel': 0.6, 'n_estimators': 300}",0.8746993746993746,repeated_stratified,7,3,full,electrode
8,8,1.0,8,3,0.375,8,2,0.25,0.5416666666666666,0.5185185185185185,0.78125,8,0,0,0,3,5,2,4,2,P13,xgb,150,"{'subsample': 0.6, 'reg_lambda': 1, 'reg_alpha': 0, 'min_child_weight': 1, 'max_depth': 2, 'learning_rate': 0.03, 'gamma': 0, 'colsample_bytree': 0.6, 'colsample_bylevel': 0.6, 'n_estimators': 300}",0.9126022126022124,repeated_stratified,7,4,full,electrode
8,8,1.0,8,4,0.5,8,1,0.125,0.5416666666666666,0.5096319229446165,0.7161458333333334,8,0,0,1,4,3,0,7,1,P13,xgb,150,"{'subsample': 0.6, 'reg_lambda': 10, 'reg_alpha': 0.5, 'min_child_weight': 1, 'max_depth': 2, 'learning_rate': 0.05, 'gamma': 0.1, 'colsample_bytree': 0.6, 'colsample_bylevel': 0.6, 'n_estimators': 300}",0.8832611832611833,repeated_stratified,8,0,full,electrode
8,8,1.0,8,3,0.375,8,4,0.5,0.625,0.6134453781512605,0.796875,8,0,0,0,3,5,1,3,4,P13,xgb,150,"{'subsample': 0.8, 'reg_lambda': 10, 'reg_alpha': 0, 'min_child_weight': 1, 'max_depth': 8, 'learning_rate': 0.05, 'gamma': 0, 'colsample_bytree': 0.7, 'colsample_bylevel': 0.6, 'n_estimators': 300}",0.8876863876863877,repeated_stratified,8,1,full,electrode
8,8,1.0,8,2,0.25,8,4,0.5,0.5833333333333334,0.5644377409083291,0.7421875,8,0,0,0,2,6,1,3,4,P13,xgb,149,"{'subsample': 0.6, 'reg_lambda': 3, 'reg_alpha': 0.1, 'min_child_weight': 1, 'max_depth': 8, 'learning_rate': 0.05, 'gamma': 0, 'colsample_bytree': 0.7, 'colsample_bylevel': 0.8, 'n_estimators': 300}",0.9034872534872536,repeated_stratified,8,2,full,electrode
8,8,1.0,8,2,0.25,8,4,0.5,0.5833333333333334,0.5767195767195766,0.7864583333333334,8,0,0,0,2,6,0,4,4,P13,xgb,147,"{'subsample': 0.8, 'reg_lambda': 1, 'reg_alpha': 0.1, 'min_child_weight': 1, 'max_depth': 4, 'learning_rate': 0.05, 'gamma': 0.5, 'colsample_bytree': 0.7, 'colsample_bylevel': 0.6, 'n_estimators': 300}",0.9117364117364118,repeated_stratified,8,3,full,electrode
8,8,1.0,8,6,0.75,8,4,0.5,0.75,0.746031746031746,0.859375,8,0,0,0,6,2,0,4,4,P13,xgb,149,"{'subsample': 0.6, 'reg_lambda': 5, 'reg_alpha': 0.5, 'min_child_weight': 1, 'max_depth': 8, 'learning_rate': 0.03, 'gamma': 0.3, 'colsample_bytree': 0.6, 'colsample_bylevel': 0.6, 'n_estimators': 300}",0.8818422318422319,repeated_stratified,8,4,full,electrode
8,8,1.0,8,5,0.625,8,1,0.125,0.5833333333333334,0.5447196422428621,0.8046875,8,0,0,0,5,3,1,6,1,P13,xgb,150,"{'subsample': 0.6, 'reg_lambda': 5, 'reg_alpha': 0.5, 'min_child_weight': 1, 'max_depth': 8, 'learning_rate': 0.03, 'gamma': 0.3, 'colsample_bytree': 0.6, 'colsample_bylevel': 0.6, 'n_estimators': 300}",0.9025012025012024,repeated_stratified,9,0,full,electrode
8,8,1.0,8,6,0.75,8,6,0.75,0.8333333333333334,0.8333333333333334,0.9166666666666666,8,0,0,0,6,2,0,2,6,P13,xgb,150,"{'subsample': 0.6, 'reg_lambda': 1, 'reg_alpha': 0, 'min_child_weight': 1, 'max_depth': 2, 'learning_rate': 0.03, 'gamma': 0, 'colsample_bytree': 0.6, 'colsample_bylevel': 0.6, 'n_estimators': 300}",0.8705868205868206,repeated_stratified,9,1,full,electrode
8,8,1.0,8,6,0.75,8,4,0.5,0.75,0.7367186190715603,0.8802083333333334,8,0,0,1,6,1,1,3,4,P13,xgb,150,"{'subsample': 0.6, 'reg_lambda': 3, 'reg_alpha': 0.1, 'min_child_weight': 1, 'max_depth': 8, 'learning_rate': 0.05, 'gamma': 0, 'colsample_bytree': 0.7, 'colsample_bylevel': 0.8, 'n_estimators': 300}",0.9076719576719576,repeated_stratified,9,2,full,electrode
8,7,0.875,8,3,0.375,8,4,0.5,0.5833333333333334,0.5929738562091503,0.7682291666666666,7,1,0,0,3,5,0,4,4,P13,xgb,150,"{'subsample': 0.6, 'reg_lambda': 3, 'reg_alpha': 0.1, 'min_child_weight': 1, 'max_depth': 8, 'learning_rate': 0.05, 'gamma': 0, 'colsample_bytree': 0.7, 'colsample_bylevel': 0.8, 'n_estimators': 300}",0.9101731601731604,repeated_stratified,9,3,full,electrode
8,8,1.0,8,3,0.375,8,5,0.625,0.6666666666666666,0.6481481481481481,0.828125,8,0,0,0,3,5,2,1,5,P13,xgb,150,"{'subsample': 0.6, 'reg_lambda': 3, 'reg_alpha': 0.1, 'min_child_weight': 1, 'max_depth': 2, 'learning_rate': 0.05, 'gamma': 0, 'colsample_bytree': 0.7, 'colsample_bylevel': 0.6, 'n_estimators': 300}",0.8871813371813371,repeated_stratified,9,4,full,electrode
8,7,0.875,8,5,0.625,8,3,0.375,0.625,0.6296296296296297,0.8177083333333334,7,0,1,0,5,3,0,5,3,P14,xgb,150,"{'subsample': 0.6, 'reg_lambda': 3, 'reg_alpha': 0.1, 'min_child_weight': 1, 'max_depth': 2, 'learning_rate': 0.05, 'gamma': 0, 'colsample_bytree': 0.7, 'colsample_bylevel': 0.6, 'n_estimators': 300}",0.910894660894661,repeated_stratified,0,0,full,electrode
8,8,1.0,8,6,0.75,8,2,0.25,0.6666666666666666,0.6353629170966631,0.8619791666666666,8,0,0,0,6,2,1,5,2,P14,xgb,148,"{'subsample': 0.6, 'reg_lambda': 1, 'reg_alpha': 0, 'min_child_weight': 1, 'max_depth': 2, 'learning_rate': 0.03, 'gamma': 0, 'colsample_bytree': 0.6, 'colsample_bylevel': 0.6, 'n_estimators': 300}",0.9113756613756614,repeated_stratified,0,1,full,electrode
8,7,0.875,8,4,0.5,8,6,0.75,0.7083333333333334,0.7111111111111111,0.8359375,7,1,0,0,4,4,0,2,6,P14,xgb,150,"{'subsample': 0.6, 'reg_lambda': 3, 'reg_alpha': 0.1, 'min_child_weight': 1, 'max_depth': 2, 'learning_rate': 0.05, 'gamma': 0, 'colsample_bytree': 0.7, 'colsample_bylevel': 0.6, 'n_estimators': 300}",0.8494949494949494,repeated_stratified,0,2,full,electrode
8,8,1.0,8,3,0.375,8,5,0.625,0.6666666666666666,0.6613756613756614,0.7994791666666666,8,0,0,0,3,5,0,3,5,P14,xgb,150,"{'subsample': 0.6, 'reg_lambda': 3, 'reg_alpha': 0.1, 'min_child_weight': 1, 'max_depth': 8, 'learning_rate': 0.05, 'gamma': 0, 'colsample_bytree': 0.7, 'colsample_bylevel': 0.8, 'n_estimators': 300}",0.9086820586820586,repeated_stratified,0,3,full,electrode
8,7,0.875,8,6,0.75,8,5,0.625,0.75,0.7555555555555555,0.8984375,7,1,0,0,6,2,0,3,5,P14,xgb,150,"{'subsample': 0.6, 'reg_lambda': 3, 'reg_alpha': 0.1, 'min_child_weight': 1, 'max_depth': 8, 'learning_rate': 0.05, 'gamma': 0, 'colsample_bytree': 0.7, 'colsample_bylevel': 0.8, 'n_estimators': 300}",0.9385281385281384,repeated_stratified,0,4,full,electrode
8,7,0.875,8,4,0.5,8,5,0.625,0.6666666666666666,0.6738562091503267,0.859375,7,1,0,0,4,4,0,3,5,P14,xgb,149,"{'subsample': 0.6, 'reg_lambda': 3, 'reg_alpha': 0.1, 'min_child_weight': 1, 'max_depth': 2, 'learning_rate': 0.05, 'gamma': 0, 'colsample_bytree': 0.7, 'colsample_bylevel': 0.6, 'n_estimators': 300}",0.9091871091871092,repeated_stratified,1,0,full,electrode
8,8,1.0,8,3,0.375,8,5,0.625,0.6666666666666666,0.6462208815149992,0.8567708333333334,8,0,0,1,3,4,1,2,5,P14,xgb,149,"{'subsample': 0.6, 'reg_lambda': 1, 'reg_alpha': 0, 'min_child_weight': 1, 'max_depth': 2, 'learning_rate': 0.03, 'gamma': 0, 'colsample_bytree': 0.6, 'colsample_bylevel': 0.6, 'n_estimators': 300}",0.9592592592592591,repeated_stratified,1,1,full,electrode
8,7,0.875,8,4,0.5,8,4,0.5,0.625,0.634640522875817,0.7838541666666666,7,1,0,0,4,4,0,4,4,P14,xgb,150,"{'subsample': 0.6, 'reg_lambda': 3, 'reg_alpha': 0.1, 'min_child_weight': 1, 'max_depth': 8, 'learning_rate': 0.05, 'gamma': 0, 'colsample_bytree': 0.7, 'colsample_bylevel': 0.8, 'n_estimators': 300}",0.8673881673881674,repeated_stratified,1,2,full,electrode
8,7,0.875,8,7,0.875,8,3,0.375,0.7083333333333334,0.7000000000000001,0.8880208333333334,7,1,0,0,7,1,0,5,3,P14,xgb,150,"{'subsample': 0.6, 'reg_lambda': 3, 'reg_alpha': 0.1, 'min_child_weight': 1, 'max_depth': 8, 'learning_rate': 0.05, 'gamma': 0, 'colsample_bytree': 0.7, 'colsample_bylevel': 0.8, 'n_estimators': 300}",0.9026695526695526,repeated_stratified,1,3,full,electrode
8,6,0.75,8,5,0.625,8,7,0.875,0.75,0.7533068783068783,0.9036458333333334,6,2,0,0,5,3,0,1,7,P14,xgb,150,"{'subsample': 0.6, 'reg_lambda': 3, 'reg_alpha': 0.1, 'min_child_weight': 1, 'max_depth': 8, 'learning_rate': 0.05, 'gamma': 0, 'colsample_bytree': 0.7, 'colsample_bylevel': 0.8, 'n_estimators': 300}",0.9021164021164022,repeated_stratified,1,4,full,electrode
8,7,0.875,8,6,0.75,8,2,0.25,0.625,0.6136752136752136,0.8046875,7,0,1,0,6,2,0,6,2,P14,xgb,150,"{'subsample': 0.6, 'reg_lambda': 3, 'reg_alpha': 0.1, 'min_child_weight': 1, 'max_depth': 8, 'learning_rate': 0.05, 'gamma': 0, 'colsample_bytree': 0.7, 'colsample_bylevel': 0.8, 'n_estimators': 300}",0.8934583934583934,repeated_stratified,2,0,full,electrode
8,8,1.0,8,1,0.125,8,4,0.5,0.5416666666666666,0.5096319229446165,0.8046875,8,0,0,0,1,7,1,3,4,P14,xgb,150,"{'subsample': 0.6, 'reg_lambda': 5, 'reg_alpha': 0, 'min_child_weight': 1, 'max_depth': 2, 'learning_rate': 0.01, 'gamma': 0.3, 'colsample_bytree': 0.7, 'colsample_bylevel': 0.6, 'n_estimators': 300}",0.8546657046657047,repeated_stratified,2,1,full,electrode
8,7,0.875,8,4,0.5,8,7,0.875,0.75,0.7472013366750209,0.9427083333333334,7,1,0,0,4,4,0,1,7,P14,xgb,150,"{'subsample': 0.6, 'reg_lambda': 1, 'reg_alpha': 0, 'min_child_weight': 1, 'max_depth': 2, 'learning_rate': 0.03, 'gamma': 0, 'colsample_bytree': 0.6, 'colsample_bylevel': 0.6, 'n_estimators': 300}",0.9151515151515152,repeated_stratified,2,2,full,electrode
8,6,0.75,8,2,0.25,8,4,0.5,0.5,0.5171957671957672,0.7604166666666666,6,2,0,0,2,6,0,4,4,P14,xgb,149,"{'subsample': 0.6, 'reg_lambda': 1, 'reg_alpha': 0, 'min_child_weight': 1, 'max_depth': 2, 'learning_rate': 0.03, 'gamma': 0, 'colsample_bytree': 0.6, 'colsample_bylevel': 0.6, 'n_estimators': 300}",0.8905723905723906,repeated_stratified,2,3,full,electrode
8,7,0.875,8,3,0.375,8,3,0.375,0.5416666666666666,0.5537581699346406,0.75,7,1,0,0,3,5,0,5,3,P14,xgb,150,"{'subsample': 0.6, 'reg_lambda': 1, 'reg_alpha': 0, 'min_child_weight': 1, 'max_depth': 2, 'learning_rate': 0.03, 'gamma': 0, 'colsample_bytree': 0.6, 'colsample_bylevel': 0.6, 'n_estimators': 300}",0.9696729196729196,repeated_stratified,2,4,full,electrode
8,4,0.5,8,4,0.5,8,7,0.875,0.625,0.6222222222222221,0.8880208333333334,4,3,1,0,4,4,0,1,7,P14,xgb,146,"{'subsample': 0.6, 'reg_lambda': 5, 'reg_alpha': 0.5, 'min_child_weight': 1, 'max_depth': 8, 'learning_rate': 0.03, 'gamma': 0.3, 'colsample_bytree': 0.6, 'colsample_bylevel': 0.6, 'n_estimators': 300}",0.9147907647907648,repeated_stratified,3,0,full,electrode
8,8,1.0,8,5,0.625,8,6,0.75,0.7916666666666666,0.7908496732026143,0.8984375,8,0,0,0,5,3,0,2,6,P14,xgb,150,"{'subsample': 0.6, 'reg_lambda': 3, 'reg_alpha': 0.1, 'min_child_weight': 1, 'max_depth': 8, 'learning_rate': 0.05, 'gamma': 0, 'colsample_bytree': 0.7, 'colsample_bylevel': 0.8, 'n_estimators': 300}",0.9354497354497356,repeated_stratified,3,1,full,electrode
8,8,1.0,8,4,0.5,8,3,0.375,0.625,0.6235294117647059,0.8333333333333334,8,0,0,0,4,4,0,5,3,P14,xgb,150,"{'subsample': 0.6, 'reg_lambda': 3, 'reg_alpha': 0.1, 'min_child_weight': 1, 'max_depth': 8, 'learning_rate': 0.05, 'gamma': 0, 'colsample_bytree': 0.7, 'colsample_bylevel': 0.8, 'n_estimators': 300}",0.8976190476190476,repeated_stratified,3,2,full,electrode
8,8,1.0,8,3,0.375,8,4,0.5,0.625,0.6235294117647059,0.7682291666666666,8,0,0,0,3,5,0,4,4,P14,xgb,150,"{'subsample': 0.6, 'reg_lambda': 1, 'reg_alpha': 0, 'min_child_weight': 1, 'max_depth': 2, 'learning_rate': 0.03, 'gamma': 0, 'colsample_bytree': 0.6, 'colsample_bylevel': 0.6, 'n_estimators': 300}",0.8582732082732082,repeated_stratified,3,3,full,electrode
8,8,1.0,8,6,0.75,8,5,0.625,0.7916666666666666,0.7908496732026143,0.8828125,8,0,0,0,6,2,0,3,5,P14,xgb,150,"{'subsample': 0.8, 'reg_lambda': 5, 'reg_alpha': 0.1, 'min_child_weight': 1, 'max_depth': 8, 'learning_rate': 0.03, 'gamma': 0, 'colsample_bytree': 0.6, 'colsample_bylevel': 0.6, 'n_estimators': 300}",0.926911976911977,repeated_stratified,3,4,full,electrode
8,8,1.0,8,3,0.375,8,5,0.625,0.6666666666666666,0.6613756613756614,0.75,8,0,0,0,3,5,0,3,5,P14,xgb,150,"{'subsample': 0.6, 'reg_lambda': 1, 'reg_alpha': 0, 'min_child_weight': 1, 'max_depth': 2, 'learning_rate': 0.03, 'gamma': 0, 'colsample_bytree': 0.6, 'colsample_bylevel': 0.6, 'n_estimators': 300}",0.8848003848003848,repeated_stratified,4,0,full,electrode
8,8,1.0,8,7,0.875,8,6,0.75,0.875,0.8745098039215686,0.9661458333333334,8,0,0,0,7,1,0,2,6,P14,xgb,150,"{'subsample': 0.6, 'reg_lambda': 3, 'reg_alpha': 0.1, 'min_child_weight': 1, 'max_depth': 2, 'learning_rate': 0.05, 'gamma': 0, 'colsample_bytree': 0.7, 'colsample_bylevel': 0.6, 'n_estimators': 300}",0.9296777296777295,repeated_stratified,4,1,full,electrode
8,7,0.875,8,3,0.375,8,4,0.5,0.5833333333333334,0.5826719576719577,0.8046875,7,0,1,0,3,5,1,3,4,P14,xgb,150,"{'subsample': 0.6, 'reg_lambda': 3, 'reg_alpha': 0.1, 'min_child_weight': 1, 'max_depth': 2, 'learning_rate': 0.05, 'gamma': 0, 'colsample_bytree': 0.7, 'colsample_bylevel': 0.6, 'n_estimators': 300}",0.8433381433381434,repeated_stratified,4,2,full,electrode
8,8,1.0,8,4,0.5,8,6,0.75,0.75,0.746031746031746,0.8229166666666666,8,0,0,0,4,4,0,2,6,P14,xgb,149,"{'subsample': 0.6, 'reg_lambda': 3, 'reg_alpha': 0.1, 'min_child_weight': 1, 'max_depth': 8, 'learning_rate': 0.05, 'gamma': 0, 'colsample_bytree': 0.7, 'colsample_bylevel': 0.8, 'n_estimators': 300}",0.9574555074555074,repeated_stratified,4,3,full,electrode
8,8,1.0,8,4,0.5,8,4,0.5,0.6666666666666666,0.6666666666666666,0.8515625,8,0,0,0,4,4,0,4,4,P14,xgb,150,"{'subsample': 0.6, 'reg_lambda': 3, 'reg_alpha': 0.1, 'min_child_weight': 1, 'max_depth': 8, 'learning_rate': 0.05, 'gamma': 0, 'colsample_bytree': 0.7, 'colsample_bylevel': 0.8, 'n_estimators': 300}",0.8881192881192881,repeated_stratified,4,4,full,electrode
8,6,0.75,8,3,0.375,8,3,0.375,0.5,0.5111111111111111,0.7265625,6,2,0,1,3,4,0,5,3,P14,xgb,150,"{'subsample': 0.6, 'reg_lambda': 1, 'reg_alpha': 0, 'min_child_weight': 1, 'max_depth': 2, 'learning_rate': 0.03, 'gamma': 0, 'colsample_bytree': 0.6, 'colsample_bylevel': 0.6, 'n_estimators': 300}",0.8418229918229919,repeated_stratified,5,0,full,electrode
8,7,0.875,8,5,0.625,8,5,0.625,0.7083333333333334,0.7155228758169935,0.8697916666666666,7,1,0,0,5,3,0,3,5,P14,xgb,149,"{'subsample': 1.0, 'reg_lambda': 3, 'reg_alpha': 0.5, 'min_child_weight': 1, 'max_depth': 2, 'learning_rate': 0.05, 'gamma': 0, 'colsample_bytree': 0.7, 'colsample_bylevel': 0.8, 'n_estimators': 300}",0.8970177970177969,repeated_stratified,5,1,full,electrode
8,8,1.0,8,3,0.375,8,6,0.75,0.7083333333333334,0.697705802968961,0.8645833333333334,8,0,0,0,3,5,0,2,6,P14,xgb,147,"{'subsample': 0.6, 'reg_lambda': 10, 'reg_alpha': 0.1, 'min_child_weight': 1, 'max_depth': 8, 'learning_rate': 0.03, 'gamma': 0.3, 'colsample_bytree': 0.6, 'colsample_bylevel': 0.8, 'n_estimators': 300}",0.9352092352092352,repeated_stratified,5,2,full,electrode
8,7,0.875,8,6,0.75,8,7,0.875,0.8333333333333334,0.8356209150326798,0.9375,7,1,0,0,6,2,0,1,7,P14,xgb,149,"{'subsample': 0.6, 'reg_lambda': 5, 'reg_alpha': 0, 'min_child_weight': 1, 'max_depth': 2, 'learning_rate': 0.01, 'gamma': 0.3, 'colsample_bytree': 0.7, 'colsample_bylevel': 0.6, 'n_estimators': 300}",0.9082732082732082,repeated_stratified,5,3,full,electrode
8,8,1.0,8,5,0.625,8,4,0.5,0.7083333333333334,0.7071895424836602,0.8697916666666666,8,0,0,0,5,3,0,4,4,P14,xgb,149,"{'subsample': 0.6, 'reg_lambda': 3, 'reg_alpha': 0.1, 'min_child_weight': 1, 'max_depth': 8, 'learning_rate': 0.05, 'gamma': 0, 'colsample_bytree': 0.7, 'colsample_bylevel': 0.8, 'n_estimators': 300}",0.9307599807599808,repeated_stratified,5,4,full,electrode
8,8,1.0,8,7,0.875,8,6,0.75,0.875,0.8745098039215686,0.9401041666666666,8,0,0,0,7,1,0,2,6,P14,xgb,150,"{'subsample': 0.6, 'reg_lambda': 5, 'reg_alpha': 0.5, 'min_child_weight': 1, 'max_depth': 8, 'learning_rate': 0.03, 'gamma': 0.3, 'colsample_bytree': 0.6, 'colsample_bylevel': 0.6, 'n_estimators': 300}",0.933982683982684,repeated_stratified,6,0,full,electrode
8,8,1.0,8,3,0.375,8,3,0.375,0.5833333333333334,0.5833333333333334,0.7421875,8,0,0,0,3,5,0,5,3,P14,xgb,150,"{'subsample': 0.6, 'reg_lambda': 3, 'reg_alpha': 0.1, 'min_child_weight': 1, 'max_depth': 8, 'learning_rate': 0.05, 'gamma': 0, 'colsample_bytree': 0.7, 'colsample_bylevel': 0.8, 'n_estimators': 300}",0.8919191919191919,repeated_stratified,6,1,full,electrode
8,8,1.0,8,4,0.5,8,6,0.75,0.75,0.746031746031746,0.8958333333333334,8,0,0,0,4,4,0,2,6,P14,xgb,150,"{'subsample': 0.6, 'reg_lambda': 1, 'reg_alpha': 0, 'min_child_weight': 1, 'max_depth': 2, 'learning_rate': 0.03, 'gamma': 0, 'colsample_bytree': 0.6, 'colsample_bylevel': 0.6, 'n_estimators': 300}",0.962025012025012,repeated_stratified,6,2,full,electrode
8,7,0.875,8,4,0.5,8,6,0.75,0.7083333333333334,0.7121136173767754,0.8515625,7,0,1,0,4,4,0,2,6,P14,xgb,149,"{'subsample': 0.6, 'reg_lambda': 3, 'reg_alpha': 0.1, 'min_child_weight': 1, 'max_depth': 2, 'learning_rate': 0.05, 'gamma': 0, 'colsample_bytree': 0.7, 'colsample_bylevel': 0.6, 'n_estimators': 300}",0.9300865800865802,repeated_stratified,6,3,full,electrode
8,7,0.875,8,6,0.75,8,4,0.5,0.7083333333333334,0.7121136173767754,0.8072916666666666,7,1,0,0,6,2,0,4,4,P14,xgb,150,"{'subsample': 0.6, 'reg_lambda': 3, 'reg_alpha': 0.1, 'min_child_weight': 1, 'max_depth': 2, 'learning_rate': 0.05, 'gamma': 0, 'colsample_bytree': 0.7, 'colsample_bylevel': 0.6, 'n_estimators': 300}",0.938095238095238,repeated_stratified,6,4,full,electrode
8,6,0.75,8,4,0.5,8,6,0.75,0.6666666666666666,0.6740183792815371,0.8359375,6,1,1,0,4,4,0,2,6,P14,xgb,148,"{'subsample': 0.6, 'reg_lambda': 3, 'reg_alpha': 0.1, 'min_child_weight': 1, 'max_depth': 2, 'learning_rate': 0.05, 'gamma': 0, 'colsample_bytree': 0.7, 'colsample_bylevel': 0.6, 'n_estimators': 300}",0.958056758056758,repeated_stratified,7,0,full,electrode
8,7,0.875,8,4,0.5,8,5,0.625,0.6666666666666666,0.674074074074074,0.8255208333333334,7,0,1,0,4,4,0,3,5,P14,xgb,150,"{'subsample': 0.6, 'reg_lambda': 1, 'reg_alpha': 0, 'min_child_weight': 1, 'max_depth': 2, 'learning_rate': 0.03, 'gamma': 0, 'colsample_bytree': 0.6, 'colsample_bylevel': 0.6, 'n_estimators': 300}",0.889081289081289,repeated_stratified,7,1,full,electrode
8,8,1.0,8,6,0.75,8,8,1.0,0.9166666666666666,0.9153439153439152,0.9583333333333334,8,0,0,0,6,2,0,0,8,P14,xgb,150,"{'subsample': 0.6, 'reg_lambda': 1, 'reg_alpha': 0, 'min_child_weight': 1, 'max_depth': 2, 'learning_rate': 0.03, 'gamma': 0, 'colsample_bytree': 0.6, 'colsample_bylevel': 0.6, 'n_estimators': 300}",0.9552429052429052,repeated_stratified,7,2,full,electrode
8,8,1.0,8,5,0.625,8,3,0.375,0.6666666666666666,0.6526610644257703,0.8619791666666666,8,0,0,0,5,3,1,4,3,P14,xgb,139,"{'subsample': 0.6, 'reg_lambda': 1, 'reg_alpha': 0, 'min_child_weight': 1, 'max_depth': 2, 'learning_rate': 0.03, 'gamma': 0, 'colsample_bytree': 0.6, 'colsample_bylevel': 0.6, 'n_estimators': 300}",0.8927609427609428,repeated_stratified,7,3,full,electrode
8,6,0.75,8,2,0.25,8,3,0.375,0.4583333333333333,0.4817927170868347,0.7421875,6,2,0,0,2,6,0,5,3,P14,xgb,150,"{'subsample': 0.6, 'reg_lambda': 3, 'reg_alpha': 0.1, 'min_child_weight': 1, 'max_depth': 8, 'learning_rate': 0.05, 'gamma': 0, 'colsample_bytree': 0.7, 'colsample_bylevel': 0.8, 'n_estimators': 300}",0.8867724867724868,repeated_stratified,7,4,full,electrode
8,7,0.875,8,7,0.875,8,5,0.625,0.7916666666666666,0.7890211640211641,0.9114583333333334,7,1,0,0,7,1,1,2,5,P14,xgb,150,"{'subsample': 0.6, 'reg_lambda': 1, 'reg_alpha': 0, 'min_child_weight': 1, 'max_depth': 2, 'learning_rate': 0.03, 'gamma': 0, 'colsample_bytree': 0.6, 'colsample_bylevel': 0.6, 'n_estimators': 300}",0.8934102934102935,repeated_stratified,8,0,full,electrode
8,7,0.875,8,4,0.5,8,2,0.25,0.5416666666666666,0.5374183006535947,0.7786458333333334,7,0,1,0,4,4,1,5,2,P14,xgb,149,"{'subsample': 0.6, 'reg_lambda': 3, 'reg_alpha': 0.1, 'min_child_weight': 1, 'max_depth': 2, 'learning_rate': 0.05, 'gamma': 0, 'colsample_bytree': 0.7, 'colsample_bylevel': 0.6, 'n_estimators': 300}",0.8646224146224145,repeated_stratified,8,1,full,electrode
8,8,1.0,8,3,0.375,8,2,0.25,0.5416666666666666,0.5398692810457516,0.7838541666666666,8,0,0,0,3,5,0,6,2,P14,xgb,150,"{'subsample': 0.6, 'reg_lambda': 3, 'reg_alpha': 0.1, 'min_child_weight': 1, 'max_depth': 2, 'learning_rate': 0.05, 'gamma': 0, 'colsample_bytree': 0.7, 'colsample_bylevel': 0.6, 'n_estimators': 300}",0.8887926887926888,repeated_stratified,8,2,full,electrode
8,8,1.0,8,5,0.625,8,4,0.5,0.7083333333333334,0.7071895424836602,0.8645833333333334,8,0,0,0,5,3,0,4,4,P14,xgb,150,"{'subsample': 0.6, 'reg_lambda': 3, 'reg_alpha': 0.1, 'min_child_weight': 1, 'max_depth': 8, 'learning_rate': 0.05, 'gamma': 0, 'colsample_bytree': 0.7, 'colsample_bylevel': 0.8, 'n_estimators': 300}",0.9152236652236652,repeated_stratified,8,3,full,electrode
8,8,1.0,8,5,0.625,8,4,0.5,0.7083333333333334,0.7071895424836602,0.8880208333333334,8,0,0,0,5,3,0,4,4,P14,xgb,150,"{'subsample': 0.6, 'reg_lambda': 1, 'reg_alpha': 0, 'min_child_weight': 1, 'max_depth': 2, 'learning_rate': 0.03, 'gamma': 0, 'colsample_bytree': 0.6, 'colsample_bylevel': 0.6, 'n_estimators': 300}",0.9249158249158248,repeated_stratified,8,4,full,electrode
8,8,1.0,8,5,0.625,8,6,0.75,0.7916666666666666,0.7871148459383753,0.8802083333333334,8,0,0,0,5,3,1,1,6,P14,xgb,150,"{'subsample': 0.6, 'reg_lambda': 1, 'reg_alpha': 0, 'min_child_weight': 1, 'max_depth': 2, 'learning_rate': 0.03, 'gamma': 0, 'colsample_bytree': 0.6, 'colsample_bylevel': 0.6, 'n_estimators': 300}",0.9261183261183262,repeated_stratified,9,0,full,electrode
8,7,0.875,8,4,0.5,8,3,0.375,0.5833333333333334,0.5818627450980393,0.7994791666666666,7,1,0,0,4,4,1,4,3,P14,xgb,150,"{'subsample': 0.6, 'reg_lambda': 3, 'reg_alpha': 0.1, 'min_child_weight': 1, 'max_depth': 8, 'learning_rate': 0.05, 'gamma': 0, 'colsample_bytree': 0.7, 'colsample_bylevel': 0.8, 'n_estimators': 300}",0.9044011544011544,repeated_stratified,9,1,full,electrode
8,8,1.0,8,4,0.5,8,4,0.5,0.6666666666666666,0.6666666666666666,0.796875,8,0,0,0,4,4,0,4,4,P14,xgb,150,"{'subsample': 0.6, 'reg_lambda': 3, 'reg_alpha': 0.1, 'min_child_weight': 1, 'max_depth': 8, 'learning_rate': 0.05, 'gamma': 0, 'colsample_bytree': 0.7, 'colsample_bylevel': 0.8, 'n_estimators': 300}",0.86002886002886,repeated_stratified,9,2,full,electrode
8,6,0.75,8,5,0.625,8,4,0.5,0.625,0.6389306599832915,0.8671875,6,2,0,0,5,3,0,4,4,P14,xgb,150,"{'subsample': 0.6, 'reg_lambda': 1, 'reg_alpha': 0, 'min_child_weight': 1, 'max_depth': 2, 'learning_rate': 0.03, 'gamma': 0, 'colsample_bytree': 0.6, 'colsample_bylevel': 0.6, 'n_estimators': 300}",0.922871572871573,repeated_stratified,9,3,full,electrode
8,8,1.0,8,4,0.5,8,3,0.375,0.625,0.6235294117647059,0.8125,8,0,0,0,4,4,0,5,3,P14,xgb,149,"{'subsample': 0.6, 'reg_lambda': 3, 'reg_alpha': 0.1, 'min_child_weight': 1, 'max_depth': 2, 'learning_rate': 0.05, 'gamma': 0, 'colsample_bytree': 0.7, 'colsample_bylevel': 0.6, 'n_estimators': 300}",0.874963924963925,repeated_stratified,9,4,full,electrode
8,8,1.0,8,6,0.75,8,5,0.625,0.7916666666666666,0.7908496732026143,0.8984375,8,0,0,0,6,2,0,3,5,P15,xgb,150,"{'subsample': 0.6, 'reg_lambda': 3, 'reg_alpha': 0.1, 'min_child_weight': 1, 'max_depth': 2, 'learning_rate': 0.05, 'gamma': 0, 'colsample_bytree': 0.7, 'colsample_bylevel': 0.6, 'n_estimators': 300}",0.9228715728715728,repeated_stratified,0,0,full,electrode
8,8,1.0,8,5,0.625,8,5,0.625,0.75,0.744281045751634,0.8880208333333334,8,0,0,1,5,2,0,3,5,P15,xgb,149,"{'subsample': 0.8, 'reg_lambda': 1, 'reg_alpha': 0.1, 'min_child_weight': 1, 'max_depth': 4, 'learning_rate': 0.05, 'gamma': 0.5, 'colsample_bytree': 0.7, 'colsample_bylevel': 0.6, 'n_estimators': 300}",0.8781144781144782,repeated_stratified,0,1,full,electrode
8,8,1.0,8,2,0.25,8,5,0.625,0.625,0.5925925925925926,0.8854166666666666,8,0,0,1,2,5,1,2,5,P15,xgb,150,"{'subsample': 0.8, 'reg_lambda': 10, 'reg_alpha': 0.5, 'min_child_weight': 1, 'max_depth': 8, 'learning_rate': 0.01, 'gamma': 0.3, 'colsample_bytree': 0.7, 'colsample_bylevel': 0.6, 'n_estimators': 300}",0.8654401154401153,repeated_stratified,0,2,full,electrode
8,8,1.0,8,5,0.625,8,5,0.625,0.75,0.75,0.8255208333333334,8,0,0,0,5,3,0,3,5,P15,xgb,148,"{'subsample': 0.6, 'reg_lambda': 1, 'reg_alpha': 0, 'min_child_weight': 1, 'max_depth': 2, 'learning_rate': 0.03, 'gamma': 0, 'colsample_bytree': 0.6, 'colsample_bylevel': 0.6, 'n_estimators': 300}",0.938191438191438,repeated_stratified,0,3,full,electrode
8,8,1.0,8,5,0.625,8,5,0.625,0.75,0.75,0.8697916666666666,8,0,0,0,5,3,0,3,5,P15,xgb,150,"{'subsample': 0.6, 'reg_lambda': 3, 'reg_alpha': 0.1, 'min_child_weight': 1, 'max_depth': 2, 'learning_rate': 0.05, 'gamma': 0, 'colsample_bytree': 0.7, 'colsample_bylevel': 0.6, 'n_estimators': 300}",0.8599567099567099,repeated_stratified,0,4,full,electrode
8,8,1.0,8,3,0.375,8,3,0.375,0.5833333333333334,0.5720588235294118,0.8020833333333334,8,0,0,1,3,4,0,5,3,P15,xgb,146,"{'subsample': 0.6, 'reg_lambda': 1, 'reg_alpha': 0, 'min_child_weight': 1, 'max_depth': 2, 'learning_rate': 0.03, 'gamma': 0, 'colsample_bytree': 0.6, 'colsample_bylevel': 0.6, 'n_estimators': 300}",0.9784271284271284,repeated_stratified,1,0,full,electrode
8,8,1.0,8,5,0.625,8,7,0.875,0.8333333333333334,0.8306878306878307,0.96875,8,0,0,0,5,3,0,1,7,P15,xgb,149,"{'subsample': 0.8, 'reg_lambda': 1, 'reg_alpha': 0, 'min_child_weight': 1, 'max_depth': 8, 'learning_rate': 0.01, 'gamma': 0.3, 'colsample_bytree': 0.6, 'colsample_bylevel': 0.8, 'n_estimators': 300}",0.9189754689754688,repeated_stratified,1,1,full,electrode
8,8,1.0,8,6,0.75,8,4,0.5,0.75,0.746031746031746,0.8932291666666666,8,0,0,0,6,2,0,4,4,P15,xgb,150,"{'subsample': 0.6, 'reg_lambda': 1, 'reg_alpha': 0, 'min_child_weight': 1, 'max_depth': 2, 'learning_rate': 0.03, 'gamma': 0, 'colsample_bytree': 0.6, 'colsample_bylevel': 0.6, 'n_estimators': 300}",0.9138047138047138,repeated_stratified,1,2,full,electrode
8,8,1.0,8,6,0.75,8,6,0.75,0.8333333333333334,0.8333333333333334,0.9348958333333334,8,0,0,0,6,2,0,2,6,P15,xgb,148,"{'subsample': 0.6, 'reg_lambda': 1, 'reg_alpha': 0, 'min_child_weight': 1, 'max_depth': 2, 'learning_rate': 0.03, 'gamma': 0, 'colsample_bytree': 0.6, 'colsample_bylevel': 0.6, 'n_estimators': 300}",0.879100529100529,repeated_stratified,1,3,full,electrode
8,8,1.0,8,7,0.875,8,4,0.5,0.7916666666666666,0.7840755735492578,0.9140625,8,0,0,0,7,1,0,4,4,P15,xgb,150,"{'subsample': 0.6, 'reg_lambda': 1, 'reg_alpha': 0, 'min_child_weight': 1, 'max_depth': 2, 'learning_rate': 0.03, 'gamma': 0, 'colsample_bytree': 0.6, 'colsample_bylevel': 0.6, 'n_estimators': 300}",0.8628908128908129,repeated_stratified,1,4,full,electrode
8,8,1.0,8,3,0.375,8,3,0.375,0.5833333333333334,0.5720588235294118,0.8567708333333334,8,0,0,1,3,4,0,5,3,P15,xgb,150,"{'subsample': 1.0, 'reg_lambda': 3, 'reg_alpha': 0, 'min_child_weight': 1, 'max_depth': 4, 'learning_rate': 0.01, 'gamma': 0.3, 'colsample_bytree': 0.6, 'colsample_bylevel': 0.6, 'n_estimators': 300}",0.9028379028379028,repeated_stratified,2,0,full,electrode
8,8,1.0,8,3,0.375,8,8,1.0,0.7916666666666666,0.7691197691197691,0.8463541666666666,8,0,0,0,3,5,0,0,8,P15,xgb,150,"{'subsample': 0.6, 'reg_lambda': 1, 'reg_alpha': 0, 'min_child_weight': 1, 'max_depth': 2, 'learning_rate': 0.03, 'gamma': 0, 'colsample_bytree': 0.6, 'colsample_bylevel': 0.6, 'n_estimators': 300}",0.8737614237614237,repeated_stratified,2,1,full,electrode
8,8,1.0,8,5,0.625,8,6,0.75,0.7916666666666666,0.7908496732026143,0.9010416666666666,8,0,0,0,5,3,0,2,6,P15,xgb,150,"{'subsample': 0.6, 'reg_lambda': 3, 'reg_alpha': 0.1, 'min_child_weight': 1, 'max_depth': 2, 'learning_rate': 0.05, 'gamma': 0, 'colsample_bytree': 0.7, 'colsample_bylevel': 0.6, 'n_estimators': 300}",0.8968494468494469,repeated_stratified,2,2,full,electrode
8,8,1.0,8,6,0.75,8,5,0.625,0.7916666666666666,0.7871148459383753,0.8984375,8,0,0,1,6,1,0,3,5,P15,xgb,150,"{'subsample': 0.6, 'reg_lambda': 1, 'reg_alpha': 0, 'min_child_weight': 1, 'max_depth': 2, 'learning_rate': 0.03, 'gamma': 0, 'colsample_bytree': 0.6, 'colsample_bylevel': 0.6, 'n_estimators': 300}",0.9134920634920636,repeated_stratified,2,3,full,electrode
8,8,1.0,8,5,0.625,8,7,0.875,0.8333333333333334,0.8306878306878307,0.9453125,8,0,0,0,5,3,0,1,7,P15,xgb,150,"{'subsample': 0.8, 'reg_lambda': 5, 'reg_alpha': 0.1, 'min_child_weight': 1, 'max_depth': 8, 'learning_rate': 0.03, 'gamma': 0, 'colsample_bytree': 0.6, 'colsample_bylevel': 0.6, 'n_estimators': 300}",0.9101250601250602,repeated_stratified,2,4,full,electrode
8,8,1.0,8,8,1.0,8,6,0.75,0.9166666666666666,0.9153439153439152,0.9505208333333334,8,0,0,0,8,0,0,2,6,P15,xgb,149,"{'subsample': 0.8, 'reg_lambda': 10, 'reg_alpha': 0.1, 'min_child_weight': 1, 'max_depth': 16, 'learning_rate': 0.01, 'gamma': 0.1, 'colsample_bytree': 0.6, 'colsample_bylevel': 0.6, 'n_estimators': 300}",0.917893217893218,repeated_stratified,3,0,full,electrode
8,8,1.0,8,5,0.625,8,6,0.75,0.7916666666666666,0.7908496732026143,0.9036458333333334,8,0,0,0,5,3,0,2,6,P15,xgb,150,"{'subsample': 0.6, 'reg_lambda': 1, 'reg_alpha': 0, 'min_child_weight': 1, 'max_depth': 2, 'learning_rate': 0.03, 'gamma': 0, 'colsample_bytree': 0.6, 'colsample_bylevel': 0.6, 'n_estimators': 300}",0.9335978835978836,repeated_stratified,3,1,full,electrode
8,8,1.0,8,6,0.75,8,7,0.875,0.875,0.8745098039215686,0.9244791666666666,8,0,0,0,6,2,0,1,7,P15,xgb,150,"{'subsample': 0.6, 'reg_lambda': 3, 'reg_alpha': 0.1, 'min_child_weight': 1, 'max_depth': 2, 'learning_rate': 0.05, 'gamma': 0, 'colsample_bytree': 0.7, 'colsample_bylevel': 0.6, 'n_estimators': 300}",0.8709716209716208,repeated_stratified,3,2,full,electrode
8,8,1.0,8,2,0.25,8,4,0.5,0.5833333333333334,0.5644377409083291,0.8046875,8,0,0,0,2,6,1,3,4,P15,xgb,149,"{'subsample': 0.6, 'reg_lambda': 1, 'reg_alpha': 0, 'min_child_weight': 1, 'max_depth': 2, 'learning_rate': 0.03, 'gamma': 0, 'colsample_bytree': 0.6, 'colsample_bylevel': 0.6, 'n_estimators': 300}",0.9486772486772488,repeated_stratified,3,3,full,electrode
8,8,1.0,8,2,0.25,8,6,0.75,0.6666666666666666,0.6444444444444444,0.8515625,8,0,0,0,2,6,0,2,6,P15,xgb,150,"{'subsample': 0.6, 'reg_lambda': 3, 'reg_alpha': 0.1, 'min_child_weight': 1, 'max_depth': 8, 'learning_rate': 0.05, 'gamma': 0, 'colsample_bytree': 0.7, 'colsample_bylevel': 0.8, 'n_estimators': 300}",0.9558441558441558,repeated_stratified,3,4,full,electrode
8,8,1.0,8,7,0.875,8,5,0.625,0.8333333333333334,0.8293950058655941,0.9635416666666666,8,0,0,1,7,0,0,3,5,P15,xgb,123,"{'subsample': 0.8, 'reg_lambda': 10, 'reg_alpha': 0, 'min_child_weight': 1, 'max_depth': 4, 'learning_rate': 0.03, 'gamma': 0, 'colsample_bytree': 0.6, 'colsample_bylevel': 0.8, 'n_estimators': 300}",0.9467772967772968,repeated_stratified,4,0,full,electrode
8,8,1.0,8,5,0.625,8,4,0.5,0.7083333333333334,0.7002801120448178,0.890625,8,0,0,1,5,2,0,4,4,P15,xgb,150,"{'subsample': 0.6, 'reg_lambda': 3, 'reg_alpha': 0.1, 'min_child_weight': 1, 'max_depth': 8, 'learning_rate': 0.05, 'gamma': 0, 'colsample_bytree': 0.7, 'colsample_bylevel': 0.8, 'n_estimators': 300}",0.8811928811928812,repeated_stratified,4,1,full,electrode
8,8,1.0,8,4,0.5,8,6,0.75,0.75,0.746031746031746,0.875,8,0,0,0,4,4,0,2,6,P15,xgb,149,"{'subsample': 0.6, 'reg_lambda': 1, 'reg_alpha': 0, 'min_child_weight': 1, 'max_depth': 2, 'learning_rate': 0.03, 'gamma': 0, 'colsample_bytree': 0.6, 'colsample_bylevel': 0.6, 'n_estimators': 300}",0.9313612313612314,repeated_stratified,4,2,full,electrode
8,8,1.0,8,6,0.75,8,1,0.125,0.625,0.5844155844155844,0.8567708333333334,8,0,0,0,6,2,0,7,1,P15,xgb,149,"{'subsample': 0.6, 'reg_lambda': 3, 'reg_alpha': 0.1, 'min_child_weight': 1, 'max_depth': 2, 'learning_rate': 0.05, 'gamma': 0, 'colsample_bytree': 0.7, 'colsample_bylevel': 0.6, 'n_estimators': 300}",0.8947330447330447,repeated_stratified,4,3,full,electrode
8,8,1.0,8,6,0.75,8,3,0.375,0.7083333333333334,0.6977058029689608,0.8854166666666666,8,0,0,0,6,2,0,5,3,P15,xgb,149,"{'subsample': 0.6, 'reg_lambda': 10, 'reg_alpha': 0.5, 'min_child_weight': 1, 'max_depth': 2, 'learning_rate': 0.05, 'gamma': 0.1, 'colsample_bytree': 0.6, 'colsample_bylevel': 0.6, 'n_estimators': 300}",0.8219817219817219,repeated_stratified,4,4,full,electrode
8,8,1.0,8,7,0.875,8,3,0.375,0.75,0.7333333333333334,0.890625,8,0,0,0,7,1,0,5,3,P15,xgb,149,"{'subsample': 0.6, 'reg_lambda': 1, 'reg_alpha': 0, 'min_child_weight': 1, 'max_depth': 2, 'learning_rate': 0.03, 'gamma': 0, 'colsample_bytree': 0.6, 'colsample_bylevel': 0.6, 'n_estimators': 300}",0.8807840307840308,repeated_stratified,5,0,full,electrode
8,8,1.0,8,6,0.75,8,2,0.25,0.6666666666666666,0.6444444444444445,0.8776041666666666,8,0,0,0,6,2,0,6,2,P15,xgb,134,"{'subsample': 0.6, 'reg_lambda': 10, 'reg_alpha': 0.5, 'min_child_weight': 1, 'max_depth': 2, 'learning_rate': 0.05, 'gamma': 0.1, 'colsample_bytree': 0.6, 'colsample_bylevel': 0.6, 'n_estimators': 300}",0.9145021645021644,repeated_stratified,5,1,full,electrode
8,8,1.0,8,3,0.375,8,4,0.5,0.625,0.6235294117647059,0.8177083333333334,8,0,0,0,3,5,0,4,4,P15,xgb,150,"{'subsample': 0.6, 'reg_lambda': 3, 'reg_alpha': 0.1, 'min_child_weight': 1, 'max_depth': 2, 'learning_rate': 0.05, 'gamma': 0, 'colsample_bytree': 0.7, 'colsample_bylevel': 0.6, 'n_estimators': 300}",0.944083694083694,repeated_stratified,5,2,full,electrode
8,8,1.0,8,6,0.75,8,7,0.875,0.875,0.8740740740740741,0.9817708333333334,8,0,0,2,6,0,0,1,7,P15,xgb,150,"{'subsample': 0.8, 'reg_lambda': 10, 'reg_alpha': 0, 'min_child_weight': 1, 'max_depth': 4, 'learning_rate': 0.03, 'gamma': 0, 'colsample_bytree': 0.6, 'colsample_bylevel': 0.8, 'n_estimators': 300}",0.8821067821067822,repeated_stratified,5,3,full,electrode
8,8,1.0,8,6,0.75,8,4,0.5,0.75,0.746031746031746,0.9088541666666666,8,0,0,0,6,2,0,4,4,P15,xgb,149,"{'subsample': 0.6, 'reg_lambda': 1, 'reg_alpha': 0, 'min_child_weight': 1, 'max_depth': 2, 'learning_rate': 0.03, 'gamma': 0, 'colsample_bytree': 0.6, 'colsample_bylevel': 0.6, 'n_estimators': 300}",0.8908369408369409,repeated_stratified,5,4,full,electrode
8,8,1.0,8,7,0.875,8,5,0.625,0.8333333333333334,0.8306878306878307,0.9270833333333334,8,0,0,0,7,1,0,3,5,P15,xgb,149,"{'subsample': 0.6, 'reg_lambda': 1, 'reg_alpha': 0, 'min_child_weight': 1, 'max_depth': 2, 'learning_rate': 0.03, 'gamma': 0, 'colsample_bytree': 0.6, 'colsample_bylevel': 0.6, 'n_estimators': 300}",0.9403318903318904,repeated_stratified,6,0,full,electrode
8,8,1.0,8,5,0.625,8,7,0.875,0.8333333333333334,0.8306878306878307,0.9557291666666666,8,0,0,0,5,3,0,1,7,P15,xgb,149,"{'subsample': 0.6, 'reg_lambda': 1, 'reg_alpha': 0, 'min_child_weight': 1, 'max_depth': 2, 'learning_rate': 0.03, 'gamma': 0, 'colsample_bytree': 0.6, 'colsample_bylevel': 0.6, 'n_estimators': 300}",0.8768879268879269,repeated_stratified,6,1,full,electrode
8,8,1.0,8,2,0.25,8,5,0.625,0.625,0.6014747779453662,0.7838541666666666,8,0,0,1,2,5,0,3,5,P15,xgb,149,"{'subsample': 0.6, 'reg_lambda': 3, 'reg_alpha': 0.1, 'min_child_weight': 1, 'max_depth': 8, 'learning_rate': 0.05, 'gamma': 0, 'colsample_bytree': 0.7, 'colsample_bylevel': 0.8, 'n_estimators': 300}",0.9050505050505052,repeated_stratified,6,2,full,electrode
8,8,1.0,8,5,0.625,8,3,0.375,0.6666666666666666,0.6613756613756614,0.8645833333333334,8,0,0,0,5,3,0,5,3,P15,xgb,150,"{'subsample': 0.8, 'reg_lambda': 10, 'reg_alpha': 0, 'min_child_weight': 1, 'max_depth': 8, 'learning_rate': 0.05, 'gamma': 0, 'colsample_bytree': 0.7, 'colsample_bylevel': 0.6, 'n_estimators': 300}",0.9392736892736891,repeated_stratified,6,3,full,electrode
8,8,1.0,8,6,0.75,8,4,0.5,0.75,0.746031746031746,0.8515625,8,0,0,0,6,2,0,4,4,P15,xgb,147,"{'subsample': 0.6, 'reg_lambda': 3, 'reg_alpha': 0.1, 'min_child_weight': 1, 'max_depth': 2, 'learning_rate': 0.05, 'gamma': 0, 'colsample_bytree': 0.7, 'colsample_bylevel': 0.6, 'n_estimators': 300}",0.9137806637806638,repeated_stratified,6,4,full,electrode
8,8,1.0,8,6,0.75,8,4,0.5,0.75,0.746031746031746,0.8307291666666666,8,0,0,0,6,2,0,4,4,P15,xgb,149,"{'subsample': 0.6, 'reg_lambda': 10, 'reg_alpha': 0.1, 'min_child_weight': 1, 'max_depth': 8, 'learning_rate': 0.03, 'gamma': 0.3, 'colsample_bytree': 0.6, 'colsample_bylevel': 0.8, 'n_estimators': 300}",0.8489658489658489,repeated_stratified,7,0,full,electrode
8,8,1.0,8,2,0.25,8,7,0.875,0.7083333333333334,0.668270944741533,0.8541666666666666,8,0,0,1,2,5,0,1,7,P15,xgb,150,"{'subsample': 0.6, 'reg_lambda': 3, 'reg_alpha': 0.1, 'min_child_weight': 1, 'max_depth': 2, 'learning_rate': 0.05, 'gamma': 0, 'colsample_bytree': 0.7, 'colsample_bylevel': 0.6, 'n_estimators': 300}",0.9147186147186148,repeated_stratified,7,1,full,electrode
8,8,1.0,8,3,0.375,8,3,0.375,0.5833333333333334,0.5833333333333334,0.7760416666666666,8,0,0,0,3,5,0,5,3,P15,xgb,150,"{'subsample': 0.6, 'reg_lambda': 3, 'reg_alpha': 0.1, 'min_child_weight': 1, 'max_depth': 8, 'learning_rate': 0.05, 'gamma': 0, 'colsample_bytree': 0.7, 'colsample_bylevel': 0.8, 'n_estimators': 300}",0.906036556036556,repeated_stratified,7,2,full,electrode
8,8,1.0,8,6,0.75,8,5,0.625,0.7916666666666666,0.7908496732026143,0.9453125,8,0,0,0,6,2,0,3,5,P15,xgb,150,"{'subsample': 0.6, 'reg_lambda': 1, 'reg_alpha': 0, 'min_child_weight': 1, 'max_depth': 2, 'learning_rate': 0.03, 'gamma': 0, 'colsample_bytree': 0.6, 'colsample_bylevel': 0.6, 'n_estimators': 300}",0.8834776334776335,repeated_stratified,7,3,full,electrode
8,8,1.0,8,6,0.75,8,6,0.75,0.8333333333333334,0.8303921568627451,0.9661458333333334,8,0,0,1,6,1,0,2,6,P15,xgb,129,"{'subsample': 1.0, 'reg_lambda': 5, 'reg_alpha': 0.1, 'min_child_weight': 1, 'max_depth': 8, 'learning_rate': 0.03, 'gamma': 0.1, 'colsample_bytree': 0.7, 'colsample_bylevel': 0.8, 'n_estimators': 300}",0.8999518999519,repeated_stratified,7,4,full,electrode
8,8,1.0,8,6,0.75,8,6,0.75,0.8333333333333334,0.8333333333333334,0.953125,8,0,0,0,6,2,0,2,6,P15,xgb,150,"{'subsample': 0.6, 'reg_lambda': 1, 'reg_alpha': 0, 'min_child_weight': 1, 'max_depth': 2, 'learning_rate': 0.03, 'gamma': 0, 'colsample_bytree': 0.6, 'colsample_bylevel': 0.6, 'n_estimators': 300}",0.8836700336700337,repeated_stratified,8,0,full,electrode
8,8,1.0,8,6,0.75,8,6,0.75,0.8333333333333334,0.8303921568627451,0.9322916666666666,8,0,0,1,6,1,0,2,6,P15,xgb,150,"{'subsample': 0.6, 'reg_lambda': 1, 'reg_alpha': 0, 'min_child_weight': 1, 'max_depth': 2, 'learning_rate': 0.03, 'gamma': 0, 'colsample_bytree': 0.6, 'colsample_bylevel': 0.6, 'n_estimators': 300}",0.931072631072631,repeated_stratified,8,1,full,electrode
8,8,1.0,8,7,0.875,8,4,0.5,0.7916666666666666,0.7840755735492578,0.9322916666666666,8,0,0,0,7,1,0,4,4,P15,xgb,150,"{'subsample': 0.6, 'reg_lambda': 1, 'reg_alpha': 0, 'min_child_weight': 1, 'max_depth': 2, 'learning_rate': 0.03, 'gamma': 0, 'colsample_bytree': 0.6, 'colsample_bylevel': 0.6, 'n_estimators': 300}",0.8978354978354979,repeated_stratified,8,2,full,electrode
8,8,1.0,8,5,0.625,8,3,0.375,0.6666666666666666,0.6613756613756614,0.8697916666666666,8,0,0,0,5,3,0,5,3,P15,xgb,150,"{'subsample': 1.0, 'reg_lambda': 5, 'reg_alpha': 0.5, 'min_child_weight': 1, 'max_depth': 4, 'learning_rate': 0.03, 'gamma': 0, 'colsample_bytree': 0.6, 'colsample_bylevel': 0.8, 'n_estimators': 300}",0.8937710437710438,repeated_stratified,8,3,full,electrode
8,8,1.0,8,3,0.375,8,5,0.625,0.6666666666666666,0.6527568292274174,0.875,8,0,0,0,3,5,1,2,5,P15,xgb,140,"{'subsample': 1.0, 'reg_lambda': 5, 'reg_alpha': 0.1, 'min_child_weight': 1, 'max_depth': 8, 'learning_rate': 0.03, 'gamma': 0.1, 'colsample_bytree': 0.7, 'colsample_bylevel': 0.8, 'n_estimators': 300}",0.914886964886965,repeated_stratified,8,4,full,electrode
8,8,1.0,8,7,0.875,8,3,0.375,0.75,0.7333333333333334,0.9166666666666666,8,0,0,0,7,1,0,5,3,P15,xgb,150,"{'subsample': 0.6, 'reg_lambda': 1, 'reg_alpha': 0, 'min_child_weight': 1, 'max_depth': 2, 'learning_rate': 0.03, 'gamma': 0, 'colsample_bytree': 0.6, 'colsample_bylevel': 0.6, 'n_estimators': 300}",0.9414862914862916,repeated_stratified,9,0,full,electrode
8,8,1.0,8,5,0.625,8,4,0.5,0.7083333333333334,0.7071895424836602,0.8463541666666666,8,0,0,0,5,3,0,4,4,P15,xgb,150,"{'subsample': 0.6, 'reg_lambda': 1, 'reg_alpha': 0, 'min_child_weight': 1, 'max_depth': 2, 'learning_rate': 0.03, 'gamma': 0, 'colsample_bytree': 0.6, 'colsample_bylevel': 0.6, 'n_estimators': 300}",0.9473544973544974,repeated_stratified,9,1,full,electrode
8,8,1.0,8,5,0.625,8,6,0.75,0.7916666666666666,0.7908496732026143,0.8671875,8,0,0,0,5,3,0,2,6,P15,xgb,150,"{'subsample': 0.6, 'reg_lambda': 1, 'reg_alpha': 0, 'min_child_weight': 1, 'max_depth': 2, 'learning_rate': 0.03, 'gamma': 0, 'colsample_bytree': 0.6, 'colsample_bylevel': 0.6, 'n_estimators': 300}",0.9025733525733526,repeated_stratified,9,2,full,electrode
8,8,1.0,8,2,0.25,8,5,0.625,0.625,0.611336032388664,0.8932291666666666,8,0,0,0,2,6,0,3,5,P15,xgb,150,"{'subsample': 0.8, 'reg_lambda': 10, 'reg_alpha': 0, 'min_child_weight': 1, 'max_depth': 4, 'learning_rate': 0.03, 'gamma': 0, 'colsample_bytree': 0.6, 'colsample_bylevel': 0.8, 'n_estimators': 300}",0.8722703222703222,repeated_stratified,9,3,full,electrode
8,8,1.0,8,3,0.375,8,5,0.625,0.6666666666666666,0.6526610644257703,0.8776041666666666,8,0,0,1,3,4,0,3,5,P15,xgb,127,"{'subsample': 0.8, 'reg_lambda': 1, 'reg_alpha': 0.1, 'min_child_weight': 1, 'max_depth': 4, 'learning_rate': 0.05, 'gamma': 0.5, 'colsample_bytree': 0.7, 'colsample_bylevel': 0.6, 'n_estimators': 300}",0.9274651274651275,repeated_stratified,9,4,full,electrode
8,8,1.0,8,6,0.75,8,4,0.5,0.75,0.746031746031746,0.9244791666666666,8,0,0,0,6,2,0,4,4,P16,xgb,146,"{'subsample': 0.6, 'reg_lambda': 3, 'reg_alpha': 0.1, 'min_child_weight': 1, 'max_depth': 2, 'learning_rate': 0.05, 'gamma': 0, 'colsample_bytree': 0.7, 'colsample_bylevel': 0.6, 'n_estimators': 300}",0.9671476671476672,repeated_stratified,0,0,full,electrode
8,8,1.0,8,6,0.75,8,7,0.875,0.875,0.8745098039215686,0.9635416666666666,8,0,0,0,6,2,0,1,7,P16,xgb,146,"{'subsample': 0.6, 'reg_lambda': 3, 'reg_alpha': 0.1, 'min_child_weight': 1, 'max_depth': 8, 'learning_rate': 0.05, 'gamma': 0, 'colsample_bytree': 0.7, 'colsample_bylevel': 0.8, 'n_estimators': 300}",0.9643819143819145,repeated_stratified,0,1,full,electrode
8,8,1.0,8,7,0.875,8,6,0.75,0.875,0.8745098039215686,0.9453125,8,0,0,0,7,1,0,2,6,P16,xgb,147,"{'subsample': 0.6, 'reg_lambda': 3, 'reg_alpha': 0.1, 'min_child_weight': 1, 'max_depth': 2, 'learning_rate': 0.05, 'gamma': 0, 'colsample_bytree': 0.7, 'colsample_bylevel': 0.6, 'n_estimators': 300}",0.9748677248677248,repeated_stratified,0,2,full,electrode
8,8,1.0,8,6,0.75,8,8,1.0,0.9166666666666666,0.9153439153439152,0.9739583333333334,8,0,0,0,6,2,0,0,8,P16,xgb,146,"{'subsample': 0.6, 'reg_lambda': 1, 'reg_alpha': 0, 'min_child_weight': 1, 'max_depth': 2, 'learning_rate': 0.03, 'gamma': 0, 'colsample_bytree': 0.6, 'colsample_bylevel': 0.6, 'n_estimators': 300}",0.9921356421356422,repeated_stratified,0,3,full,electrode
8,7,0.875,8,4,0.5,8,7,0.875,0.75,0.7495726495726496,0.9244791666666666,7,0,1,0,4,4,0,1,7,P16,xgb,147,"{'subsample': 0.6, 'reg_lambda': 1, 'reg_alpha': 0, 'min_child_weight': 1, 'max_depth': 2, 'learning_rate': 0.03, 'gamma': 0, 'colsample_bytree': 0.6, 'colsample_bylevel': 0.6, 'n_estimators': 300}",0.971115921115921,repeated_stratified,0,4,full,electrode
8,8,1.0,8,6,0.75,8,4,0.5,0.75,0.746031746031746,0.9270833333333334,8,0,0,0,6,2,0,4,4,P16,xgb,145,"{'subsample': 0.6, 'reg_lambda': 3, 'reg_alpha': 0.1, 'min_child_weight': 1, 'max_depth': 8, 'learning_rate': 0.05, 'gamma': 0, 'colsample_bytree': 0.7, 'colsample_bylevel': 0.8, 'n_estimators': 300}",0.9811207311207312,repeated_stratified,1,0,full,electrode
8,8,1.0,8,8,1.0,8,5,0.625,0.875,0.8704453441295547,0.9713541666666666,8,0,0,0,8,0,0,3,5,P16,xgb,148,"{'subsample': 0.6, 'reg_lambda': 1, 'reg_alpha': 0, 'min_child_weight': 1, 'max_depth': 2, 'learning_rate': 0.03, 'gamma': 0, 'colsample_bytree': 0.6, 'colsample_bylevel': 0.6, 'n_estimators': 300}",0.97994227994228,repeated_stratified,1,1,full,electrode
8,8,1.0,8,5,0.625,8,6,0.75,0.7916666666666666,0.7908496732026143,0.9427083333333334,8,0,0,0,5,3,0,2,6,P16,xgb,145,"{'subsample': 0.6, 'reg_lambda': 1, 'reg_alpha': 0, 'min_child_weight': 1, 'max_depth': 2, 'learning_rate': 0.03, 'gamma': 0, 'colsample_bytree': 0.6, 'colsample_bylevel': 0.6, 'n_estimators': 300}",0.976142376142376,repeated_stratified,1,2,full,electrode
8,8,1.0,8,6,0.75,8,6,0.75,0.8333333333333334,0.8296296296296296,0.953125,8,0,0,1,6,1,1,1,6,P16,xgb,145,"{'subsample': 0.8, 'reg_lambda': 10, 'reg_alpha': 0, 'min_child_weight': 1, 'max_depth': 8, 'learning_rate': 0.05, 'gamma': 0, 'colsample_bytree': 0.7, 'colsample_bylevel': 0.6, 'n_estimators': 300}",0.9867484367484368,repeated_stratified,1,3,full,electrode
8,8,1.0,8,6,0.75,8,4,0.5,0.75,0.7410759175465058,0.8880208333333334,8,0,0,1,6,1,0,4,4,P16,xgb,147,"{'subsample': 0.6, 'reg_lambda': 3, 'reg_alpha': 0.1, 'min_child_weight': 1, 'max_depth': 2, 'learning_rate': 0.05, 'gamma': 0, 'colsample_bytree': 0.7, 'colsample_bylevel': 0.6, 'n_estimators': 300}",0.9803511303511304,repeated_stratified,1,4,full,electrode
8,8,1.0,8,5,0.625,8,6,0.75,0.7916666666666666,0.7908496732026143,0.9453125,8,0,0,0,5,3,0,2,6,P16,xgb,146,"{'subsample': 0.6, 'reg_lambda': 3, 'reg_alpha': 0.1, 'min_child_weight': 1, 'max_depth': 8, 'learning_rate': 0.05, 'gamma': 0, 'colsample_bytree': 0.7, 'colsample_bylevel': 0.8, 'n_estimators': 300}",0.9925685425685424,repeated_stratified,2,0,full,electrode
8,8,1.0,8,3,0.375,8,5,0.625,0.6666666666666666,0.6526610644257703,0.8619791666666666,8,0,0,1,3,4,0,3,5,P16,xgb,148,"{'subsample': 0.8, 'reg_lambda': 10, 'reg_alpha': 0, 'min_child_weight': 1, 'max_depth': 8, 'learning_rate': 0.05, 'gamma': 0, 'colsample_bytree': 0.7, 'colsample_bylevel': 0.6, 'n_estimators': 300}",0.9975949975949976,repeated_stratified,2,1,full,electrode
8,8,1.0,8,6,0.75,8,5,0.625,0.7916666666666666,0.7908496732026143,0.9427083333333334,8,0,0,0,6,2,0,3,5,P16,xgb,147,"{'subsample': 0.6, 'reg_lambda': 3, 'reg_alpha': 0.1, 'min_child_weight': 1, 'max_depth': 2, 'learning_rate': 0.05, 'gamma': 0, 'colsample_bytree': 0.7, 'colsample_bylevel': 0.6, 'n_estimators': 300}",0.9667869167869168,repeated_stratified,2,2,full,electrode
8,8,1.0,8,4,0.5,8,8,1.0,0.8333333333333334,0.8222222222222223,0.9557291666666666,8,0,0,0,4,4,0,0,8,P16,xgb,145,"{'subsample': 0.6, 'reg_lambda': 10, 'reg_alpha': 0.5, 'min_child_weight': 1, 'max_depth': 2, 'learning_rate': 0.05, 'gamma': 0.1, 'colsample_bytree': 0.6, 'colsample_bylevel': 0.6, 'n_estimators': 300}",0.9586820586820588,repeated_stratified,2,3,full,electrode
8,8,1.0,8,6,0.75,8,6,0.75,0.8333333333333334,0.8333333333333334,0.9270833333333334,8,0,0,0,6,2,0,2,6,P16,xgb,150,"{'subsample': 0.8, 'reg_lambda': 10, 'reg_alpha': 0, 'min_child_weight': 1, 'max_depth': 4, 'learning_rate': 0.03, 'gamma': 0, 'colsample_bytree': 0.6, 'colsample_bylevel': 0.8, 'n_estimators': 300}",0.9892015392015392,repeated_stratified,2,4,full,electrode
8,8,1.0,8,4,0.5,8,6,0.75,0.75,0.7394957983193278,0.90625,8,0,0,1,4,3,0,2,6,P16,xgb,140,"{'subsample': 0.6, 'reg_lambda': 1, 'reg_alpha': 0, 'min_child_weight': 1, 'max_depth': 2, 'learning_rate': 0.03, 'gamma': 0, 'colsample_bytree': 0.6, 'colsample_bylevel': 0.6, 'n_estimators': 300}",0.9744829244829244,repeated_stratified,3,0,full,electrode
8,8,1.0,8,7,0.875,8,8,1.0,0.9583333333333334,0.9581699346405228,0.984375,8,0,0,0,7,1,0,0,8,P16,xgb,143,"{'subsample': 0.6, 'reg_lambda': 3, 'reg_alpha': 0.1, 'min_child_weight': 1, 'max_depth': 2, 'learning_rate': 0.05, 'gamma': 0, 'colsample_bytree': 0.7, 'colsample_bylevel': 0.6, 'n_estimators': 300}",0.996103896103896,repeated_stratified,3,1,full,electrode
8,8,1.0,8,7,0.875,8,8,1.0,0.9583333333333334,0.9581699346405228,0.9973958333333334,8,0,0,0,7,1,0,0,8,P16,xgb,149,"{'subsample': 0.6, 'reg_lambda': 1, 'reg_alpha': 0, 'min_child_weight': 1, 'max_depth': 2, 'learning_rate': 0.03, 'gamma': 0, 'colsample_bytree': 0.6, 'colsample_bylevel': 0.6, 'n_estimators': 300}",0.9832611832611832,repeated_stratified,3,2,full,electrode
8,8,1.0,8,8,1.0,8,5,0.625,0.875,0.8704453441295547,0.9739583333333334,8,0,0,0,8,0,0,3,5,P16,xgb,145,"{'subsample': 0.6, 'reg_lambda': 1, 'reg_alpha': 0, 'min_child_weight': 1, 'max_depth': 2, 'learning_rate': 0.03, 'gamma': 0, 'colsample_bytree': 0.6, 'colsample_bylevel': 0.6, 'n_estimators': 300}",0.9810966810966812,repeated_stratified,3,3,full,electrode
8,8,1.0,8,5,0.625,8,5,0.625,0.75,0.75,0.9322916666666666,8,0,0,0,5,3,0,3,5,P16,xgb,149,"{'subsample': 0.6, 'reg_lambda': 3, 'reg_alpha': 0.1, 'min_child_weight': 1, 'max_depth': 8, 'learning_rate': 0.05, 'gamma': 0, 'colsample_bytree': 0.7, 'colsample_bylevel': 0.8, 'n_estimators': 300}",0.9857623857623858,repeated_stratified,3,4,full,electrode
8,8,1.0,8,6,0.75,8,6,0.75,0.8333333333333334,0.8333333333333334,0.9713541666666666,8,0,0,0,6,2,0,2,6,P16,xgb,144,"{'subsample': 0.6, 'reg_lambda': 5, 'reg_alpha': 0.5, 'min_child_weight': 1, 'max_depth': 8, 'learning_rate': 0.03, 'gamma': 0.3, 'colsample_bytree': 0.6, 'colsample_bylevel': 0.6, 'n_estimators': 300}",0.9566137566137566,repeated_stratified,4,0,full,electrode
8,8,1.0,8,6,0.75,8,6,0.75,0.8333333333333334,0.8333333333333334,0.9765625,8,0,0,0,6,2,0,2,6,P16,xgb,146,"{'subsample': 0.6, 'reg_lambda': 1, 'reg_alpha': 0, 'min_child_weight': 1, 'max_depth': 2, 'learning_rate': 0.03, 'gamma': 0, 'colsample_bytree': 0.6, 'colsample_bylevel': 0.6, 'n_estimators': 300}",0.9815295815295816,repeated_stratified,4,1,full,electrode
8,7,0.875,8,8,1.0,8,6,0.75,0.875,0.8775271512113617,0.9505208333333334,7,1,0,0,8,0,0,2,6,P16,xgb,147,"{'subsample': 0.6, 'reg_lambda': 3, 'reg_alpha': 0.1, 'min_child_weight': 1, 'max_depth': 2, 'learning_rate': 0.05, 'gamma': 0, 'colsample_bytree': 0.7, 'colsample_bylevel': 0.6, 'n_estimators': 300}",0.9549543049543048,repeated_stratified,4,2,full,electrode
8,8,1.0,8,5,0.625,8,7,0.875,0.8333333333333334,0.8306878306878307,0.9453125,8,0,0,0,5,3,0,1,7,P16,xgb,145,"{'subsample': 0.6, 'reg_lambda': 1, 'reg_alpha': 0, 'min_child_weight': 1, 'max_depth': 2, 'learning_rate': 0.03, 'gamma': 0, 'colsample_bytree': 0.6, 'colsample_bylevel': 0.6, 'n_estimators': 300}",0.9843674843674842,repeated_stratified,4,3,full,electrode
8,8,1.0,8,7,0.875,8,3,0.375,0.75,0.7333333333333334,0.9583333333333334,8,0,0,0,7,1,0,5,3,P16,xgb,144,"{'subsample': 0.6, 'reg_lambda': 1, 'reg_alpha': 0, 'min_child_weight': 1, 'max_depth': 2, 'learning_rate': 0.03, 'gamma': 0, 'colsample_bytree': 0.6, 'colsample_bylevel': 0.6, 'n_estimators': 300}",0.973881673881674,repeated_stratified,4,4,full,electrode
8,8,1.0,8,7,0.875,8,7,0.875,0.9166666666666666,0.9166666666666666,0.9713541666666666,8,0,0,0,7,1,0,1,7,P16,xgb,147,"{'subsample': 0.6, 'reg_lambda': 3, 'reg_alpha': 0.1, 'min_child_weight': 1, 'max_depth': 2, 'learning_rate': 0.05, 'gamma': 0, 'colsample_bytree': 0.7, 'colsample_bylevel': 0.6, 'n_estimators': 300}",0.9607263107263108,repeated_stratified,5,0,full,electrode
8,8,1.0,8,5,0.625,8,6,0.75,0.7916666666666666,0.7859477124183006,0.9427083333333334,8,0,0,1,5,2,0,2,6,P16,xgb,146,"{'subsample': 0.6, 'reg_lambda': 10, 'reg_alpha': 0.5, 'min_child_weight': 1, 'max_depth': 2, 'learning_rate': 0.05, 'gamma': 0.1, 'colsample_bytree': 0.6, 'colsample_bylevel': 0.6, 'n_estimators': 300}",0.9775613275613276,repeated_stratified,5,1,full,electrode
8,8,1.0,8,6,0.75,8,6,0.75,0.8333333333333334,0.8303921568627451,0.9635416666666666,8,0,0,1,6,1,0,2,6,P16,xgb,148,"{'subsample': 0.6, 'reg_lambda': 3, 'reg_alpha': 0.1, 'min_child_weight': 1, 'max_depth': 2, 'learning_rate': 0.05, 'gamma': 0, 'colsample_bytree': 0.7, 'colsample_bylevel': 0.6, 'n_estimators': 300}",0.9813852813852814,repeated_stratified,5,2,full,electrode
8,7,0.875,8,4,0.5,8,7,0.875,0.75,0.7472013366750209,0.8723958333333334,7,1,0,0,4,4,0,1,7,P16,xgb,150,"{'subsample': 0.6, 'reg_lambda': 1, 'reg_alpha': 0, 'min_child_weight': 1, 'max_depth': 2, 'learning_rate': 0.03, 'gamma': 0, 'colsample_bytree': 0.6, 'colsample_bylevel': 0.6, 'n_estimators': 300}",0.9693843193843192,repeated_stratified,5,3,full,electrode
8,8,1.0,8,7,0.875,8,6,0.75,0.875,0.8745098039215686,0.9869791666666666,8,0,0,0,7,1,0,2,6,P16,xgb,141,"{'subsample': 0.6, 'reg_lambda': 3, 'reg_alpha': 0.1, 'min_child_weight': 1, 'max_depth': 8, 'learning_rate': 0.05, 'gamma': 0, 'colsample_bytree': 0.7, 'colsample_bylevel': 0.8, 'n_estimators': 300}",0.9893217893217892,repeated_stratified,5,4,full,electrode
8,8,1.0,8,6,0.75,8,6,0.75,0.8333333333333334,0.8333333333333334,0.8984375,8,0,0,0,6,2,0,2,6,P16,xgb,147,"{'subsample': 0.6, 'reg_lambda': 3, 'reg_alpha': 0.1, 'min_child_weight': 1, 'max_depth': 2, 'learning_rate': 0.05, 'gamma': 0, 'colsample_bytree': 0.7, 'colsample_bylevel': 0.6, 'n_estimators': 300}",0.9646945646945648,repeated_stratified,6,0,full,electrode
8,8,1.0,8,8,1.0,8,7,0.875,0.9583333333333334,0.9581699346405228,1.0,8,0,0,0,8,0,0,1,7,P16,xgb,146,"{'subsample': 0.6, 'reg_lambda': 3, 'reg_alpha': 0.1, 'min_child_weight': 1, 'max_depth': 8, 'learning_rate': 0.05, 'gamma': 0, 'colsample_bytree': 0.7, 'colsample_bylevel': 0.8, 'n_estimators': 300}",0.9754208754208754,repeated_stratified,6,1,full,electrode
8,8,1.0,8,7,0.875,8,8,1.0,0.9583333333333334,0.9581699346405228,0.9791666666666666,8,0,0,0,7,1,0,0,8,P16,xgb,148,"{'subsample': 0.6, 'reg_lambda': 1, 'reg_alpha': 0, 'min_child_weight': 1, 'max_depth': 2, 'learning_rate': 0.03, 'gamma': 0, 'colsample_bytree': 0.6, 'colsample_bylevel': 0.6, 'n_estimators': 300}",0.9631794131794132,repeated_stratified,6,2,full,electrode
8,8,1.0,8,7,0.875,8,6,0.75,0.875,0.8745098039215686,0.9791666666666666,8,0,0,0,7,1,0,2,6,P16,xgb,138,"{'subsample': 0.6, 'reg_lambda': 3, 'reg_alpha': 0.1, 'min_child_weight': 1, 'max_depth': 2, 'learning_rate': 0.05, 'gamma': 0, 'colsample_bytree': 0.7, 'colsample_bylevel': 0.6, 'n_estimators': 300}",0.99023569023569,repeated_stratified,6,3,full,electrode
8,8,1.0,8,7,0.875,8,5,0.625,0.8333333333333334,0.8293950058655941,0.9557291666666666,8,0,0,1,7,0,0,3,5,P16,xgb,148,"{'subsample': 0.6, 'reg_lambda': 3, 'reg_alpha': 0.1, 'min_child_weight': 1, 'max_depth': 2, 'learning_rate': 0.05, 'gamma': 0, 'colsample_bytree': 0.7, 'colsample_bylevel': 0.6, 'n_estimators': 300}",0.9773689273689272,repeated_stratified,6,4,full,electrode
8,8,1.0,8,7,0.875,8,5,0.625,0.8333333333333334,0.8306878306878307,0.9427083333333334,8,0,0,0,7,1,0,3,5,P16,xgb,148,"{'subsample': 0.6, 'reg_lambda': 1, 'reg_alpha': 0, 'min_child_weight': 1, 'max_depth': 2, 'learning_rate': 0.03, 'gamma': 0, 'colsample_bytree': 0.6, 'colsample_bylevel': 0.6, 'n_estimators': 300}",0.9665704665704664,repeated_stratified,7,0,full,electrode
8,8,1.0,8,6,0.75,8,7,0.875,0.875,0.8745098039215686,0.9427083333333334,8,0,0,0,6,2,0,1,7,P16,xgb,149,"{'subsample': 0.6, 'reg_lambda': 3, 'reg_alpha': 0.1, 'min_child_weight': 1, 'max_depth': 8, 'learning_rate': 0.05, 'gamma': 0, 'colsample_bytree': 0.7, 'colsample_bylevel': 0.8, 'n_estimators': 300}",0.9702260702260702,repeated_stratified,7,1,full,electrode
8,8,1.0,8,8,1.0,8,7,0.875,0.9583333333333334,0.9581699346405228,0.9869791666666666,8,0,0,0,8,0,0,1,7,P16,xgb,144,"{'subsample': 0.6, 'reg_lambda': 1, 'reg_alpha': 0, 'min_child_weight': 1, 'max_depth': 2, 'learning_rate': 0.03, 'gamma': 0, 'colsample_bytree': 0.6, 'colsample_bylevel': 0.6, 'n_estimators': 300}",0.9946368446368448,repeated_stratified,7,2,full,electrode
8,8,1.0,8,6,0.75,8,6,0.75,0.8333333333333334,0.8333333333333334,0.9401041666666666,8,0,0,0,6,2,0,2,6,P16,xgb,148,"{'subsample': 0.8, 'reg_lambda': 10, 'reg_alpha': 0, 'min_child_weight': 1, 'max_depth': 8, 'learning_rate': 0.05, 'gamma': 0, 'colsample_bytree': 0.7, 'colsample_bylevel': 0.6, 'n_estimators': 300}",0.979100529100529,repeated_stratified,7,3,full,electrode
8,8,1.0,8,8,1.0,8,5,0.625,0.875,0.8704453441295547,0.9557291666666666,8,0,0,0,8,0,0,3,5,P16,xgb,148,"{'subsample': 0.6, 'reg_lambda': 3, 'reg_alpha': 0.1, 'min_child_weight': 1, 'max_depth': 2, 'learning_rate': 0.05, 'gamma': 0, 'colsample_bytree': 0.7, 'colsample_bylevel': 0.6, 'n_estimators': 300}",0.9834535834535836,repeated_stratified,7,4,full,electrode
8,8,1.0,8,7,0.875,8,5,0.625,0.8333333333333334,0.8306878306878307,0.9296875,8,0,0,0,7,1,0,3,5,P16,xgb,148,"{'subsample': 0.6, 'reg_lambda': 3, 'reg_alpha': 0.1, 'min_child_weight': 1, 'max_depth': 8, 'learning_rate': 0.05, 'gamma': 0, 'colsample_bytree': 0.7, 'colsample_bylevel': 0.8, 'n_estimators': 300}",0.9824194324194324,repeated_stratified,8,0,full,electrode
8,8,1.0,8,8,1.0,8,8,1.0,1.0,1.0,1.0,8,0,0,0,8,0,0,0,8,P16,xgb,141,"{'subsample': 0.6, 'reg_lambda': 1, 'reg_alpha': 0, 'min_child_weight': 1, 'max_depth': 2, 'learning_rate': 0.03, 'gamma': 0, 'colsample_bytree': 0.6, 'colsample_bylevel': 0.6, 'n_estimators': 300}",0.9796777296777296,repeated_stratified,8,1,full,electrode
8,8,1.0,8,7,0.875,8,5,0.625,0.8333333333333334,0.8306878306878307,0.9322916666666666,8,0,0,0,7,1,0,3,5,P16,xgb,147,"{'subsample': 0.6, 'reg_lambda': 3, 'reg_alpha': 0.1, 'min_child_weight': 1, 'max_depth': 2, 'learning_rate': 0.05, 'gamma': 0, 'colsample_bytree': 0.7, 'colsample_bylevel': 0.6, 'n_estimators': 300}",0.981000481000481,repeated_stratified,8,2,full,electrode
8,8,1.0,8,7,0.875,8,7,0.875,0.9166666666666666,0.9165032679738562,0.9557291666666666,8,0,0,1,7,0,0,1,7,P16,xgb,137,"{'subsample': 0.8, 'reg_lambda': 10, 'reg_alpha': 0, 'min_child_weight': 1, 'max_depth': 8, 'learning_rate': 0.05, 'gamma': 0, 'colsample_bytree': 0.7, 'colsample_bylevel': 0.6, 'n_estimators': 300}",0.992135642135642,repeated_stratified,8,3,full,electrode
8,8,1.0,8,5,0.625,8,8,1.0,0.875,0.8704453441295547,0.9635416666666666,8,0,0,0,5,3,0,0,8,P16,xgb,141,"{'subsample': 0.6, 'reg_lambda': 1, 'reg_alpha': 0, 'min_child_weight': 1, 'max_depth': 2, 'learning_rate': 0.03, 'gamma': 0, 'colsample_bytree': 0.6, 'colsample_bylevel': 0.6, 'n_estimators': 300}",0.9892736892736892,repeated_stratified,8,4,full,electrode
8,8,1.0,8,4,0.5,8,5,0.625,0.7083333333333334,0.7071895424836602,0.8932291666666666,8,0,0,0,4,4,0,3,5,P16,xgb,149,"{'subsample': 0.8, 'reg_lambda': 10, 'reg_alpha': 0.1, 'min_child_weight': 1, 'max_depth': 16, 'learning_rate': 0.01, 'gamma': 0.1, 'colsample_bytree': 0.6, 'colsample_bylevel': 0.6, 'n_estimators': 300}",0.9756132756132756,repeated_stratified,9,0,full,electrode
8,8,1.0,8,8,1.0,8,7,0.875,0.9583333333333334,0.9581699346405228,0.9895833333333334,8,0,0,0,8,0,0,1,7,P16,xgb,146,"{'subsample': 0.6, 'reg_lambda': 3, 'reg_alpha': 0.1, 'min_child_weight': 1, 'max_depth': 8, 'learning_rate': 0.05, 'gamma': 0, 'colsample_bytree': 0.7, 'colsample_bylevel': 0.8, 'n_estimators': 300}",0.9831649831649832,repeated_stratified,9,1,full,electrode
8,8,1.0,8,6,0.75,8,8,1.0,0.9166666666666666,0.9153439153439152,0.953125,8,0,0,0,6,2,0,0,8,P16,xgb,145,"{'subsample': 0.6, 'reg_lambda': 1, 'reg_alpha': 0, 'min_child_weight': 1, 'max_depth': 2, 'learning_rate': 0.03, 'gamma': 0, 'colsample_bytree': 0.6, 'colsample_bylevel': 0.6, 'n_estimators': 300}",0.974098124098124,repeated_stratified,9,2,full,electrode
8,8,1.0,8,7,0.875,8,6,0.75,0.875,0.8745098039215686,0.953125,8,0,0,0,7,1,0,2,6,P16,xgb,148,"{'subsample': 0.6, 'reg_lambda': 3, 'reg_alpha': 0.1, 'min_child_weight': 1, 'max_depth': 2, 'learning_rate': 0.05, 'gamma': 0, 'colsample_bytree': 0.7, 'colsample_bylevel': 0.6, 'n_estimators': 300}",0.9688311688311688,repeated_stratified,9,3,full,electrode
8,7,0.875,8,7,0.875,8,5,0.625,0.7916666666666666,0.7925925925925926,0.9609375,7,0,1,0,7,1,0,3,5,P16,xgb,150,"{'subsample': 0.8, 'reg_lambda': 5, 'reg_alpha': 0.1, 'min_child_weight': 1, 'max_depth': 8, 'learning_rate': 0.03, 'gamma': 0, 'colsample_bytree': 0.6, 'colsample_bylevel': 0.6, 'n_estimators': 300}",0.97012987012987,repeated_stratified,9,4,full,electrode
8,8,1.0,8,2,0.25,8,6,0.75,0.6666666666666666,0.6353629170966631,0.8463541666666666,8,0,0,1,2,5,0,2,6,P17,xgb,150,"{'subsample': 0.6, 'reg_lambda': 1, 'reg_alpha': 0, 'min_child_weight': 1, 'max_depth': 2, 'learning_rate': 0.03, 'gamma': 0, 'colsample_bytree': 0.6, 'colsample_bylevel': 0.6, 'n_estimators': 300}",0.8512025012025012,repeated_stratified,0,0,full,electrode
8,8,1.0,8,4,0.5,8,4,0.5,0.6666666666666666,0.6581699346405229,0.8203125,8,0,0,0,4,4,1,3,4,P17,xgb,150,"{'subsample': 0.6, 'reg_lambda': 3, 'reg_alpha': 0.1, 'min_child_weight': 1, 'max_depth': 8, 'learning_rate': 0.05, 'gamma': 0, 'colsample_bytree': 0.7, 'colsample_bylevel': 0.8, 'n_estimators': 300}",0.908874458874459,repeated_stratified,0,1,full,electrode
8,7,0.875,8,3,0.375,8,3,0.375,0.5416666666666666,0.5350140056022409,0.8020833333333334,7,1,0,2,3,3,0,5,3,P17,xgb,149,"{'subsample': 0.6, 'reg_lambda': 1, 'reg_alpha': 0, 'min_child_weight': 1, 'max_depth': 2, 'learning_rate': 0.03, 'gamma': 0, 'colsample_bytree': 0.6, 'colsample_bylevel': 0.6, 'n_estimators': 300}",0.8852813852813853,repeated_stratified,0,2,full,electrode
8,8,1.0,8,2,0.25,8,6,0.75,0.6666666666666666,0.6349376114081996,0.8567708333333334,8,0,0,0,2,6,1,1,6,P17,xgb,149,"{'subsample': 0.6, 'reg_lambda': 1, 'reg_alpha': 0, 'min_child_weight': 1, 'max_depth': 2, 'learning_rate': 0.03, 'gamma': 0, 'colsample_bytree': 0.6, 'colsample_bylevel': 0.6, 'n_estimators': 300}",0.9088504088504088,repeated_stratified,0,3,full,electrode
8,7,0.875,8,4,0.5,8,5,0.625,0.6666666666666666,0.6738562091503267,0.8515625,7,1,0,0,4,4,0,3,5,P17,xgb,150,"{'subsample': 0.6, 'reg_lambda': 1, 'reg_alpha': 0, 'min_child_weight': 1, 'max_depth': 2, 'learning_rate': 0.03, 'gamma': 0, 'colsample_bytree': 0.6, 'colsample_bylevel': 0.6, 'n_estimators': 300}",0.9027417027417028,repeated_stratified,0,4,full,electrode
8,8,1.0,8,1,0.125,8,5,0.625,0.5833333333333334,0.5447196422428621,0.8151041666666666,8,0,0,1,1,6,0,3,5,P17,xgb,150,"{'subsample': 0.6, 'reg_lambda': 1, 'reg_alpha': 0, 'min_child_weight': 1, 'max_depth': 2, 'learning_rate': 0.03, 'gamma': 0, 'colsample_bytree': 0.6, 'colsample_bylevel': 0.6, 'n_estimators': 300}",0.91017316017316,repeated_stratified,1,0,full,electrode
8,8,1.0,8,5,0.625,8,4,0.5,0.7083333333333334,0.7002801120448178,0.90625,8,0,0,1,5,2,0,4,4,P17,xgb,150,"{'subsample': 0.6, 'reg_lambda': 1, 'reg_alpha': 0, 'min_child_weight': 1, 'max_depth': 2, 'learning_rate': 0.03, 'gamma': 0, 'colsample_bytree': 0.6, 'colsample_bylevel': 0.6, 'n_estimators': 300}",0.8874699374699374,repeated_stratified,1,1,full,electrode
8,7,0.875,8,6,0.75,8,5,0.625,0.75,0.7555555555555555,0.9036458333333334,7,1,0,0,6,2,0,3,5,P17,xgb,149,"{'subsample': 0.6, 'reg_lambda': 3, 'reg_alpha': 0.1, 'min_child_weight': 1, 'max_depth': 2, 'learning_rate': 0.05, 'gamma': 0, 'colsample_bytree': 0.7, 'colsample_bylevel': 0.6, 'n_estimators': 300}",0.8753246753246753,repeated_stratified,1,2,full,electrode
8,8,1.0,8,5,0.625,8,0,0.0,0.5416666666666666,0.4629629629629629,0.75,8,0,0,1,5,2,1,7,0,P17,xgb,145,"{'subsample': 0.6, 'reg_lambda': 1, 'reg_alpha': 0, 'min_child_weight': 1, 'max_depth': 2, 'learning_rate': 0.03, 'gamma': 0, 'colsample_bytree': 0.6, 'colsample_bylevel': 0.6, 'n_estimators': 300}",0.9201298701298702,repeated_stratified,1,3,full,electrode
8,8,1.0,8,4,0.5,8,5,0.625,0.7083333333333334,0.6998366013071896,0.8697916666666666,8,0,0,1,4,3,0,3,5,P17,xgb,150,"{'subsample': 0.6, 'reg_lambda': 3, 'reg_alpha': 0.1, 'min_child_weight': 1, 'max_depth': 8, 'learning_rate': 0.05, 'gamma': 0, 'colsample_bytree': 0.7, 'colsample_bylevel': 0.8, 'n_estimators': 300}",0.886892736892737,repeated_stratified,1,4,full,electrode
8,7,0.875,8,4,0.5,8,5,0.625,0.6666666666666666,0.674074074074074,0.7734375,7,0,1,0,4,4,0,3,5,P17,xgb,150,"{'subsample': 0.6, 'reg_lambda': 3, 'reg_alpha': 0.1, 'min_child_weight': 1, 'max_depth': 8, 'learning_rate': 0.05, 'gamma': 0, 'colsample_bytree': 0.7, 'colsample_bylevel': 0.8, 'n_estimators': 300}",0.9162097162097164,repeated_stratified,2,0,full,electrode
8,8,1.0,8,4,0.5,8,4,0.5,0.6666666666666666,0.6534391534391534,0.8333333333333334,8,0,0,2,4,2,0,4,4,P17,xgb,150,"{'subsample': 0.6, 'reg_lambda': 5, 'reg_alpha': 0, 'min_child_weight': 1, 'max_depth': 2, 'learning_rate': 0.01, 'gamma': 0.3, 'colsample_bytree': 0.7, 'colsample_bylevel': 0.6, 'n_estimators': 300}",0.8886483886483888,repeated_stratified,2,1,full,electrode
8,8,1.0,8,7,0.875,8,6,0.75,0.875,0.8745098039215686,0.90625,8,0,0,0,7,1,0,2,6,P17,xgb,150,"{'subsample': 0.6, 'reg_lambda': 3, 'reg_alpha': 0.1, 'min_child_weight': 1, 'max_depth': 8, 'learning_rate': 0.05, 'gamma': 0, 'colsample_bytree': 0.7, 'colsample_bylevel': 0.8, 'n_estimators': 300}",0.9223424723424724,repeated_stratified,2,2,full,electrode
8,8,1.0,8,5,0.625,8,3,0.375,0.6666666666666666,0.6462208815149992,0.8229166666666666,8,0,0,1,5,2,1,4,3,P17,xgb,149,"{'subsample': 0.6, 'reg_lambda': 3, 'reg_alpha': 0.1, 'min_child_weight': 1, 'max_depth': 2, 'learning_rate': 0.05, 'gamma': 0, 'colsample_bytree': 0.7, 'colsample_bylevel': 0.6, 'n_estimators': 300}",0.7878066378066378,repeated_stratified,2,3,full,electrode
8,8,1.0,8,4,0.5,8,4,0.5,0.6666666666666666,0.6581699346405229,0.8203125,8,0,0,0,4,4,1,3,4,P17,xgb,150,"{'subsample': 0.6, 'reg_lambda': 1, 'reg_alpha': 0, 'min_child_weight': 1, 'max_depth': 2, 'learning_rate': 0.03, 'gamma': 0, 'colsample_bytree': 0.6, 'colsample_bylevel': 0.6, 'n_estimators': 300}",0.8892977392977394,repeated_stratified,2,4,full,electrode
8,6,0.75,8,5,0.625,8,2,0.25,0.5416666666666666,0.5500417710944027,0.8359375,6,0,2,0,5,3,0,6,2,P17,xgb,148,"{'subsample': 0.6, 'reg_lambda': 1, 'reg_alpha': 0, 'min_child_weight': 1, 'max_depth': 2, 'learning_rate': 0.03, 'gamma': 0, 'colsample_bytree': 0.6, 'colsample_bylevel': 0.6, 'n_estimators': 300}",0.9132275132275132,repeated_stratified,3,0,full,electrode
8,8,1.0,8,4,0.5,8,3,0.375,0.625,0.6134453781512604,0.8385416666666666,8,0,0,1,4,3,0,5,3,P17,xgb,150,"{'subsample': 0.6, 'reg_lambda': 3, 'reg_alpha': 0.1, 'min_child_weight': 1, 'max_depth': 2, 'learning_rate': 0.05, 'gamma': 0, 'colsample_bytree': 0.7, 'colsample_bylevel': 0.6, 'n_estimators': 300}",0.8853054353054354,repeated_stratified,3,1,full,electrode
8,8,1.0,8,2,0.25,8,5,0.625,0.625,0.5925925925925926,0.8411458333333334,8,0,0,1,2,5,1,2,5,P17,xgb,150,"{'subsample': 0.6, 'reg_lambda': 3, 'reg_alpha': 0.1, 'min_child_weight': 1, 'max_depth': 8, 'learning_rate': 0.05, 'gamma': 0, 'colsample_bytree': 0.7, 'colsample_bylevel': 0.8, 'n_estimators': 300}",0.847065897065897,repeated_stratified,3,2,full,electrode
8,8,1.0,8,2,0.25,8,5,0.625,0.625,0.5925925925925926,0.8411458333333334,8,0,0,1,2,5,1,2,5,P17,xgb,150,"{'subsample': 0.6, 'reg_lambda': 1, 'reg_alpha': 0, 'min_child_weight': 1, 'max_depth': 2, 'learning_rate': 0.03, 'gamma': 0, 'colsample_bytree': 0.6, 'colsample_bylevel': 0.6, 'n_estimators': 300}",0.8813371813371814,repeated_stratified,3,3,full,electrode
8,8,1.0,8,4,0.5,8,4,0.5,0.6666666666666666,0.6581699346405229,0.8125,8,0,0,0,4,4,1,3,4,P17,xgb,150,"{'subsample': 0.6, 'reg_lambda': 3, 'reg_alpha': 0.1, 'min_child_weight': 1, 'max_depth': 2, 'learning_rate': 0.05, 'gamma': 0, 'colsample_bytree': 0.7, 'colsample_bylevel': 0.6, 'n_estimators': 300}",0.9491822991822992,repeated_stratified,3,4,full,electrode
8,8,1.0,8,3,0.375,8,5,0.625,0.6666666666666666,0.6613756613756614,0.8802083333333334,8,0,0,0,3,5,0,3,5,P17,xgb,149,"{'subsample': 0.6, 'reg_lambda': 1, 'reg_alpha': 0, 'min_child_weight': 1, 'max_depth': 2, 'learning_rate': 0.03, 'gamma': 0, 'colsample_bytree': 0.6, 'colsample_bylevel': 0.6, 'n_estimators': 300}",0.872077922077922,repeated_stratified,4,0,full,electrode
8,8,1.0,8,5,0.625,8,3,0.375,0.6666666666666666,0.6527568292274175,0.8515625,8,0,0,1,5,2,0,5,3,P17,xgb,150,"{'subsample': 0.6, 'reg_lambda': 3, 'reg_alpha': 0.1, 'min_child_weight': 1, 'max_depth': 8, 'learning_rate': 0.05, 'gamma': 0, 'colsample_bytree': 0.7, 'colsample_bylevel': 0.8, 'n_estimators': 300}",0.9318422318422318,repeated_stratified,4,1,full,electrode
8,8,1.0,8,6,0.75,8,6,0.75,0.8333333333333334,0.8333333333333334,0.8984375,8,0,0,0,6,2,0,2,6,P17,xgb,150,"{'subsample': 0.6, 'reg_lambda': 1, 'reg_alpha': 0, 'min_child_weight': 1, 'max_depth': 2, 'learning_rate': 0.03, 'gamma': 0, 'colsample_bytree': 0.6, 'colsample_bylevel': 0.6, 'n_estimators': 300}",0.8649350649350649,repeated_stratified,4,2,full,electrode
8,6,0.75,8,4,0.5,8,7,0.875,0.7083333333333334,0.7091060985797828,0.8880208333333334,6,2,0,0,4,4,0,1,7,P17,xgb,149,"{'subsample': 0.6, 'reg_lambda': 3, 'reg_alpha': 0.1, 'min_child_weight': 1, 'max_depth': 2, 'learning_rate': 0.05, 'gamma': 0, 'colsample_bytree': 0.7, 'colsample_bylevel': 0.6, 'n_estimators': 300}",0.9072871572871573,repeated_stratified,4,3,full,electrode
8,8,1.0,8,6,0.75,8,6,0.75,0.8333333333333334,0.832010582010582,0.9505208333333334,8,0,0,2,6,0,0,2,6,P17,xgb,150,"{'subsample': 1.0, 'reg_lambda': 5, 'reg_alpha': 0.5, 'min_child_weight': 1, 'max_depth': 4, 'learning_rate': 0.03, 'gamma': 0, 'colsample_bytree': 0.6, 'colsample_bylevel': 0.8, 'n_estimators': 300}",0.8537518037518037,repeated_stratified,4,4,full,electrode
8,8,1.0,8,3,0.375,8,3,0.375,0.5833333333333334,0.5720588235294118,0.7890625,8,0,0,1,3,4,0,5,3,P17,xgb,150,"{'subsample': 0.6, 'reg_lambda': 3, 'reg_alpha': 0.1, 'min_child_weight': 1, 'max_depth': 8, 'learning_rate': 0.05, 'gamma': 0, 'colsample_bytree': 0.7, 'colsample_bylevel': 0.8, 'n_estimators': 300}",0.8909331409331408,repeated_stratified,5,0,full,electrode
8,8,1.0,8,3,0.375,8,4,0.5,0.625,0.6235294117647059,0.8203125,8,0,0,0,3,5,0,4,4,P17,xgb,150,"{'subsample': 0.6, 'reg_lambda': 1, 'reg_alpha': 0, 'min_child_weight': 1, 'max_depth': 2, 'learning_rate': 0.03, 'gamma': 0, 'colsample_bytree': 0.6, 'colsample_bylevel': 0.6, 'n_estimators': 300}",0.931914381914382,repeated_stratified,5,1,full,electrode
8,7,0.875,8,4,0.5,8,2,0.25,0.5416666666666666,0.5252220546338193,0.7552083333333334,7,1,0,1,4,3,1,5,2,P17,xgb,150,"{'subsample': 0.6, 'reg_lambda': 1, 'reg_alpha': 0, 'min_child_weight': 1, 'max_depth': 2, 'learning_rate': 0.03, 'gamma': 0, 'colsample_bytree': 0.6, 'colsample_bylevel': 0.6, 'n_estimators': 300}",0.9046897546897544,repeated_stratified,5,2,full,electrode
8,7,0.875,8,4,0.5,8,3,0.375,0.5833333333333334,0.5765041059158706,0.8072916666666666,7,1,0,2,4,2,0,5,3,P17,xgb,150,"{'subsample': 0.6, 'reg_lambda': 3, 'reg_alpha': 0.1, 'min_child_weight': 1, 'max_depth': 2, 'learning_rate': 0.05, 'gamma': 0, 'colsample_bytree': 0.7, 'colsample_bylevel': 0.6, 'n_estimators': 300}",0.88997113997114,repeated_stratified,5,3,full,electrode
8,7,0.875,8,3,0.375,8,5,0.625,0.625,0.6197089947089948,0.7604166666666666,7,1,0,0,3,5,1,2,5,P17,xgb,150,"{'subsample': 0.6, 'reg_lambda': 3, 'reg_alpha': 0.1, 'min_child_weight': 1, 'max_depth': 2, 'learning_rate': 0.05, 'gamma': 0, 'colsample_bytree': 0.7, 'colsample_bylevel': 0.6, 'n_estimators': 300}",0.8888407888407889,repeated_stratified,5,4,full,electrode
8,8,1.0,8,3,0.375,8,3,0.375,0.5833333333333334,0.5720588235294118,0.796875,8,0,0,0,3,5,1,4,3,P17,xgb,149,"{'subsample': 0.6, 'reg_lambda': 1, 'reg_alpha': 0, 'min_child_weight': 1, 'max_depth': 2, 'learning_rate': 0.03, 'gamma': 0, 'colsample_bytree': 0.6, 'colsample_bylevel': 0.6, 'n_estimators': 300}",0.8917989417989417,repeated_stratified,6,0,full,electrode
8,7,0.875,8,2,0.25,8,2,0.25,0.4583333333333333,0.4402547343723814,0.71875,7,1,0,3,2,3,0,6,2,P17,xgb,142,"{'subsample': 0.8, 'reg_lambda': 10, 'reg_alpha': 0, 'min_child_weight': 1, 'max_depth': 8, 'learning_rate': 0.05, 'gamma': 0, 'colsample_bytree': 0.7, 'colsample_bylevel': 0.6, 'n_estimators': 300}",0.888961038961039,repeated_stratified,6,1,full,electrode
8,8,1.0,8,6,0.75,8,5,0.625,0.7916666666666666,0.7908496732026143,0.875,8,0,0,0,6,2,0,3,5,P17,xgb,150,"{'subsample': 0.6, 'reg_lambda': 1, 'reg_alpha': 0, 'min_child_weight': 1, 'max_depth': 2, 'learning_rate': 0.03, 'gamma': 0, 'colsample_bytree': 0.6, 'colsample_bylevel': 0.6, 'n_estimators': 300}",0.858850408850409,repeated_stratified,6,2,full,electrode
8,7,0.875,8,5,0.625,8,4,0.5,0.6666666666666666,0.6738562091503267,0.8489583333333334,7,0,1,0,5,3,0,4,4,P17,xgb,150,"{'subsample': 0.6, 'reg_lambda': 1, 'reg_alpha': 0, 'min_child_weight': 1, 'max_depth': 2, 'learning_rate': 0.03, 'gamma': 0, 'colsample_bytree': 0.6, 'colsample_bylevel': 0.6, 'n_estimators': 300}",0.8383597883597883,repeated_stratified,6,3,full,electrode
8,7,0.875,8,5,0.625,8,6,0.75,0.75,0.7547385620915033,0.859375,7,1,0,0,5,3,0,2,6,P17,xgb,148,"{'subsample': 0.6, 'reg_lambda': 1, 'reg_alpha': 0, 'min_child_weight': 1, 'max_depth': 2, 'learning_rate': 0.03, 'gamma': 0, 'colsample_bytree': 0.6, 'colsample_bylevel': 0.6, 'n_estimators': 300}",0.9329004329004328,repeated_stratified,6,4,full,electrode
8,8,1.0,8,5,0.625,8,5,0.625,0.75,0.75,0.8541666666666666,8,0,0,0,5,3,0,3,5,P17,xgb,149,"{'subsample': 0.6, 'reg_lambda': 10, 'reg_alpha': 0.5, 'min_child_weight': 1, 'max_depth': 2, 'learning_rate': 0.05, 'gamma': 0.1, 'colsample_bytree': 0.6, 'colsample_bylevel': 0.6, 'n_estimators': 300}",0.8665223665223666,repeated_stratified,7,0,full,electrode
8,8,1.0,8,0,0.0,8,4,0.5,0.5,0.4666666666666666,0.734375,8,0,0,0,0,8,0,4,4,P17,xgb,150,"{'subsample': 0.6, 'reg_lambda': 3, 'reg_alpha': 0.1, 'min_child_weight': 1, 'max_depth': 2, 'learning_rate': 0.05, 'gamma': 0, 'colsample_bytree': 0.7, 'colsample_bylevel': 0.6, 'n_estimators': 300}",0.9026214526214528,repeated_stratified,7,1,full,electrode
8,8,1.0,8,4,0.5,8,4,0.5,0.6666666666666666,0.6666666666666666,0.8359375,8,0,0,0,4,4,0,4,4,P17,xgb,150,"{'subsample': 0.6, 'reg_lambda': 1, 'reg_alpha': 0, 'min_child_weight': 1, 'max_depth': 2, 'learning_rate': 0.03, 'gamma': 0, 'colsample_bytree': 0.6, 'colsample_bylevel': 0.6, 'n_estimators': 300}",0.8924001924001924,repeated_stratified,7,2,full,electrode
8,8,1.0,8,5,0.625,8,3,0.375,0.6666666666666666,0.6526610644257703,0.8255208333333334,8,0,0,0,5,3,1,4,3,P17,xgb,149,"{'subsample': 0.6, 'reg_lambda': 1, 'reg_alpha': 0, 'min_child_weight': 1, 'max_depth': 2, 'learning_rate': 0.03, 'gamma': 0, 'colsample_bytree': 0.6, 'colsample_bylevel': 0.6, 'n_estimators': 300}",0.9028860028860028,repeated_stratified,7,3,full,electrode
8,8,1.0,8,3,0.375,8,5,0.625,0.6666666666666666,0.6526610644257703,0.7838541666666666,8,0,0,1,3,4,0,3,5,P17,xgb,150,"{'subsample': 0.6, 'reg_lambda': 1, 'reg_alpha': 0, 'min_child_weight': 1, 'max_depth': 2, 'learning_rate': 0.03, 'gamma': 0, 'colsample_bytree': 0.6, 'colsample_bylevel': 0.6, 'n_estimators': 300}",0.8716931216931219,repeated_stratified,7,4,full,electrode
8,8,1.0,8,2,0.25,8,4,0.5,0.5833333333333334,0.5767195767195766,0.765625,8,0,0,0,2,6,0,4,4,P17,xgb,150,"{'subsample': 0.6, 'reg_lambda': 1, 'reg_alpha': 0, 'min_child_weight': 1, 'max_depth': 2, 'learning_rate': 0.03, 'gamma': 0, 'colsample_bytree': 0.6, 'colsample_bylevel': 0.6, 'n_estimators': 300}",0.8988215488215489,repeated_stratified,8,0,full,electrode
8,8,1.0,8,3,0.375,8,6,0.75,0.7083333333333334,0.697705802968961,0.8984375,8,0,0,0,3,5,0,2,6,P17,xgb,150,"{'subsample': 0.6, 'reg_lambda': 3, 'reg_alpha': 0.1, 'min_child_weight': 1, 'max_depth': 2, 'learning_rate': 0.05, 'gamma': 0, 'colsample_bytree': 0.7, 'colsample_bylevel': 0.6, 'n_estimators': 300}",0.8903799903799903,repeated_stratified,8,1,full,electrode
8,8,1.0,8,4,0.5,8,4,0.5,0.6666666666666666,0.6581699346405229,0.8723958333333334,8,0,0,0,4,4,1,3,4,P17,xgb,150,"{'subsample': 0.6, 'reg_lambda': 1, 'reg_alpha': 0, 'min_child_weight': 1, 'max_depth': 2, 'learning_rate': 0.03, 'gamma': 0, 'colsample_bytree': 0.6, 'colsample_bylevel': 0.6, 'n_estimators': 300}",0.900986050986051,repeated_stratified,8,2,full,electrode
8,8,1.0,8,4,0.5,8,6,0.75,0.75,0.7394957983193278,0.8541666666666666,8,0,0,1,4,3,0,2,6,P17,xgb,150,"{'subsample': 0.6, 'reg_lambda': 3, 'reg_alpha': 0.1, 'min_child_weight': 1, 'max_depth': 8, 'learning_rate': 0.05, 'gamma': 0, 'colsample_bytree': 0.7, 'colsample_bylevel': 0.8, 'n_estimators': 300}",0.8785233285233285,repeated_stratified,8,3,full,electrode
8,8,1.0,8,6,0.75,8,5,0.625,0.7916666666666666,0.7871148459383753,0.8776041666666666,8,0,0,1,6,1,0,3,5,P17,xgb,150,"{'subsample': 0.6, 'reg_lambda': 3, 'reg_alpha': 0.1, 'min_child_weight': 1, 'max_depth': 2, 'learning_rate': 0.05, 'gamma': 0, 'colsample_bytree': 0.7, 'colsample_bylevel': 0.6, 'n_estimators': 300}",0.8920394420394421,repeated_stratified,8,4,full,electrode
8,8,1.0,8,5,0.625,8,5,0.625,0.75,0.75,0.8515625,8,0,0,0,5,3,0,3,5,P17,xgb,150,"{'subsample': 0.6, 'reg_lambda': 1, 'reg_alpha': 0, 'min_child_weight': 1, 'max_depth': 2, 'learning_rate': 0.03, 'gamma': 0, 'colsample_bytree': 0.6, 'colsample_bylevel': 0.6, 'n_estimators': 300}",0.8728715728715728,repeated_stratified,9,0,full,electrode
8,6,0.75,8,2,0.25,8,3,0.375,0.4583333333333333,0.4481792717086835,0.71875,6,0,2,2,2,4,1,4,3,P17,xgb,150,"{'subsample': 0.6, 'reg_lambda': 1, 'reg_alpha': 0, 'min_child_weight': 1, 'max_depth': 2, 'learning_rate': 0.03, 'gamma': 0, 'colsample_bytree': 0.6, 'colsample_bylevel': 0.6, 'n_estimators': 300}",0.8774410774410774,repeated_stratified,9,1,full,electrode
8,8,1.0,8,4,0.5,8,7,0.875,0.7916666666666666,0.7781129545835429,0.9192708333333334,8,0,0,1,4,3,0,1,7,P17,xgb,150,"{'subsample': 0.6, 'reg_lambda': 1, 'reg_alpha': 0, 'min_child_weight': 1, 'max_depth': 2, 'learning_rate': 0.03, 'gamma': 0, 'colsample_bytree': 0.6, 'colsample_bylevel': 0.6, 'n_estimators': 300}",0.923015873015873,repeated_stratified,9,2,full,electrode
8,8,1.0,8,3,0.375,8,5,0.625,0.6666666666666666,0.6613756613756614,0.8046875,8,0,0,0,3,5,0,3,5,P17,xgb,150,"{'subsample': 0.6, 'reg_lambda': 3, 'reg_alpha': 0.1, 'min_child_weight': 1, 'max_depth': 8, 'learning_rate': 0.05, 'gamma': 0, 'colsample_bytree': 0.7, 'colsample_bylevel': 0.8, 'n_estimators': 300}",0.8823713323713324,repeated_stratified,9,3,full,electrode
8,8,1.0,8,1,0.125,8,2,0.25,0.4583333333333333,0.4272486772486772,0.7395833333333334,8,0,0,1,1,6,1,5,2,P17,xgb,150,"{'subsample': 0.6, 'reg_lambda': 1, 'reg_alpha': 0, 'min_child_weight': 1, 'max_depth': 2, 'learning_rate': 0.03, 'gamma': 0, 'colsample_bytree': 0.6, 'colsample_bylevel': 0.6, 'n_estimators': 300}",0.9118085618085616,repeated_stratified,9,4,full,electrode
8,8,1.0,8,2,0.25,8,3,0.375,0.5416666666666666,0.5276143790849673,0.7473958333333334,8,0,0,1,2,5,0,5,3,P18,xgb,150,"{'subsample': 0.6, 'reg_lambda': 3, 'reg_alpha': 0.1, 'min_child_weight': 1, 'max_depth': 8, 'learning_rate': 0.05, 'gamma': 0, 'colsample_bytree': 0.7, 'colsample_bylevel': 0.8, 'n_estimators': 300}",0.8674362674362674,repeated_stratified,0,0,full,electrode
8,8,1.0,8,3,0.375,8,3,0.375,0.5833333333333334,0.5833333333333334,0.7473958333333334,8,0,0,0,3,5,0,5,3,P18,xgb,150,"{'subsample': 0.6, 'reg_lambda': 1, 'reg_alpha': 0, 'min_child_weight': 1, 'max_depth': 2, 'learning_rate': 0.03, 'gamma': 0, 'colsample_bytree': 0.6, 'colsample_bylevel': 0.6, 'n_estimators': 300}",0.917845117845118,repeated_stratified,0,1,full,electrode
8,8,1.0,8,4,0.5,8,4,0.5,0.6666666666666666,0.6534391534391534,0.8541666666666666,8,0,0,2,4,2,0,4,4,P18,xgb,150,"{'subsample': 0.6, 'reg_lambda': 1, 'reg_alpha': 0, 'min_child_weight': 1, 'max_depth': 2, 'learning_rate': 0.03, 'gamma': 0, 'colsample_bytree': 0.6, 'colsample_bylevel': 0.6, 'n_estimators': 300}",0.8786195286195286,repeated_stratified,0,2,full,electrode
8,7,0.875,8,4,0.5,8,4,0.5,0.625,0.625,0.8359375,7,1,0,0,4,4,1,3,4,P18,xgb,149,"{'subsample': 0.6, 'reg_lambda': 1, 'reg_alpha': 0, 'min_child_weight': 1, 'max_depth': 2, 'learning_rate': 0.03, 'gamma': 0, 'colsample_bytree': 0.6, 'colsample_bylevel': 0.6, 'n_estimators': 300}",0.889009139009139,repeated_stratified,0,3,full,electrode
8,8,1.0,8,2,0.25,8,6,0.75,0.6666666666666666,0.6349376114081996,0.8463541666666666,8,0,0,0,2,6,1,1,6,P18,xgb,150,"{'subsample': 0.6, 'reg_lambda': 3, 'reg_alpha': 0.1, 'min_child_weight': 1, 'max_depth': 8, 'learning_rate': 0.05, 'gamma': 0, 'colsample_bytree': 0.7, 'colsample_bylevel': 0.8, 'n_estimators': 300}",0.9105098605098604,repeated_stratified,0,4,full,electrode
8,8,1.0,8,3,0.375,8,2,0.25,0.5416666666666666,0.5398692810457516,0.7578125,8,0,0,0,3,5,0,6,2,P18,xgb,150,"{'subsample': 0.6, 'reg_lambda': 10, 'reg_alpha': 0.5, 'min_child_weight': 1, 'max_depth': 2, 'learning_rate': 0.05, 'gamma': 0.1, 'colsample_bytree': 0.6, 'colsample_bylevel': 0.6, 'n_estimators': 300}",0.8495430495430495,repeated_stratified,1,0,full,electrode
8,7,0.875,8,3,0.375,8,4,0.5,0.5833333333333334,0.5929738562091503,0.7135416666666666,7,1,0,0,3,5,0,4,4,P18,xgb,150,"{'subsample': 0.6, 'reg_lambda': 1, 'reg_alpha': 0, 'min_child_weight': 1, 'max_depth': 2, 'learning_rate': 0.03, 'gamma': 0, 'colsample_bytree': 0.6, 'colsample_bylevel': 0.6, 'n_estimators': 300}",0.8712361712361713,repeated_stratified,1,1,full,electrode
8,8,1.0,8,4,0.5,8,4,0.5,0.6666666666666666,0.6666666666666666,0.8671875,8,0,0,0,4,4,0,4,4,P18,xgb,150,"{'subsample': 0.6, 'reg_lambda': 1, 'reg_alpha': 0, 'min_child_weight': 1, 'max_depth': 2, 'learning_rate': 0.03, 'gamma': 0, 'colsample_bytree': 0.6, 'colsample_bylevel': 0.6, 'n_estimators': 300}",0.8613756613756615,repeated_stratified,1,2,full,electrode
8,8,1.0,8,4,0.5,8,3,0.375,0.625,0.6235294117647059,0.765625,8,0,0,0,4,4,0,5,3,P18,xgb,150,"{'subsample': 0.6, 'reg_lambda': 3, 'reg_alpha': 0.1, 'min_child_weight': 1, 'max_depth': 8, 'learning_rate': 0.05, 'gamma': 0, 'colsample_bytree': 0.7, 'colsample_bylevel': 0.8, 'n_estimators': 300}",0.8883597883597885,repeated_stratified,1,3,full,electrode
8,5,0.625,8,3,0.375,8,1,0.125,0.375,0.3992673992673992,0.65625,5,3,0,0,3,5,0,7,1,P18,xgb,150,"{'subsample': 0.8, 'reg_lambda': 10, 'reg_alpha': 0, 'min_child_weight': 1, 'max_depth': 4, 'learning_rate': 0.03, 'gamma': 0, 'colsample_bytree': 0.6, 'colsample_bylevel': 0.8, 'n_estimators': 300}",0.93992303992304,repeated_stratified,1,4,full,electrode
8,8,1.0,8,5,0.625,8,2,0.25,0.625,0.6002751977984176,0.8203125,8,0,0,1,5,2,0,6,2,P18,xgb,149,"{'subsample': 0.6, 'reg_lambda': 3, 'reg_alpha': 0.1, 'min_child_weight': 1, 'max_depth': 2, 'learning_rate': 0.05, 'gamma': 0, 'colsample_bytree': 0.7, 'colsample_bylevel': 0.6, 'n_estimators': 300}",0.8237373737373738,repeated_stratified,2,0,full,electrode
8,8,1.0,8,2,0.25,8,3,0.375,0.5416666666666666,0.5398692810457516,0.734375,8,0,0,0,2,6,0,5,3,P18,xgb,150,"{'subsample': 0.6, 'reg_lambda': 3, 'reg_alpha': 0.1, 'min_child_weight': 1, 'max_depth': 8, 'learning_rate': 0.05, 'gamma': 0, 'colsample_bytree': 0.7, 'colsample_bylevel': 0.8, 'n_estimators': 300}",0.8989417989417988,repeated_stratified,2,1,full,electrode
8,8,1.0,8,2,0.25,8,4,0.5,0.5833333333333334,0.5644377409083291,0.8255208333333334,8,0,0,0,2,6,1,3,4,P18,xgb,150,"{'subsample': 0.6, 'reg_lambda': 1, 'reg_alpha': 0, 'min_child_weight': 1, 'max_depth': 2, 'learning_rate': 0.03, 'gamma': 0, 'colsample_bytree': 0.6, 'colsample_bylevel': 0.6, 'n_estimators': 300}",0.8892015392015392,repeated_stratified,2,2,full,electrode
8,8,1.0,8,3,0.375,8,3,0.375,0.5833333333333334,0.5720588235294118,0.796875,8,0,0,1,3,4,0,5,3,P18,xgb,150,"{'subsample': 0.8, 'reg_lambda': 5, 'reg_alpha': 0.1, 'min_child_weight': 1, 'max_depth': 8, 'learning_rate': 0.03, 'gamma': 0, 'colsample_bytree': 0.6, 'colsample_bylevel': 0.6, 'n_estimators': 300}",0.8929292929292929,repeated_stratified,2,3,full,electrode
8,8,1.0,8,5,0.625,8,4,0.5,0.7083333333333334,0.7002801120448178,0.8463541666666666,8,0,0,1,5,2,0,4,4,P18,xgb,150,"{'subsample': 0.8, 'reg_lambda': 10, 'reg_alpha': 0, 'min_child_weight': 1, 'max_depth': 8, 'learning_rate': 0.05, 'gamma': 0, 'colsample_bytree': 0.7, 'colsample_bylevel': 0.6, 'n_estimators': 300}",0.8352092352092352,repeated_stratified,2,4,full,electrode
8,8,1.0,8,7,0.875,8,4,0.5,0.7916666666666666,0.7840755735492578,0.8567708333333334,8,0,0,0,7,1,0,4,4,P18,xgb,150,"{'subsample': 0.6, 'reg_lambda': 10, 'reg_alpha': 0.5, 'min_child_weight': 1, 'max_depth': 2, 'learning_rate': 0.05, 'gamma': 0.1, 'colsample_bytree': 0.6, 'colsample_bylevel': 0.6, 'n_estimators': 300}",0.8646945646945646,repeated_stratified,3,0,full,electrode
8,8,1.0,8,3,0.375,8,4,0.5,0.625,0.6137254901960785,0.8515625,8,0,0,1,3,4,0,4,4,P18,xgb,150,"{'subsample': 0.6, 'reg_lambda': 1, 'reg_alpha': 0, 'min_child_weight': 1, 'max_depth': 2, 'learning_rate': 0.03, 'gamma': 0, 'colsample_bytree': 0.6, 'colsample_bylevel': 0.6, 'n_estimators': 300}",0.8628908128908129,repeated_stratified,3,1,full,electrode
8,8,1.0,8,2,0.25,8,7,0.875,0.7083333333333334,0.668270944741533,0.8359375,8,0,0,1,2,5,0,1,7,P18,xgb,147,"{'subsample': 1.0, 'reg_lambda': 3, 'reg_alpha': 0.5, 'min_child_weight': 1, 'max_depth': 2, 'learning_rate': 0.05, 'gamma': 0, 'colsample_bytree': 0.7, 'colsample_bylevel': 0.8, 'n_estimators': 300}",0.805988455988456,repeated_stratified,3,2,full,electrode
8,7,0.875,8,4,0.5,8,4,0.5,0.625,0.634640522875817,0.8203125,7,0,1,0,4,4,0,4,4,P18,xgb,150,"{'subsample': 0.6, 'reg_lambda': 1, 'reg_alpha': 0, 'min_child_weight': 1, 'max_depth': 2, 'learning_rate': 0.03, 'gamma': 0, 'colsample_bytree': 0.6, 'colsample_bylevel': 0.6, 'n_estimators': 300}",0.8526214526214527,repeated_stratified,3,3,full,electrode
8,8,1.0,8,2,0.25,8,4,0.5,0.5833333333333334,0.5644377409083291,0.8255208333333334,8,0,0,0,2,6,1,3,4,P18,xgb,149,"{'subsample': 0.6, 'reg_lambda': 1, 'reg_alpha': 0, 'min_child_weight': 1, 'max_depth': 2, 'learning_rate': 0.03, 'gamma': 0, 'colsample_bytree': 0.6, 'colsample_bylevel': 0.6, 'n_estimators': 300}",0.9155363155363156,repeated_stratified,3,4,full,electrode
8,8,1.0,8,4,0.5,8,4,0.5,0.6666666666666666,0.6666666666666666,0.84375,8,0,0,0,4,4,0,4,4,P18,xgb,149,"{'subsample': 0.6, 'reg_lambda': 10, 'reg_alpha': 0.5, 'min_child_weight': 1, 'max_depth': 2, 'learning_rate': 0.05, 'gamma': 0.1, 'colsample_bytree': 0.6, 'colsample_bylevel': 0.6, 'n_estimators': 300}",0.897017797017797,repeated_stratified,4,0,full,electrode
8,8,1.0,8,2,0.25,8,5,0.625,0.625,0.611336032388664,0.8385416666666666,8,0,0,0,2,6,0,3,5,P18,xgb,150,"{'subsample': 0.6, 'reg_lambda': 1, 'reg_alpha': 0, 'min_child_weight': 1, 'max_depth': 2, 'learning_rate': 0.03, 'gamma': 0, 'colsample_bytree': 0.6, 'colsample_bylevel': 0.6, 'n_estimators': 300}",0.8917508417508416,repeated_stratified,4,1,full,electrode
8,8,1.0,8,4,0.5,8,4,0.5,0.6666666666666666,0.6666666666666666,0.8020833333333334,8,0,0,0,4,4,0,4,4,P18,xgb,150,"{'subsample': 0.6, 'reg_lambda': 3, 'reg_alpha': 0.1, 'min_child_weight': 1, 'max_depth': 8, 'learning_rate': 0.05, 'gamma': 0, 'colsample_bytree': 0.7, 'colsample_bylevel': 0.8, 'n_estimators': 300}",0.8806878306878306,repeated_stratified,4,2,full,electrode
8,8,1.0,8,4,0.5,8,6,0.75,0.75,0.746031746031746,0.9114583333333334,8,0,0,0,4,4,0,2,6,P18,xgb,150,"{'subsample': 0.6, 'reg_lambda': 5, 'reg_alpha': 0.5, 'min_child_weight': 1, 'max_depth': 8, 'learning_rate': 0.03, 'gamma': 0.3, 'colsample_bytree': 0.6, 'colsample_bylevel': 0.6, 'n_estimators': 300}",0.8458152958152958,repeated_stratified,4,3,full,electrode
8,8,1.0,8,4,0.5,8,3,0.375,0.625,0.6235294117647059,0.7552083333333334,8,0,0,0,4,4,0,5,3,P18,xgb,150,"{'subsample': 0.6, 'reg_lambda': 3, 'reg_alpha': 0.1, 'min_child_weight': 1, 'max_depth': 8, 'learning_rate': 0.05, 'gamma': 0, 'colsample_bytree': 0.7, 'colsample_bylevel': 0.8, 'n_estimators': 300}",0.9072390572390572,repeated_stratified,4,4,full,electrode
8,7,0.875,8,2,0.25,8,7,0.875,0.6666666666666666,0.63510101010101,0.8489583333333334,7,0,1,1,2,5,0,1,7,P18,xgb,150,"{'subsample': 0.6, 'reg_lambda': 5, 'reg_alpha': 0.5, 'min_child_weight': 1, 'max_depth': 8, 'learning_rate': 0.03, 'gamma': 0.3, 'colsample_bytree': 0.6, 'colsample_bylevel': 0.6, 'n_estimators': 300}",0.872967772967773,repeated_stratified,5,0,full,electrode
8,8,1.0,8,3,0.375,8,5,0.625,0.6666666666666666,0.6526610644257703,0.8203125,8,0,0,1,3,4,0,3,5,P18,xgb,150,"{'subsample': 0.6, 'reg_lambda': 1, 'reg_alpha': 0, 'min_child_weight': 1, 'max_depth': 2, 'learning_rate': 0.03, 'gamma': 0, 'colsample_bytree': 0.6, 'colsample_bylevel': 0.6, 'n_estimators': 300}",0.9145983645983646,repeated_stratified,5,1,full,electrode
8,8,1.0,8,6,0.75,8,2,0.25,0.6666666666666666,0.6444444444444445,0.765625,8,0,0,0,6,2,0,6,2,P18,xgb,150,"{'subsample': 0.6, 'reg_lambda': 1, 'reg_alpha': 0, 'min_child_weight': 1, 'max_depth': 2, 'learning_rate': 0.03, 'gamma': 0, 'colsample_bytree': 0.6, 'colsample_bylevel': 0.6, 'n_estimators': 300}",0.8911255411255411,repeated_stratified,5,2,full,electrode
8,8,1.0,8,2,0.25,8,3,0.375,0.5416666666666666,0.5276143790849673,0.7317708333333334,8,0,0,1,2,5,0,5,3,P18,xgb,150,"{'subsample': 0.6, 'reg_lambda': 1, 'reg_alpha': 0, 'min_child_weight': 1, 'max_depth': 2, 'learning_rate': 0.03, 'gamma': 0, 'colsample_bytree': 0.6, 'colsample_bylevel': 0.6, 'n_estimators': 300}",0.8926166426166425,repeated_stratified,5,3,full,electrode
8,8,1.0,8,1,0.125,8,4,0.5,0.5416666666666666,0.524966261808367,0.7838541666666666,8,0,0,0,1,7,0,4,4,P18,xgb,150,"{'subsample': 0.6, 'reg_lambda': 1, 'reg_alpha': 0, 'min_child_weight': 1, 'max_depth': 2, 'learning_rate': 0.03, 'gamma': 0, 'colsample_bytree': 0.6, 'colsample_bylevel': 0.6, 'n_estimators': 300}",0.879052429052429,repeated_stratified,5,4,full,electrode
8,8,1.0,8,4,0.5,8,4,0.5,0.6666666666666666,0.6666666666666666,0.828125,8,0,0,0,4,4,0,4,4,P18,xgb,150,"{'subsample': 0.6, 'reg_lambda': 10, 'reg_alpha': 0.5, 'min_child_weight': 1, 'max_depth': 2, 'learning_rate': 0.05, 'gamma': 0.1, 'colsample_bytree': 0.6, 'colsample_bylevel': 0.6, 'n_estimators': 300}",0.8698653198653199,repeated_stratified,6,0,full,electrode
8,8,1.0,8,6,0.75,8,4,0.5,0.75,0.746031746031746,0.8880208333333334,8,0,0,0,6,2,0,4,4,P18,xgb,149,"{'subsample': 0.8, 'reg_lambda': 1, 'reg_alpha': 0.1, 'min_child_weight': 1, 'max_depth': 4, 'learning_rate': 0.05, 'gamma': 0.5, 'colsample_bytree': 0.7, 'colsample_bylevel': 0.6, 'n_estimators': 300}",0.8272967772967773,repeated_stratified,6,1,full,electrode
8,8,1.0,8,7,0.875,8,3,0.375,0.75,0.7333333333333334,0.8619791666666666,8,0,0,0,7,1,0,5,3,P18,xgb,149,"{'subsample': 0.6, 'reg_lambda': 3, 'reg_alpha': 0.1, 'min_child_weight': 1, 'max_depth': 8, 'learning_rate': 0.05, 'gamma': 0, 'colsample_bytree': 0.7, 'colsample_bylevel': 0.8, 'n_estimators': 300}",0.8912698412698412,repeated_stratified,6,2,full,electrode
8,7,0.875,8,4,0.5,8,2,0.25,0.5416666666666666,0.5345816464237517,0.7786458333333334,7,1,0,1,4,3,0,6,2,P18,xgb,150,"{'subsample': 0.6, 'reg_lambda': 3, 'reg_alpha': 0.1, 'min_child_weight': 1, 'max_depth': 8, 'learning_rate': 0.05, 'gamma': 0, 'colsample_bytree': 0.7, 'colsample_bylevel': 0.8, 'n_estimators': 300}",0.8292207792207792,repeated_stratified,6,3,full,electrode
8,8,1.0,8,3,0.375,8,3,0.375,0.5833333333333334,0.5833333333333334,0.7682291666666666,8,0,0,0,3,5,0,5,3,P18,xgb,150,"{'subsample': 0.6, 'reg_lambda': 1, 'reg_alpha': 0, 'min_child_weight': 1, 'max_depth': 2, 'learning_rate': 0.03, 'gamma': 0, 'colsample_bytree': 0.6, 'colsample_bylevel': 0.6, 'n_estimators': 300}",0.869023569023569,repeated_stratified,6,4,full,electrode
8,8,1.0,8,5,0.625,8,4,0.5,0.7083333333333334,0.7071895424836602,0.8515625,8,0,0,0,5,3,0,4,4,P18,xgb,150,"{'subsample': 0.6, 'reg_lambda': 3, 'reg_alpha': 0.1, 'min_child_weight': 1, 'max_depth': 2, 'learning_rate': 0.05, 'gamma': 0, 'colsample_bytree': 0.7, 'colsample_bylevel': 0.6, 'n_estimators': 300}",0.8768398268398268,repeated_stratified,7,0,full,electrode
8,8,1.0,8,5,0.625,8,3,0.375,0.6666666666666666,0.6527568292274175,0.8489583333333334,8,0,0,1,5,2,0,5,3,P18,xgb,149,"{'subsample': 0.6, 'reg_lambda': 3, 'reg_alpha': 0.1, 'min_child_weight': 1, 'max_depth': 2, 'learning_rate': 0.05, 'gamma': 0, 'colsample_bytree': 0.7, 'colsample_bylevel': 0.6, 'n_estimators': 300}",0.8755170755170756,repeated_stratified,7,1,full,electrode
8,8,1.0,8,1,0.125,8,4,0.5,0.5416666666666666,0.524966261808367,0.7786458333333334,8,0,0,0,1,7,0,4,4,P18,xgb,150,"{'subsample': 0.6, 'reg_lambda': 5, 'reg_alpha': 0.5, 'min_child_weight': 1, 'max_depth': 8, 'learning_rate': 0.03, 'gamma': 0.3, 'colsample_bytree': 0.6, 'colsample_bylevel': 0.6, 'n_estimators': 300}",0.9112554112554112,repeated_stratified,7,2,full,electrode
8,8,1.0,8,4,0.5,8,4,0.5,0.6666666666666666,0.6666666666666666,0.8255208333333334,8,0,0,0,4,4,0,4,4,P18,xgb,150,"{'subsample': 0.6, 'reg_lambda': 3, 'reg_alpha': 0.1, 'min_child_weight': 1, 'max_depth': 2, 'learning_rate': 0.05, 'gamma': 0, 'colsample_bytree': 0.7, 'colsample_bylevel': 0.6, 'n_estimators': 300}",0.907912457912458,repeated_stratified,7,3,full,electrode
8,8,1.0,8,2,0.25,8,1,0.125,0.4583333333333333,0.4397759103641456,0.7317708333333334,8,0,0,1,2,5,0,7,1,P18,xgb,150,"{'subsample': 0.6, 'reg_lambda': 1, 'reg_alpha': 0, 'min_child_weight': 1, 'max_depth': 2, 'learning_rate': 0.03, 'gamma': 0, 'colsample_bytree': 0.6, 'colsample_bylevel': 0.6, 'n_estimators': 300}",0.8938672438672438,repeated_stratified,7,4,full,electrode
8,8,1.0,8,3,0.375,8,3,0.375,0.5833333333333334,0.5720588235294118,0.8333333333333334,8,0,0,0,3,5,1,4,3,P18,xgb,150,"{'subsample': 0.6, 'reg_lambda': 3, 'reg_alpha': 0.1, 'min_child_weight': 1, 'max_depth': 2, 'learning_rate': 0.05, 'gamma': 0, 'colsample_bytree': 0.7, 'colsample_bylevel': 0.6, 'n_estimators': 300}",0.9324194324194324,repeated_stratified,8,0,full,electrode
8,8,1.0,8,3,0.375,8,4,0.5,0.625,0.6235294117647059,0.7786458333333334,8,0,0,0,3,5,0,4,4,P18,xgb,150,"{'subsample': 0.6, 'reg_lambda': 3, 'reg_alpha': 0.1, 'min_child_weight': 1, 'max_depth': 8, 'learning_rate': 0.05, 'gamma': 0, 'colsample_bytree': 0.7, 'colsample_bylevel': 0.8, 'n_estimators': 300}",0.8217171717171717,repeated_stratified,8,1,full,electrode
8,8,1.0,8,4,0.5,8,8,1.0,0.8333333333333334,0.8222222222222223,0.9166666666666666,8,0,0,0,4,4,0,0,8,P18,xgb,150,"{'subsample': 0.6, 'reg_lambda': 1, 'reg_alpha': 0, 'min_child_weight': 1, 'max_depth': 2, 'learning_rate': 0.03, 'gamma': 0, 'colsample_bytree': 0.6, 'colsample_bylevel': 0.6, 'n_estimators': 300}",0.8843434343434344,repeated_stratified,8,2,full,electrode
8,8,1.0,8,4,0.5,8,6,0.75,0.75,0.746031746031746,0.8854166666666666,8,0,0,0,4,4,0,2,6,P18,xgb,150,"{'subsample': 0.6, 'reg_lambda': 1, 'reg_alpha': 0, 'min_child_weight': 1, 'max_depth': 2, 'learning_rate': 0.03, 'gamma': 0, 'colsample_bytree': 0.6, 'colsample_bylevel': 0.6, 'n_estimators': 300}",0.9103174603174604,repeated_stratified,8,3,full,electrode
8,8,1.0,8,6,0.75,8,5,0.625,0.7916666666666666,0.7908496732026143,0.8854166666666666,8,0,0,0,6,2,0,3,5,P18,xgb,150,"{'subsample': 0.6, 'reg_lambda': 3, 'reg_alpha': 0.1, 'min_child_weight': 1, 'max_depth': 8, 'learning_rate': 0.05, 'gamma': 0, 'colsample_bytree': 0.7, 'colsample_bylevel': 0.8, 'n_estimators': 300}",0.8774410774410774,repeated_stratified,8,4,full,electrode
8,8,1.0,8,3,0.375,8,4,0.5,0.625,0.6235294117647059,0.8333333333333334,8,0,0,0,3,5,0,4,4,P18,xgb,150,"{'subsample': 0.8, 'reg_lambda': 10, 'reg_alpha': 0, 'min_child_weight': 1, 'max_depth': 8, 'learning_rate': 0.05, 'gamma': 0, 'colsample_bytree': 0.7, 'colsample_bylevel': 0.6, 'n_estimators': 300}",0.8759259259259259,repeated_stratified,9,0,full,electrode
8,7,0.875,8,5,0.625,8,3,0.375,0.625,0.6091838444779621,0.7630208333333334,7,0,1,2,5,1,1,4,3,P18,xgb,150,"{'subsample': 0.6, 'reg_lambda': 10, 'reg_alpha': 0.1, 'min_child_weight': 1, 'max_depth': 8, 'learning_rate': 0.03, 'gamma': 0.3, 'colsample_bytree': 0.6, 'colsample_bylevel': 0.8, 'n_estimators': 300}",0.9085858585858584,repeated_stratified,9,1,full,electrode
8,8,1.0,8,3,0.375,8,4,0.5,0.625,0.6137254901960785,0.8307291666666666,8,0,0,1,3,4,0,4,4,P18,xgb,149,"{'subsample': 0.6, 'reg_lambda': 3, 'reg_alpha': 0.1, 'min_child_weight': 1, 'max_depth': 2, 'learning_rate': 0.05, 'gamma': 0, 'colsample_bytree': 0.7, 'colsample_bylevel': 0.6, 'n_estimators': 300}",0.8855218855218855,repeated_stratified,9,2,full,electrode
8,8,1.0,8,2,0.25,8,5,0.625,0.625,0.611336032388664,0.8151041666666666,8,0,0,0,2,6,0,3,5,P18,xgb,147,"{'subsample': 0.6, 'reg_lambda': 3, 'reg_alpha': 0.1, 'min_child_weight': 1, 'max_depth': 2, 'learning_rate': 0.05, 'gamma': 0, 'colsample_bytree': 0.7, 'colsample_bylevel': 0.6, 'n_estimators': 300}",0.9017797017797018,repeated_stratified,9,3,full,electrode
8,8,1.0,8,3,0.375,8,5,0.625,0.6666666666666666,0.6526610644257703,0.8229166666666666,8,0,0,1,3,4,0,3,5,P18,xgb,150,"{'subsample': 0.6, 'reg_lambda': 3, 'reg_alpha': 0.1, 'min_child_weight': 1, 'max_depth': 2, 'learning_rate': 0.05, 'gamma': 0, 'colsample_bytree': 0.7, 'colsample_bylevel': 0.6, 'n_estimators': 300}",0.9129148629148628,repeated_stratified,9,4,full,electrode
8,8,1.0,8,6,0.75,8,7,0.875,0.875,0.8720588235294118,0.9765625,8,0,0,1,6,1,0,1,7,P19,xgb,149,"{'subsample': 0.6, 'reg_lambda': 1, 'reg_alpha': 0, 'min_child_weight': 1, 'max_depth': 2, 'learning_rate': 0.03, 'gamma': 0, 'colsample_bytree': 0.6, 'colsample_bylevel': 0.6, 'n_estimators': 300}",0.9816498316498316,repeated_stratified,0,0,full,electrode
8,7,0.875,8,8,1.0,8,8,1.0,0.9583333333333334,0.9581699346405228,0.9947916666666666,7,1,0,0,8,0,0,0,8,P19,xgb,150,"{'subsample': 0.6, 'reg_lambda': 1, 'reg_alpha': 0, 'min_child_weight': 1, 'max_depth': 2, 'learning_rate': 0.03, 'gamma': 0, 'colsample_bytree': 0.6, 'colsample_bylevel': 0.6, 'n_estimators': 300}",0.9917508417508416,repeated_stratified,0,1,full,electrode
8,8,1.0,8,6,0.75,8,7,0.875,0.875,0.8745098039215686,0.9322916666666666,8,0,0,0,6,2,0,1,7,P19,xgb,148,"{'subsample': 0.6, 'reg_lambda': 3, 'reg_alpha': 0.1, 'min_child_weight': 1, 'max_depth': 2, 'learning_rate': 0.05, 'gamma': 0, 'colsample_bytree': 0.7, 'colsample_bylevel': 0.6, 'n_estimators': 300}",0.9872775372775372,repeated_stratified,0,2,full,electrode
8,7,0.875,8,8,1.0,8,6,0.75,0.875,0.8775271512113617,0.9661458333333334,7,1,0,0,8,0,0,2,6,P19,xgb,149,"{'subsample': 0.6, 'reg_lambda': 3, 'reg_alpha': 0.1, 'min_child_weight': 1, 'max_depth': 2, 'learning_rate': 0.05, 'gamma': 0, 'colsample_bytree': 0.7, 'colsample_bylevel': 0.6, 'n_estimators': 300}",0.9830447330447328,repeated_stratified,0,3,full,electrode
8,8,1.0,8,8,1.0,8,5,0.625,0.875,0.8704453441295547,0.9401041666666666,8,0,0,0,8,0,0,3,5,P19,xgb,150,"{'subsample': 0.8, 'reg_lambda': 10, 'reg_alpha': 0, 'min_child_weight': 1, 'max_depth': 8, 'learning_rate': 0.05, 'gamma': 0, 'colsample_bytree': 0.7, 'colsample_bylevel': 0.6, 'n_estimators': 300}",0.9834054834054836,repeated_stratified,0,4,full,electrode
8,8,1.0,8,7,0.875,8,8,1.0,0.9583333333333334,0.9581699346405228,1.0,8,0,0,0,7,1,0,0,8,P19,xgb,149,"{'subsample': 0.6, 'reg_lambda': 3, 'reg_alpha': 0.1, 'min_child_weight': 1, 'max_depth': 2, 'learning_rate': 0.05, 'gamma': 0, 'colsample_bytree': 0.7, 'colsample_bylevel': 0.6, 'n_estimators': 300}",0.9793410293410292,repeated_stratified,1,0,full,electrode
8,7,0.875,8,6,0.75,8,7,0.875,0.8333333333333334,0.832843137254902,0.9479166666666666,7,1,0,0,6,2,1,0,7,P19,xgb,148,"{'subsample': 0.6, 'reg_lambda': 3, 'reg_alpha': 0.1, 'min_child_weight': 1, 'max_depth': 8, 'learning_rate': 0.05, 'gamma': 0, 'colsample_bytree': 0.7, 'colsample_bylevel': 0.8, 'n_estimators': 300}",0.9874458874458876,repeated_stratified,1,1,full,electrode
8,8,1.0,8,5,0.625,8,7,0.875,0.8333333333333334,0.8263305322128852,0.9635416666666666,8,0,0,1,5,2,0,1,7,P19,xgb,148,"{'subsample': 0.6, 'reg_lambda': 1, 'reg_alpha': 0, 'min_child_weight': 1, 'max_depth': 2, 'learning_rate': 0.03, 'gamma': 0, 'colsample_bytree': 0.6, 'colsample_bylevel': 0.6, 'n_estimators': 300}",0.9769600769600768,repeated_stratified,1,2,full,electrode
8,8,1.0,8,7,0.875,8,7,0.875,0.9166666666666666,0.9166666666666666,0.9635416666666666,8,0,0,0,7,1,0,1,7,P19,xgb,150,"{'subsample': 0.6, 'reg_lambda': 3, 'reg_alpha': 0.1, 'min_child_weight': 1, 'max_depth': 8, 'learning_rate': 0.05, 'gamma': 0, 'colsample_bytree': 0.7, 'colsample_bylevel': 0.8, 'n_estimators': 300}",0.9803751803751805,repeated_stratified,1,3,full,electrode
8,7,0.875,8,6,0.75,8,7,0.875,0.8333333333333334,0.8356209150326798,0.984375,7,1,0,0,6,2,0,1,7,P19,xgb,150,"{'subsample': 0.6, 'reg_lambda': 1, 'reg_alpha': 0, 'min_child_weight': 1, 'max_depth': 2, 'learning_rate': 0.03, 'gamma': 0, 'colsample_bytree': 0.6, 'colsample_bylevel': 0.6, 'n_estimators': 300}",0.976046176046176,repeated_stratified,1,4,full,electrode
8,7,0.875,8,7,0.875,8,6,0.75,0.8333333333333334,0.8356209150326798,0.9244791666666666,7,0,1,0,7,1,0,2,6,P19,xgb,150,"{'subsample': 0.6, 'reg_lambda': 3, 'reg_alpha': 0.1, 'min_child_weight': 1, 'max_depth': 2, 'learning_rate': 0.05, 'gamma': 0, 'colsample_bytree': 0.7, 'colsample_bylevel': 0.6, 'n_estimators': 300}",0.9824675324675324,repeated_stratified,2,0,full,electrode
8,8,1.0,8,8,1.0,8,7,0.875,0.9583333333333334,0.9581699346405228,0.9869791666666666,8,0,0,0,8,0,0,1,7,P19,xgb,148,"{'subsample': 0.6, 'reg_lambda': 1, 'reg_alpha': 0, 'min_child_weight': 1, 'max_depth': 2, 'learning_rate': 0.03, 'gamma': 0, 'colsample_bytree': 0.6, 'colsample_bylevel': 0.6, 'n_estimators': 300}",0.9844396344396344,repeated_stratified,2,1,full,electrode
8,8,1.0,8,6,0.75,8,6,0.75,0.8333333333333334,0.8333333333333334,0.9270833333333334,8,0,0,0,6,2,0,2,6,P19,xgb,150,"{'subsample': 0.6, 'reg_lambda': 1, 'reg_alpha': 0, 'min_child_weight': 1, 'max_depth': 2, 'learning_rate': 0.03, 'gamma': 0, 'colsample_bytree': 0.6, 'colsample_bylevel': 0.6, 'n_estimators': 300}",0.9611111111111112,repeated_stratified,2,2,full,electrode
8,7,0.875,8,6,0.75,8,8,1.0,0.875,0.8775271512113617,0.9817708333333334,7,0,1,0,6,2,0,0,8,P19,xgb,149,"{'subsample': 0.6, 'reg_lambda': 1, 'reg_alpha': 0, 'min_child_weight': 1, 'max_depth': 2, 'learning_rate': 0.03, 'gamma': 0, 'colsample_bytree': 0.6, 'colsample_bylevel': 0.6, 'n_estimators': 300}",0.974050024050024,repeated_stratified,2,3,full,electrode
8,8,1.0,8,5,0.625,8,7,0.875,0.8333333333333334,0.8306878306878307,0.9244791666666666,8,0,0,0,5,3,0,1,7,P19,xgb,150,"{'subsample': 0.6, 'reg_lambda': 1, 'reg_alpha': 0, 'min_child_weight': 1, 'max_depth': 2, 'learning_rate': 0.03, 'gamma': 0, 'colsample_bytree': 0.6, 'colsample_bylevel': 0.6, 'n_estimators': 300}",0.9951178451178452,repeated_stratified,2,4,full,electrode
8,8,1.0,8,7,0.875,8,8,1.0,0.9583333333333334,0.9581699346405228,0.9713541666666666,8,0,0,0,7,1,0,0,8,P19,xgb,148,"{'subsample': 0.6, 'reg_lambda': 3, 'reg_alpha': 0.1, 'min_child_weight': 1, 'max_depth': 8, 'learning_rate': 0.05, 'gamma': 0, 'colsample_bytree': 0.7, 'colsample_bylevel': 0.8, 'n_estimators': 300}",0.9725589225589224,repeated_stratified,3,0,full,electrode
8,8,1.0,8,7,0.875,8,6,0.75,0.875,0.8745098039215686,0.9661458333333334,8,0,0,0,7,1,0,2,6,P19,xgb,150,"{'subsample': 0.6, 'reg_lambda': 1, 'reg_alpha': 0, 'min_child_weight': 1, 'max_depth': 2, 'learning_rate': 0.03, 'gamma': 0, 'colsample_bytree': 0.6, 'colsample_bylevel': 0.6, 'n_estimators': 300}",0.9843915343915344,repeated_stratified,3,1,full,electrode
8,7,0.875,8,7,0.875,8,7,0.875,0.875,0.8772875816993464,0.9869791666666666,7,0,1,0,7,1,0,1,7,P19,xgb,150,"{'subsample': 0.6, 'reg_lambda': 1, 'reg_alpha': 0, 'min_child_weight': 1, 'max_depth': 2, 'learning_rate': 0.03, 'gamma': 0, 'colsample_bytree': 0.6, 'colsample_bylevel': 0.6, 'n_estimators': 300}",0.9815055315055315,repeated_stratified,3,2,full,electrode
8,8,1.0,8,6,0.75,8,7,0.875,0.875,0.8745098039215686,0.9583333333333334,8,0,0,0,6,2,0,1,7,P19,xgb,149,"{'subsample': 0.6, 'reg_lambda': 3, 'reg_alpha': 0.1, 'min_child_weight': 1, 'max_depth': 8, 'learning_rate': 0.05, 'gamma': 0, 'colsample_bytree': 0.7, 'colsample_bylevel': 0.8, 'n_estimators': 300}",0.9823232323232324,repeated_stratified,3,3,full,electrode
8,7,0.875,8,7,0.875,8,5,0.625,0.7916666666666666,0.7871148459383753,0.9166666666666666,7,1,0,0,7,1,2,1,5,P19,xgb,148,"{'subsample': 0.6, 'reg_lambda': 3, 'reg_alpha': 0.1, 'min_child_weight': 1, 'max_depth': 2, 'learning_rate': 0.05, 'gamma': 0, 'colsample_bytree': 0.7, 'colsample_bylevel': 0.6, 'n_estimators': 300}",0.9847522847522848,repeated_stratified,3,4,full,electrode
8,8,1.0,8,7,0.875,8,6,0.75,0.875,0.8745098039215686,0.9401041666666666,8,0,0,0,7,1,0,2,6,P19,xgb,150,"{'subsample': 0.8, 'reg_lambda': 1, 'reg_alpha': 0, 'min_child_weight': 1, 'max_depth': 8, 'learning_rate': 0.01, 'gamma': 0.3, 'colsample_bytree': 0.6, 'colsample_bylevel': 0.8, 'n_estimators': 300}",0.9848244348244348,repeated_stratified,4,0,full,electrode
8,6,0.75,8,7,0.875,8,6,0.75,0.7916666666666666,0.794973544973545,0.9557291666666666,6,1,1,0,7,1,0,2,6,P19,xgb,149,"{'subsample': 0.6, 'reg_lambda': 1, 'reg_alpha': 0, 'min_child_weight': 1, 'max_depth': 2, 'learning_rate': 0.03, 'gamma': 0, 'colsample_bytree': 0.6, 'colsample_bylevel': 0.6, 'n_estimators': 300}",0.992063492063492,repeated_stratified,4,1,full,electrode
8,8,1.0,8,6,0.75,8,7,0.875,0.875,0.8745098039215686,0.9713541666666666,8,0,0,0,6,2,0,1,7,P19,xgb,149,"{'subsample': 0.6, 'reg_lambda': 3, 'reg_alpha': 0.1, 'min_child_weight': 1, 'max_depth': 8, 'learning_rate': 0.05, 'gamma': 0, 'colsample_bytree': 0.7, 'colsample_bylevel': 0.8, 'n_estimators': 300}",0.9877104377104376,repeated_stratified,4,2,full,electrode
8,8,1.0,8,8,1.0,8,7,0.875,0.9583333333333334,0.9581699346405228,1.0,8,0,0,0,8,0,0,1,7,P19,xgb,149,"{'subsample': 0.6, 'reg_lambda': 3, 'reg_alpha': 0.1, 'min_child_weight': 1, 'max_depth': 2, 'learning_rate': 0.05, 'gamma': 0, 'colsample_bytree': 0.7, 'colsample_bylevel': 0.6, 'n_estimators': 300}",0.9731842231842232,repeated_stratified,4,3,full,electrode
8,7,0.875,8,6,0.75,8,7,0.875,0.8333333333333334,0.8356209150326798,0.9635416666666666,7,1,0,0,6,2,0,1,7,P19,xgb,149,"{'subsample': 0.6, 'reg_lambda': 1, 'reg_alpha': 0, 'min_child_weight': 1, 'max_depth': 2, 'learning_rate': 0.03, 'gamma': 0, 'colsample_bytree': 0.6, 'colsample_bylevel': 0.6, 'n_estimators': 300}",0.971067821067821,repeated_stratified,4,4,full,electrode
8,6,0.75,8,5,0.625,8,6,0.75,0.7083333333333334,0.7162698412698413,0.921875,6,1,1,0,5,3,0,2,6,P19,xgb,148,"{'subsample': 0.6, 'reg_lambda': 1, 'reg_alpha': 0, 'min_child_weight': 1, 'max_depth': 2, 'learning_rate': 0.03, 'gamma': 0, 'colsample_bytree': 0.6, 'colsample_bylevel': 0.6, 'n_estimators': 300}",0.9783549783549784,repeated_stratified,5,0,full,electrode
8,8,1.0,8,7,0.875,8,8,1.0,0.9583333333333334,0.9581699346405228,0.9947916666666666,8,0,0,0,7,1,0,0,8,P19,xgb,150,"{'subsample': 0.6, 'reg_lambda': 1, 'reg_alpha': 0, 'min_child_weight': 1, 'max_depth': 2, 'learning_rate': 0.03, 'gamma': 0, 'colsample_bytree': 0.6, 'colsample_bylevel': 0.6, 'n_estimators': 300}",0.963035113035113,repeated_stratified,5,1,full,electrode
8,6,0.75,8,8,1.0,8,7,0.875,0.875,0.8736772486772487,0.96875,6,1,1,0,8,0,0,1,7,P19,xgb,150,"{'subsample': 0.6, 'reg_lambda': 1, 'reg_alpha': 0, 'min_child_weight': 1, 'max_depth': 2, 'learning_rate': 0.03, 'gamma': 0, 'colsample_bytree': 0.6, 'colsample_bylevel': 0.6, 'n_estimators': 300}",0.98977873977874,repeated_stratified,5,2,full,electrode
8,8,1.0,8,7,0.875,8,2,0.25,0.7083333333333334,0.6692810457516339,0.9583333333333334,8,0,0,1,7,0,0,6,2,P19,xgb,149,"{'subsample': 0.6, 'reg_lambda': 3, 'reg_alpha': 0.1, 'min_child_weight': 1, 'max_depth': 8, 'learning_rate': 0.05, 'gamma': 0, 'colsample_bytree': 0.7, 'colsample_bylevel': 0.8, 'n_estimators': 300}",0.9798220298220298,repeated_stratified,5,3,full,electrode
8,8,1.0,8,5,0.625,8,4,0.5,0.7083333333333334,0.7071895424836602,0.9270833333333334,8,0,0,0,5,3,0,4,4,P19,xgb,149,"{'subsample': 0.6, 'reg_lambda': 1, 'reg_alpha': 0, 'min_child_weight': 1, 'max_depth': 2, 'learning_rate': 0.03, 'gamma': 0, 'colsample_bytree': 0.6, 'colsample_bylevel': 0.6, 'n_estimators': 300}",0.981866281866282,repeated_stratified,5,4,full,electrode
8,8,1.0,8,8,1.0,8,7,0.875,0.9583333333333334,0.9581699346405228,0.9869791666666666,8,0,0,0,8,0,0,1,7,P19,xgb,150,"{'subsample': 0.6, 'reg_lambda': 1, 'reg_alpha': 0, 'min_child_weight': 1, 'max_depth': 2, 'learning_rate': 0.03, 'gamma': 0, 'colsample_bytree': 0.6, 'colsample_bylevel': 0.6, 'n_estimators': 300}",0.9804232804232804,repeated_stratified,6,0,full,electrode
8,8,1.0,8,5,0.625,8,7,0.875,0.8333333333333334,0.8306878306878307,0.9609375,8,0,0,0,5,3,0,1,7,P19,xgb,149,"{'subsample': 0.6, 'reg_lambda': 3, 'reg_alpha': 0.1, 'min_child_weight': 1, 'max_depth': 2, 'learning_rate': 0.05, 'gamma': 0, 'colsample_bytree': 0.7, 'colsample_bylevel': 0.6, 'n_estimators': 300}",0.9921115921115922,repeated_stratified,6,1,full,electrode
8,7,0.875,8,7,0.875,8,7,0.875,0.875,0.8772875816993464,0.9739583333333334,7,0,1,0,7,1,0,1,7,P19,xgb,149,"{'subsample': 0.6, 'reg_lambda': 1, 'reg_alpha': 0, 'min_child_weight': 1, 'max_depth': 2, 'learning_rate': 0.03, 'gamma': 0, 'colsample_bytree': 0.6, 'colsample_bylevel': 0.6, 'n_estimators': 300}",0.9734968734968736,repeated_stratified,6,2,full,electrode
8,8,1.0,8,6,0.75,8,5,0.625,0.7916666666666666,0.7908496732026143,0.8776041666666666,8,0,0,0,6,2,0,3,5,P19,xgb,145,"{'subsample': 0.6, 'reg_lambda': 1, 'reg_alpha': 0, 'min_child_weight': 1, 'max_depth': 2, 'learning_rate': 0.03, 'gamma': 0, 'colsample_bytree': 0.6, 'colsample_bylevel': 0.6, 'n_estimators': 300}",0.9834054834054834,repeated_stratified,6,3,full,electrode
8,7,0.875,8,8,1.0,8,7,0.875,0.9166666666666666,0.9165032679738562,0.9895833333333334,7,0,1,0,8,0,0,1,7,P19,xgb,148,"{'subsample': 0.6, 'reg_lambda': 1, 'reg_alpha': 0, 'min_child_weight': 1, 'max_depth': 2, 'learning_rate': 0.03, 'gamma': 0, 'colsample_bytree': 0.6, 'colsample_bylevel': 0.6, 'n_estimators': 300}",0.9773929773929774,repeated_stratified,6,4,full,electrode
8,8,1.0,8,6,0.75,8,7,0.875,0.875,0.8745098039215686,0.9791666666666666,8,0,0,0,6,2,0,1,7,P19,xgb,150,"{'subsample': 0.6, 'reg_lambda': 1, 'reg_alpha': 0, 'min_child_weight': 1, 'max_depth': 2, 'learning_rate': 0.03, 'gamma': 0, 'colsample_bytree': 0.6, 'colsample_bylevel': 0.6, 'n_estimators': 300}",0.9527417027417028,repeated_stratified,7,0,full,electrode
8,8,1.0,8,7,0.875,8,5,0.625,0.8333333333333334,0.8263305322128852,0.9296875,8,0,0,0,7,1,1,2,5,P19,xgb,150,"{'subsample': 0.6, 'reg_lambda': 3, 'reg_alpha': 0.1, 'min_child_weight': 1, 'max_depth': 8, 'learning_rate': 0.05, 'gamma': 0, 'colsample_bytree': 0.7, 'colsample_bylevel': 0.8, 'n_estimators': 300}",0.934896584896585,repeated_stratified,7,1,full,electrode
8,7,0.875,8,7,0.875,8,8,1.0,0.9166666666666666,0.9166666666666666,0.9947916666666666,7,1,0,1,7,0,0,0,8,P19,xgb,150,"{'subsample': 0.6, 'reg_lambda': 1, 'reg_alpha': 0, 'min_child_weight': 1, 'max_depth': 2, 'learning_rate': 0.03, 'gamma': 0, 'colsample_bytree': 0.6, 'colsample_bylevel': 0.6, 'n_estimators': 300}",0.986123136123136,repeated_stratified,7,2,full,electrode
8,8,1.0,8,5,0.625,8,8,1.0,0.875,0.8704453441295547,1.0,8,0,0,0,5,3,0,0,8,P19,xgb,149,"{'subsample': 0.6, 'reg_lambda': 1, 'reg_alpha': 0, 'min_child_weight': 1, 'max_depth': 2, 'learning_rate': 0.03, 'gamma': 0, 'colsample_bytree': 0.6, 'colsample_bylevel': 0.6, 'n_estimators': 300}",0.978018278018278,repeated_stratified,7,3,full,electrode
8,8,1.0,8,8,1.0,8,5,0.625,0.875,0.8704453441295547,0.9661458333333334,8,0,0,0,8,0,0,3,5,P19,xgb,147,"{'subsample': 0.6, 'reg_lambda': 3, 'reg_alpha': 0.1, 'min_child_weight': 1, 'max_depth': 2, 'learning_rate': 0.05, 'gamma': 0, 'colsample_bytree': 0.7, 'colsample_bylevel': 0.6, 'n_estimators': 300}",0.9965127465127464,repeated_stratified,7,4,full,electrode
8,8,1.0,8,7,0.875,8,7,0.875,0.9166666666666666,0.9165032679738562,0.984375,8,0,0,1,7,0,0,1,7,P19,xgb,149,"{'subsample': 0.6, 'reg_lambda': 1, 'reg_alpha': 0, 'min_child_weight': 1, 'max_depth': 2, 'learning_rate': 0.03, 'gamma': 0, 'colsample_bytree': 0.6, 'colsample_bylevel': 0.6, 'n_estimators': 300}",0.9803992303992304,repeated_stratified,8,0,full,electrode
8,8,1.0,8,5,0.625,8,7,0.875,0.8333333333333334,0.8306878306878307,0.9635416666666666,8,0,0,0,5,3,0,1,7,P19,xgb,147,"{'subsample': 0.6, 'reg_lambda': 1, 'reg_alpha': 0, 'min_child_weight': 1, 'max_depth': 2, 'learning_rate': 0.03, 'gamma': 0, 'colsample_bytree': 0.6, 'colsample_bylevel': 0.6, 'n_estimators': 300}",0.9613035113035112,repeated_stratified,8,1,full,electrode
8,6,0.75,8,8,1.0,8,7,0.875,0.875,0.8775271512113617,0.984375,6,2,0,0,8,0,0,1,7,P19,xgb,148,"{'subsample': 0.6, 'reg_lambda': 3, 'reg_alpha': 0.1, 'min_child_weight': 1, 'max_depth': 2, 'learning_rate': 0.05, 'gamma': 0, 'colsample_bytree': 0.7, 'colsample_bylevel': 0.6, 'n_estimators': 300}",0.9907166907166908,repeated_stratified,8,2,full,electrode
8,8,1.0,8,7,0.875,8,7,0.875,0.9166666666666666,0.9166666666666666,0.96875,8,0,0,0,7,1,0,1,7,P19,xgb,150,"{'subsample': 0.6, 'reg_lambda': 1, 'reg_alpha': 0, 'min_child_weight': 1, 'max_depth': 2, 'learning_rate': 0.03, 'gamma': 0, 'colsample_bytree': 0.6, 'colsample_bylevel': 0.6, 'n_estimators': 300}",0.9764069264069264,repeated_stratified,8,3,full,electrode
8,8,1.0,8,7,0.875,8,7,0.875,0.9166666666666666,0.9166666666666666,0.9166666666666666,8,0,0,0,7,1,0,1,7,P19,xgb,150,"{'subsample': 0.6, 'reg_lambda': 1, 'reg_alpha': 0, 'min_child_weight': 1, 'max_depth': 2, 'learning_rate': 0.03, 'gamma': 0, 'colsample_bytree': 0.6, 'colsample_bylevel': 0.6, 'n_estimators': 300}",0.9324194324194324,repeated_stratified,8,4,full,electrode
8,8,1.0,8,7,0.875,8,8,1.0,0.9583333333333334,0.9581699346405228,0.9791666666666666,8,0,0,0,7,1,0,0,8,P19,xgb,150,"{'subsample': 0.6, 'reg_lambda': 3, 'reg_alpha': 0.1, 'min_child_weight': 1, 'max_depth': 2, 'learning_rate': 0.05, 'gamma': 0, 'colsample_bytree': 0.7, 'colsample_bylevel': 0.6, 'n_estimators': 300}",0.9744348244348244,repeated_stratified,9,0,full,electrode
8,8,1.0,8,4,0.5,8,5,0.625,0.7083333333333334,0.6998366013071896,0.9036458333333334,8,0,0,1,4,3,0,3,5,P19,xgb,150,"{'subsample': 0.6, 'reg_lambda': 1, 'reg_alpha': 0, 'min_child_weight': 1, 'max_depth': 2, 'learning_rate': 0.03, 'gamma': 0, 'colsample_bytree': 0.6, 'colsample_bylevel': 0.6, 'n_estimators': 300}",0.9742183742183742,repeated_stratified,9,1,full,electrode
8,6,0.75,8,7,0.875,8,8,1.0,0.875,0.8739495798319327,0.9791666666666666,6,2,0,0,7,1,0,0,8,P19,xgb,148,"{'subsample': 0.6, 'reg_lambda': 1, 'reg_alpha': 0, 'min_child_weight': 1, 'max_depth': 2, 'learning_rate': 0.03, 'gamma': 0, 'colsample_bytree': 0.6, 'colsample_bylevel': 0.6, 'n_estimators': 300}",0.9765031265031264,repeated_stratified,9,2,full,electrode
8,8,1.0,8,7,0.875,8,7,0.875,0.9166666666666666,0.9166666666666666,0.9895833333333334,8,0,0,0,7,1,0,1,7,P19,xgb,150,"{'subsample': 0.6, 'reg_lambda': 1, 'reg_alpha': 0, 'min_child_weight': 1, 'max_depth': 2, 'learning_rate': 0.03, 'gamma': 0, 'colsample_bytree': 0.6, 'colsample_bylevel': 0.6, 'n_estimators': 300}",0.9606060606060606,repeated_stratified,9,3,full,electrode
8,8,1.0,8,6,0.75,8,7,0.875,0.875,0.8745098039215686,0.9661458333333334,8,0,0,0,6,2,0,1,7,P19,xgb,150,"{'subsample': 0.6, 'reg_lambda': 5, 'reg_alpha': 0, 'min_child_weight': 1, 'max_depth': 2, 'learning_rate': 0.01, 'gamma': 0.3, 'colsample_bytree': 0.7, 'colsample_bylevel': 0.6, 'n_estimators': 300}",0.9725829725829724,repeated_stratified,9,4,full,electrode
8,8,1.0,8,6,0.75,8,4,0.5,0.75,0.746031746031746,0.8828125,8,0,0,0,6,2,0,4,4,P21,xgb,147,"{'subsample': 0.6, 'reg_lambda': 1, 'reg_alpha': 0, 'min_child_weight': 1, 'max_depth': 2, 'learning_rate': 0.03, 'gamma': 0, 'colsample_bytree': 0.6, 'colsample_bylevel': 0.6, 'n_estimators': 300}",0.9457190957190957,repeated_stratified,0,0,full,electrode
8,7,0.875,8,7,0.875,8,8,1.0,0.9166666666666666,0.9165032679738562,0.9895833333333334,7,1,0,0,7,1,0,0,8,P21,xgb,150,"{'subsample': 0.8, 'reg_lambda': 5, 'reg_alpha': 0.1, 'min_child_weight': 1, 'max_depth': 8, 'learning_rate': 0.03, 'gamma': 0, 'colsample_bytree': 0.6, 'colsample_bylevel': 0.6, 'n_estimators': 300}",0.9472101972101972,repeated_stratified,0,1,full,electrode
8,8,1.0,8,5,0.625,8,7,0.875,0.8333333333333334,0.8306878306878307,0.9270833333333334,8,0,0,0,5,3,0,1,7,P21,xgb,148,"{'subsample': 0.6, 'reg_lambda': 3, 'reg_alpha': 0.1, 'min_child_weight': 1, 'max_depth': 8, 'learning_rate': 0.05, 'gamma': 0, 'colsample_bytree': 0.7, 'colsample_bylevel': 0.8, 'n_estimators': 300}",0.9398027898027896,repeated_stratified,0,2,full,electrode
8,8,1.0,8,6,0.75,8,5,0.625,0.7916666666666666,0.7908496732026143,0.9166666666666666,8,0,0,0,6,2,0,3,5,P21,xgb,150,"{'subsample': 0.8, 'reg_lambda': 10, 'reg_alpha': 0, 'min_child_weight': 1, 'max_depth': 8, 'learning_rate': 0.05, 'gamma': 0, 'colsample_bytree': 0.7, 'colsample_bylevel': 0.6, 'n_estimators': 300}",0.8816979316979316,repeated_stratified,0,3,full,electrode
8,8,1.0,8,4,0.5,8,5,0.625,0.7083333333333334,0.7071895424836602,0.8854166666666666,8,0,0,0,4,4,0,3,5,P21,xgb,149,"{'subsample': 0.6, 'reg_lambda': 1, 'reg_alpha': 0, 'min_child_weight': 1, 'max_depth': 2, 'learning_rate': 0.03, 'gamma': 0, 'colsample_bytree': 0.6, 'colsample_bylevel': 0.6, 'n_estimators': 300}",0.9403799903799904,repeated_stratified,0,4,full,electrode
8,8,1.0,8,3,0.375,8,4,0.5,0.625,0.6235294117647059,0.8333333333333334,8,0,0,0,3,5,0,4,4,P21,xgb,148,"{'subsample': 0.6, 'reg_lambda': 3, 'reg_alpha': 0.1, 'min_child_weight': 1, 'max_depth': 2, 'learning_rate': 0.05, 'gamma': 0, 'colsample_bytree': 0.7, 'colsample_bylevel': 0.6, 'n_estimators': 300}",0.9395622895622896,repeated_stratified,1,0,full,electrode
8,8,1.0,8,5,0.625,8,5,0.625,0.75,0.75,0.8984375,8,0,0,0,5,3,0,3,5,P21,xgb,145,"{'subsample': 0.6, 'reg_lambda': 3, 'reg_alpha': 0.1, 'min_child_weight': 1, 'max_depth': 2, 'learning_rate': 0.05, 'gamma': 0, 'colsample_bytree': 0.7, 'colsample_bylevel': 0.6, 'n_estimators': 300}",0.9414141414141414,repeated_stratified,1,1,full,electrode
8,7,0.875,8,6,0.75,8,8,1.0,0.875,0.8740740740740741,0.9583333333333334,7,1,0,0,6,2,0,0,8,P21,xgb,150,"{'subsample': 0.6, 'reg_lambda': 1, 'reg_alpha': 0, 'min_child_weight': 1, 'max_depth': 2, 'learning_rate': 0.03, 'gamma': 0, 'colsample_bytree': 0.6, 'colsample_bylevel': 0.6, 'n_estimators': 300}",0.966907166907167,repeated_stratified,1,2,full,electrode
8,8,1.0,8,4,0.5,8,7,0.875,0.7916666666666666,0.7840755735492578,0.9375,8,0,0,0,4,4,0,1,7,P21,xgb,150,"{'subsample': 0.6, 'reg_lambda': 3, 'reg_alpha': 0.1, 'min_child_weight': 1, 'max_depth': 2, 'learning_rate': 0.05, 'gamma': 0, 'colsample_bytree': 0.7, 'colsample_bylevel': 0.6, 'n_estimators': 300}",0.9188071188071188,repeated_stratified,1,3,full,electrode
8,8,1.0,8,5,0.625,8,3,0.375,0.6666666666666666,0.6613756613756614,0.8671875,8,0,0,0,5,3,0,5,3,P21,xgb,149,"{'subsample': 0.6, 'reg_lambda': 3, 'reg_alpha': 0.1, 'min_child_weight': 1, 'max_depth': 2, 'learning_rate': 0.05, 'gamma': 0, 'colsample_bytree': 0.7, 'colsample_bylevel': 0.6, 'n_estimators': 300}",0.9255170755170754,repeated_stratified,1,4,full,electrode
8,8,1.0,8,4,0.5,8,5,0.625,0.7083333333333334,0.6998366013071896,0.8307291666666666,8,0,0,1,4,3,0,3,5,P21,xgb,150,"{'subsample': 0.8, 'reg_lambda': 1, 'reg_alpha': 0, 'min_child_weight': 1, 'max_depth': 8, 'learning_rate': 0.01, 'gamma': 0.3, 'colsample_bytree': 0.6, 'colsample_bylevel': 0.8, 'n_estimators': 300}",0.9587061087061087,repeated_stratified,2,0,full,electrode
8,8,1.0,8,4,0.5,8,8,1.0,0.8333333333333334,0.8222222222222223,0.9557291666666666,8,0,0,0,4,4,0,0,8,P21,xgb,150,"{'subsample': 0.6, 'reg_lambda': 1, 'reg_alpha': 0, 'min_child_weight': 1, 'max_depth': 2, 'learning_rate': 0.03, 'gamma': 0, 'colsample_bytree': 0.6, 'colsample_bylevel': 0.6, 'n_estimators': 300}",0.9451178451178451,repeated_stratified,2,1,full,electrode
8,8,1.0,8,5,0.625,8,7,0.875,0.8333333333333334,0.8306878306878307,0.9244791666666666,8,0,0,0,5,3,0,1,7,P21,xgb,148,"{'subsample': 0.6, 'reg_lambda': 1, 'reg_alpha': 0, 'min_child_weight': 1, 'max_depth': 2, 'learning_rate': 0.03, 'gamma': 0, 'colsample_bytree': 0.6, 'colsample_bylevel': 0.6, 'n_estimators': 300}",0.9053631553631553,repeated_stratified,2,2,full,electrode
8,8,1.0,8,7,0.875,8,4,0.5,0.7916666666666666,0.7840755735492578,0.9348958333333334,8,0,0,0,7,1,0,4,4,P21,xgb,150,"{'subsample': 0.6, 'reg_lambda': 1, 'reg_alpha': 0, 'min_child_weight': 1, 'max_depth': 2, 'learning_rate': 0.03, 'gamma': 0, 'colsample_bytree': 0.6, 'colsample_bylevel': 0.6, 'n_estimators': 300}",0.9270081770081772,repeated_stratified,2,3,full,electrode
8,8,1.0,8,5,0.625,8,5,0.625,0.75,0.75,0.875,8,0,0,0,5,3,0,3,5,P21,xgb,149,"{'subsample': 0.6, 'reg_lambda': 3, 'reg_alpha': 0.1, 'min_child_weight': 1, 'max_depth': 2, 'learning_rate': 0.05, 'gamma': 0, 'colsample_bytree': 0.7, 'colsample_bylevel': 0.6, 'n_estimators': 300}",0.9071428571428571,repeated_stratified,2,4,full,electrode
8,8,1.0,8,8,1.0,8,6,0.75,0.9166666666666666,0.9153439153439153,0.9895833333333334,8,0,0,0,8,0,0,2,6,P21,xgb,149,"{'subsample': 0.6, 'reg_lambda': 3, 'reg_alpha': 0.1, 'min_child_weight': 1, 'max_depth': 8, 'learning_rate': 0.05, 'gamma': 0, 'colsample_bytree': 0.7, 'colsample_bylevel': 0.8, 'n_estimators': 300}",0.9479316979316978,repeated_stratified,3,0,full,electrode
8,7,0.875,8,4,0.5,8,4,0.5,0.625,0.634640522875817,0.8515625,7,1,0,0,4,4,0,4,4,P21,xgb,150,"{'subsample': 0.6, 'reg_lambda': 1, 'reg_alpha': 0, 'min_child_weight': 1, 'max_depth': 2, 'learning_rate': 0.03, 'gamma': 0, 'colsample_bytree': 0.6, 'colsample_bylevel': 0.6, 'n_estimators': 300}",0.949206349206349,repeated_stratified,3,1,full,electrode
8,8,1.0,8,6,0.75,8,6,0.75,0.8333333333333334,0.8333333333333334,0.9401041666666666,8,0,0,0,6,2,0,2,6,P21,xgb,147,"{'subsample': 0.6, 'reg_lambda': 1, 'reg_alpha': 0, 'min_child_weight': 1, 'max_depth': 2, 'learning_rate': 0.03, 'gamma': 0, 'colsample_bytree': 0.6, 'colsample_bylevel': 0.6, 'n_estimators': 300}",0.9235209235209236,repeated_stratified,3,2,full,electrode
8,8,1.0,8,5,0.625,8,4,0.5,0.7083333333333334,0.7071895424836602,0.8385416666666666,8,0,0,0,5,3,0,4,4,P21,xgb,149,"{'subsample': 0.8, 'reg_lambda': 10, 'reg_alpha': 0, 'min_child_weight': 1, 'max_depth': 4, 'learning_rate': 0.03, 'gamma': 0, 'colsample_bytree': 0.6, 'colsample_bylevel': 0.8, 'n_estimators': 300}",0.9547138047138047,repeated_stratified,3,3,full,electrode
8,8,1.0,8,4,0.5,8,4,0.5,0.6666666666666666,0.6666666666666666,0.8776041666666666,8,0,0,0,4,4,0,4,4,P21,xgb,148,"{'subsample': 0.6, 'reg_lambda': 1, 'reg_alpha': 0, 'min_child_weight': 1, 'max_depth': 2, 'learning_rate': 0.03, 'gamma': 0, 'colsample_bytree': 0.6, 'colsample_bylevel': 0.6, 'n_estimators': 300}",0.8897306397306397,repeated_stratified,3,4,full,electrode
8,8,1.0,8,3,0.375,8,5,0.625,0.6666666666666666,0.6613756613756614,0.8333333333333334,8,0,0,0,3,5,0,3,5,P21,xgb,147,"{'subsample': 0.6, 'reg_lambda': 3, 'reg_alpha': 0.1, 'min_child_weight': 1, 'max_depth': 2, 'learning_rate': 0.05, 'gamma': 0, 'colsample_bytree': 0.7, 'colsample_bylevel': 0.6, 'n_estimators': 300}",0.9555796055796056,repeated_stratified,4,0,full,electrode
8,7,0.875,8,6,0.75,8,5,0.625,0.75,0.7555555555555555,0.8463541666666666,7,1,0,0,6,2,0,3,5,P21,xgb,148,"{'subsample': 0.6, 'reg_lambda': 1, 'reg_alpha': 0, 'min_child_weight': 1, 'max_depth': 2, 'learning_rate': 0.03, 'gamma': 0, 'colsample_bytree': 0.6, 'colsample_bylevel': 0.6, 'n_estimators': 300}",0.9586339586339586,repeated_stratified,4,1,full,electrode
8,8,1.0,8,5,0.625,8,3,0.375,0.6666666666666666,0.6526610644257703,0.8932291666666666,8,0,0,0,5,3,1,4,3,P21,xgb,122,"{'subsample': 0.8, 'reg_lambda': 10, 'reg_alpha': 0, 'min_child_weight': 1, 'max_depth': 8, 'learning_rate': 0.05, 'gamma': 0, 'colsample_bytree': 0.7, 'colsample_bylevel': 0.6, 'n_estimators': 300}",0.9391053391053391,repeated_stratified,4,2,full,electrode
8,8,1.0,8,6,0.75,8,3,0.375,0.7083333333333334,0.6977058029689608,0.8932291666666666,8,0,0,0,6,2,0,5,3,P21,xgb,150,"{'subsample': 0.6, 'reg_lambda': 1, 'reg_alpha': 0, 'min_child_weight': 1, 'max_depth': 2, 'learning_rate': 0.03, 'gamma': 0, 'colsample_bytree': 0.6, 'colsample_bylevel': 0.6, 'n_estimators': 300}",0.9303751803751803,repeated_stratified,4,3,full,electrode
8,8,1.0,8,6,0.75,8,5,0.625,0.7916666666666666,0.7908496732026143,0.9036458333333334,8,0,0,0,6,2,0,3,5,P21,xgb,149,"{'subsample': 0.6, 'reg_lambda': 1, 'reg_alpha': 0, 'min_child_weight': 1, 'max_depth': 2, 'learning_rate': 0.03, 'gamma': 0, 'colsample_bytree': 0.6, 'colsample_bylevel': 0.6, 'n_estimators': 300}",0.868783068783069,repeated_stratified,4,4,full,electrode
8,8,1.0,8,6,0.75,8,7,0.875,0.875,0.8745098039215686,0.9375,8,0,0,0,6,2,0,1,7,P21,xgb,147,"{'subsample': 0.6, 'reg_lambda': 1, 'reg_alpha': 0, 'min_child_weight': 1, 'max_depth': 2, 'learning_rate': 0.03, 'gamma': 0, 'colsample_bytree': 0.6, 'colsample_bylevel': 0.6, 'n_estimators': 300}",0.9273448773448774,repeated_stratified,5,0,full,electrode
8,8,1.0,8,7,0.875,8,4,0.5,0.7916666666666666,0.7840755735492578,0.9192708333333334,8,0,0,0,7,1,0,4,4,P21,xgb,149,"{'subsample': 0.6, 'reg_lambda': 1, 'reg_alpha': 0, 'min_child_weight': 1, 'max_depth': 2, 'learning_rate': 0.03, 'gamma': 0, 'colsample_bytree': 0.6, 'colsample_bylevel': 0.6, 'n_estimators': 300}",0.9355940355940356,repeated_stratified,5,1,full,electrode
8,8,1.0,8,6,0.75,8,1,0.125,0.625,0.5844155844155844,0.8463541666666666,8,0,0,0,6,2,0,7,1,P21,xgb,150,"{'subsample': 0.8, 'reg_lambda': 5, 'reg_alpha': 0.1, 'min_child_weight': 1, 'max_depth': 8, 'learning_rate': 0.03, 'gamma': 0, 'colsample_bytree': 0.6, 'colsample_bylevel': 0.6, 'n_estimators': 300}",0.9346079846079846,repeated_stratified,5,2,full,electrode
8,7,0.875,8,5,0.625,8,7,0.875,0.7916666666666666,0.7883986928104575,0.9140625,7,1,0,1,5,2,0,1,7,P21,xgb,148,"{'subsample': 0.6, 'reg_lambda': 1, 'reg_alpha': 0, 'min_child_weight': 1, 'max_depth': 2, 'learning_rate': 0.03, 'gamma': 0, 'colsample_bytree': 0.6, 'colsample_bylevel': 0.6, 'n_estimators': 300}",0.9544973544973545,repeated_stratified,5,3,full,electrode
8,8,1.0,8,5,0.625,8,5,0.625,0.75,0.75,0.8723958333333334,8,0,0,0,5,3,0,3,5,P21,xgb,149,"{'subsample': 0.6, 'reg_lambda': 3, 'reg_alpha': 0.1, 'min_child_weight': 1, 'max_depth': 2, 'learning_rate': 0.05, 'gamma': 0, 'colsample_bytree': 0.7, 'colsample_bylevel': 0.6, 'n_estimators': 300}",0.9427609427609428,repeated_stratified,5,4,full,electrode
8,8,1.0,8,7,0.875,8,4,0.5,0.7916666666666666,0.7840755735492578,0.9401041666666666,8,0,0,0,7,1,0,4,4,P21,xgb,149,"{'subsample': 0.6, 'reg_lambda': 3, 'reg_alpha': 0.1, 'min_child_weight': 1, 'max_depth': 8, 'learning_rate': 0.05, 'gamma': 0, 'colsample_bytree': 0.7, 'colsample_bylevel': 0.8, 'n_estimators': 300}",0.9375661375661376,repeated_stratified,6,0,full,electrode
8,7,0.875,8,6,0.75,8,6,0.75,0.7916666666666666,0.7964052287581699,0.9166666666666666,7,1,0,0,6,2,0,2,6,P21,xgb,149,"{'subsample': 0.6, 'reg_lambda': 1, 'reg_alpha': 0, 'min_child_weight': 1, 'max_depth': 2, 'learning_rate': 0.03, 'gamma': 0, 'colsample_bytree': 0.6, 'colsample_bylevel': 0.6, 'n_estimators': 300}",0.9242183742183743,repeated_stratified,6,1,full,electrode
8,8,1.0,8,6,0.75,8,6,0.75,0.8333333333333334,0.8333333333333334,0.9270833333333334,8,0,0,0,6,2,0,2,6,P21,xgb,150,"{'subsample': 0.8, 'reg_lambda': 1, 'reg_alpha': 0, 'min_child_weight': 1, 'max_depth': 8, 'learning_rate': 0.01, 'gamma': 0.3, 'colsample_bytree': 0.6, 'colsample_bylevel': 0.8, 'n_estimators': 300}",0.8754689754689755,repeated_stratified,6,2,full,electrode
8,8,1.0,8,3,0.375,8,5,0.625,0.6666666666666666,0.6613756613756614,0.8255208333333334,8,0,0,0,3,5,0,3,5,P21,xgb,148,"{'subsample': 0.6, 'reg_lambda': 1, 'reg_alpha': 0, 'min_child_weight': 1, 'max_depth': 2, 'learning_rate': 0.03, 'gamma': 0, 'colsample_bytree': 0.6, 'colsample_bylevel': 0.6, 'n_estimators': 300}",0.9499037999037999,repeated_stratified,6,3,full,electrode
8,7,0.875,8,5,0.625,8,3,0.375,0.625,0.6294068504594821,0.828125,7,1,0,0,5,3,0,5,3,P21,xgb,149,"{'subsample': 0.6, 'reg_lambda': 1, 'reg_alpha': 0, 'min_child_weight': 1, 'max_depth': 2, 'learning_rate': 0.03, 'gamma': 0, 'colsample_bytree': 0.6, 'colsample_bylevel': 0.6, 'n_estimators': 300}",0.9083453583453583,repeated_stratified,6,4,full,electrode
8,8,1.0,8,6,0.75,8,5,0.625,0.7916666666666666,0.7908496732026143,0.8515625,8,0,0,0,6,2,0,3,5,P21,xgb,150,"{'subsample': 0.8, 'reg_lambda': 10, 'reg_alpha': 0, 'min_child_weight': 1, 'max_depth': 8, 'learning_rate': 0.05, 'gamma': 0, 'colsample_bytree': 0.7, 'colsample_bylevel': 0.6, 'n_estimators': 300}",0.9201779701779703,repeated_stratified,7,0,full,electrode
8,8,1.0,8,4,0.5,8,5,0.625,0.7083333333333334,0.7071895424836602,0.8203125,8,0,0,0,4,4,0,3,5,P21,xgb,147,"{'subsample': 0.6, 'reg_lambda': 3, 'reg_alpha': 0.1, 'min_child_weight': 1, 'max_depth': 2, 'learning_rate': 0.05, 'gamma': 0, 'colsample_bytree': 0.7, 'colsample_bylevel': 0.6, 'n_estimators': 300}",0.9409331409331408,repeated_stratified,7,1,full,electrode
8,8,1.0,8,4,0.5,8,3,0.375,0.625,0.6235294117647059,0.828125,8,0,0,0,4,4,0,5,3,P21,xgb,148,"{'subsample': 0.6, 'reg_lambda': 1, 'reg_alpha': 0, 'min_child_weight': 1, 'max_depth': 2, 'learning_rate': 0.03, 'gamma': 0, 'colsample_bytree': 0.6, 'colsample_bylevel': 0.6, 'n_estimators': 300}",0.9631794131794131,repeated_stratified,7,2,full,electrode
8,8,1.0,8,6,0.75,8,4,0.5,0.75,0.746031746031746,0.90625,8,0,0,0,6,2,0,4,4,P21,xgb,150,"{'subsample': 0.8, 'reg_lambda': 10, 'reg_alpha': 0, 'min_child_weight': 1, 'max_depth': 8, 'learning_rate': 0.05, 'gamma': 0, 'colsample_bytree': 0.7, 'colsample_bylevel': 0.6, 'n_estimators': 300}",0.9432178932178932,repeated_stratified,7,3,full,electrode
8,7,0.875,8,4,0.5,8,3,0.375,0.5833333333333334,0.5925925925925926,0.7890625,7,1,0,0,4,4,0,5,3,P21,xgb,150,"{'subsample': 0.6, 'reg_lambda': 3, 'reg_alpha': 0.1, 'min_child_weight': 1, 'max_depth': 2, 'learning_rate': 0.05, 'gamma': 0, 'colsample_bytree': 0.7, 'colsample_bylevel': 0.6, 'n_estimators': 300}",0.9182539682539682,repeated_stratified,7,4,full,electrode
8,8,1.0,8,6,0.75,8,3,0.375,0.7083333333333334,0.6977058029689608,0.8776041666666666,8,0,0,0,6,2,0,5,3,P21,xgb,148,"{'subsample': 0.6, 'reg_lambda': 1, 'reg_alpha': 0, 'min_child_weight': 1, 'max_depth': 2, 'learning_rate': 0.03, 'gamma': 0, 'colsample_bytree': 0.6, 'colsample_bylevel': 0.6, 'n_estimators': 300}",0.9428571428571427,repeated_stratified,8,0,full,electrode
8,8,1.0,8,5,0.625,8,8,1.0,0.875,0.8704453441295547,0.9609375,8,0,0,0,5,3,0,0,8,P21,xgb,149,"{'subsample': 0.6, 'reg_lambda': 1, 'reg_alpha': 0, 'min_child_weight': 1, 'max_depth': 2, 'learning_rate': 0.03, 'gamma': 0, 'colsample_bytree': 0.6, 'colsample_bylevel': 0.6, 'n_estimators': 300}",0.9463684463684464,repeated_stratified,8,1,full,electrode
8,8,1.0,8,5,0.625,8,6,0.75,0.7916666666666666,0.7908496732026143,0.8723958333333334,8,0,0,0,5,3,0,2,6,P21,xgb,150,"{'subsample': 0.8, 'reg_lambda': 10, 'reg_alpha': 0, 'min_child_weight': 1, 'max_depth': 8, 'learning_rate': 0.05, 'gamma': 0, 'colsample_bytree': 0.7, 'colsample_bylevel': 0.6, 'n_estimators': 300}",0.9012025012025012,repeated_stratified,8,2,full,electrode
8,7,0.875,8,3,0.375,8,6,0.75,0.6666666666666666,0.6505781799899446,0.8046875,7,1,0,1,3,4,1,1,6,P21,xgb,149,"{'subsample': 0.6, 'reg_lambda': 1, 'reg_alpha': 0, 'min_child_weight': 1, 'max_depth': 2, 'learning_rate': 0.03, 'gamma': 0, 'colsample_bytree': 0.6, 'colsample_bylevel': 0.6, 'n_estimators': 300}",0.9321789321789322,repeated_stratified,8,3,full,electrode
8,8,1.0,8,5,0.625,8,5,0.625,0.75,0.75,0.8463541666666666,8,0,0,0,5,3,0,3,5,P21,xgb,149,"{'subsample': 0.6, 'reg_lambda': 3, 'reg_alpha': 0.1, 'min_child_weight': 1, 'max_depth': 8, 'learning_rate': 0.05, 'gamma': 0, 'colsample_bytree': 0.7, 'colsample_bylevel': 0.8, 'n_estimators': 300}",0.9234968734968736,repeated_stratified,8,4,full,electrode
8,8,1.0,8,7,0.875,8,6,0.75,0.875,0.8745098039215686,0.9869791666666666,8,0,0,0,7,1,0,2,6,P21,xgb,147,"{'subsample': 0.6, 'reg_lambda': 3, 'reg_alpha': 0.1, 'min_child_weight': 1, 'max_depth': 2, 'learning_rate': 0.05, 'gamma': 0, 'colsample_bytree': 0.7, 'colsample_bylevel': 0.6, 'n_estimators': 300}",0.9514189514189514,repeated_stratified,9,0,full,electrode
8,8,1.0,8,5,0.625,8,5,0.625,0.75,0.75,0.90625,8,0,0,0,5,3,0,3,5,P21,xgb,148,"{'subsample': 0.6, 'reg_lambda': 3, 'reg_alpha': 0.1, 'min_child_weight': 1, 'max_depth': 2, 'learning_rate': 0.05, 'gamma': 0, 'colsample_bytree': 0.7, 'colsample_bylevel': 0.6, 'n_estimators': 300}",0.939033189033189,repeated_stratified,9,1,full,electrode
8,8,1.0,8,3,0.375,8,7,0.875,0.75,0.7333333333333334,0.9010416666666666,8,0,0,0,3,5,0,1,7,P21,xgb,150,"{'subsample': 0.6, 'reg_lambda': 3, 'reg_alpha': 0.1, 'min_child_weight': 1, 'max_depth': 8, 'learning_rate': 0.05, 'gamma': 0, 'colsample_bytree': 0.7, 'colsample_bylevel': 0.8, 'n_estimators': 300}",0.9537518037518038,repeated_stratified,9,2,full,electrode
8,8,1.0,8,5,0.625,8,2,0.25,0.625,0.6002751977984176,0.8463541666666666,8,0,0,1,5,2,0,6,2,P21,xgb,149,"{'subsample': 0.6, 'reg_lambda': 3, 'reg_alpha': 0.1, 'min_child_weight': 1, 'max_depth': 8, 'learning_rate': 0.05, 'gamma': 0, 'colsample_bytree': 0.7, 'colsample_bylevel': 0.8, 'n_estimators': 300}",0.9354497354497354,repeated_stratified,9,3,full,electrode
8,7,0.875,8,6,0.75,8,4,0.5,0.7083333333333334,0.7121136173767754,0.9401041666666666,7,1,0,0,6,2,0,4,4,P21,xgb,147,"{'subsample': 0.6, 'reg_lambda': 3, 'reg_alpha': 0.1, 'min_child_weight': 1, 'max_depth': 2, 'learning_rate': 0.05, 'gamma': 0, 'colsample_bytree': 0.7, 'colsample_bylevel': 0.6, 'n_estimators': 300}",0.9662097162097162,repeated_stratified,9,4,full,electrode
8,8,1.0,8,2,0.25,8,3,0.375,0.5416666666666666,0.5398692810457516,0.7369791666666666,8,0,0,0,2,6,0,5,3,P22,xgb,150,"{'subsample': 0.6, 'reg_lambda': 3, 'reg_alpha': 0.1, 'min_child_weight': 1, 'max_depth': 2, 'learning_rate': 0.05, 'gamma': 0, 'colsample_bytree': 0.7, 'colsample_bylevel': 0.6, 'n_estimators': 300}",0.8874458874458875,repeated_stratified,0,0,full,electrode
8,8,1.0,8,5,0.625,8,4,0.5,0.7083333333333334,0.7071895424836602,0.8098958333333334,8,0,0,0,5,3,0,4,4,P22,xgb,150,"{'subsample': 0.6, 'reg_lambda': 1, 'reg_alpha': 0, 'min_child_weight': 1, 'max_depth': 2, 'learning_rate': 0.03, 'gamma': 0, 'colsample_bytree': 0.6, 'colsample_bylevel': 0.6, 'n_estimators': 300}",0.9006253006253006,repeated_stratified,0,1,full,electrode
8,8,1.0,8,2,0.25,8,7,0.875,0.7083333333333334,0.6767676767676768,0.8203125,8,0,0,0,2,6,0,1,7,P22,xgb,149,"{'subsample': 0.6, 'reg_lambda': 1, 'reg_alpha': 0, 'min_child_weight': 1, 'max_depth': 2, 'learning_rate': 0.03, 'gamma': 0, 'colsample_bytree': 0.6, 'colsample_bylevel': 0.6, 'n_estimators': 300}",0.9272967772967773,repeated_stratified,0,2,full,electrode
8,8,1.0,8,3,0.375,8,3,0.375,0.5833333333333334,0.5833333333333334,0.78125,8,0,0,0,3,5,0,5,3,P22,xgb,147,"{'subsample': 0.6, 'reg_lambda': 1, 'reg_alpha': 0, 'min_child_weight': 1, 'max_depth': 2, 'learning_rate': 0.03, 'gamma': 0, 'colsample_bytree': 0.6, 'colsample_bylevel': 0.6, 'n_estimators': 300}",0.8848003848003847,repeated_stratified,0,3,full,electrode
8,8,1.0,8,7,0.875,8,2,0.25,0.7083333333333334,0.6767676767676768,0.8072916666666666,8,0,0,0,7,1,0,6,2,P22,xgb,150,"{'subsample': 0.8, 'reg_lambda': 5, 'reg_alpha': 0.1, 'min_child_weight': 1, 'max_depth': 8, 'learning_rate': 0.03, 'gamma': 0, 'colsample_bytree': 0.6, 'colsample_bylevel': 0.6, 'n_estimators': 300}",0.8707311207311207,repeated_stratified,0,4,full,electrode
8,8,1.0,8,6,0.75,8,3,0.375,0.7083333333333334,0.6977058029689608,0.8697916666666666,8,0,0,0,6,2,0,5,3,P22,xgb,150,"{'subsample': 0.6, 'reg_lambda': 1, 'reg_alpha': 0, 'min_child_weight': 1, 'max_depth': 2, 'learning_rate': 0.03, 'gamma': 0, 'colsample_bytree': 0.6, 'colsample_bylevel': 0.6, 'n_estimators': 300}",0.9017316017316017,repeated_stratified,1,0,full,electrode
8,8,1.0,8,4,0.5,8,4,0.5,0.6666666666666666,0.6666666666666666,0.8359375,8,0,0,0,4,4,0,4,4,P22,xgb,149,"{'subsample': 0.6, 'reg_lambda': 1, 'reg_alpha': 0, 'min_child_weight': 1, 'max_depth': 2, 'learning_rate': 0.03, 'gamma': 0, 'colsample_bytree': 0.6, 'colsample_bylevel': 0.6, 'n_estimators': 300}",0.919071669071669,repeated_stratified,1,1,full,electrode
8,8,1.0,8,4,0.5,8,1,0.125,0.5416666666666666,0.524966261808367,0.7161458333333334,8,0,0,0,4,4,0,7,1,P22,xgb,140,"{'subsample': 0.6, 'reg_lambda': 3, 'reg_alpha': 0.1, 'min_child_weight': 1, 'max_depth': 2, 'learning_rate': 0.05, 'gamma': 0, 'colsample_bytree': 0.7, 'colsample_bylevel': 0.6, 'n_estimators': 300}",0.8986050986050986,repeated_stratified,1,2,full,electrode
8,8,1.0,8,5,0.625,8,2,0.25,0.625,0.611336032388664,0.8463541666666666,8,0,0,0,5,3,0,6,2,P22,xgb,149,"{'subsample': 0.6, 'reg_lambda': 1, 'reg_alpha': 0, 'min_child_weight': 1, 'max_depth': 2, 'learning_rate': 0.03, 'gamma': 0, 'colsample_bytree': 0.6, 'colsample_bylevel': 0.6, 'n_estimators': 300}",0.9135161135161135,repeated_stratified,1,3,full,electrode
8,8,1.0,8,5,0.625,8,4,0.5,0.7083333333333334,0.7071895424836602,0.8177083333333334,8,0,0,0,5,3,0,4,4,P22,xgb,149,"{'subsample': 0.6, 'reg_lambda': 1, 'reg_alpha': 0, 'min_child_weight': 1, 'max_depth': 2, 'learning_rate': 0.03, 'gamma': 0, 'colsample_bytree': 0.6, 'colsample_bylevel': 0.6, 'n_estimators': 300}",0.8359066859066858,repeated_stratified,1,4,full,electrode
8,8,1.0,8,6,0.75,8,6,0.75,0.8333333333333334,0.8333333333333334,0.9453125,8,0,0,0,6,2,0,2,6,P22,xgb,150,"{'subsample': 0.6, 'reg_lambda': 3, 'reg_alpha': 0.1, 'min_child_weight': 1, 'max_depth': 8, 'learning_rate': 0.05, 'gamma': 0, 'colsample_bytree': 0.7, 'colsample_bylevel': 0.8, 'n_estimators': 300}",0.8605098605098606,repeated_stratified,2,0,full,electrode
8,8,1.0,8,5,0.625,8,2,0.25,0.625,0.611336032388664,0.8229166666666666,8,0,0,0,5,3,0,6,2,P22,xgb,150,"{'subsample': 0.8, 'reg_lambda': 10, 'reg_alpha': 0, 'min_child_weight': 1, 'max_depth': 8, 'learning_rate': 0.05, 'gamma': 0, 'colsample_bytree': 0.7, 'colsample_bylevel': 0.6, 'n_estimators': 300}",0.8719576719576719,repeated_stratified,2,1,full,electrode
8,8,1.0,8,5,0.625,8,5,0.625,0.75,0.75,0.8932291666666666,8,0,0,0,5,3,0,3,5,P22,xgb,149,"{'subsample': 0.6, 'reg_lambda': 1, 'reg_alpha': 0, 'min_child_weight': 1, 'max_depth': 2, 'learning_rate': 0.03, 'gamma': 0, 'colsample_bytree': 0.6, 'colsample_bylevel': 0.6, 'n_estimators': 300}",0.8846320346320345,repeated_stratified,2,2,full,electrode
8,8,1.0,8,1,0.125,8,3,0.375,0.5,0.49206349206349204,0.7604166666666666,8,0,0,0,1,7,0,5,3,P22,xgb,149,"{'subsample': 0.6, 'reg_lambda': 1, 'reg_alpha': 0, 'min_child_weight': 1, 'max_depth': 2, 'learning_rate': 0.03, 'gamma': 0, 'colsample_bytree': 0.6, 'colsample_bylevel': 0.6, 'n_estimators': 300}",0.9082972582972584,repeated_stratified,2,3,full,electrode
8,8,1.0,8,3,0.375,8,3,0.375,0.5833333333333334,0.5833333333333334,0.8177083333333334,8,0,0,0,3,5,0,5,3,P22,xgb,150,"{'subsample': 0.6, 'reg_lambda': 1, 'reg_alpha': 0, 'min_child_weight': 1, 'max_depth': 2, 'learning_rate': 0.03, 'gamma': 0, 'colsample_bytree': 0.6, 'colsample_bylevel': 0.6, 'n_estimators': 300}",0.9067580567580568,repeated_stratified,2,4,full,electrode
8,8,1.0,8,3,0.375,8,4,0.5,0.625,0.6235294117647059,0.8151041666666666,8,0,0,0,3,5,0,4,4,P22,xgb,150,"{'subsample': 0.6, 'reg_lambda': 1, 'reg_alpha': 0, 'min_child_weight': 1, 'max_depth': 2, 'learning_rate': 0.03, 'gamma': 0, 'colsample_bytree': 0.6, 'colsample_bylevel': 0.6, 'n_estimators': 300}",0.8750841750841752,repeated_stratified,3,0,full,electrode
8,8,1.0,8,5,0.625,8,2,0.25,0.625,0.611336032388664,0.8098958333333334,8,0,0,0,5,3,0,6,2,P22,xgb,149,"{'subsample': 0.6, 'reg_lambda': 3, 'reg_alpha': 0.1, 'min_child_weight': 1, 'max_depth': 8, 'learning_rate': 0.05, 'gamma': 0, 'colsample_bytree': 0.7, 'colsample_bylevel': 0.8, 'n_estimators': 300}",0.9180375180375181,repeated_stratified,3,1,full,electrode
8,8,1.0,8,3,0.375,8,4,0.5,0.625,0.6235294117647059,0.859375,8,0,0,0,3,5,0,4,4,P22,xgb,150,"{'subsample': 0.6, 'reg_lambda': 3, 'reg_alpha': 0.1, 'min_child_weight': 1, 'max_depth': 8, 'learning_rate': 0.05, 'gamma': 0, 'colsample_bytree': 0.7, 'colsample_bylevel': 0.8, 'n_estimators': 300}",0.8739538239538239,repeated_stratified,3,2,full,electrode
8,8,1.0,8,4,0.5,8,6,0.75,0.75,0.746031746031746,0.8854166666666666,8,0,0,0,4,4,0,2,6,P22,xgb,150,"{'subsample': 0.6, 'reg_lambda': 1, 'reg_alpha': 0, 'min_child_weight': 1, 'max_depth': 2, 'learning_rate': 0.03, 'gamma': 0, 'colsample_bytree': 0.6, 'colsample_bylevel': 0.6, 'n_estimators': 300}",0.9250601250601251,repeated_stratified,3,3,full,electrode
8,8,1.0,8,5,0.625,8,5,0.625,0.75,0.75,0.8567708333333334,8,0,0,0,5,3,0,3,5,P22,xgb,150,"{'subsample': 0.6, 'reg_lambda': 1, 'reg_alpha': 0, 'min_child_weight': 1, 'max_depth': 2, 'learning_rate': 0.03, 'gamma': 0, 'colsample_bytree': 0.6, 'colsample_bylevel': 0.6, 'n_estimators': 300}",0.8902356902356902,repeated_stratified,3,4,full,electrode
8,8,1.0,8,2,0.25,8,7,0.875,0.7083333333333334,0.6767676767676768,0.8463541666666666,8,0,0,0,2,6,0,1,7,P22,xgb,149,"{'subsample': 0.6, 'reg_lambda': 1, 'reg_alpha': 0, 'min_child_weight': 1, 'max_depth': 2, 'learning_rate': 0.03, 'gamma': 0, 'colsample_bytree': 0.6, 'colsample_bylevel': 0.6, 'n_estimators': 300}",0.8976911976911977,repeated_stratified,4,0,full,electrode
8,8,1.0,8,7,0.875,8,2,0.25,0.7083333333333334,0.6767676767676768,0.8177083333333334,8,0,0,0,7,1,0,6,2,P22,xgb,150,"{'subsample': 0.6, 'reg_lambda': 5, 'reg_alpha': 0.5, 'min_child_weight': 1, 'max_depth': 8, 'learning_rate': 0.03, 'gamma': 0.3, 'colsample_bytree': 0.6, 'colsample_bylevel': 0.6, 'n_estimators': 300}",0.9055315055315055,repeated_stratified,4,1,full,electrode
8,8,1.0,8,2,0.25,8,3,0.375,0.5416666666666666,0.5276143790849673,0.7890625,8,0,0,1,2,5,0,5,3,P22,xgb,150,"{'subsample': 0.6, 'reg_lambda': 1, 'reg_alpha': 0, 'min_child_weight': 1, 'max_depth': 2, 'learning_rate': 0.03, 'gamma': 0, 'colsample_bytree': 0.6, 'colsample_bylevel': 0.6, 'n_estimators': 300}",0.8803992303992304,repeated_stratified,4,2,full,electrode
8,8,1.0,8,4,0.5,8,3,0.375,0.625,0.6235294117647059,0.8463541666666666,8,0,0,0,4,4,0,5,3,P22,xgb,150,"{'subsample': 0.8, 'reg_lambda': 1, 'reg_alpha': 0, 'min_child_weight': 1, 'max_depth': 8, 'learning_rate': 0.01, 'gamma': 0.3, 'colsample_bytree': 0.6, 'colsample_bylevel': 0.8, 'n_estimators': 300}",0.8861952861952863,repeated_stratified,4,3,full,electrode
8,8,1.0,8,5,0.625,8,4,0.5,0.7083333333333334,0.7071895424836602,0.8541666666666666,8,0,0,0,5,3,0,4,4,P22,xgb,150,"{'subsample': 0.6, 'reg_lambda': 3, 'reg_alpha': 0.1, 'min_child_weight': 1, 'max_depth': 2, 'learning_rate': 0.05, 'gamma': 0, 'colsample_bytree': 0.7, 'colsample_bylevel': 0.6, 'n_estimators': 300}",0.8696729196729197,repeated_stratified,4,4,full,electrode
8,8,1.0,8,3,0.375,8,4,0.5,0.625,0.6235294117647059,0.796875,8,0,0,0,3,5,0,4,4,P22,xgb,148,"{'subsample': 0.6, 'reg_lambda': 1, 'reg_alpha': 0, 'min_child_weight': 1, 'max_depth': 2, 'learning_rate': 0.03, 'gamma': 0, 'colsample_bytree': 0.6, 'colsample_bylevel': 0.6, 'n_estimators': 300}",0.9180375180375181,repeated_stratified,5,0,full,electrode
8,8,1.0,8,4,0.5,8,3,0.375,0.625,0.6235294117647059,0.8125,8,0,0,0,4,4,0,5,3,P22,xgb,150,"{'subsample': 0.6, 'reg_lambda': 3, 'reg_alpha': 0.1, 'min_child_weight': 1, 'max_depth': 8, 'learning_rate': 0.05, 'gamma': 0, 'colsample_bytree': 0.7, 'colsample_bylevel': 0.8, 'n_estimators': 300}",0.9265752765752766,repeated_stratified,5,1,full,electrode
8,8,1.0,8,6,0.75,8,3,0.375,0.7083333333333334,0.6977058029689608,0.8333333333333334,8,0,0,0,6,2,0,5,3,P22,xgb,142,"{'subsample': 0.6, 'reg_lambda': 1, 'reg_alpha': 0, 'min_child_weight': 1, 'max_depth': 2, 'learning_rate': 0.03, 'gamma': 0, 'colsample_bytree': 0.6, 'colsample_bylevel': 0.6, 'n_estimators': 300}",0.8826118326118326,repeated_stratified,5,2,full,electrode
8,8,1.0,8,3,0.375,8,2,0.25,0.5416666666666666,0.5398692810457516,0.7552083333333334,8,0,0,0,3,5,0,6,2,P22,xgb,150,"{'subsample': 0.6, 'reg_lambda': 5, 'reg_alpha': 0.5, 'min_child_weight': 1, 'max_depth': 8, 'learning_rate': 0.03, 'gamma': 0.3, 'colsample_bytree': 0.6, 'colsample_bylevel': 0.6, 'n_estimators': 300}",0.872895622895623,repeated_stratified,5,3,full,electrode
8,8,1.0,8,4,0.5,8,3,0.375,0.625,0.6235294117647059,0.8203125,8,0,0,0,4,4,0,5,3,P22,xgb,150,"{'subsample': 0.6, 'reg_lambda': 3, 'reg_alpha': 0.1, 'min_child_weight': 1, 'max_depth': 8, 'learning_rate': 0.05, 'gamma': 0, 'colsample_bytree': 0.7, 'colsample_bylevel': 0.8, 'n_estimators': 300}",0.9167628667628668,repeated_stratified,5,4,full,electrode
8,8,1.0,8,6,0.75,8,3,0.375,0.7083333333333334,0.6977058029689608,0.890625,8,0,0,0,6,2,0,5,3,P22,xgb,150,"{'subsample': 0.6, 'reg_lambda': 1, 'reg_alpha': 0, 'min_child_weight': 1, 'max_depth': 2, 'learning_rate': 0.03, 'gamma': 0, 'colsample_bytree': 0.6, 'colsample_bylevel': 0.6, 'n_estimators': 300}",0.8339826839826839,repeated_stratified,6,0,full,electrode
8,8,1.0,8,4,0.5,8,4,0.5,0.6666666666666666,0.6581699346405229,0.8619791666666666,8,0,0,0,4,4,1,3,4,P22,xgb,147,"{'subsample': 0.6, 'reg_lambda': 1, 'reg_alpha': 0, 'min_child_weight': 1, 'max_depth': 2, 'learning_rate': 0.03, 'gamma': 0, 'colsample_bytree': 0.6, 'colsample_bylevel': 0.6, 'n_estimators': 300}",0.9053872053872053,repeated_stratified,6,1,full,electrode
8,8,1.0,8,3,0.375,8,5,0.625,0.6666666666666666,0.6613756613756614,0.7890625,8,0,0,0,3,5,0,3,5,P22,xgb,150,"{'subsample': 0.6, 'reg_lambda': 1, 'reg_alpha': 0, 'min_child_weight': 1, 'max_depth': 2, 'learning_rate': 0.03, 'gamma': 0, 'colsample_bytree': 0.6, 'colsample_bylevel': 0.6, 'n_estimators': 300}",0.8556998556998557,repeated_stratified,6,2,full,electrode
8,8,1.0,8,3,0.375,8,2,0.25,0.5416666666666666,0.5398692810457516,0.7369791666666666,8,0,0,0,3,5,0,6,2,P22,xgb,150,"{'subsample': 0.6, 'reg_lambda': 3, 'reg_alpha': 0.1, 'min_child_weight': 1, 'max_depth': 2, 'learning_rate': 0.05, 'gamma': 0, 'colsample_bytree': 0.7, 'colsample_bylevel': 0.6, 'n_estimators': 300}",0.9166666666666666,repeated_stratified,6,3,full,electrode
8,7,0.875,8,3,0.375,8,4,0.5,0.5833333333333334,0.5929738562091503,0.8203125,7,1,0,0,3,5,0,4,4,P22,xgb,150,"{'subsample': 0.6, 'reg_lambda': 1, 'reg_alpha': 0, 'min_child_weight': 1, 'max_depth': 2, 'learning_rate': 0.03, 'gamma': 0, 'colsample_bytree': 0.6, 'colsample_bylevel': 0.6, 'n_estimators': 300}",0.8843674843674844,repeated_stratified,6,4,full,electrode
8,8,1.0,8,5,0.625,8,2,0.25,0.625,0.611336032388664,0.8515625,8,0,0,0,5,3,0,6,2,P22,xgb,150,"{'subsample': 0.6, 'reg_lambda': 3, 'reg_alpha': 0.1, 'min_child_weight': 1, 'max_depth': 2, 'learning_rate': 0.05, 'gamma': 0, 'colsample_bytree': 0.7, 'colsample_bylevel': 0.6, 'n_estimators': 300}",0.8588263588263588,repeated_stratified,7,0,full,electrode
8,8,1.0,8,2,0.25,8,3,0.375,0.5416666666666666,0.5398692810457516,0.7916666666666666,8,0,0,0,2,6,0,5,3,P22,xgb,150,"{'subsample': 0.6, 'reg_lambda': 1, 'reg_alpha': 0, 'min_child_weight': 1, 'max_depth': 2, 'learning_rate': 0.03, 'gamma': 0, 'colsample_bytree': 0.6, 'colsample_bylevel': 0.6, 'n_estimators': 300}",0.90988455988456,repeated_stratified,7,1,full,electrode
8,8,1.0,8,6,0.75,8,5,0.625,0.7916666666666666,0.7908496732026143,0.8828125,8,0,0,0,6,2,0,3,5,P22,xgb,149,"{'subsample': 0.6, 'reg_lambda': 3, 'reg_alpha': 0.1, 'min_child_weight': 1, 'max_depth': 8, 'learning_rate': 0.05, 'gamma': 0, 'colsample_bytree': 0.7, 'colsample_bylevel': 0.8, 'n_estimators': 300}",0.9227272727272727,repeated_stratified,7,2,full,electrode
8,8,1.0,8,5,0.625,8,1,0.125,0.5833333333333334,0.5555555555555556,0.7239583333333334,8,0,0,0,5,3,0,7,1,P22,xgb,150,"{'subsample': 0.6, 'reg_lambda': 1, 'reg_alpha': 0, 'min_child_weight': 1, 'max_depth': 2, 'learning_rate': 0.03, 'gamma': 0, 'colsample_bytree': 0.6, 'colsample_bylevel': 0.6, 'n_estimators': 300}",0.904064454064454,repeated_stratified,7,3,full,electrode
8,8,1.0,8,5,0.625,8,6,0.75,0.7916666666666666,0.7908496732026143,0.8723958333333334,8,0,0,0,5,3,0,2,6,P22,xgb,150,"{'subsample': 0.6, 'reg_lambda': 3, 'reg_alpha': 0.1, 'min_child_weight': 1, 'max_depth': 8, 'learning_rate': 0.05, 'gamma': 0, 'colsample_bytree': 0.7, 'colsample_bylevel': 0.8, 'n_estimators': 300}",0.8719095719095719,repeated_stratified,7,4,full,electrode
8,8,1.0,8,7,0.875,8,2,0.25,0.7083333333333334,0.6767676767676768,0.8802083333333334,8,0,0,0,7,1,0,6,2,P22,xgb,150,"{'subsample': 0.6, 'reg_lambda': 1, 'reg_alpha': 0, 'min_child_weight': 1, 'max_depth': 2, 'learning_rate': 0.03, 'gamma': 0, 'colsample_bytree': 0.6, 'colsample_bylevel': 0.6, 'n_estimators': 300}",0.9463443963443963,repeated_stratified,8,0,full,electrode
8,8,1.0,8,7,0.875,8,4,0.5,0.7916666666666666,0.7840755735492578,0.8932291666666666,8,0,0,0,7,1,0,4,4,P22,xgb,150,"{'subsample': 0.6, 'reg_lambda': 3, 'reg_alpha': 0.1, 'min_child_weight': 1, 'max_depth': 2, 'learning_rate': 0.05, 'gamma': 0, 'colsample_bytree': 0.7, 'colsample_bylevel': 0.6, 'n_estimators': 300}",0.8801106301106301,repeated_stratified,8,1,full,electrode
8,8,1.0,8,6,0.75,8,1,0.125,0.625,0.574331550802139,0.7578125,8,0,0,0,6,2,1,6,1,P22,xgb,148,"{'subsample': 0.6, 'reg_lambda': 3, 'reg_alpha': 0.1, 'min_child_weight': 1, 'max_depth': 2, 'learning_rate': 0.05, 'gamma': 0, 'colsample_bytree': 0.7, 'colsample_bylevel': 0.6, 'n_estimators': 300}",0.9177248677248676,repeated_stratified,8,2,full,electrode
8,8,1.0,8,4,0.5,8,7,0.875,0.7916666666666666,0.7840755735492578,0.8463541666666666,8,0,0,0,4,4,0,1,7,P22,xgb,150,"{'subsample': 0.8, 'reg_lambda': 10, 'reg_alpha': 0, 'min_child_weight': 1, 'max_depth': 8, 'learning_rate': 0.05, 'gamma': 0, 'colsample_bytree': 0.7, 'colsample_bylevel': 0.6, 'n_estimators': 300}",0.872053872053872,repeated_stratified,8,3,full,electrode
8,8,1.0,8,3,0.375,8,4,0.5,0.625,0.6235294117647059,0.8020833333333334,8,0,0,0,3,5,0,4,4,P22,xgb,150,"{'subsample': 0.6, 'reg_lambda': 1, 'reg_alpha': 0, 'min_child_weight': 1, 'max_depth': 2, 'learning_rate': 0.03, 'gamma': 0, 'colsample_bytree': 0.6, 'colsample_bylevel': 0.6, 'n_estimators': 300}",0.894901394901395,repeated_stratified,8,4,full,electrode
8,8,1.0,8,3,0.375,8,4,0.5,0.625,0.6235294117647059,0.7864583333333334,8,0,0,0,3,5,0,4,4,P22,xgb,150,"{'subsample': 0.6, 'reg_lambda': 1, 'reg_alpha': 0, 'min_child_weight': 1, 'max_depth': 2, 'learning_rate': 0.03, 'gamma': 0, 'colsample_bytree': 0.6, 'colsample_bylevel': 0.6, 'n_estimators': 300}",0.8778258778258778,repeated_stratified,9,0,full,electrode
8,8,1.0,8,1,0.125,8,2,0.25,0.4583333333333333,0.4562091503267974,0.6744791666666666,8,0,0,0,1,7,0,6,2,P22,xgb,149,"{'subsample': 0.6, 'reg_lambda': 3, 'reg_alpha': 0.1, 'min_child_weight': 1, 'max_depth': 8, 'learning_rate': 0.05, 'gamma': 0, 'colsample_bytree': 0.7, 'colsample_bylevel': 0.8, 'n_estimators': 300}",0.9061327561327562,repeated_stratified,9,1,full,electrode
8,7,0.875,8,0,0.0,8,5,0.625,0.5,0.4503968253968254,0.7916666666666666,7,1,0,0,0,8,1,2,5,P22,xgb,150,"{'subsample': 0.6, 'reg_lambda': 3, 'reg_alpha': 0.1, 'min_child_weight': 1, 'max_depth': 2, 'learning_rate': 0.05, 'gamma': 0, 'colsample_bytree': 0.7, 'colsample_bylevel': 0.6, 'n_estimators': 300}",0.8885281385281384,repeated_stratified,9,2,full,electrode
8,8,1.0,8,3,0.375,8,1,0.125,0.5,0.49206349206349204,0.6953125,8,0,0,0,3,5,0,7,1,P22,xgb,149,"{'subsample': 0.6, 'reg_lambda': 1, 'reg_alpha': 0, 'min_child_weight': 1, 'max_depth': 2, 'learning_rate': 0.03, 'gamma': 0, 'colsample_bytree': 0.6, 'colsample_bylevel': 0.6, 'n_estimators': 300}",0.9378066378066378,repeated_stratified,9,3,full,electrode
8,8,1.0,8,6,0.75,8,5,0.625,0.7916666666666666,0.7908496732026143,0.84375,8,0,0,0,6,2,0,3,5,P22,xgb,149,"{'subsample': 0.6, 'reg_lambda': 1, 'reg_alpha': 0, 'min_child_weight': 1, 'max_depth': 2, 'learning_rate': 0.03, 'gamma': 0, 'colsample_bytree': 0.6, 'colsample_bylevel': 0.6, 'n_estimators': 300}",0.9096921596921597,repeated_stratified,9,4,full,electrode
8,7,0.875,8,7,0.875,8,7,0.875,0.875,0.875,0.9505208333333334,7,0,1,1,7,0,0,1,7,P23,xgb,149,"{'subsample': 0.8, 'reg_lambda': 5, 'reg_alpha': 0.1, 'min_child_weight': 1, 'max_depth': 8, 'learning_rate': 0.03, 'gamma': 0, 'colsample_bytree': 0.6, 'colsample_bylevel': 0.6, 'n_estimators': 300}",0.9380230880230881,repeated_stratified,0,0,full,electrode
8,8,1.0,8,6,0.75,8,6,0.75,0.8333333333333334,0.8333333333333334,0.90625,8,0,0,0,6,2,0,2,6,P23,xgb,150,"{'subsample': 0.6, 'reg_lambda': 3, 'reg_alpha': 0.1, 'min_child_weight': 1, 'max_depth': 2, 'learning_rate': 0.05, 'gamma': 0, 'colsample_bytree': 0.7, 'colsample_bylevel': 0.6, 'n_estimators': 300}",0.9814093314093313,repeated_stratified,0,1,full,electrode
8,8,1.0,8,5,0.625,8,5,0.625,0.75,0.75,0.8541666666666666,8,0,0,0,5,3,0,3,5,P23,xgb,147,"{'subsample': 0.6, 'reg_lambda': 1, 'reg_alpha': 0, 'min_child_weight': 1, 'max_depth': 2, 'learning_rate': 0.03, 'gamma': 0, 'colsample_bytree': 0.6, 'colsample_bylevel': 0.6, 'n_estimators': 300}",0.9678932178932178,repeated_stratified,0,2,full,electrode
8,8,1.0,8,5,0.625,8,7,0.875,0.8333333333333334,0.8306878306878307,0.9557291666666666,8,0,0,0,5,3,0,1,7,P23,xgb,148,"{'subsample': 0.6, 'reg_lambda': 3, 'reg_alpha': 0.1, 'min_child_weight': 1, 'max_depth': 2, 'learning_rate': 0.05, 'gamma': 0, 'colsample_bytree': 0.7, 'colsample_bylevel': 0.6, 'n_estimators': 300}",0.9295093795093795,repeated_stratified,0,3,full,electrode
8,8,1.0,8,4,0.5,8,5,0.625,0.7083333333333334,0.7071895424836602,0.9010416666666666,8,0,0,0,4,4,0,3,5,P23,xgb,149,"{'subsample': 0.6, 'reg_lambda': 5, 'reg_alpha': 0.5, 'min_child_weight': 1, 'max_depth': 8, 'learning_rate': 0.03, 'gamma': 0.3, 'colsample_bytree': 0.6, 'colsample_bylevel': 0.6, 'n_estimators': 300}",0.96000481000481,repeated_stratified,0,4,full,electrode
8,8,1.0,8,7,0.875,8,7,0.875,0.9166666666666666,0.9166666666666666,0.9661458333333334,8,0,0,0,7,1,0,1,7,P23,xgb,123,"{'subsample': 0.6, 'reg_lambda': 3, 'reg_alpha': 0.1, 'min_child_weight': 1, 'max_depth': 8, 'learning_rate': 0.05, 'gamma': 0, 'colsample_bytree': 0.7, 'colsample_bylevel': 0.8, 'n_estimators': 300}",0.9427609427609428,repeated_stratified,1,0,full,electrode
8,8,1.0,8,7,0.875,8,3,0.375,0.75,0.7333333333333334,0.8984375,8,0,0,0,7,1,0,5,3,P23,xgb,147,"{'subsample': 0.6, 'reg_lambda': 10, 'reg_alpha': 0.5, 'min_child_weight': 1, 'max_depth': 2, 'learning_rate': 0.05, 'gamma': 0.1, 'colsample_bytree': 0.6, 'colsample_bylevel': 0.6, 'n_estimators': 300}",0.9735930735930737,repeated_stratified,1,1,full,electrode
8,8,1.0,8,5,0.625,8,5,0.625,0.75,0.75,0.9166666666666666,8,0,0,0,5,3,0,3,5,P23,xgb,147,"{'subsample': 0.6, 'reg_lambda': 3, 'reg_alpha': 0.1, 'min_child_weight': 1, 'max_depth': 2, 'learning_rate': 0.05, 'gamma': 0, 'colsample_bytree': 0.7, 'colsample_bylevel': 0.6, 'n_estimators': 300}",0.9662578162578163,repeated_stratified,1,2,full,electrode
8,8,1.0,8,5,0.625,8,2,0.25,0.625,0.6014747779453662,0.8776041666666666,8,0,0,0,5,3,1,5,2,P23,xgb,146,"{'subsample': 0.6, 'reg_lambda': 1, 'reg_alpha': 0, 'min_child_weight': 1, 'max_depth': 2, 'learning_rate': 0.03, 'gamma': 0, 'colsample_bytree': 0.6, 'colsample_bylevel': 0.6, 'n_estimators': 300}",0.9538239538239538,repeated_stratified,1,3,full,electrode
8,8,1.0,8,5,0.625,8,5,0.625,0.75,0.75,0.8802083333333334,8,0,0,0,5,3,0,3,5,P23,xgb,142,"{'subsample': 0.6, 'reg_lambda': 1, 'reg_alpha': 0, 'min_child_weight': 1, 'max_depth': 2, 'learning_rate': 0.03, 'gamma': 0, 'colsample_bytree': 0.6, 'colsample_bylevel': 0.6, 'n_estimators': 300}",0.9627946127946126,repeated_stratified,1,4,full,electrode
8,8,1.0,8,6,0.75,8,6,0.75,0.8333333333333334,0.8333333333333334,0.9739583333333334,8,0,0,0,6,2,0,2,6,P23,xgb,149,"{'subsample': 0.6, 'reg_lambda': 10, 'reg_alpha': 0.5, 'min_child_weight': 1, 'max_depth': 2, 'learning_rate': 0.05, 'gamma': 0.1, 'colsample_bytree': 0.6, 'colsample_bylevel': 0.6, 'n_estimators': 300}",0.9296777296777297,repeated_stratified,2,0,full,electrode
8,8,1.0,8,6,0.75,8,6,0.75,0.8333333333333334,0.8303921568627451,0.9739583333333334,8,0,0,1,6,1,0,2,6,P23,xgb,122,"{'subsample': 0.8, 'reg_lambda': 5, 'reg_alpha': 0.1, 'min_child_weight': 1, 'max_depth': 8, 'learning_rate': 0.03, 'gamma': 0, 'colsample_bytree': 0.6, 'colsample_bylevel': 0.6, 'n_estimators': 300}",0.96005291005291,repeated_stratified,2,1,full,electrode
8,8,1.0,8,4,0.5,8,6,0.75,0.75,0.746031746031746,0.9375,8,0,0,0,4,4,0,2,6,P23,xgb,148,"{'subsample': 0.6, 'reg_lambda': 1, 'reg_alpha': 0, 'min_child_weight': 1, 'max_depth': 2, 'learning_rate': 0.03, 'gamma': 0, 'colsample_bytree': 0.6, 'colsample_bylevel': 0.6, 'n_estimators': 300}",0.959018759018759,repeated_stratified,2,2,full,electrode
8,8,1.0,8,7,0.875,8,6,0.75,0.875,0.8745098039215686,0.9270833333333334,8,0,0,0,7,1,0,2,6,P23,xgb,143,"{'subsample': 0.6, 'reg_lambda': 3, 'reg_alpha': 0.1, 'min_child_weight': 1, 'max_depth': 8, 'learning_rate': 0.05, 'gamma': 0, 'colsample_bytree': 0.7, 'colsample_bylevel': 0.8, 'n_estimators': 300}",0.9544492544492544,repeated_stratified,2,3,full,electrode
8,8,1.0,8,7,0.875,8,3,0.375,0.75,0.7333333333333334,0.8307291666666666,8,0,0,0,7,1,0,5,3,P23,xgb,148,"{'subsample': 0.6, 'reg_lambda': 1, 'reg_alpha': 0, 'min_child_weight': 1, 'max_depth': 2, 'learning_rate': 0.03, 'gamma': 0, 'colsample_bytree': 0.6, 'colsample_bylevel': 0.6, 'n_estimators': 300}",0.9774651274651275,repeated_stratified,2,4,full,electrode
8,8,1.0,8,7,0.875,8,2,0.25,0.7083333333333334,0.6767676767676768,0.9322916666666666,8,0,0,0,7,1,0,6,2,P23,xgb,150,"{'subsample': 0.8, 'reg_lambda': 10, 'reg_alpha': 0, 'min_child_weight': 1, 'max_depth': 4, 'learning_rate': 0.03, 'gamma': 0, 'colsample_bytree': 0.6, 'colsample_bylevel': 0.8, 'n_estimators': 300}",0.944997594997595,repeated_stratified,3,0,full,electrode
8,8,1.0,8,6,0.75,8,5,0.625,0.7916666666666666,0.7871148459383753,0.90625,8,0,0,1,6,1,0,3,5,P23,xgb,150,"{'subsample': 0.8, 'reg_lambda': 10, 'reg_alpha': 0, 'min_child_weight': 1, 'max_depth': 8, 'learning_rate': 0.05, 'gamma': 0, 'colsample_bytree': 0.7, 'colsample_bylevel': 0.6, 'n_estimators': 300}",0.9203222703222703,repeated_stratified,3,1,full,electrode
8,8,1.0,8,7,0.875,8,5,0.625,0.8333333333333334,0.8306878306878307,0.8984375,8,0,0,0,7,1,0,3,5,P23,xgb,149,"{'subsample': 0.6, 'reg_lambda': 1, 'reg_alpha': 0, 'min_child_weight': 1, 'max_depth': 2, 'learning_rate': 0.03, 'gamma': 0, 'colsample_bytree': 0.6, 'colsample_bylevel': 0.6, 'n_estimators': 300}",0.9580086580086581,repeated_stratified,3,2,full,electrode
8,8,1.0,8,6,0.75,8,6,0.75,0.8333333333333334,0.8333333333333334,0.921875,8,0,0,0,6,2,0,2,6,P23,xgb,148,"{'subsample': 0.6, 'reg_lambda': 3, 'reg_alpha': 0.1, 'min_child_weight': 1, 'max_depth': 2, 'learning_rate': 0.05, 'gamma': 0, 'colsample_bytree': 0.7, 'colsample_bylevel': 0.6, 'n_estimators': 300}",0.9804954304954304,repeated_stratified,3,3,full,electrode
8,8,1.0,8,7,0.875,8,6,0.75,0.875,0.8745098039215686,0.9244791666666666,8,0,0,0,7,1,0,2,6,P23,xgb,149,"{'subsample': 0.6, 'reg_lambda': 5, 'reg_alpha': 0.5, 'min_child_weight': 1, 'max_depth': 8, 'learning_rate': 0.03, 'gamma': 0.3, 'colsample_bytree': 0.6, 'colsample_bylevel': 0.6, 'n_estimators': 300}",0.956926406926407,repeated_stratified,3,4,full,electrode
8,8,1.0,8,3,0.375,8,5,0.625,0.6666666666666666,0.6613756613756614,0.859375,8,0,0,0,3,5,0,3,5,P23,xgb,143,"{'subsample': 0.6, 'reg_lambda': 3, 'reg_alpha': 0.1, 'min_child_weight': 1, 'max_depth': 2, 'learning_rate': 0.05, 'gamma': 0, 'colsample_bytree': 0.7, 'colsample_bylevel': 0.6, 'n_estimators': 300}",0.9437469937469939,repeated_stratified,4,0,full,electrode
8,8,1.0,8,4,0.5,8,7,0.875,0.7916666666666666,0.7781129545835429,0.8828125,8,0,0,1,4,3,0,1,7,P23,xgb,147,"{'subsample': 0.8, 'reg_lambda': 5, 'reg_alpha': 0.1, 'min_child_weight': 1, 'max_depth': 8, 'learning_rate': 0.03, 'gamma': 0, 'colsample_bytree': 0.6, 'colsample_bylevel': 0.6, 'n_estimators': 300}",0.9644300144300143,repeated_stratified,4,1,full,electrode
8,8,1.0,8,7,0.875,8,6,0.75,0.875,0.8745098039215686,0.9166666666666666,8,0,0,0,7,1,0,2,6,P23,xgb,148,"{'subsample': 0.6, 'reg_lambda': 1, 'reg_alpha': 0, 'min_child_weight': 1, 'max_depth': 2, 'learning_rate': 0.03, 'gamma': 0, 'colsample_bytree': 0.6, 'colsample_bylevel': 0.6, 'n_estimators': 300}",0.9617364117364117,repeated_stratified,4,2,full,electrode
8,8,1.0,8,6,0.75,8,4,0.5,0.75,0.746031746031746,0.8958333333333334,8,0,0,0,6,2,0,4,4,P23,xgb,146,"{'subsample': 0.6, 'reg_lambda': 1, 'reg_alpha': 0, 'min_child_weight': 1, 'max_depth': 2, 'learning_rate': 0.03, 'gamma': 0, 'colsample_bytree': 0.6, 'colsample_bylevel': 0.6, 'n_estimators': 300}",0.9838143338143338,repeated_stratified,4,3,full,electrode
8,8,1.0,8,5,0.625,8,7,0.875,0.8333333333333334,0.8306878306878307,0.9505208333333334,8,0,0,0,5,3,0,1,7,P23,xgb,149,"{'subsample': 0.8, 'reg_lambda': 10, 'reg_alpha': 0, 'min_child_weight': 1, 'max_depth': 8, 'learning_rate': 0.05, 'gamma': 0, 'colsample_bytree': 0.7, 'colsample_bylevel': 0.6, 'n_estimators': 300}",0.9647907647907648,repeated_stratified,4,4,full,electrode
8,8,1.0,8,6,0.75,8,5,0.625,0.7916666666666666,0.7908496732026143,0.9401041666666666,8,0,0,0,6,2,0,3,5,P23,xgb,148,"{'subsample': 0.6, 'reg_lambda': 1, 'reg_alpha': 0, 'min_child_weight': 1, 'max_depth': 2, 'learning_rate': 0.03, 'gamma': 0, 'colsample_bytree': 0.6, 'colsample_bylevel': 0.6, 'n_estimators': 300}",0.96993746993747,repeated_stratified,5,0,full,electrode
8,8,1.0,8,6,0.75,8,5,0.625,0.7916666666666666,0.7908496732026143,0.9088541666666666,8,0,0,0,6,2,0,3,5,P23,xgb,149,"{'subsample': 0.6, 'reg_lambda': 3, 'reg_alpha': 0.1, 'min_child_weight': 1, 'max_depth': 2, 'learning_rate': 0.05, 'gamma': 0, 'colsample_bytree': 0.7, 'colsample_bylevel': 0.6, 'n_estimators': 300}",0.9443241943241943,repeated_stratified,5,1,full,electrode
8,8,1.0,8,3,0.375,8,7,0.875,0.75,0.7333333333333334,0.8723958333333334,8,0,0,0,3,5,0,1,7,P23,xgb,150,"{'subsample': 0.8, 'reg_lambda': 1, 'reg_alpha': 0, 'min_child_weight': 1, 'max_depth': 8, 'learning_rate': 0.01, 'gamma': 0.3, 'colsample_bytree': 0.6, 'colsample_bylevel': 0.8, 'n_estimators': 300}",0.97005772005772,repeated_stratified,5,2,full,electrode
8,8,1.0,8,4,0.5,8,4,0.5,0.6666666666666666,0.6581699346405229,0.8489583333333334,8,0,0,1,4,3,0,4,4,P23,xgb,150,"{'subsample': 0.8, 'reg_lambda': 5, 'reg_alpha': 0.1, 'min_child_weight': 1, 'max_depth': 8, 'learning_rate': 0.03, 'gamma': 0, 'colsample_bytree': 0.6, 'colsample_bylevel': 0.6, 'n_estimators': 300}",0.9628908128908128,repeated_stratified,5,3,full,electrode
8,8,1.0,8,5,0.625,8,6,0.75,0.7916666666666666,0.7908496732026143,0.9375,8,0,0,0,5,3,0,2,6,P23,xgb,146,"{'subsample': 0.6, 'reg_lambda': 3, 'reg_alpha': 0.1, 'min_child_weight': 1, 'max_depth': 2, 'learning_rate': 0.05, 'gamma': 0, 'colsample_bytree': 0.7, 'colsample_bylevel': 0.6, 'n_estimators': 300}",0.9574074074074074,repeated_stratified,5,4,full,electrode
8,8,1.0,8,6,0.75,8,4,0.5,0.75,0.746031746031746,0.9192708333333334,8,0,0,0,6,2,0,4,4,P23,xgb,147,"{'subsample': 0.6, 'reg_lambda': 1, 'reg_alpha': 0, 'min_child_weight': 1, 'max_depth': 2, 'learning_rate': 0.03, 'gamma': 0, 'colsample_bytree': 0.6, 'colsample_bylevel': 0.6, 'n_estimators': 300}",0.9677970177970178,repeated_stratified,6,0,full,electrode
8,8,1.0,8,6,0.75,8,5,0.625,0.7916666666666666,0.7871148459383753,0.9166666666666666,8,0,0,1,6,1,0,3,5,P23,xgb,149,"{'subsample': 0.6, 'reg_lambda': 5, 'reg_alpha': 0, 'min_child_weight': 1, 'max_depth': 2, 'learning_rate': 0.01, 'gamma': 0.3, 'colsample_bytree': 0.7, 'colsample_bylevel': 0.6, 'n_estimators': 300}",0.9528138528138528,repeated_stratified,6,1,full,electrode
8,8,1.0,8,6,0.75,8,5,0.625,0.7916666666666666,0.7908496732026143,0.9114583333333334,8,0,0,0,6,2,0,3,5,P23,xgb,150,"{'subsample': 0.6, 'reg_lambda': 3, 'reg_alpha': 0.1, 'min_child_weight': 1, 'max_depth': 2, 'learning_rate': 0.05, 'gamma': 0, 'colsample_bytree': 0.7, 'colsample_bylevel': 0.6, 'n_estimators': 300}",0.9585618085618085,repeated_stratified,6,2,full,electrode
8,8,1.0,8,4,0.5,8,7,0.875,0.7916666666666666,0.7840755735492578,0.8802083333333334,8,0,0,0,4,4,0,1,7,P23,xgb,148,"{'subsample': 0.6, 'reg_lambda': 3, 'reg_alpha': 0.1, 'min_child_weight': 1, 'max_depth': 2, 'learning_rate': 0.05, 'gamma': 0, 'colsample_bytree': 0.7, 'colsample_bylevel': 0.6, 'n_estimators': 300}",0.9561087061087061,repeated_stratified,6,3,full,electrode
8,8,1.0,8,3,0.375,8,6,0.75,0.7083333333333334,0.697705802968961,0.859375,8,0,0,0,3,5,0,2,6,P23,xgb,150,"{'subsample': 0.6, 'reg_lambda': 3, 'reg_alpha': 0.1, 'min_child_weight': 1, 'max_depth': 2, 'learning_rate': 0.05, 'gamma': 0, 'colsample_bytree': 0.7, 'colsample_bylevel': 0.6, 'n_estimators': 300}",0.9525733525733525,repeated_stratified,6,4,full,electrode
8,8,1.0,8,4,0.5,8,7,0.875,0.7916666666666666,0.7840755735492578,0.9244791666666666,8,0,0,0,4,4,0,1,7,P23,xgb,144,"{'subsample': 0.6, 'reg_lambda': 1, 'reg_alpha': 0, 'min_child_weight': 1, 'max_depth': 2, 'learning_rate': 0.03, 'gamma': 0, 'colsample_bytree': 0.6, 'colsample_bylevel': 0.6, 'n_estimators': 300}",0.9552188552188552,repeated_stratified,7,0,full,electrode
8,8,1.0,8,7,0.875,8,4,0.5,0.7916666666666666,0.7840755735492578,0.9088541666666666,8,0,0,0,7,1,0,4,4,P23,xgb,146,"{'subsample': 0.6, 'reg_lambda': 1, 'reg_alpha': 0, 'min_child_weight': 1, 'max_depth': 2, 'learning_rate': 0.03, 'gamma': 0, 'colsample_bytree': 0.6, 'colsample_bylevel': 0.6, 'n_estimators': 300}",0.9766955266955266,repeated_stratified,7,1,full,electrode
8,8,1.0,8,5,0.625,8,4,0.5,0.7083333333333334,0.7071895424836602,0.8776041666666666,8,0,0,0,5,3,0,4,4,P23,xgb,147,"{'subsample': 1.0, 'reg_lambda': 3, 'reg_alpha': 0, 'min_child_weight': 1, 'max_depth': 4, 'learning_rate': 0.01, 'gamma': 0.3, 'colsample_bytree': 0.6, 'colsample_bylevel': 0.6, 'n_estimators': 300}",0.9382395382395382,repeated_stratified,7,2,full,electrode
8,8,1.0,8,5,0.625,8,6,0.75,0.7916666666666666,0.7908496732026143,0.8828125,8,0,0,0,5,3,0,2,6,P23,xgb,147,"{'subsample': 0.6, 'reg_lambda': 1, 'reg_alpha': 0, 'min_child_weight': 1, 'max_depth': 2, 'learning_rate': 0.03, 'gamma': 0, 'colsample_bytree': 0.6, 'colsample_bylevel': 0.6, 'n_estimators': 300}",0.9623857623857623,repeated_stratified,7,3,full,electrode
8,8,1.0,8,5,0.625,8,7,0.875,0.8333333333333334,0.8306878306878307,0.9322916666666666,8,0,0,0,5,3,0,1,7,P23,xgb,148,"{'subsample': 0.6, 'reg_lambda': 1, 'reg_alpha': 0, 'min_child_weight': 1, 'max_depth': 2, 'learning_rate': 0.03, 'gamma': 0, 'colsample_bytree': 0.6, 'colsample_bylevel': 0.6, 'n_estimators': 300}",0.9424963924963925,repeated_stratified,7,4,full,electrode
8,8,1.0,8,6,0.75,8,5,0.625,0.7916666666666666,0.7908496732026143,0.8854166666666666,8,0,0,0,6,2,0,3,5,P23,xgb,145,"{'subsample': 0.6, 'reg_lambda': 3, 'reg_alpha': 0.1, 'min_child_weight': 1, 'max_depth': 8, 'learning_rate': 0.05, 'gamma': 0, 'colsample_bytree': 0.7, 'colsample_bylevel': 0.8, 'n_estimators': 300}",0.9647907647907648,repeated_stratified,8,0,full,electrode
8,8,1.0,8,5,0.625,8,5,0.625,0.75,0.75,0.9296875,8,0,0,0,5,3,0,3,5,P23,xgb,150,"{'subsample': 0.8, 'reg_lambda': 10, 'reg_alpha': 0, 'min_child_weight': 1, 'max_depth': 8, 'learning_rate': 0.05, 'gamma': 0, 'colsample_bytree': 0.7, 'colsample_bylevel': 0.6, 'n_estimators': 300}",0.9261664261664261,repeated_stratified,8,1,full,electrode
8,8,1.0,8,6,0.75,8,6,0.75,0.8333333333333334,0.8333333333333334,0.96875,8,0,0,0,6,2,0,2,6,P23,xgb,149,"{'subsample': 0.8, 'reg_lambda': 5, 'reg_alpha': 0.1, 'min_child_weight': 1, 'max_depth': 8, 'learning_rate': 0.03, 'gamma': 0, 'colsample_bytree': 0.6, 'colsample_bylevel': 0.6, 'n_estimators': 300}",0.9537999037999038,repeated_stratified,8,2,full,electrode
8,8,1.0,8,6,0.75,8,3,0.375,0.7083333333333334,0.6977058029689608,0.8723958333333334,8,0,0,0,6,2,0,5,3,P23,xgb,148,"{'subsample': 0.6, 'reg_lambda': 1, 'reg_alpha': 0, 'min_child_weight': 1, 'max_depth': 2, 'learning_rate': 0.03, 'gamma': 0, 'colsample_bytree': 0.6, 'colsample_bylevel': 0.6, 'n_estimators': 300}",0.975012025012025,repeated_stratified,8,3,full,electrode
8,8,1.0,8,4,0.5,8,2,0.25,0.5833333333333334,0.5767195767195767,0.8046875,8,0,0,0,4,4,0,6,2,P23,xgb,118,"{'subsample': 0.6, 'reg_lambda': 1, 'reg_alpha': 0, 'min_child_weight': 1, 'max_depth': 2, 'learning_rate': 0.03, 'gamma': 0, 'colsample_bytree': 0.6, 'colsample_bylevel': 0.6, 'n_estimators': 300}",0.967099567099567,repeated_stratified,8,4,full,electrode
8,8,1.0,8,7,0.875,8,6,0.75,0.875,0.8745098039215686,0.9401041666666666,8,0,0,0,7,1,0,2,6,P23,xgb,150,"{'subsample': 0.6, 'reg_lambda': 1, 'reg_alpha': 0, 'min_child_weight': 1, 'max_depth': 2, 'learning_rate': 0.03, 'gamma': 0, 'colsample_bytree': 0.6, 'colsample_bylevel': 0.6, 'n_estimators': 300}",0.9492784992784994,repeated_stratified,9,0,full,electrode
8,8,1.0,8,4,0.5,8,5,0.625,0.7083333333333334,0.7071895424836602,0.8151041666666666,8,0,0,0,4,4,0,3,5,P23,xgb,143,"{'subsample': 0.6, 'reg_lambda': 3, 'reg_alpha': 0.1, 'min_child_weight': 1, 'max_depth': 8, 'learning_rate': 0.05, 'gamma': 0, 'colsample_bytree': 0.7, 'colsample_bylevel': 0.8, 'n_estimators': 300}",0.9077441077441079,repeated_stratified,9,1,full,electrode
8,8,1.0,8,8,1.0,8,6,0.75,0.9166666666666666,0.9153439153439153,0.9635416666666666,8,0,0,0,8,0,0,2,6,P23,xgb,150,"{'subsample': 0.8, 'reg_lambda': 10, 'reg_alpha': 0, 'min_child_weight': 1, 'max_depth': 8, 'learning_rate': 0.05, 'gamma': 0, 'colsample_bytree': 0.7, 'colsample_bylevel': 0.6, 'n_estimators': 300}",0.9233525733525735,repeated_stratified,9,2,full,electrode
8,8,1.0,8,4,0.5,8,6,0.75,0.75,0.746031746031746,0.8723958333333334,8,0,0,0,4,4,0,2,6,P23,xgb,146,"{'subsample': 0.6, 'reg_lambda': 1, 'reg_alpha': 0, 'min_child_weight': 1, 'max_depth': 2, 'learning_rate': 0.03, 'gamma': 0, 'colsample_bytree': 0.6, 'colsample_bylevel': 0.6, 'n_estimators': 300}",0.9761183261183262,repeated_stratified,9,3,full,electrode
8,8,1.0,8,7,0.875,8,6,0.75,0.875,0.8745098039215686,0.9375,8,0,0,0,7,1,0,2,6,P23,xgb,145,"{'subsample': 0.6, 'reg_lambda': 1, 'reg_alpha': 0, 'min_child_weight': 1, 'max_depth': 2, 'learning_rate': 0.03, 'gamma': 0, 'colsample_bytree': 0.6, 'colsample_bylevel': 0.6, 'n_estimators': 300}",0.9403318903318905,repeated_stratified,9,4,full,electrode
8,8,1.0,8,3,0.375,8,3,0.375,0.5833333333333334,0.5833333333333334,0.8046875,8,0,0,0,3,5,0,5,3,P24,xgb,149,"{'subsample': 0.6, 'reg_lambda': 3, 'reg_alpha': 0.1, 'min_child_weight': 1, 'max_depth': 8, 'learning_rate': 0.05, 'gamma': 0, 'colsample_bytree': 0.7, 'colsample_bylevel': 0.8, 'n_estimators': 300}",0.8737373737373737,repeated_stratified,0,0,full,electrode
8,8,1.0,8,4,0.5,8,2,0.25,0.5833333333333334,0.5767195767195767,0.7994791666666666,8,0,0,0,4,4,0,6,2,P24,xgb,150,"{'subsample': 0.8, 'reg_lambda': 1, 'reg_alpha': 0, 'min_child_weight': 1, 'max_depth': 4, 'learning_rate': 0.01, 'gamma': 0, 'colsample_bytree': 0.7, 'colsample_bylevel': 0.8, 'n_estimators': 300}",0.8538480038480039,repeated_stratified,0,1,full,electrode
8,8,1.0,8,2,0.25,8,4,0.5,0.5833333333333334,0.5767195767195766,0.7604166666666666,8,0,0,0,2,6,0,4,4,P24,xgb,112,"{'subsample': 0.6, 'reg_lambda': 3, 'reg_alpha': 0.1, 'min_child_weight': 1, 'max_depth': 8, 'learning_rate': 0.05, 'gamma': 0, 'colsample_bytree': 0.7, 'colsample_bylevel': 0.8, 'n_estimators': 300}",0.8978595478595479,repeated_stratified,0,2,full,electrode
8,8,1.0,8,6,0.75,8,2,0.25,0.6666666666666666,0.6444444444444445,0.8177083333333334,8,0,0,0,6,2,0,6,2,P24,xgb,149,"{'subsample': 0.6, 'reg_lambda': 3, 'reg_alpha': 0.1, 'min_child_weight': 1, 'max_depth': 2, 'learning_rate': 0.05, 'gamma': 0, 'colsample_bytree': 0.7, 'colsample_bylevel': 0.6, 'n_estimators': 300}",0.8132756132756133,repeated_stratified,0,3,full,electrode
8,8,1.0,8,3,0.375,8,5,0.625,0.6666666666666666,0.6613756613756614,0.8333333333333334,8,0,0,0,3,5,0,3,5,P24,xgb,150,"{'subsample': 0.6, 'reg_lambda': 3, 'reg_alpha': 0.1, 'min_child_weight': 1, 'max_depth': 2, 'learning_rate': 0.05, 'gamma': 0, 'colsample_bytree': 0.7, 'colsample_bylevel': 0.6, 'n_estimators': 300}",0.8578884078884079,repeated_stratified,0,4,full,electrode
8,8,1.0,8,5,0.625,8,0,0.0,0.5416666666666666,0.4920634920634921,0.7604166666666666,8,0,0,0,5,3,0,8,0,P24,xgb,150,"{'subsample': 0.6, 'reg_lambda': 1, 'reg_alpha': 0, 'min_child_weight': 1, 'max_depth': 2, 'learning_rate': 0.03, 'gamma': 0, 'colsample_bytree': 0.6, 'colsample_bylevel': 0.6, 'n_estimators': 300}",0.8487734487734487,repeated_stratified,1,0,full,electrode
8,8,1.0,8,5,0.625,8,4,0.5,0.7083333333333334,0.7071895424836602,0.8567708333333334,8,0,0,0,5,3,0,4,4,P24,xgb,147,"{'subsample': 0.6, 'reg_lambda': 10, 'reg_alpha': 0.5, 'min_child_weight': 1, 'max_depth': 2, 'learning_rate': 0.05, 'gamma': 0.1, 'colsample_bytree': 0.6, 'colsample_bylevel': 0.6, 'n_estimators': 300}",0.8476671476671477,repeated_stratified,1,1,full,electrode
8,8,1.0,8,3,0.375,8,5,0.625,0.6666666666666666,0.6613756613756614,0.8072916666666666,8,0,0,0,3,5,0,3,5,P24,xgb,149,"{'subsample': 0.6, 'reg_lambda': 1, 'reg_alpha': 0, 'min_child_weight': 1, 'max_depth': 2, 'learning_rate': 0.03, 'gamma': 0, 'colsample_bytree': 0.6, 'colsample_bylevel': 0.6, 'n_estimators': 300}",0.8285714285714286,repeated_stratified,1,2,full,electrode
8,8,1.0,8,5,0.625,8,2,0.25,0.625,0.611336032388664,0.7890625,8,0,0,0,5,3,0,6,2,P24,xgb,150,"{'subsample': 0.6, 'reg_lambda': 3, 'reg_alpha': 0.1, 'min_child_weight': 1, 'max_depth': 8, 'learning_rate': 0.05, 'gamma': 0, 'colsample_bytree': 0.7, 'colsample_bylevel': 0.8, 'n_estimators': 300}",0.8469937469937471,repeated_stratified,1,3,full,electrode
8,8,1.0,8,6,0.75,8,2,0.25,0.6666666666666666,0.6444444444444445,0.7916666666666666,8,0,0,0,6,2,0,6,2,P24,xgb,150,"{'subsample': 0.6, 'reg_lambda': 3, 'reg_alpha': 0.1, 'min_child_weight': 1, 'max_depth': 8, 'learning_rate': 0.05, 'gamma': 0, 'colsample_bytree': 0.7, 'colsample_bylevel': 0.8, 'n_estimators': 300}",0.8647907647907648,repeated_stratified,1,4,full,electrode
8,8,1.0,8,5,0.625,8,6,0.75,0.7916666666666666,0.7908496732026143,0.8828125,8,0,0,0,5,3,0,2,6,P24,xgb,150,"{'subsample': 0.6, 'reg_lambda': 3, 'reg_alpha': 0.1, 'min_child_weight': 1, 'max_depth': 8, 'learning_rate': 0.05, 'gamma': 0, 'colsample_bytree': 0.7, 'colsample_bylevel': 0.8, 'n_estimators': 300}",0.8106301106301107,repeated_stratified,2,0,full,electrode
8,8,1.0,8,6,0.75,8,1,0.125,0.625,0.5844155844155844,0.796875,8,0,0,0,6,2,0,7,1,P24,xgb,137,"{'subsample': 0.8, 'reg_lambda': 3, 'reg_alpha': 0.1, 'min_child_weight': 1, 'max_depth': 2, 'learning_rate': 0.03, 'gamma': 1, 'colsample_bytree': 0.6, 'colsample_bylevel': 0.6, 'n_estimators': 300}",0.8786676286676287,repeated_stratified,2,1,full,electrode
8,8,1.0,8,4,0.5,8,1,0.125,0.5416666666666666,0.524966261808367,0.7239583333333334,8,0,0,0,4,4,0,7,1,P24,xgb,148,"{'subsample': 0.6, 'reg_lambda': 3, 'reg_alpha': 0.1, 'min_child_weight': 1, 'max_depth': 2, 'learning_rate': 0.05, 'gamma': 0, 'colsample_bytree': 0.7, 'colsample_bylevel': 0.6, 'n_estimators': 300}",0.8573833573833572,repeated_stratified,2,2,full,electrode
8,8,1.0,8,3,0.375,8,4,0.5,0.625,0.6235294117647059,0.7942708333333334,8,0,0,0,3,5,0,4,4,P24,xgb,131,"{'subsample': 0.8, 'reg_lambda': 1, 'reg_alpha': 0.5, 'min_child_weight': 1, 'max_depth': 2, 'learning_rate': 0.01, 'gamma': 0.1, 'colsample_bytree': 0.7, 'colsample_bylevel': 0.6, 'n_estimators': 300}",0.8823232323232323,repeated_stratified,2,3,full,electrode
8,8,1.0,8,5,0.625,8,6,0.75,0.7916666666666666,0.7908496732026143,0.9036458333333334,8,0,0,0,5,3,0,2,6,P24,xgb,147,"{'subsample': 1.0, 'reg_lambda': 1, 'reg_alpha': 0.5, 'min_child_weight': 1, 'max_depth': 4, 'learning_rate': 0.01, 'gamma': 0.5, 'colsample_bytree': 0.6, 'colsample_bylevel': 0.8, 'n_estimators': 300}",0.8330687830687831,repeated_stratified,2,4,full,electrode
8,8,1.0,8,4,0.5,8,5,0.625,0.7083333333333334,0.7071895424836602,0.8307291666666666,8,0,0,0,4,4,0,3,5,P24,xgb,150,"{'subsample': 0.6, 'reg_lambda': 1, 'reg_alpha': 0, 'min_child_weight': 1, 'max_depth': 2, 'learning_rate': 0.03, 'gamma': 0, 'colsample_bytree': 0.6, 'colsample_bylevel': 0.6, 'n_estimators': 300}",0.8325877825877827,repeated_stratified,3,0,full,electrode
8,8,1.0,8,5,0.625,8,2,0.25,0.625,0.611336032388664,0.84375,8,0,0,0,5,3,0,6,2,P24,xgb,149,"{'subsample': 0.8, 'reg_lambda': 10, 'reg_alpha': 0.1, 'min_child_weight': 1, 'max_depth': 16, 'learning_rate': 0.01, 'gamma': 0.1, 'colsample_bytree': 0.6, 'colsample_bylevel': 0.6, 'n_estimators': 300}",0.8157527657527658,repeated_stratified,3,1,full,electrode
8,8,1.0,8,4,0.5,8,4,0.5,0.6666666666666666,0.6666666666666666,0.8385416666666666,8,0,0,0,4,4,0,4,4,P24,xgb,146,"{'subsample': 0.6, 'reg_lambda': 10, 'reg_alpha': 0.5, 'min_child_weight': 1, 'max_depth': 2, 'learning_rate': 0.05, 'gamma': 0.1, 'colsample_bytree': 0.6, 'colsample_bylevel': 0.6, 'n_estimators': 300}",0.8803030303030303,repeated_stratified,3,2,full,electrode
8,8,1.0,8,7,0.875,8,2,0.25,0.7083333333333334,0.6767676767676768,0.8828125,8,0,0,0,7,1,0,6,2,P24,xgb,126,"{'subsample': 0.6, 'reg_lambda': 3, 'reg_alpha': 0.1, 'min_child_weight': 1, 'max_depth': 8, 'learning_rate': 0.05, 'gamma': 0, 'colsample_bytree': 0.7, 'colsample_bylevel': 0.8, 'n_estimators': 300}",0.919047619047619,repeated_stratified,3,3,full,electrode
8,8,1.0,8,4,0.5,8,4,0.5,0.6666666666666666,0.6666666666666666,0.8125,8,0,0,0,4,4,0,4,4,P24,xgb,150,"{'subsample': 0.6, 'reg_lambda': 1, 'reg_alpha': 0, 'min_child_weight': 1, 'max_depth': 2, 'learning_rate': 0.03, 'gamma': 0, 'colsample_bytree': 0.6, 'colsample_bylevel': 0.6, 'n_estimators': 300}",0.8571428571428572,repeated_stratified,3,4,full,electrode
8,8,1.0,8,2,0.25,8,6,0.75,0.6666666666666666,0.6444444444444444,0.7890625,8,0,0,0,2,6,0,2,6,P24,xgb,150,"{'subsample': 0.6, 'reg_lambda': 3, 'reg_alpha': 0.1, 'min_child_weight': 1, 'max_depth': 2, 'learning_rate': 0.05, 'gamma': 0, 'colsample_bytree': 0.7, 'colsample_bylevel': 0.6, 'n_estimators': 300}",0.8391053391053392,repeated_stratified,4,0,full,electrode
8,8,1.0,8,3,0.375,8,4,0.5,0.625,0.6235294117647059,0.8307291666666666,8,0,0,0,3,5,0,4,4,P24,xgb,138,"{'subsample': 0.6, 'reg_lambda': 3, 'reg_alpha': 0.1, 'min_child_weight': 1, 'max_depth': 2, 'learning_rate': 0.05, 'gamma': 0, 'colsample_bytree': 0.7, 'colsample_bylevel': 0.6, 'n_estimators': 300}",0.8203944203944205,repeated_stratified,4,1,full,electrode
8,8,1.0,8,3,0.375,8,3,0.375,0.5833333333333334,0.5833333333333334,0.8125,8,0,0,0,3,5,0,5,3,P24,xgb,150,"{'subsample': 0.6, 'reg_lambda': 5, 'reg_alpha': 0, 'min_child_weight': 1, 'max_depth': 2, 'learning_rate': 0.01, 'gamma': 0.3, 'colsample_bytree': 0.7, 'colsample_bylevel': 0.6, 'n_estimators': 300}",0.8504810004810004,repeated_stratified,4,2,full,electrode
8,8,1.0,8,0,0.0,8,2,0.25,0.4166666666666667,0.40740740740740744,0.7005208333333334,8,0,0,0,0,8,0,6,2,P24,xgb,150,"{'subsample': 0.6, 'reg_lambda': 3, 'reg_alpha': 0.1, 'min_child_weight': 1, 'max_depth': 2, 'learning_rate': 0.05, 'gamma': 0, 'colsample_bytree': 0.7, 'colsample_bylevel': 0.6, 'n_estimators': 300}",0.9079124579124579,repeated_stratified,4,3,full,electrode
8,8,1.0,8,5,0.625,8,3,0.375,0.6666666666666666,0.6613756613756614,0.8177083333333334,8,0,0,0,5,3,0,5,3,P24,xgb,131,"{'subsample': 0.6, 'reg_lambda': 5, 'reg_alpha': 0.5, 'min_child_weight': 1, 'max_depth': 8, 'learning_rate': 0.03, 'gamma': 0.3, 'colsample_bytree': 0.6, 'colsample_bylevel': 0.6, 'n_estimators': 300}",0.8757816257816257,repeated_stratified,4,4,full,electrode
8,8,1.0,8,4,0.5,8,4,0.5,0.6666666666666666,0.6666666666666666,0.828125,8,0,0,0,4,4,0,4,4,P24,xgb,149,"{'subsample': 0.6, 'reg_lambda': 5, 'reg_alpha': 0.5, 'min_child_weight': 1, 'max_depth': 8, 'learning_rate': 0.03, 'gamma': 0.3, 'colsample_bytree': 0.6, 'colsample_bylevel': 0.6, 'n_estimators': 300}",0.8781866281866281,repeated_stratified,5,0,full,electrode
8,8,1.0,8,3,0.375,8,1,0.125,0.5,0.49206349206349204,0.7161458333333334,8,0,0,0,3,5,0,7,1,P24,xgb,148,"{'subsample': 0.6, 'reg_lambda': 3, 'reg_alpha': 0.1, 'min_child_weight': 1, 'max_depth': 2, 'learning_rate': 0.05, 'gamma': 0, 'colsample_bytree': 0.7, 'colsample_bylevel': 0.6, 'n_estimators': 300}",0.8797498797498796,repeated_stratified,5,1,full,electrode
8,8,1.0,8,6,0.75,8,3,0.375,0.7083333333333334,0.6977058029689608,0.8411458333333334,8,0,0,0,6,2,0,5,3,P24,xgb,150,"{'subsample': 0.6, 'reg_lambda': 3, 'reg_alpha': 0.1, 'min_child_weight': 1, 'max_depth': 8, 'learning_rate': 0.05, 'gamma': 0, 'colsample_bytree': 0.7, 'colsample_bylevel': 0.8, 'n_estimators': 300}",0.8887445887445887,repeated_stratified,5,2,full,electrode
8,8,1.0,8,6,0.75,8,4,0.5,0.75,0.746031746031746,0.8489583333333334,8,0,0,0,6,2,0,4,4,P24,xgb,150,"{'subsample': 0.6, 'reg_lambda': 1, 'reg_alpha': 0, 'min_child_weight': 1, 'max_depth': 2, 'learning_rate': 0.03, 'gamma': 0, 'colsample_bytree': 0.6, 'colsample_bylevel': 0.6, 'n_estimators': 300}",0.8662818662818662,repeated_stratified,5,3,full,electrode
8,8,1.0,8,5,0.625,8,2,0.25,0.625,0.611336032388664,0.8177083333333334,8,0,0,0,5,3,0,6,2,P24,xgb,149,"{'subsample': 0.6, 'reg_lambda': 10, 'reg_alpha': 0.1, 'min_child_weight': 1, 'max_depth': 8, 'learning_rate': 0.03, 'gamma': 0.3, 'colsample_bytree': 0.6, 'colsample_bylevel': 0.8, 'n_estimators': 300}",0.8406445406445405,repeated_stratified,5,4,full,electrode
8,8,1.0,8,6,0.75,8,3,0.375,0.7083333333333334,0.6977058029689608,0.84375,8,0,0,0,6,2,0,5,3,P24,xgb,150,"{'subsample': 0.8, 'reg_lambda': 10, 'reg_alpha': 0.1, 'min_child_weight': 1, 'max_depth': 16, 'learning_rate': 0.01, 'gamma': 0.1, 'colsample_bytree': 0.6, 'colsample_bylevel': 0.6, 'n_estimators': 300}",0.8481481481481482,repeated_stratified,6,0,full,electrode
8,8,1.0,8,2,0.25,8,6,0.75,0.6666666666666666,0.6444444444444444,0.8333333333333334,8,0,0,0,2,6,0,2,6,P24,xgb,150,"{'subsample': 0.6, 'reg_lambda': 5, 'reg_alpha': 0.5, 'min_child_weight': 1, 'max_depth': 8, 'learning_rate': 0.03, 'gamma': 0.3, 'colsample_bytree': 0.6, 'colsample_bylevel': 0.6, 'n_estimators': 300}",0.7943001443001444,repeated_stratified,6,1,full,electrode
8,8,1.0,8,4,0.5,8,3,0.375,0.625,0.6235294117647059,0.8385416666666666,8,0,0,0,4,4,0,5,3,P24,xgb,39,"{'subsample': 0.8, 'reg_lambda': 1, 'reg_alpha': 0.5, 'min_child_weight': 1, 'max_depth': 2, 'learning_rate': 0.01, 'gamma': 0.1, 'colsample_bytree': 0.7, 'colsample_bylevel': 0.6, 'n_estimators': 300}",0.9196488696488697,repeated_stratified,6,2,full,electrode
8,8,1.0,8,3,0.375,8,5,0.625,0.6666666666666666,0.6613756613756614,0.8359375,8,0,0,0,3,5,0,3,5,P24,xgb,150,"{'subsample': 0.6, 'reg_lambda': 3, 'reg_alpha': 0.1, 'min_child_weight': 1, 'max_depth': 8, 'learning_rate': 0.05, 'gamma': 0, 'colsample_bytree': 0.7, 'colsample_bylevel': 0.8, 'n_estimators': 300}",0.8286676286676288,repeated_stratified,6,3,full,electrode
8,8,1.0,8,2,0.25,8,1,0.125,0.4583333333333333,0.4562091503267974,0.7083333333333334,8,0,0,0,2,6,0,7,1,P24,xgb,150,"{'subsample': 0.6, 'reg_lambda': 1, 'reg_alpha': 0, 'min_child_weight': 1, 'max_depth': 2, 'learning_rate': 0.03, 'gamma': 0, 'colsample_bytree': 0.6, 'colsample_bylevel': 0.6, 'n_estimators': 300}",0.8083213083213083,repeated_stratified,6,4,full,electrode
8,8,1.0,8,5,0.625,8,2,0.25,0.625,0.611336032388664,0.75,8,0,0,0,5,3,0,6,2,P24,xgb,149,"{'subsample': 0.6, 'reg_lambda': 1, 'reg_alpha': 0, 'min_child_weight': 1, 'max_depth': 2, 'learning_rate': 0.03, 'gamma': 0, 'colsample_bytree': 0.6, 'colsample_bylevel': 0.6, 'n_estimators': 300}",0.8608946608946609,repeated_stratified,7,0,full,electrode
8,8,1.0,8,4,0.5,8,1,0.125,0.5416666666666666,0.524966261808367,0.7630208333333334,8,0,0,0,4,4,0,7,1,P24,xgb,148,"{'subsample': 0.8, 'reg_lambda': 10, 'reg_alpha': 0, 'min_child_weight': 1, 'max_depth': 8, 'learning_rate': 0.05, 'gamma': 0, 'colsample_bytree': 0.7, 'colsample_bylevel': 0.6, 'n_estimators': 300}",0.8740740740740739,repeated_stratified,7,1,full,electrode
8,8,1.0,8,2,0.25,8,4,0.5,0.5833333333333334,0.5767195767195766,0.7916666666666666,8,0,0,0,2,6,0,4,4,P24,xgb,148,"{'subsample': 0.6, 'reg_lambda': 3, 'reg_alpha': 0.1, 'min_child_weight': 1, 'max_depth': 2, 'learning_rate': 0.05, 'gamma': 0, 'colsample_bytree': 0.7, 'colsample_bylevel': 0.6, 'n_estimators': 300}",0.8856902356902357,repeated_stratified,7,2,full,electrode
8,8,1.0,8,4,0.5,8,4,0.5,0.6666666666666666,0.6666666666666666,0.8463541666666666,8,0,0,0,4,4,0,4,4,P24,xgb,37,"{'subsample': 0.6, 'reg_lambda': 1, 'reg_alpha': 0, 'min_child_weight': 1, 'max_depth': 2, 'learning_rate': 0.03, 'gamma': 0, 'colsample_bytree': 0.6, 'colsample_bylevel': 0.6, 'n_estimators': 300}",0.9203703703703704,repeated_stratified,7,3,full,electrode
8,8,1.0,8,3,0.375,8,2,0.25,0.5416666666666666,0.5398692810457516,0.734375,8,0,0,0,3,5,0,6,2,P24,xgb,136,"{'subsample': 0.6, 'reg_lambda': 10, 'reg_alpha': 0.1, 'min_child_weight': 1, 'max_depth': 8, 'learning_rate': 0.03, 'gamma': 0.3, 'colsample_bytree': 0.6, 'colsample_bylevel': 0.8, 'n_estimators': 300}",0.824987974987975,repeated_stratified,7,4,full,electrode
8,8,1.0,8,3,0.375,8,5,0.625,0.6666666666666666,0.6613756613756614,0.8645833333333334,8,0,0,0,3,5,0,3,5,P24,xgb,41,"{'subsample': 0.8, 'reg_lambda': 5, 'reg_alpha': 0.1, 'min_child_weight': 1, 'max_depth': 8, 'learning_rate': 0.03, 'gamma': 0, 'colsample_bytree': 0.6, 'colsample_bylevel': 0.6, 'n_estimators': 300}",0.9267436267436268,repeated_stratified,8,0,full,electrode
8,8,1.0,8,4,0.5,8,4,0.5,0.6666666666666666,0.6666666666666666,0.8255208333333334,8,0,0,0,4,4,0,4,4,P24,xgb,149,"{'subsample': 0.6, 'reg_lambda': 5, 'reg_alpha': 0, 'min_child_weight': 1, 'max_depth': 2, 'learning_rate': 0.01, 'gamma': 0.3, 'colsample_bytree': 0.7, 'colsample_bylevel': 0.6, 'n_estimators': 300}",0.8371332371332372,repeated_stratified,8,1,full,electrode
8,8,1.0,8,4,0.5,8,1,0.125,0.5416666666666666,0.524966261808367,0.7708333333333334,8,0,0,0,4,4,0,7,1,P24,xgb,149,"{'subsample': 0.8, 'reg_lambda': 10, 'reg_alpha': 0, 'min_child_weight': 1, 'max_depth': 4, 'learning_rate': 0.03, 'gamma': 0, 'colsample_bytree': 0.6, 'colsample_bylevel': 0.8, 'n_estimators': 300}",0.8566859066859068,repeated_stratified,8,2,full,electrode
8,8,1.0,8,5,0.625,8,6,0.75,0.7916666666666666,0.7908496732026143,0.8463541666666666,8,0,0,0,5,3,0,2,6,P24,xgb,134,"{'subsample': 0.6, 'reg_lambda': 10, 'reg_alpha': 0.1, 'min_child_weight': 1, 'max_depth': 8, 'learning_rate': 0.03, 'gamma': 0.3, 'colsample_bytree': 0.6, 'colsample_bylevel': 0.8, 'n_estimators': 300}",0.8576960076960077,repeated_stratified,8,3,full,electrode
8,8,1.0,8,4,0.5,8,3,0.375,0.625,0.6235294117647059,0.7942708333333334,8,0,0,0,4,4,0,5,3,P24,xgb,144,"{'subsample': 0.8, 'reg_lambda': 1, 'reg_alpha': 0, 'min_child_weight': 1, 'max_depth': 8, 'learning_rate': 0.01, 'gamma': 0.3, 'colsample_bytree': 0.6, 'colsample_bylevel': 0.8, 'n_estimators': 300}",0.8324434824434824,repeated_stratified,8,4,full,electrode
8,8,1.0,8,3,0.375,8,2,0.25,0.5416666666666666,0.5398692810457516,0.7473958333333334,8,0,0,0,3,5,0,6,2,P24,xgb,148,"{'subsample': 0.6, 'reg_lambda': 3, 'reg_alpha': 0.1, 'min_child_weight': 1, 'max_depth': 8, 'learning_rate': 0.05, 'gamma': 0, 'colsample_bytree': 0.7, 'colsample_bylevel': 0.8, 'n_estimators': 300}",0.8258056758056759,repeated_stratified,9,0,full,electrode
8,8,1.0,8,2,0.25,8,6,0.75,0.6666666666666666,0.6444444444444444,0.8463541666666666,8,0,0,0,2,6,0,2,6,P24,xgb,149,"{'subsample': 0.6, 'reg_lambda': 5, 'reg_alpha': 0, 'min_child_weight': 1, 'max_depth': 2, 'learning_rate': 0.01, 'gamma': 0.3, 'colsample_bytree': 0.7, 'colsample_bylevel': 0.6, 'n_estimators': 300}",0.871043771043771,repeated_stratified,9,1,full,electrode
8,8,1.0,8,1,0.125,8,5,0.625,0.5833333333333334,0.5555555555555556,0.7994791666666666,8,0,0,0,1,7,0,3,5,P24,xgb,117,"{'subsample': 0.6, 'reg_lambda': 3, 'reg_alpha': 0.1, 'min_child_weight': 1, 'max_depth': 2, 'learning_rate': 0.05, 'gamma': 0, 'colsample_bytree': 0.7, 'colsample_bylevel': 0.6, 'n_estimators': 300}",0.9011303511303512,repeated_stratified,9,2,full,electrode
8,8,1.0,8,4,0.5,8,3,0.375,0.625,0.6235294117647059,0.7578125,8,0,0,0,4,4,0,5,3,P24,xgb,45,"{'subsample': 0.6, 'reg_lambda': 1, 'reg_alpha': 0, 'min_child_weight': 1, 'max_depth': 2, 'learning_rate': 0.03, 'gamma': 0, 'colsample_bytree': 0.6, 'colsample_bylevel': 0.6, 'n_estimators': 300}",0.9361712361712362,repeated_stratified,9,3,full,electrode
8,8,1.0,8,3,0.375,8,1,0.125,0.5,0.49206349206349204,0.7135416666666666,8,0,0,0,3,5,0,7,1,P24,xgb,64,"{'subsample': 0.6, 'reg_lambda': 5, 'reg_alpha': 0.5, 'min_child_weight': 1, 'max_depth': 8, 'learning_rate': 0.03, 'gamma': 0.3, 'colsample_bytree': 0.6, 'colsample_bylevel': 0.6, 'n_estimators': 300}",0.9085137085137086,repeated_stratified,9,4,full,electrode
8,8,1.0,8,6,0.75,8,3,0.375,0.7083333333333334,0.6977058029689608,0.8984375,8,0,0,0,6,2,0,5,3,P25,xgb,149,"{'subsample': 0.6, 'reg_lambda': 3, 'reg_alpha': 0.1, 'min_child_weight': 1, 'max_depth': 2, 'learning_rate': 0.05, 'gamma': 0, 'colsample_bytree': 0.7, 'colsample_bylevel': 0.6, 'n_estimators': 300}",0.9593795093795093,repeated_stratified,0,0,full,electrode
8,8,1.0,8,5,0.625,8,3,0.375,0.6666666666666666,0.6613756613756614,0.8385416666666666,8,0,0,0,5,3,0,5,3,P25,xgb,148,"{'subsample': 0.6, 'reg_lambda': 3, 'reg_alpha': 0.1, 'min_child_weight': 1, 'max_depth': 2, 'learning_rate': 0.05, 'gamma': 0, 'colsample_bytree': 0.7, 'colsample_bylevel': 0.6, 'n_estimators': 300}",0.9542568542568542,repeated_stratified,0,1,full,electrode
8,8,1.0,8,3,0.375,8,2,0.25,0.5416666666666666,0.5276143790849673,0.7786458333333334,8,0,0,0,3,5,1,5,2,P25,xgb,150,"{'subsample': 0.6, 'reg_lambda': 1, 'reg_alpha': 0, 'min_child_weight': 1, 'max_depth': 2, 'learning_rate': 0.03, 'gamma': 0, 'colsample_bytree': 0.6, 'colsample_bylevel': 0.6, 'n_estimators': 300}",0.9080086580086579,repeated_stratified,0,2,full,electrode
8,8,1.0,8,6,0.75,8,5,0.625,0.7916666666666666,0.7859477124183006,0.9244791666666666,8,0,0,0,6,2,1,2,5,P25,xgb,150,"{'subsample': 0.6, 'reg_lambda': 3, 'reg_alpha': 0.1, 'min_child_weight': 1, 'max_depth': 8, 'learning_rate': 0.05, 'gamma': 0, 'colsample_bytree': 0.7, 'colsample_bylevel': 0.8, 'n_estimators': 300}",0.9318422318422318,repeated_stratified,0,3,full,electrode
8,8,1.0,8,5,0.625,8,5,0.625,0.75,0.744281045751634,0.84375,8,0,0,0,5,3,1,2,5,P25,xgb,150,"{'subsample': 0.6, 'reg_lambda': 1, 'reg_alpha': 0, 'min_child_weight': 1, 'max_depth': 2, 'learning_rate': 0.03, 'gamma': 0, 'colsample_bytree': 0.6, 'colsample_bylevel': 0.6, 'n_estimators': 300}",0.951058201058201,repeated_stratified,0,4,full,electrode
8,8,1.0,8,3,0.375,8,5,0.625,0.6666666666666666,0.6613756613756614,0.8723958333333334,8,0,0,0,3,5,0,3,5,P25,xgb,150,"{'subsample': 0.6, 'reg_lambda': 3, 'reg_alpha': 0.1, 'min_child_weight': 1, 'max_depth': 2, 'learning_rate': 0.05, 'gamma': 0, 'colsample_bytree': 0.7, 'colsample_bylevel': 0.6, 'n_estimators': 300}",0.9463443963443964,repeated_stratified,1,0,full,electrode
8,8,1.0,8,5,0.625,8,3,0.375,0.6666666666666666,0.6474867724867724,0.8776041666666666,8,0,0,0,5,3,2,3,3,P25,xgb,150,"{'subsample': 0.6, 'reg_lambda': 1, 'reg_alpha': 0, 'min_child_weight': 1, 'max_depth': 2, 'learning_rate': 0.03, 'gamma': 0, 'colsample_bytree': 0.6, 'colsample_bylevel': 0.6, 'n_estimators': 300}",0.94997594997595,repeated_stratified,1,1,full,electrode
8,8,1.0,8,5,0.625,8,5,0.625,0.75,0.75,0.8984375,8,0,0,0,5,3,0,3,5,P25,xgb,150,"{'subsample': 0.6, 'reg_lambda': 1, 'reg_alpha': 0, 'min_child_weight': 1, 'max_depth': 2, 'learning_rate': 0.03, 'gamma': 0, 'colsample_bytree': 0.6, 'colsample_bylevel': 0.6, 'n_estimators': 300}",0.962987012987013,repeated_stratified,1,2,full,electrode
8,8,1.0,8,6,0.75,8,6,0.75,0.8333333333333334,0.8333333333333334,0.9375,8,0,0,0,6,2,0,2,6,P25,xgb,149,"{'subsample': 0.6, 'reg_lambda': 3, 'reg_alpha': 0.1, 'min_child_weight': 1, 'max_depth': 2, 'learning_rate': 0.05, 'gamma': 0, 'colsample_bytree': 0.7, 'colsample_bylevel': 0.6, 'n_estimators': 300}",0.9313131313131313,repeated_stratified,1,3,full,electrode
8,8,1.0,8,4,0.5,8,2,0.25,0.5833333333333334,0.5658263305322128,0.7708333333333334,8,0,0,0,4,4,1,5,2,P25,xgb,147,"{'subsample': 0.6, 'reg_lambda': 1, 'reg_alpha': 0, 'min_child_weight': 1, 'max_depth': 2, 'learning_rate': 0.03, 'gamma': 0, 'colsample_bytree': 0.6, 'colsample_bylevel': 0.6, 'n_estimators': 300}",0.9465608465608466,repeated_stratified,1,4,full,electrode
8,8,1.0,8,4,0.5,8,6,0.75,0.75,0.746031746031746,0.8854166666666666,8,0,0,0,4,4,0,2,6,P25,xgb,150,"{'subsample': 0.6, 'reg_lambda': 10, 'reg_alpha': 0.5, 'min_child_weight': 1, 'max_depth': 2, 'learning_rate': 0.05, 'gamma': 0.1, 'colsample_bytree': 0.6, 'colsample_bylevel': 0.6, 'n_estimators': 300}",0.8625541125541125,repeated_stratified,2,0,full,electrode
8,7,0.875,8,5,0.625,8,3,0.375,0.625,0.6197089947089948,0.7161458333333334,7,1,0,0,5,3,1,4,3,P25,xgb,148,"{'subsample': 0.6, 'reg_lambda': 1, 'reg_alpha': 0, 'min_child_weight': 1, 'max_depth': 2, 'learning_rate': 0.03, 'gamma': 0, 'colsample_bytree': 0.6, 'colsample_bylevel': 0.6, 'n_estimators': 300}",0.9650793650793649,repeated_stratified,2,1,full,electrode
8,8,1.0,8,5,0.625,8,2,0.25,0.625,0.611336032388664,0.8177083333333334,8,0,0,0,5,3,0,6,2,P25,xgb,149,"{'subsample': 0.6, 'reg_lambda': 3, 'reg_alpha': 0.1, 'min_child_weight': 1, 'max_depth': 2, 'learning_rate': 0.05, 'gamma': 0, 'colsample_bytree': 0.7, 'colsample_bylevel': 0.6, 'n_estimators': 300}",0.9566137566137566,repeated_stratified,2,2,full,electrode
8,8,1.0,8,5,0.625,8,7,0.875,0.8333333333333334,0.8306878306878307,0.9453125,8,0,0,0,5,3,0,1,7,P25,xgb,150,"{'subsample': 0.6, 'reg_lambda': 1, 'reg_alpha': 0, 'min_child_weight': 1, 'max_depth': 2, 'learning_rate': 0.03, 'gamma': 0, 'colsample_bytree': 0.6, 'colsample_bylevel': 0.6, 'n_estimators': 300}",0.9561087061087061,repeated_stratified,2,3,full,electrode
8,8,1.0,8,5,0.625,8,4,0.5,0.7083333333333334,0.7071895424836602,0.8359375,8,0,0,0,5,3,0,4,4,P25,xgb,150,"{'subsample': 0.6, 'reg_lambda': 3, 'reg_alpha': 0.1, 'min_child_weight': 1, 'max_depth': 2, 'learning_rate': 0.05, 'gamma': 0, 'colsample_bytree': 0.7, 'colsample_bylevel': 0.6, 'n_estimators': 300}",0.9268157768157769,repeated_stratified,2,4,full,electrode
8,8,1.0,8,3,0.375,8,6,0.75,0.7083333333333334,0.6909184726522187,0.8098958333333334,8,0,0,0,3,5,1,1,6,P25,xgb,150,"{'subsample': 0.6, 'reg_lambda': 3, 'reg_alpha': 0.1, 'min_child_weight': 1, 'max_depth': 2, 'learning_rate': 0.05, 'gamma': 0, 'colsample_bytree': 0.7, 'colsample_bylevel': 0.6, 'n_estimators': 300}",0.9303270803270803,repeated_stratified,3,0,full,electrode
8,8,1.0,8,3,0.375,8,4,0.5,0.625,0.6235294117647059,0.7734375,8,0,0,0,3,5,0,4,4,P25,xgb,149,"{'subsample': 0.6, 'reg_lambda': 3, 'reg_alpha': 0.1, 'min_child_weight': 1, 'max_depth': 2, 'learning_rate': 0.05, 'gamma': 0, 'colsample_bytree': 0.7, 'colsample_bylevel': 0.6, 'n_estimators': 300}",0.9534391534391534,repeated_stratified,3,1,full,electrode
8,8,1.0,8,5,0.625,8,4,0.5,0.7083333333333334,0.7071895424836602,0.8463541666666666,8,0,0,0,5,3,0,4,4,P25,xgb,148,"{'subsample': 0.6, 'reg_lambda': 3, 'reg_alpha': 0.1, 'min_child_weight': 1, 'max_depth': 2, 'learning_rate': 0.05, 'gamma': 0, 'colsample_bytree': 0.7, 'colsample_bylevel': 0.6, 'n_estimators': 300}",0.9734728234728235,repeated_stratified,3,2,full,electrode
8,8,1.0,8,6,0.75,8,6,0.75,0.8333333333333334,0.8333333333333334,0.953125,8,0,0,0,6,2,0,2,6,P25,xgb,150,"{'subsample': 0.6, 'reg_lambda': 1, 'reg_alpha': 0, 'min_child_weight': 1, 'max_depth': 2, 'learning_rate': 0.03, 'gamma': 0, 'colsample_bytree': 0.6, 'colsample_bylevel': 0.6, 'n_estimators': 300}",0.9233285233285233,repeated_stratified,3,3,full,electrode
8,8,1.0,8,4,0.5,8,7,0.875,0.7916666666666666,0.7840755735492578,0.90625,8,0,0,0,4,4,0,1,7,P25,xgb,150,"{'subsample': 0.6, 'reg_lambda': 1, 'reg_alpha': 0, 'min_child_weight': 1, 'max_depth': 2, 'learning_rate': 0.03, 'gamma': 0, 'colsample_bytree': 0.6, 'colsample_bylevel': 0.6, 'n_estimators': 300}",0.9421596921596921,repeated_stratified,3,4,full,electrode
8,8,1.0,8,4,0.5,8,2,0.25,0.5833333333333334,0.5767195767195767,0.8098958333333334,8,0,0,0,4,4,0,6,2,P25,xgb,150,"{'subsample': 0.6, 'reg_lambda': 1, 'reg_alpha': 0, 'min_child_weight': 1, 'max_depth': 2, 'learning_rate': 0.03, 'gamma': 0, 'colsample_bytree': 0.6, 'colsample_bylevel': 0.6, 'n_estimators': 300}",0.9455266955266955,repeated_stratified,4,0,full,electrode
8,8,1.0,8,4,0.5,8,3,0.375,0.625,0.6235294117647059,0.7994791666666666,8,0,0,0,4,4,0,5,3,P25,xgb,149,"{'subsample': 0.6, 'reg_lambda': 1, 'reg_alpha': 0, 'min_child_weight': 1, 'max_depth': 2, 'learning_rate': 0.03, 'gamma': 0, 'colsample_bytree': 0.6, 'colsample_bylevel': 0.6, 'n_estimators': 300}",0.915055315055315,repeated_stratified,4,1,full,electrode
8,8,1.0,8,5,0.625,8,2,0.25,0.625,0.5925925925925926,0.8489583333333334,8,0,0,1,5,2,1,5,2,P25,xgb,150,"{'subsample': 0.6, 'reg_lambda': 3, 'reg_alpha': 0.1, 'min_child_weight': 1, 'max_depth': 2, 'learning_rate': 0.05, 'gamma': 0, 'colsample_bytree': 0.7, 'colsample_bylevel': 0.6, 'n_estimators': 300}",0.9181818181818183,repeated_stratified,4,2,full,electrode
8,8,1.0,8,4,0.5,8,3,0.375,0.625,0.6137254901960785,0.8151041666666666,8,0,0,0,4,4,1,4,3,P25,xgb,150,"{'subsample': 0.6, 'reg_lambda': 1, 'reg_alpha': 0, 'min_child_weight': 1, 'max_depth': 2, 'learning_rate': 0.03, 'gamma': 0, 'colsample_bytree': 0.6, 'colsample_bylevel': 0.6, 'n_estimators': 300}",0.8951418951418951,repeated_stratified,4,3,full,electrode
8,8,1.0,8,6,0.75,8,6,0.75,0.8333333333333334,0.8333333333333334,0.8697916666666666,8,0,0,0,6,2,0,2,6,P25,xgb,149,"{'subsample': 0.6, 'reg_lambda': 3, 'reg_alpha': 0.1, 'min_child_weight': 1, 'max_depth': 2, 'learning_rate': 0.05, 'gamma': 0, 'colsample_bytree': 0.7, 'colsample_bylevel': 0.6, 'n_estimators': 300}",0.8938672438672438,repeated_stratified,4,4,full,electrode
8,8,1.0,8,5,0.625,8,3,0.375,0.6666666666666666,0.6613756613756614,0.875,8,0,0,0,5,3,0,5,3,P25,xgb,148,"{'subsample': 0.6, 'reg_lambda': 3, 'reg_alpha': 0.1, 'min_child_weight': 1, 'max_depth': 2, 'learning_rate': 0.05, 'gamma': 0, 'colsample_bytree': 0.7, 'colsample_bylevel': 0.6, 'n_estimators': 300}",0.9803751803751805,repeated_stratified,5,0,full,electrode
8,8,1.0,8,3,0.375,8,3,0.375,0.5833333333333334,0.5833333333333334,0.828125,8,0,0,0,3,5,0,5,3,P25,xgb,150,"{'subsample': 0.6, 'reg_lambda': 1, 'reg_alpha': 0, 'min_child_weight': 1, 'max_depth': 2, 'learning_rate': 0.03, 'gamma': 0, 'colsample_bytree': 0.6, 'colsample_bylevel': 0.6, 'n_estimators': 300}",0.9379028379028379,repeated_stratified,5,1,full,electrode
8,8,1.0,8,5,0.625,8,5,0.625,0.75,0.744281045751634,0.8984375,8,0,0,0,5,3,1,2,5,P25,xgb,148,"{'subsample': 0.6, 'reg_lambda': 1, 'reg_alpha': 0, 'min_child_weight': 1, 'max_depth': 2, 'learning_rate': 0.03, 'gamma': 0, 'colsample_bytree': 0.6, 'colsample_bylevel': 0.6, 'n_estimators': 300}",0.9343193843193843,repeated_stratified,5,2,full,electrode
8,8,1.0,8,5,0.625,8,5,0.625,0.75,0.7407407407407406,0.9088541666666666,8,0,0,1,5,2,1,2,5,P25,xgb,150,"{'subsample': 0.6, 'reg_lambda': 1, 'reg_alpha': 0, 'min_child_weight': 1, 'max_depth': 2, 'learning_rate': 0.03, 'gamma': 0, 'colsample_bytree': 0.6, 'colsample_bylevel': 0.6, 'n_estimators': 300}",0.9221981721981721,repeated_stratified,5,3,full,electrode
8,8,1.0,8,2,0.25,8,5,0.625,0.625,0.611336032388664,0.828125,8,0,0,0,2,6,0,3,5,P25,xgb,150,"{'subsample': 0.6, 'reg_lambda': 1, 'reg_alpha': 0, 'min_child_weight': 1, 'max_depth': 2, 'learning_rate': 0.03, 'gamma': 0, 'colsample_bytree': 0.6, 'colsample_bylevel': 0.6, 'n_estimators': 300}",0.9660413660413659,repeated_stratified,5,4,full,electrode
8,8,1.0,8,5,0.625,8,3,0.375,0.6666666666666666,0.6613756613756614,0.9010416666666666,8,0,0,0,5,3,0,5,3,P25,xgb,150,"{'subsample': 0.6, 'reg_lambda': 1, 'reg_alpha': 0, 'min_child_weight': 1, 'max_depth': 2, 'learning_rate': 0.03, 'gamma': 0, 'colsample_bytree': 0.6, 'colsample_bylevel': 0.6, 'n_estimators': 300}",0.9568302068302068,repeated_stratified,6,0,full,electrode
8,8,1.0,8,5,0.625,8,3,0.375,0.6666666666666666,0.6526610644257703,0.8098958333333334,8,0,0,0,5,3,1,4,3,P25,xgb,149,"{'subsample': 0.6, 'reg_lambda': 1, 'reg_alpha': 0, 'min_child_weight': 1, 'max_depth': 2, 'learning_rate': 0.03, 'gamma': 0, 'colsample_bytree': 0.6, 'colsample_bylevel': 0.6, 'n_estimators': 300}",0.9312890812890813,repeated_stratified,6,1,full,electrode
8,8,1.0,8,6,0.75,8,4,0.5,0.75,0.746031746031746,0.8567708333333334,8,0,0,0,6,2,0,4,4,P25,xgb,150,"{'subsample': 0.6, 'reg_lambda': 3, 'reg_alpha': 0.1, 'min_child_weight': 1, 'max_depth': 8, 'learning_rate': 0.05, 'gamma': 0, 'colsample_bytree': 0.7, 'colsample_bylevel': 0.8, 'n_estimators': 300}",0.9484126984126983,repeated_stratified,6,2,full,electrode
8,8,1.0,8,4,0.5,8,5,0.625,0.7083333333333334,0.700280112044818,0.8619791666666666,8,0,0,0,4,4,1,2,5,P25,xgb,150,"{'subsample': 0.6, 'reg_lambda': 1, 'reg_alpha': 0, 'min_child_weight': 1, 'max_depth': 2, 'learning_rate': 0.03, 'gamma': 0, 'colsample_bytree': 0.6, 'colsample_bylevel': 0.6, 'n_estimators': 300}",0.9307118807118808,repeated_stratified,6,3,full,electrode
8,8,1.0,8,1,0.125,8,4,0.5,0.5416666666666666,0.524966261808367,0.7552083333333334,8,0,0,0,1,7,0,4,4,P25,xgb,148,"{'subsample': 0.6, 'reg_lambda': 1, 'reg_alpha': 0, 'min_child_weight': 1, 'max_depth': 2, 'learning_rate': 0.03, 'gamma': 0, 'colsample_bytree': 0.6, 'colsample_bylevel': 0.6, 'n_estimators': 300}",0.9697450697450697,repeated_stratified,6,4,full,electrode
8,8,1.0,8,5,0.625,8,6,0.75,0.7916666666666666,0.7908496732026143,0.890625,8,0,0,0,5,3,0,2,6,P25,xgb,150,"{'subsample': 0.6, 'reg_lambda': 3, 'reg_alpha': 0.1, 'min_child_weight': 1, 'max_depth': 8, 'learning_rate': 0.05, 'gamma': 0, 'colsample_bytree': 0.7, 'colsample_bylevel': 0.8, 'n_estimators': 300}",0.9158249158249158,repeated_stratified,7,0,full,electrode
8,8,1.0,8,5,0.625,8,5,0.625,0.75,0.744281045751634,0.8776041666666666,8,0,0,0,5,3,1,2,5,P25,xgb,149,"{'subsample': 0.6, 'reg_lambda': 3, 'reg_alpha': 0.1, 'min_child_weight': 1, 'max_depth': 8, 'learning_rate': 0.05, 'gamma': 0, 'colsample_bytree': 0.7, 'colsample_bylevel': 0.8, 'n_estimators': 300}",0.9643097643097643,repeated_stratified,7,1,full,electrode
8,8,1.0,8,6,0.75,8,5,0.625,0.7916666666666666,0.7843915343915344,0.9713541666666666,8,0,0,1,6,1,1,2,5,P25,xgb,149,"{'subsample': 0.6, 'reg_lambda': 3, 'reg_alpha': 0.1, 'min_child_weight': 1, 'max_depth': 8, 'learning_rate': 0.05, 'gamma': 0, 'colsample_bytree': 0.7, 'colsample_bylevel': 0.8, 'n_estimators': 300}",0.9349927849927852,repeated_stratified,7,2,full,electrode
8,8,1.0,8,5,0.625,8,4,0.5,0.7083333333333334,0.7071895424836602,0.8619791666666666,8,0,0,0,5,3,0,4,4,P25,xgb,150,"{'subsample': 0.6, 'reg_lambda': 3, 'reg_alpha': 0.1, 'min_child_weight': 1, 'max_depth': 2, 'learning_rate': 0.05, 'gamma': 0, 'colsample_bytree': 0.7, 'colsample_bylevel': 0.6, 'n_estimators': 300}",0.9655603655603656,repeated_stratified,7,3,full,electrode
8,8,1.0,8,7,0.875,8,4,0.5,0.7916666666666666,0.7781129545835429,0.9348958333333334,8,0,0,0,7,1,1,3,4,P25,xgb,149,"{'subsample': 0.6, 'reg_lambda': 1, 'reg_alpha': 0, 'min_child_weight': 1, 'max_depth': 2, 'learning_rate': 0.03, 'gamma': 0, 'colsample_bytree': 0.6, 'colsample_bylevel': 0.6, 'n_estimators': 300}",0.96005291005291,repeated_stratified,7,4,full,electrode
8,8,1.0,8,5,0.625,8,1,0.125,0.5833333333333334,0.5555555555555556,0.8046875,8,0,0,0,5,3,0,7,1,P25,xgb,150,"{'subsample': 0.6, 'reg_lambda': 3, 'reg_alpha': 0.1, 'min_child_weight': 1, 'max_depth': 8, 'learning_rate': 0.05, 'gamma': 0, 'colsample_bytree': 0.7, 'colsample_bylevel': 0.8, 'n_estimators': 300}",0.9280904280904281,repeated_stratified,8,0,full,electrode
8,7,0.875,8,2,0.25,8,5,0.625,0.5833333333333334,0.5803418803418804,0.7994791666666666,7,0,1,0,2,6,0,3,5,P25,xgb,148,"{'subsample': 0.6, 'reg_lambda': 3, 'reg_alpha': 0.1, 'min_child_weight': 1, 'max_depth': 8, 'learning_rate': 0.05, 'gamma': 0, 'colsample_bytree': 0.7, 'colsample_bylevel': 0.8, 'n_estimators': 300}",0.9399951899951899,repeated_stratified,8,1,full,electrode
8,8,1.0,8,3,0.375,8,5,0.625,0.6666666666666666,0.6527568292274174,0.8463541666666666,8,0,0,0,3,5,1,2,5,P25,xgb,149,"{'subsample': 0.6, 'reg_lambda': 3, 'reg_alpha': 0.1, 'min_child_weight': 1, 'max_depth': 2, 'learning_rate': 0.05, 'gamma': 0, 'colsample_bytree': 0.7, 'colsample_bylevel': 0.6, 'n_estimators': 300}",0.8913419913419913,repeated_stratified,8,2,full,electrode
8,8,1.0,8,3,0.375,8,2,0.25,0.5416666666666666,0.5185185185185185,0.796875,8,0,0,0,3,5,2,4,2,P25,xgb,146,"{'subsample': 0.6, 'reg_lambda': 1, 'reg_alpha': 0, 'min_child_weight': 1, 'max_depth': 2, 'learning_rate': 0.03, 'gamma': 0, 'colsample_bytree': 0.6, 'colsample_bylevel': 0.6, 'n_estimators': 300}",0.9632996632996632,repeated_stratified,8,3,full,electrode
8,8,1.0,8,6,0.75,8,6,0.75,0.8333333333333334,0.8333333333333334,0.8671875,8,0,0,0,6,2,0,2,6,P25,xgb,147,"{'subsample': 0.6, 'reg_lambda': 3, 'reg_alpha': 0.1, 'min_child_weight': 1, 'max_depth': 2, 'learning_rate': 0.05, 'gamma': 0, 'colsample_bytree': 0.7, 'colsample_bylevel': 0.6, 'n_estimators': 300}",0.9777296777296777,repeated_stratified,8,4,full,electrode
8,8,1.0,8,4,0.5,8,3,0.375,0.625,0.6137254901960785,0.7838541666666666,8,0,0,0,4,4,1,4,3,P25,xgb,148,"{'subsample': 0.6, 'reg_lambda': 10, 'reg_alpha': 0.1, 'min_child_weight': 1, 'max_depth': 8, 'learning_rate': 0.03, 'gamma': 0.3, 'colsample_bytree': 0.6, 'colsample_bylevel': 0.8, 'n_estimators': 300}",0.9379268879268879,repeated_stratified,9,0,full,electrode
8,8,1.0,8,3,0.375,8,5,0.625,0.6666666666666666,0.6613756613756614,0.796875,8,0,0,0,3,5,0,3,5,P25,xgb,150,"{'subsample': 0.6, 'reg_lambda': 1, 'reg_alpha': 0, 'min_child_weight': 1, 'max_depth': 2, 'learning_rate': 0.03, 'gamma': 0, 'colsample_bytree': 0.6, 'colsample_bylevel': 0.6, 'n_estimators': 300}",0.8904521404521405,repeated_stratified,9,1,full,electrode
8,8,1.0,8,5,0.625,8,5,0.625,0.75,0.744281045751634,0.8984375,8,0,0,0,5,3,1,2,5,P25,xgb,150,"{'subsample': 0.6, 'reg_lambda': 1, 'reg_alpha': 0, 'min_child_weight': 1, 'max_depth': 2, 'learning_rate': 0.03, 'gamma': 0, 'colsample_bytree': 0.6, 'colsample_bylevel': 0.6, 'n_estimators': 300}",0.9698653198653199,repeated_stratified,9,2,full,electrode
8,8,1.0,8,7,0.875,8,3,0.375,0.75,0.7333333333333334,0.9088541666666666,8,0,0,0,7,1,0,5,3,P25,xgb,150,"{'subsample': 0.6, 'reg_lambda': 1, 'reg_alpha': 0, 'min_child_weight': 1, 'max_depth': 2, 'learning_rate': 0.03, 'gamma': 0, 'colsample_bytree': 0.6, 'colsample_bylevel': 0.6, 'n_estimators': 300}",0.9318903318903318,repeated_stratified,9,3,full,electrode
8,8,1.0,8,4,0.5,8,5,0.625,0.7083333333333334,0.700280112044818,0.8619791666666666,8,0,0,0,4,4,1,2,5,P25,xgb,149,"{'subsample': 0.6, 'reg_lambda': 3, 'reg_alpha': 0.1, 'min_child_weight': 1, 'max_depth': 8, 'learning_rate': 0.05, 'gamma': 0, 'colsample_bytree': 0.7, 'colsample_bylevel': 0.8, 'n_estimators': 300}",0.9422318422318422,repeated_stratified,9,4,full,electrode
9,9,1.0,9,6,0.6666666666666666,9,6,0.6666666666666666,0.7777777777777778,0.7777777777777777,0.9012345679012346,9,0,0,0,6,3,0,3,6,P27,xgb,149,"{'subsample': 0.6, 'reg_lambda': 3, 'reg_alpha': 0.1, 'min_child_weight': 1, 'max_depth': 2, 'learning_rate': 0.05, 'gamma': 0, 'colsample_bytree': 0.7, 'colsample_bylevel': 0.6, 'n_estimators': 300}",0.931340579710145,repeated_stratified,0,0,full,electrode
9,8,0.8888888888888888,8,4,0.5,9,5,0.5555555555555556,0.6538461538461539,0.6492374727668846,0.8558006535947712,8,1,0,1,4,3,0,4,5,P27,xgb,150,"{'subsample': 0.6, 'reg_lambda': 1, 'reg_alpha': 0, 'min_child_weight': 1, 'max_depth': 2, 'learning_rate': 0.03, 'gamma': 0, 'colsample_bytree': 0.6, 'colsample_bylevel': 0.6, 'n_estimators': 300}",0.870663153271849,repeated_stratified,0,1,full,electrode
9,9,1.0,8,3,0.375,9,5,0.5555555555555556,0.6538461538461539,0.6421052631578946,0.8336056644880174,9,0,0,0,3,5,0,4,5,P27,xgb,49,"{'subsample': 0.8, 'reg_lambda': 1, 'reg_alpha': 0, 'min_child_weight': 1, 'max_depth': 8, 'learning_rate': 0.01, 'gamma': 0.3, 'colsample_bytree': 0.6, 'colsample_bylevel': 0.8, 'n_estimators': 300}",0.9721307275655103,repeated_stratified,0,2,full,electrode
9,9,1.0,8,4,0.5,9,3,0.3333333333333333,0.6153846153846154,0.597270955165692,0.8740468409586057,9,0,0,1,4,3,0,6,3,P27,xgb,150,"{'subsample': 0.6, 'reg_lambda': 3, 'reg_alpha': 0.1, 'min_child_weight': 1, 'max_depth': 8, 'learning_rate': 0.05, 'gamma': 0, 'colsample_bytree': 0.7, 'colsample_bylevel': 0.8, 'n_estimators': 300}",0.9061264822134388,repeated_stratified,0,3,full,electrode
9,9,1.0,8,4,0.5,9,3,0.3333333333333333,0.6153846153846154,0.5976522187822497,0.8029684095860565,9,0,0,0,4,4,1,5,3,P27,xgb,150,"{'subsample': 0.6, 'reg_lambda': 1, 'reg_alpha': 0, 'min_child_weight': 1, 'max_depth': 2, 'learning_rate': 0.03, 'gamma': 0, 'colsample_bytree': 0.6, 'colsample_bylevel': 0.6, 'n_estimators': 300}",0.9178926950666081,repeated_stratified,0,4,full,electrode
9,9,1.0,9,2,0.2222222222222222,9,5,0.5555555555555556,0.5925925925925926,0.580952380952381,0.7839506172839507,9,0,0,0,2,7,0,4,5,P27,xgb,149,"{'subsample': 0.6, 'reg_lambda': 1, 'reg_alpha': 0, 'min_child_weight': 1, 'max_depth': 2, 'learning_rate': 0.03, 'gamma': 0, 'colsample_bytree': 0.6, 'colsample_bylevel': 0.6, 'n_estimators': 300}",0.9283157663592445,repeated_stratified,1,0,full,electrode
9,9,1.0,8,6,0.75,9,6,0.6666666666666666,0.8076923076923077,0.8039215686274511,0.9256535947712418,9,0,0,0,6,2,0,3,6,P27,xgb,149,"{'subsample': 0.6, 'reg_lambda': 5, 'reg_alpha': 0.5, 'min_child_weight': 1, 'max_depth': 8, 'learning_rate': 0.03, 'gamma': 0.3, 'colsample_bytree': 0.6, 'colsample_bylevel': 0.6, 'n_estimators': 300}",0.8650087834870445,repeated_stratified,1,1,full,electrode
9,8,0.8888888888888888,8,7,0.875,9,5,0.5555555555555556,0.7692307692307693,0.767672858617131,0.9306917211328977,8,0,1,0,7,1,0,4,5,P27,xgb,150,"{'subsample': 0.6, 'reg_lambda': 1, 'reg_alpha': 0, 'min_child_weight': 1, 'max_depth': 2, 'learning_rate': 0.03, 'gamma': 0, 'colsample_bytree': 0.6, 'colsample_bylevel': 0.6, 'n_estimators': 300}",0.8781840140535793,repeated_stratified,1,2,full,electrode
9,9,1.0,8,5,0.625,9,6,0.6666666666666666,0.7692307692307693,0.7602339181286549,0.8995098039215685,9,0,0,0,5,3,1,2,6,P27,xgb,116,"{'subsample': 0.8, 'reg_lambda': 1, 'reg_alpha': 0, 'min_child_weight': 1, 'max_depth': 8, 'learning_rate': 0.01, 'gamma': 0.3, 'colsample_bytree': 0.6, 'colsample_bylevel': 0.8, 'n_estimators': 300}",0.89725150051237,repeated_stratified,1,3,full,electrode
9,8,0.8888888888888888,8,1,0.125,9,6,0.6666666666666666,0.5769230769230769,0.5431940892298949,0.7434640522875817,8,0,1,0,1,7,0,3,6,P27,xgb,150,"{'subsample': 0.6, 'reg_lambda': 1, 'reg_alpha': 0, 'min_child_weight': 1, 'max_depth': 2, 'learning_rate': 0.03, 'gamma': 0, 'colsample_bytree': 0.6, 'colsample_bylevel': 0.6, 'n_estimators': 300}",0.9373993558776168,repeated_stratified,1,4,full,electrode
9,9,1.0,9,4,0.4444444444444444,9,4,0.4444444444444444,0.6296296296296297,0.6296296296296297,0.8621399176954733,9,0,0,0,4,5,0,5,4,P27,xgb,149,"{'subsample': 0.6, 'reg_lambda': 3, 'reg_alpha': 0.1, 'min_child_weight': 1, 'max_depth': 2, 'learning_rate': 0.05, 'gamma': 0, 'colsample_bytree': 0.7, 'colsample_bylevel': 0.6, 'n_estimators': 300}",0.8876226028399942,repeated_stratified,2,0,full,electrode
9,9,1.0,8,3,0.375,9,6,0.6666666666666666,0.6923076923076923,0.6761904761904761,0.8626089324618736,9,0,0,0,3,5,0,3,6,P27,xgb,149,"{'subsample': 0.6, 'reg_lambda': 1, 'reg_alpha': 0, 'min_child_weight': 1, 'max_depth': 2, 'learning_rate': 0.03, 'gamma': 0, 'colsample_bytree': 0.6, 'colsample_bylevel': 0.6, 'n_estimators': 300}",0.9366125018298931,repeated_stratified,2,1,full,electrode
9,9,1.0,8,3,0.375,9,5,0.5555555555555556,0.6538461538461539,0.6340852130325815,0.8453159041394335,9,0,0,0,3,5,1,3,5,P27,xgb,150,"{'subsample': 0.6, 'reg_lambda': 1, 'reg_alpha': 0, 'min_child_weight': 1, 'max_depth': 2, 'learning_rate': 0.03, 'gamma': 0, 'colsample_bytree': 0.6, 'colsample_bylevel': 0.6, 'n_estimators': 300}",0.8952386180647048,repeated_stratified,2,2,full,electrode
9,9,1.0,8,4,0.5,9,7,0.7777777777777778,0.7692307692307693,0.7571428571428571,0.8831699346405228,9,0,0,0,4,4,0,2,7,P27,xgb,150,"{'subsample': 0.6, 'reg_lambda': 1, 'reg_alpha': 0, 'min_child_weight': 1, 'max_depth': 2, 'learning_rate': 0.03, 'gamma': 0, 'colsample_bytree': 0.6, 'colsample_bylevel': 0.6, 'n_estimators': 300}",0.9241143317230275,repeated_stratified,2,3,full,electrode
9,8,0.8888888888888888,8,4,0.5,9,7,0.7777777777777778,0.7307692307692307,0.7264239028944911,0.8449074074074074,8,0,1,0,4,4,0,2,7,P27,xgb,150,"{'subsample': 0.6, 'reg_lambda': 1, 'reg_alpha': 0, 'min_child_weight': 1, 'max_depth': 2, 'learning_rate': 0.03, 'gamma': 0, 'colsample_bytree': 0.6, 'colsample_bylevel': 0.6, 'n_estimators': 300}",0.9053213292343728,repeated_stratified,2,4,full,electrode
9,8,0.8888888888888888,9,8,0.8888888888888888,9,7,0.7777777777777778,0.8518518518518519,0.8536865038413026,0.9176954732510287,8,0,1,0,8,1,0,2,7,P27,xgb,150,"{'subsample': 0.6, 'reg_lambda': 1, 'reg_alpha': 0, 'min_child_weight': 1, 'max_depth': 2, 'learning_rate': 0.03, 'gamma': 0, 'colsample_bytree': 0.6, 'colsample_bylevel': 0.6, 'n_estimators': 300}",0.8942120480163959,repeated_stratified,3,0,full,electrode
9,9,1.0,8,3,0.375,9,3,0.3333333333333333,0.5769230769230769,0.5686274509803922,0.8044662309368191,9,0,0,0,3,5,0,6,3,P27,xgb,142,"{'subsample': 0.8, 'reg_lambda': 10, 'reg_alpha': 0, 'min_child_weight': 1, 'max_depth': 8, 'learning_rate': 0.05, 'gamma': 0, 'colsample_bytree': 0.7, 'colsample_bylevel': 0.6, 'n_estimators': 300}",0.9207656272873663,repeated_stratified,3,1,full,electrode
9,9,1.0,8,4,0.5,9,8,0.8888888888888888,0.8076923076923077,0.7888888888888889,0.9328703703703703,9,0,0,1,4,3,1,0,8,P27,xgb,149,"{'subsample': 0.6, 'reg_lambda': 1, 'reg_alpha': 0, 'min_child_weight': 1, 'max_depth': 2, 'learning_rate': 0.03, 'gamma': 0, 'colsample_bytree': 0.6, 'colsample_bylevel': 0.6, 'n_estimators': 300}",0.9076086956521738,repeated_stratified,3,2,full,electrode
9,9,1.0,8,6,0.75,9,6,0.6666666666666666,0.8076923076923077,0.8039215686274511,0.9414488017429193,9,0,0,0,6,2,0,3,6,P27,xgb,149,"{'subsample': 0.6, 'reg_lambda': 1, 'reg_alpha': 0, 'min_child_weight': 1, 'max_depth': 2, 'learning_rate': 0.03, 'gamma': 0, 'colsample_bytree': 0.6, 'colsample_bylevel': 0.6, 'n_estimators': 300}",0.9340140535792708,repeated_stratified,3,3,full,electrode
9,9,1.0,8,3,0.375,9,7,0.7777777777777778,0.7307692307692307,0.7094017094017094,0.8650599128540305,9,0,0,0,3,5,0,2,7,P27,xgb,148,"{'subsample': 0.6, 'reg_lambda': 1, 'reg_alpha': 0, 'min_child_weight': 1, 'max_depth': 2, 'learning_rate': 0.03, 'gamma': 0, 'colsample_bytree': 0.6, 'colsample_bylevel': 0.6, 'n_estimators': 300}",0.9358256477821695,repeated_stratified,3,4,full,electrode
9,9,1.0,9,4,0.4444444444444444,9,6,0.6666666666666666,0.7037037037037037,0.6935672514619883,0.9094650205761318,9,0,0,0,4,5,1,2,6,P27,xgb,150,"{'subsample': 0.6, 'reg_lambda': 3, 'reg_alpha': 0.1, 'min_child_weight': 1, 'max_depth': 8, 'learning_rate': 0.05, 'gamma': 0, 'colsample_bytree': 0.7, 'colsample_bylevel': 0.8, 'n_estimators': 300}",0.8519964134094568,repeated_stratified,4,0,full,electrode
9,9,1.0,8,3,0.375,9,5,0.5555555555555556,0.6538461538461539,0.6421052631578946,0.8672385620915032,9,0,0,0,3,5,0,4,5,P27,xgb,150,"{'subsample': 0.6, 'reg_lambda': 1, 'reg_alpha': 0, 'min_child_weight': 1, 'max_depth': 2, 'learning_rate': 0.03, 'gamma': 0, 'colsample_bytree': 0.6, 'colsample_bylevel': 0.6, 'n_estimators': 300}",0.8934087249304641,repeated_stratified,4,1,full,electrode
9,9,1.0,8,5,0.625,9,5,0.5555555555555556,0.7307692307692307,0.7254901960784315,0.8852124183006534,9,0,0,0,5,3,0,4,5,P27,xgb,149,"{'subsample': 0.6, 'reg_lambda': 1, 'reg_alpha': 0, 'min_child_weight': 1, 'max_depth': 2, 'learning_rate': 0.03, 'gamma': 0, 'colsample_bytree': 0.6, 'colsample_bylevel': 0.6, 'n_estimators': 300}",0.9254867515737081,repeated_stratified,4,2,full,electrode
9,8,0.8888888888888888,8,6,0.75,9,5,0.5555555555555556,0.7307692307692307,0.7325851393188855,0.8515795206971677,8,1,0,0,6,2,0,4,5,P27,xgb,149,"{'subsample': 0.6, 'reg_lambda': 1, 'reg_alpha': 0, 'min_child_weight': 1, 'max_depth': 2, 'learning_rate': 0.03, 'gamma': 0, 'colsample_bytree': 0.6, 'colsample_bylevel': 0.6, 'n_estimators': 300}",0.9009112867808519,repeated_stratified,4,3,full,electrode
9,9,1.0,8,3,0.375,9,8,0.8888888888888888,0.7692307692307693,0.7424242424242425,0.8311546840958606,9,0,0,0,3,5,0,1,8,P27,xgb,149,"{'subsample': 0.6, 'reg_lambda': 3, 'reg_alpha': 0.1, 'min_child_weight': 1, 'max_depth': 2, 'learning_rate': 0.05, 'gamma': 0, 'colsample_bytree': 0.7, 'colsample_bylevel': 0.6, 'n_estimators': 300}",0.914269506660811,repeated_stratified,4,4,full,electrode
9,9,1.0,9,5,0.5555555555555556,9,7,0.7777777777777778,0.7777777777777778,0.7671957671957671,0.9362139917695473,9,0,0,2,5,2,1,1,7,P27,xgb,150,"{'subsample': 0.6, 'reg_lambda': 3, 'reg_alpha': 0.1, 'min_child_weight': 1, 'max_depth': 2, 'learning_rate': 0.05, 'gamma': 0, 'colsample_bytree': 0.7, 'colsample_bylevel': 0.6, 'n_estimators': 300}",0.8824238764456155,repeated_stratified,5,0,full,electrode
9,9,1.0,8,3,0.375,9,6,0.6666666666666666,0.6923076923076923,0.6761904761904761,0.8514433551198257,9,0,0,0,3,5,0,3,6,P27,xgb,150,"{'subsample': 0.6, 'reg_lambda': 1, 'reg_alpha': 0, 'min_child_weight': 1, 'max_depth': 2, 'learning_rate': 0.03, 'gamma': 0, 'colsample_bytree': 0.6, 'colsample_bylevel': 0.6, 'n_estimators': 300}",0.9081576635924461,repeated_stratified,5,1,full,electrode
9,9,1.0,8,4,0.5,9,4,0.4444444444444444,0.6538461538461539,0.6393188854489164,0.8272058823529411,9,0,0,0,4,4,1,4,4,P27,xgb,150,"{'subsample': 0.6, 'reg_lambda': 3, 'reg_alpha': 0.1, 'min_child_weight': 1, 'max_depth': 2, 'learning_rate': 0.05, 'gamma': 0, 'colsample_bytree': 0.7, 'colsample_bylevel': 0.6, 'n_estimators': 300}",0.9262553066900893,repeated_stratified,5,2,full,electrode
9,9,1.0,8,3,0.375,9,6,0.6666666666666666,0.6923076923076923,0.6761904761904761,0.8382352941176471,9,0,0,0,3,5,0,3,6,P27,xgb,148,"{'subsample': 0.6, 'reg_lambda': 1, 'reg_alpha': 0, 'min_child_weight': 1, 'max_depth': 2, 'learning_rate': 0.03, 'gamma': 0, 'colsample_bytree': 0.6, 'colsample_bylevel': 0.6, 'n_estimators': 300}",0.9143975991802078,repeated_stratified,5,3,full,electrode
9,8,0.8888888888888888,8,2,0.25,9,5,0.5555555555555556,0.5769230769230769,0.569281045751634,0.7653867102396514,8,1,0,0,2,6,0,4,5,P27,xgb,149,"{'subsample': 0.6, 'reg_lambda': 1, 'reg_alpha': 0, 'min_child_weight': 1, 'max_depth': 2, 'learning_rate': 0.03, 'gamma': 0, 'colsample_bytree': 0.6, 'colsample_bylevel': 0.6, 'n_estimators': 300}",0.9195578978187674,repeated_stratified,5,4,full,electrode
9,8,0.8888888888888888,9,2,0.2222222222222222,9,3,0.3333333333333333,0.48148148148148145,0.49306272216488933,0.7777777777777777,8,1,0,0,2,7,0,6,3,P27,xgb,137,"{'subsample': 0.6, 'reg_lambda': 1, 'reg_alpha': 0, 'min_child_weight': 1, 'max_depth': 2, 'learning_rate': 0.03, 'gamma': 0, 'colsample_bytree': 0.6, 'colsample_bylevel': 0.6, 'n_estimators': 300}",0.8766121358512663,repeated_stratified,6,0,full,electrode
9,9,1.0,8,4,0.5,9,6,0.6666666666666666,0.7307692307692307,0.7216374269005849,0.8988289760348583,9,0,0,0,4,4,0,3,6,P27,xgb,150,"{'subsample': 0.6, 'reg_lambda': 3, 'reg_alpha': 0.1, 'min_child_weight': 1, 'max_depth': 8, 'learning_rate': 0.05, 'gamma': 0, 'colsample_bytree': 0.7, 'colsample_bylevel': 0.8, 'n_estimators': 300}",0.9329344166300687,repeated_stratified,6,1,full,electrode
9,9,1.0,8,4,0.5,9,5,0.5555555555555556,0.6923076923076923,0.6851851851851851,0.829520697167756,9,0,0,0,4,4,0,4,5,P27,xgb,148,"{'subsample': 0.6, 'reg_lambda': 1, 'reg_alpha': 0, 'min_child_weight': 1, 'max_depth': 2, 'learning_rate': 0.03, 'gamma': 0, 'colsample_bytree': 0.6, 'colsample_bylevel': 0.6, 'n_estimators': 300}",0.8792819499341239,repeated_stratified,6,2,full,electrode
9,9,1.0,8,5,0.625,9,6,0.6666666666666666,0.7692307692307693,0.7594169246646026,0.8895697167755992,9,0,0,1,5,2,0,3,6,P27,xgb,149,"{'subsample': 0.6, 'reg_lambda': 3, 'reg_alpha': 0.1, 'min_child_weight': 1, 'max_depth': 2, 'learning_rate': 0.05, 'gamma': 0, 'colsample_bytree': 0.7, 'colsample_bylevel': 0.6, 'n_estimators': 300}",0.9169594495681452,repeated_stratified,6,3,full,electrode
9,9,1.0,8,6,0.75,9,5,0.5555555555555556,0.7692307692307693,0.7594169246646026,0.9241557734204794,9,0,0,0,6,2,1,3,5,P27,xgb,148,"{'subsample': 0.6, 'reg_lambda': 1, 'reg_alpha': 0, 'min_child_weight': 1, 'max_depth': 2, 'learning_rate': 0.03, 'gamma': 0, 'colsample_bytree': 0.6, 'colsample_bylevel': 0.6, 'n_estimators': 300}",0.9118723466549552,repeated_stratified,6,4,full,electrode
9,9,1.0,9,6,0.6666666666666666,9,3,0.3333333333333333,0.6666666666666666,0.6571428571428571,0.8189300411522634,9,0,0,0,6,3,0,6,3,P27,xgb,148,"{'subsample': 0.6, 'reg_lambda': 3, 'reg_alpha': 0.1, 'min_child_weight': 1, 'max_depth': 8, 'learning_rate': 0.05, 'gamma': 0, 'colsample_bytree': 0.7, 'colsample_bylevel': 0.8, 'n_estimators': 300}",0.9265243009808227,repeated_stratified,7,0,full,electrode
9,9,1.0,8,5,0.625,9,3,0.3333333333333333,0.6538461538461539,0.6280423280423281,0.8495370370370371,9,0,0,1,5,2,1,5,3,P27,xgb,148,"{'subsample': 0.6, 'reg_lambda': 3, 'reg_alpha': 0.1, 'min_child_weight': 1, 'max_depth': 2, 'learning_rate': 0.05, 'gamma': 0, 'colsample_bytree': 0.7, 'colsample_bylevel': 0.6, 'n_estimators': 300}",0.9127140974967062,repeated_stratified,7,1,full,electrode
9,9,1.0,8,4,0.5,9,5,0.5555555555555556,0.6923076923076923,0.6851851851851851,0.8559368191721132,9,0,0,0,4,4,0,4,5,P27,xgb,150,"{'subsample': 0.6, 'reg_lambda': 3, 'reg_alpha': 0.1, 'min_child_weight': 1, 'max_depth': 8, 'learning_rate': 0.05, 'gamma': 0, 'colsample_bytree': 0.7, 'colsample_bylevel': 0.8, 'n_estimators': 300}",0.9472441809398332,repeated_stratified,7,2,full,electrode
9,9,1.0,8,4,0.5,9,9,1.0,0.8461538461538461,0.8282828282828283,0.9389978213507625,9,0,0,0,4,4,0,0,9,P27,xgb,149,"{'subsample': 0.6, 'reg_lambda': 3, 'reg_alpha': 0.1, 'min_child_weight': 1, 'max_depth': 8, 'learning_rate': 0.05, 'gamma': 0, 'colsample_bytree': 0.7, 'colsample_bylevel': 0.8, 'n_estimators': 300}",0.8895110525545308,repeated_stratified,7,3,full,electrode
9,9,1.0,8,3,0.375,9,8,0.8888888888888888,0.7692307692307693,0.7424242424242425,0.9504357298474945,9,0,0,0,3,5,0,1,8,P27,xgb,148,"{'subsample': 0.6, 'reg_lambda': 10, 'reg_alpha': 0.5, 'min_child_weight': 1, 'max_depth': 2, 'learning_rate': 0.05, 'gamma': 0.1, 'colsample_bytree': 0.6, 'colsample_bylevel': 0.6, 'n_estimators': 300}",0.8147965158834726,repeated_stratified,7,4,full,electrode
9,9,1.0,9,4,0.4444444444444444,9,5,0.5555555555555556,0.6666666666666666,0.6656346749226006,0.8251028806584362,9,0,0,0,4,5,0,4,5,P27,xgb,149,"{'subsample': 0.6, 'reg_lambda': 5, 'reg_alpha': 0.5, 'min_child_weight': 1, 'max_depth': 8, 'learning_rate': 0.03, 'gamma': 0.3, 'colsample_bytree': 0.6, 'colsample_bylevel': 0.6, 'n_estimators': 300}",0.9317632850241546,repeated_stratified,8,0,full,electrode
9,9,1.0,8,4,0.5,9,7,0.7777777777777778,0.7692307692307693,0.7571428571428571,0.9257897603485837,9,0,0,0,4,4,0,2,7,P27,xgb,150,"{'subsample': 0.6, 'reg_lambda': 3, 'reg_alpha': 0.1, 'min_child_weight': 1, 'max_depth': 2, 'learning_rate': 0.05, 'gamma': 0, 'colsample_bytree': 0.7, 'colsample_bylevel': 0.6, 'n_estimators': 300}",0.8675340360122968,repeated_stratified,8,1,full,electrode
9,9,1.0,8,4,0.5,9,6,0.6666666666666666,0.7307692307692307,0.7157894736842105,0.9109477124183005,9,0,0,1,4,3,0,3,6,P27,xgb,150,"{'subsample': 0.8, 'reg_lambda': 1, 'reg_alpha': 0, 'min_child_weight': 1, 'max_depth': 4, 'learning_rate': 0.01, 'gamma': 0, 'colsample_bytree': 0.7, 'colsample_bylevel': 0.8, 'n_estimators': 300}",0.8924022837066315,repeated_stratified,8,2,full,electrode
9,9,1.0,8,5,0.625,9,4,0.4444444444444444,0.6923076923076923,0.6787524366471734,0.8108660130718954,9,0,0,1,5,2,0,5,4,P27,xgb,150,"{'subsample': 0.6, 'reg_lambda': 3, 'reg_alpha': 0.1, 'min_child_weight': 1, 'max_depth': 8, 'learning_rate': 0.05, 'gamma': 0, 'colsample_bytree': 0.7, 'colsample_bylevel': 0.8, 'n_estimators': 300}",0.9078465817596252,repeated_stratified,8,3,full,electrode
9,8,0.8888888888888888,8,5,0.625,9,9,1.0,0.8461538461538461,0.8428630193336076,0.9101307189542484,8,0,1,0,5,3,0,0,9,P27,xgb,148,"{'subsample': 0.6, 'reg_lambda': 1, 'reg_alpha': 0, 'min_child_weight': 1, 'max_depth': 2, 'learning_rate': 0.03, 'gamma': 0, 'colsample_bytree': 0.6, 'colsample_bylevel': 0.6, 'n_estimators': 300}",0.9253403601229687,repeated_stratified,8,4,full,electrode
9,9,1.0,9,5,0.5555555555555556,9,6,0.6666666666666666,0.7407407407407407,0.739938080495356,0.9053497942386831,9,0,0,0,5,4,0,3,6,P27,xgb,150,"{'subsample': 0.6, 'reg_lambda': 1, 'reg_alpha': 0, 'min_child_weight': 1, 'max_depth': 2, 'learning_rate': 0.03, 'gamma': 0, 'colsample_bytree': 0.6, 'colsample_bylevel': 0.6, 'n_estimators': 300}",0.9564942907334211,repeated_stratified,9,0,full,electrode
9,9,1.0,8,3,0.375,9,6,0.6666666666666666,0.6923076923076923,0.6761904761904761,0.7796840958605665,9,0,0,0,3,5,0,3,6,P27,xgb,149,"{'subsample': 0.6, 'reg_lambda': 3, 'reg_alpha': 0.1, 'min_child_weight': 1, 'max_depth': 2, 'learning_rate': 0.05, 'gamma': 0, 'colsample_bytree': 0.7, 'colsample_bylevel': 0.6, 'n_estimators': 300}",0.9062362758014931,repeated_stratified,9,1,full,electrode
9,8,0.8888888888888888,8,4,0.5,9,6,0.6666666666666666,0.6923076923076923,0.6846003898635477,0.8789488017429194,8,1,0,0,4,4,1,2,6,P27,xgb,149,"{'subsample': 0.6, 'reg_lambda': 3, 'reg_alpha': 0.1, 'min_child_weight': 1, 'max_depth': 2, 'learning_rate': 0.05, 'gamma': 0, 'colsample_bytree': 0.7, 'colsample_bylevel': 0.6, 'n_estimators': 300}",0.9324586444151662,repeated_stratified,9,2,full,electrode
9,8,0.8888888888888888,8,4,0.5,9,5,0.5555555555555556,0.6538461538461539,0.6558307533539732,0.8357843137254902,8,0,1,0,4,4,0,4,5,P27,xgb,150,"{'subsample': 0.6, 'reg_lambda': 1, 'reg_alpha': 0, 'min_child_weight': 1, 'max_depth': 2, 'learning_rate': 0.03, 'gamma': 0, 'colsample_bytree': 0.6, 'colsample_bylevel': 0.6, 'n_estimators': 300}",0.9139401258966476,repeated_stratified,9,3,full,electrode
9,9,1.0,8,5,0.625,9,6,0.6666666666666666,0.7692307692307693,0.7638888888888888,0.8739106753812637,9,0,0,0,5,3,0,3,6,P27,xgb,150,"{'subsample': 0.6, 'reg_lambda': 1, 'reg_alpha': 0, 'min_child_weight': 1, 'max_depth': 2, 'learning_rate': 0.03, 'gamma': 0, 'colsample_bytree': 0.6, 'colsample_bylevel': 0.6, 'n_estimators': 300}",0.9057239057239057,repeated_stratified,9,4,full,electrode
8,8,1.0,8,4,0.5,8,5,0.625,0.7083333333333334,0.7071895424836602,0.8932291666666666,8,0,0,0,4,4,0,3,5,P28,xgb,148,"{'subsample': 0.6, 'reg_lambda': 1, 'reg_alpha': 0, 'min_child_weight': 1, 'max_depth': 2, 'learning_rate': 0.03, 'gamma': 0, 'colsample_bytree': 0.6, 'colsample_bylevel': 0.6, 'n_estimators': 300}",0.947065897065897,repeated_stratified,0,0,full,electrode
8,8,1.0,8,1,0.125,8,5,0.625,0.5833333333333334,0.5555555555555556,0.8333333333333334,8,0,0,0,1,7,0,3,5,P28,xgb,149,"{'subsample': 0.6, 'reg_lambda': 3, 'reg_alpha': 0.1, 'min_child_weight': 1, 'max_depth': 8, 'learning_rate': 0.05, 'gamma': 0, 'colsample_bytree': 0.7, 'colsample_bylevel': 0.8, 'n_estimators': 300}",0.9917508417508417,repeated_stratified,0,1,full,electrode
8,8,1.0,8,4,0.5,8,3,0.375,0.625,0.6137254901960785,0.8645833333333334,8,0,0,0,4,4,1,4,3,P28,xgb,150,"{'subsample': 0.6, 'reg_lambda': 1, 'reg_alpha': 0, 'min_child_weight': 1, 'max_depth': 2, 'learning_rate': 0.03, 'gamma': 0, 'colsample_bytree': 0.6, 'colsample_bylevel': 0.6, 'n_estimators': 300}",0.9542087542087542,repeated_stratified,0,2,full,electrode
8,8,1.0,8,5,0.625,8,3,0.375,0.6666666666666666,0.6613756613756614,0.8098958333333334,8,0,0,0,5,3,0,5,3,P28,xgb,149,"{'subsample': 0.6, 'reg_lambda': 3, 'reg_alpha': 0.1, 'min_child_weight': 1, 'max_depth': 8, 'learning_rate': 0.05, 'gamma': 0, 'colsample_bytree': 0.7, 'colsample_bylevel': 0.8, 'n_estimators': 300}",0.9382154882154884,repeated_stratified,0,3,full,electrode
8,8,1.0,8,6,0.75,8,4,0.5,0.75,0.7394957983193278,0.9010416666666666,8,0,0,0,6,2,1,3,4,P28,xgb,150,"{'subsample': 0.8, 'reg_lambda': 1, 'reg_alpha': 0, 'min_child_weight': 1, 'max_depth': 8, 'learning_rate': 0.01, 'gamma': 0.3, 'colsample_bytree': 0.6, 'colsample_bylevel': 0.8, 'n_estimators': 300}",0.913949013949014,repeated_stratified,0,4,full,electrode
8,8,1.0,8,2,0.25,8,6,0.75,0.6666666666666666,0.6444444444444444,0.8541666666666666,8,0,0,0,2,6,0,2,6,P28,xgb,147,"{'subsample': 0.8, 'reg_lambda': 10, 'reg_alpha': 0, 'min_child_weight': 1, 'max_depth': 8, 'learning_rate': 0.05, 'gamma': 0, 'colsample_bytree': 0.7, 'colsample_bylevel': 0.6, 'n_estimators': 300}",0.9228234728234729,repeated_stratified,1,0,full,electrode
8,8,1.0,8,6,0.75,8,3,0.375,0.7083333333333334,0.6977058029689608,0.8671875,8,0,0,0,6,2,0,5,3,P28,xgb,148,"{'subsample': 0.6, 'reg_lambda': 3, 'reg_alpha': 0.1, 'min_child_weight': 1, 'max_depth': 2, 'learning_rate': 0.05, 'gamma': 0, 'colsample_bytree': 0.7, 'colsample_bylevel': 0.6, 'n_estimators': 300}",0.9219336219336219,repeated_stratified,1,1,full,electrode
8,8,1.0,8,6,0.75,8,2,0.25,0.6666666666666666,0.6444444444444445,0.7734375,8,0,0,0,6,2,0,6,2,P28,xgb,149,"{'subsample': 0.6, 'reg_lambda': 3, 'reg_alpha': 0.1, 'min_child_weight': 1, 'max_depth': 8, 'learning_rate': 0.05, 'gamma': 0, 'colsample_bytree': 0.7, 'colsample_bylevel': 0.8, 'n_estimators': 300}",0.9466089466089466,repeated_stratified,1,2,full,electrode
8,8,1.0,8,2,0.25,8,6,0.75,0.6666666666666666,0.6349376114081996,0.9010416666666666,8,0,0,0,2,6,1,1,6,P28,xgb,150,"{'subsample': 0.6, 'reg_lambda': 3, 'reg_alpha': 0.1, 'min_child_weight': 1, 'max_depth': 2, 'learning_rate': 0.05, 'gamma': 0, 'colsample_bytree': 0.7, 'colsample_bylevel': 0.6, 'n_estimators': 300}",0.9014670514670514,repeated_stratified,1,3,full,electrode
8,8,1.0,8,4,0.5,8,3,0.375,0.625,0.6235294117647059,0.7916666666666666,8,0,0,0,4,4,0,5,3,P28,xgb,150,"{'subsample': 0.6, 'reg_lambda': 1, 'reg_alpha': 0, 'min_child_weight': 1, 'max_depth': 2, 'learning_rate': 0.03, 'gamma': 0, 'colsample_bytree': 0.6, 'colsample_bylevel': 0.6, 'n_estimators': 300}",0.9402356902356903,repeated_stratified,1,4,full,electrode
8,8,1.0,8,3,0.375,8,4,0.5,0.625,0.6235294117647059,0.8203125,8,0,0,0,3,5,0,4,4,P28,xgb,150,"{'subsample': 0.6, 'reg_lambda': 1, 'reg_alpha': 0, 'min_child_weight': 1, 'max_depth': 2, 'learning_rate': 0.03, 'gamma': 0, 'colsample_bytree': 0.6, 'colsample_bylevel': 0.6, 'n_estimators': 300}",0.9356180856180855,repeated_stratified,2,0,full,electrode
8,8,1.0,8,4,0.5,8,4,0.5,0.6666666666666666,0.6666666666666666,0.8359375,8,0,0,0,4,4,0,4,4,P28,xgb,150,"{'subsample': 0.6, 'reg_lambda': 1, 'reg_alpha': 0, 'min_child_weight': 1, 'max_depth': 2, 'learning_rate': 0.03, 'gamma': 0, 'colsample_bytree': 0.6, 'colsample_bylevel': 0.6, 'n_estimators': 300}",0.8908609908609909,repeated_stratified,2,1,full,electrode
8,8,1.0,8,6,0.75,8,5,0.625,0.7916666666666666,0.7908496732026143,0.9036458333333334,8,0,0,0,6,2,0,3,5,P28,xgb,150,"{'subsample': 0.6, 'reg_lambda': 1, 'reg_alpha': 0, 'min_child_weight': 1, 'max_depth': 2, 'learning_rate': 0.03, 'gamma': 0, 'colsample_bytree': 0.6, 'colsample_bylevel': 0.6, 'n_estimators': 300}",0.9726791726791727,repeated_stratified,2,2,full,electrode
8,8,1.0,8,4,0.5,8,5,0.625,0.7083333333333334,0.7071895424836602,0.8671875,8,0,0,0,4,4,0,3,5,P28,xgb,150,"{'subsample': 0.8, 'reg_lambda': 10, 'reg_alpha': 0, 'min_child_weight': 1, 'max_depth': 8, 'learning_rate': 0.05, 'gamma': 0, 'colsample_bytree': 0.7, 'colsample_bylevel': 0.6, 'n_estimators': 300}",0.9460076960076961,repeated_stratified,2,3,full,electrode
8,8,1.0,8,7,0.875,8,4,0.5,0.7916666666666666,0.7840755735492578,0.90625,8,0,0,0,7,1,0,4,4,P28,xgb,150,"{'subsample': 0.6, 'reg_lambda': 1, 'reg_alpha': 0, 'min_child_weight': 1, 'max_depth': 2, 'learning_rate': 0.03, 'gamma': 0, 'colsample_bytree': 0.6, 'colsample_bylevel': 0.6, 'n_estimators': 300}",0.9002886002886002,repeated_stratified,2,4,full,electrode
8,8,1.0,8,4,0.5,8,6,0.75,0.75,0.746031746031746,0.8619791666666666,8,0,0,0,4,4,0,2,6,P28,xgb,150,"{'subsample': 0.6, 'reg_lambda': 1, 'reg_alpha': 0, 'min_child_weight': 1, 'max_depth': 2, 'learning_rate': 0.03, 'gamma': 0, 'colsample_bytree': 0.6, 'colsample_bylevel': 0.6, 'n_estimators': 300}",0.9627465127465128,repeated_stratified,3,0,full,electrode
8,8,1.0,8,5,0.625,8,3,0.375,0.6666666666666666,0.6613756613756614,0.8385416666666666,8,0,0,0,5,3,0,5,3,P28,xgb,148,"{'subsample': 0.6, 'reg_lambda': 1, 'reg_alpha': 0, 'min_child_weight': 1, 'max_depth': 2, 'learning_rate': 0.03, 'gamma': 0, 'colsample_bytree': 0.6, 'colsample_bylevel': 0.6, 'n_estimators': 300}",0.9257816257816258,repeated_stratified,3,1,full,electrode
8,8,1.0,8,6,0.75,8,3,0.375,0.7083333333333334,0.6977058029689608,0.8828125,8,0,0,0,6,2,0,5,3,P28,xgb,149,"{'subsample': 0.6, 'reg_lambda': 3, 'reg_alpha': 0.1, 'min_child_weight': 1, 'max_depth': 2, 'learning_rate': 0.05, 'gamma': 0, 'colsample_bytree': 0.7, 'colsample_bylevel': 0.6, 'n_estimators': 300}",0.9131313131313131,repeated_stratified,3,2,full,electrode
8,8,1.0,8,2,0.25,8,4,0.5,0.5833333333333334,0.5767195767195766,0.8619791666666666,8,0,0,0,2,6,0,4,4,P28,xgb,149,"{'subsample': 0.6, 'reg_lambda': 3, 'reg_alpha': 0.1, 'min_child_weight': 1, 'max_depth': 2, 'learning_rate': 0.05, 'gamma': 0, 'colsample_bytree': 0.7, 'colsample_bylevel': 0.6, 'n_estimators': 300}",0.9677970177970178,repeated_stratified,3,3,full,electrode
8,8,1.0,8,5,0.625,8,5,0.625,0.75,0.75,0.8619791666666666,8,0,0,0,5,3,0,3,5,P28,xgb,150,"{'subsample': 0.6, 'reg_lambda': 3, 'reg_alpha': 0.1, 'min_child_weight': 1, 'max_depth': 8, 'learning_rate': 0.05, 'gamma': 0, 'colsample_bytree': 0.7, 'colsample_bylevel': 0.8, 'n_estimators': 300}",0.9300384800384799,repeated_stratified,3,4,full,electrode
8,8,1.0,8,6,0.75,8,4,0.5,0.75,0.746031746031746,0.8776041666666666,8,0,0,0,6,2,0,4,4,P28,xgb,149,"{'subsample': 0.6, 'reg_lambda': 1, 'reg_alpha': 0, 'min_child_weight': 1, 'max_depth': 2, 'learning_rate': 0.03, 'gamma': 0, 'colsample_bytree': 0.6, 'colsample_bylevel': 0.6, 'n_estimators': 300}",0.9513468013468014,repeated_stratified,4,0,full,electrode
8,8,1.0,8,4,0.5,8,4,0.5,0.6666666666666666,0.6666666666666666,0.8619791666666666,8,0,0,0,4,4,0,4,4,P28,xgb,150,"{'subsample': 0.6, 'reg_lambda': 3, 'reg_alpha': 0.1, 'min_child_weight': 1, 'max_depth': 2, 'learning_rate': 0.05, 'gamma': 0, 'colsample_bytree': 0.7, 'colsample_bylevel': 0.6, 'n_estimators': 300}",0.9018518518518519,repeated_stratified,4,1,full,electrode
8,8,1.0,8,6,0.75,8,5,0.625,0.7916666666666666,0.7871148459383753,0.9010416666666666,8,0,0,1,6,1,0,3,5,P28,xgb,149,"{'subsample': 0.6, 'reg_lambda': 3, 'reg_alpha': 0.1, 'min_child_weight': 1, 'max_depth': 2, 'learning_rate': 0.05, 'gamma': 0, 'colsample_bytree': 0.7, 'colsample_bylevel': 0.6, 'n_estimators': 300}",0.9360750360750361,repeated_stratified,4,2,full,electrode
8,8,1.0,8,5,0.625,8,4,0.5,0.7083333333333334,0.7071895424836602,0.8802083333333334,8,0,0,0,5,3,0,4,4,P28,xgb,149,"{'subsample': 0.6, 'reg_lambda': 1, 'reg_alpha': 0, 'min_child_weight': 1, 'max_depth': 2, 'learning_rate': 0.03, 'gamma': 0, 'colsample_bytree': 0.6, 'colsample_bylevel': 0.6, 'n_estimators': 300}",0.9402837902837903,repeated_stratified,4,3,full,electrode
8,8,1.0,8,3,0.375,8,5,0.625,0.6666666666666666,0.6613756613756614,0.90625,8,0,0,0,3,5,0,3,5,P28,xgb,150,"{'subsample': 0.6, 'reg_lambda': 1, 'reg_alpha': 0, 'min_child_weight': 1, 'max_depth': 2, 'learning_rate': 0.03, 'gamma': 0, 'colsample_bytree': 0.6, 'colsample_bylevel': 0.6, 'n_estimators': 300}",0.9083694083694084,repeated_stratified,4,4,full,electrode
8,8,1.0,8,2,0.25,8,3,0.375,0.5416666666666666,0.5398692810457516,0.7578125,8,0,0,0,2,6,0,5,3,P28,xgb,149,"{'subsample': 0.6, 'reg_lambda': 3, 'reg_alpha': 0.1, 'min_child_weight': 1, 'max_depth': 2, 'learning_rate': 0.05, 'gamma': 0, 'colsample_bytree': 0.7, 'colsample_bylevel': 0.6, 'n_estimators': 300}",0.9246512746512746,repeated_stratified,5,0,full,electrode
8,8,1.0,8,3,0.375,8,5,0.625,0.6666666666666666,0.6613756613756614,0.7734375,8,0,0,0,3,5,0,3,5,P28,xgb,149,"{'subsample': 0.6, 'reg_lambda': 1, 'reg_alpha': 0, 'min_child_weight': 1, 'max_depth': 2, 'learning_rate': 0.03, 'gamma': 0, 'colsample_bytree': 0.6, 'colsample_bylevel': 0.6, 'n_estimators': 300}",0.9343915343915344,repeated_stratified,5,1,full,electrode
8,8,1.0,8,6,0.75,8,5,0.625,0.7916666666666666,0.7859477124183006,0.9088541666666666,8,0,0,0,6,2,1,2,5,P28,xgb,150,"{'subsample': 0.6, 'reg_lambda': 1, 'reg_alpha': 0, 'min_child_weight': 1, 'max_depth': 2, 'learning_rate': 0.03, 'gamma': 0, 'colsample_bytree': 0.6, 'colsample_bylevel': 0.6, 'n_estimators': 300}",0.9686387686387686,repeated_stratified,5,2,full,electrode
8,8,1.0,8,4,0.5,8,6,0.75,0.75,0.746031746031746,0.796875,8,0,0,0,4,4,0,2,6,P28,xgb,150,"{'subsample': 0.6, 'reg_lambda': 3, 'reg_alpha': 0.1, 'min_child_weight': 1, 'max_depth': 8, 'learning_rate': 0.05, 'gamma': 0, 'colsample_bytree': 0.7, 'colsample_bylevel': 0.8, 'n_estimators': 300}",0.9174362674362674,repeated_stratified,5,3,full,electrode
8,8,1.0,8,4,0.5,8,5,0.625,0.7083333333333334,0.7071895424836602,0.8619791666666666,8,0,0,0,4,4,0,3,5,P28,xgb,149,"{'subsample': 0.6, 'reg_lambda': 1, 'reg_alpha': 0, 'min_child_weight': 1, 'max_depth': 2, 'learning_rate': 0.03, 'gamma': 0, 'colsample_bytree': 0.6, 'colsample_bylevel': 0.6, 'n_estimators': 300}",0.9276334776334777,repeated_stratified,5,4,full,electrode
8,8,1.0,8,3,0.375,8,5,0.625,0.6666666666666666,0.6613756613756614,0.8411458333333334,8,0,0,0,3,5,0,3,5,P28,xgb,150,"{'subsample': 0.6, 'reg_lambda': 1, 'reg_alpha': 0, 'min_child_weight': 1, 'max_depth': 2, 'learning_rate': 0.03, 'gamma': 0, 'colsample_bytree': 0.6, 'colsample_bylevel': 0.6, 'n_estimators': 300}",0.9285954785954785,repeated_stratified,6,0,full,electrode
8,8,1.0,8,6,0.75,8,3,0.375,0.7083333333333334,0.6897938662644546,0.8411458333333334,8,0,0,0,6,2,1,4,3,P28,xgb,150,"{'subsample': 0.6, 'reg_lambda': 3, 'reg_alpha': 0.1, 'min_child_weight': 1, 'max_depth': 8, 'learning_rate': 0.05, 'gamma': 0, 'colsample_bytree': 0.7, 'colsample_bylevel': 0.8, 'n_estimators': 300}",0.9293410293410292,repeated_stratified,6,1,full,electrode
8,8,1.0,8,7,0.875,8,4,0.5,0.7916666666666666,0.7840755735492578,0.9192708333333334,8,0,0,0,7,1,0,4,4,P28,xgb,148,"{'subsample': 0.6, 'reg_lambda': 1, 'reg_alpha': 0, 'min_child_weight': 1, 'max_depth': 2, 'learning_rate': 0.03, 'gamma': 0, 'colsample_bytree': 0.6, 'colsample_bylevel': 0.6, 'n_estimators': 300}",0.9072150072150073,repeated_stratified,6,2,full,electrode
8,8,1.0,8,4,0.5,8,4,0.5,0.6666666666666666,0.6666666666666666,0.8359375,8,0,0,0,4,4,0,4,4,P28,xgb,149,"{'subsample': 0.6, 'reg_lambda': 1, 'reg_alpha': 0, 'min_child_weight': 1, 'max_depth': 2, 'learning_rate': 0.03, 'gamma': 0, 'colsample_bytree': 0.6, 'colsample_bylevel': 0.6, 'n_estimators': 300}",0.893843193843194,repeated_stratified,6,3,full,electrode
8,8,1.0,8,4,0.5,8,5,0.625,0.7083333333333334,0.7071895424836602,0.8619791666666666,8,0,0,0,4,4,0,3,5,P28,xgb,149,"{'subsample': 0.6, 'reg_lambda': 3, 'reg_alpha': 0.1, 'min_child_weight': 1, 'max_depth': 2, 'learning_rate': 0.05, 'gamma': 0, 'colsample_bytree': 0.7, 'colsample_bylevel': 0.6, 'n_estimators': 300}",0.9534632034632035,repeated_stratified,6,4,full,electrode
8,8,1.0,8,3,0.375,8,4,0.5,0.625,0.6235294117647059,0.84375,8,0,0,0,3,5,0,4,4,P28,xgb,148,"{'subsample': 0.6, 'reg_lambda': 1, 'reg_alpha': 0, 'min_child_weight': 1, 'max_depth': 2, 'learning_rate': 0.03, 'gamma': 0, 'colsample_bytree': 0.6, 'colsample_bylevel': 0.6, 'n_estimators': 300}",0.9402837902837903,repeated_stratified,7,0,full,electrode
8,8,1.0,8,4,0.5,8,4,0.5,0.6666666666666666,0.6666666666666666,0.8541666666666666,8,0,0,0,4,4,0,4,4,P28,xgb,150,"{'subsample': 0.6, 'reg_lambda': 3, 'reg_alpha': 0.1, 'min_child_weight': 1, 'max_depth': 8, 'learning_rate': 0.05, 'gamma': 0, 'colsample_bytree': 0.7, 'colsample_bylevel': 0.8, 'n_estimators': 300}",0.9557479557479557,repeated_stratified,7,1,full,electrode
8,8,1.0,8,4,0.5,8,5,0.625,0.7083333333333334,0.7071895424836602,0.8411458333333334,8,0,0,0,4,4,0,3,5,P28,xgb,147,"{'subsample': 0.6, 'reg_lambda': 1, 'reg_alpha': 0, 'min_child_weight': 1, 'max_depth': 2, 'learning_rate': 0.03, 'gamma': 0, 'colsample_bytree': 0.6, 'colsample_bylevel': 0.6, 'n_estimators': 300}",0.9730880230880231,repeated_stratified,7,2,full,electrode
8,8,1.0,8,5,0.625,8,3,0.375,0.6666666666666666,0.6526610644257703,0.8697916666666666,8,0,0,0,5,3,1,4,3,P28,xgb,149,"{'subsample': 0.6, 'reg_lambda': 3, 'reg_alpha': 0.1, 'min_child_weight': 1, 'max_depth': 2, 'learning_rate': 0.05, 'gamma': 0, 'colsample_bytree': 0.7, 'colsample_bylevel': 0.6, 'n_estimators': 300}",0.9217652717652718,repeated_stratified,7,3,full,electrode
8,8,1.0,8,4,0.5,8,6,0.75,0.75,0.746031746031746,0.9010416666666666,8,0,0,0,4,4,0,2,6,P28,xgb,149,"{'subsample': 0.6, 'reg_lambda': 3, 'reg_alpha': 0.1, 'min_child_weight': 1, 'max_depth': 2, 'learning_rate': 0.05, 'gamma': 0, 'colsample_bytree': 0.7, 'colsample_bylevel': 0.6, 'n_estimators': 300}",0.9021164021164022,repeated_stratified,7,4,full,electrode
8,8,1.0,8,3,0.375,8,3,0.375,0.5833333333333334,0.5833333333333334,0.7552083333333334,8,0,0,0,3,5,0,5,3,P28,xgb,147,"{'subsample': 0.6, 'reg_lambda': 1, 'reg_alpha': 0, 'min_child_weight': 1, 'max_depth': 2, 'learning_rate': 0.03, 'gamma': 0, 'colsample_bytree': 0.6, 'colsample_bylevel': 0.6, 'n_estimators': 300}",0.9614718614718615,repeated_stratified,8,0,full,electrode
8,8,1.0,8,6,0.75,8,5,0.625,0.7916666666666666,0.7843915343915344,0.8776041666666666,8,0,0,1,6,1,1,2,5,P28,xgb,149,"{'subsample': 0.6, 'reg_lambda': 3, 'reg_alpha': 0.1, 'min_child_weight': 1, 'max_depth': 2, 'learning_rate': 0.05, 'gamma': 0, 'colsample_bytree': 0.7, 'colsample_bylevel': 0.6, 'n_estimators': 300}",0.9538480038480038,repeated_stratified,8,1,full,electrode
8,8,1.0,8,5,0.625,8,4,0.5,0.7083333333333334,0.7071895424836602,0.8255208333333334,8,0,0,0,5,3,0,4,4,P28,xgb,150,"{'subsample': 0.6, 'reg_lambda': 3, 'reg_alpha': 0.1, 'min_child_weight': 1, 'max_depth': 8, 'learning_rate': 0.05, 'gamma': 0, 'colsample_bytree': 0.7, 'colsample_bylevel': 0.8, 'n_estimators': 300}",0.9535834535834535,repeated_stratified,8,2,full,electrode
8,8,1.0,8,2,0.25,8,2,0.25,0.5,0.5,0.7395833333333334,8,0,0,0,2,6,0,6,2,P28,xgb,149,"{'subsample': 0.6, 'reg_lambda': 3, 'reg_alpha': 0.1, 'min_child_weight': 1, 'max_depth': 2, 'learning_rate': 0.05, 'gamma': 0, 'colsample_bytree': 0.7, 'colsample_bylevel': 0.6, 'n_estimators': 300}",0.9746272246272246,repeated_stratified,8,3,full,electrode
8,8,1.0,8,4,0.5,8,5,0.625,0.7083333333333334,0.7071895424836602,0.8697916666666666,8,0,0,0,4,4,0,3,5,P28,xgb,150,"{'subsample': 0.6, 'reg_lambda': 1, 'reg_alpha': 0, 'min_child_weight': 1, 'max_depth': 2, 'learning_rate': 0.03, 'gamma': 0, 'colsample_bytree': 0.6, 'colsample_bylevel': 0.6, 'n_estimators': 300}",0.9071188071188071,repeated_stratified,8,4,full,electrode
8,8,1.0,8,4,0.5,8,4,0.5,0.6666666666666666,0.6666666666666666,0.8489583333333334,8,0,0,0,4,4,0,4,4,P28,xgb,150,"{'subsample': 0.6, 'reg_lambda': 1, 'reg_alpha': 0, 'min_child_weight': 1, 'max_depth': 2, 'learning_rate': 0.03, 'gamma': 0, 'colsample_bytree': 0.6, 'colsample_bylevel': 0.6, 'n_estimators': 300}",0.9313852813852813,repeated_stratified,9,0,full,electrode
8,8,1.0,8,5,0.625,8,6,0.75,0.7916666666666666,0.7908496732026143,0.8515625,8,0,0,0,5,3,0,2,6,P28,xgb,150,"{'subsample': 0.6, 'reg_lambda': 1, 'reg_alpha': 0, 'min_child_weight': 1, 'max_depth': 2, 'learning_rate': 0.03, 'gamma': 0, 'colsample_bytree': 0.6, 'colsample_bylevel': 0.6, 'n_estimators': 300}",0.9703703703703704,repeated_stratified,9,1,full,electrode
8,8,1.0,8,4,0.5,8,4,0.5,0.6666666666666666,0.6666666666666666,0.84375,8,0,0,0,4,4,0,4,4,P28,xgb,150,"{'subsample': 0.6, 'reg_lambda': 3, 'reg_alpha': 0.1, 'min_child_weight': 1, 'max_depth': 2, 'learning_rate': 0.05, 'gamma': 0, 'colsample_bytree': 0.7, 'colsample_bylevel': 0.6, 'n_estimators': 300}",0.9221981721981721,repeated_stratified,9,2,full,electrode
8,8,1.0,8,5,0.625,8,6,0.75,0.7916666666666666,0.7908496732026143,0.8828125,8,0,0,0,5,3,0,2,6,P28,xgb,149,"{'subsample': 0.6, 'reg_lambda': 3, 'reg_alpha': 0.1, 'min_child_weight': 1, 'max_depth': 8, 'learning_rate': 0.05, 'gamma': 0, 'colsample_bytree': 0.7, 'colsample_bylevel': 0.8, 'n_estimators': 300}",0.9126743626743626,repeated_stratified,9,3,full,electrode
8,8,1.0,8,4,0.5,8,3,0.375,0.625,0.6235294117647059,0.8072916666666666,8,0,0,0,4,4,0,5,3,P28,xgb,149,"{'subsample': 0.6, 'reg_lambda': 3, 'reg_alpha': 0.1, 'min_child_weight': 1, 'max_depth': 2, 'learning_rate': 0.05, 'gamma': 0, 'colsample_bytree': 0.7, 'colsample_bylevel': 0.6, 'n_estimators': 300}",0.9278018278018277,repeated_stratified,9,4,full,electrode
8,8,1.0,8,6,0.75,8,3,0.375,0.7083333333333334,0.6977058029689608,0.9140625,8,0,0,0,6,2,0,5,3,P29,xgb,150,"{'subsample': 0.6, 'reg_lambda': 3, 'reg_alpha': 0.1, 'min_child_weight': 1, 'max_depth': 2, 'learning_rate': 0.05, 'gamma': 0, 'colsample_bytree': 0.7, 'colsample_bylevel': 0.6, 'n_estimators': 300}",0.8453583453583454,repeated_stratified,0,0,full,electrode
8,8,1.0,8,6,0.75,8,5,0.625,0.7916666666666666,0.7859477124183006,0.8958333333333334,8,0,0,0,6,2,1,2,5,P29,xgb,150,"{'subsample': 0.6, 'reg_lambda': 1, 'reg_alpha': 0, 'min_child_weight': 1, 'max_depth': 2, 'learning_rate': 0.03, 'gamma': 0, 'colsample_bytree': 0.6, 'colsample_bylevel': 0.6, 'n_estimators': 300}",0.8298220298220299,repeated_stratified,0,1,full,electrode
8,7,0.875,8,3,0.375,8,4,0.5,0.5833333333333334,0.5818627450980393,0.78125,7,1,0,0,3,5,1,3,4,P29,xgb,150,"{'subsample': 0.6, 'reg_lambda': 3, 'reg_alpha': 0.1, 'min_child_weight': 1, 'max_depth': 8, 'learning_rate': 0.05, 'gamma': 0, 'colsample_bytree': 0.7, 'colsample_bylevel': 0.8, 'n_estimators': 300}",0.8723665223665225,repeated_stratified,0,2,full,electrode
8,7,0.875,8,2,0.25,8,4,0.5,0.5416666666666666,0.5467000835421888,0.7552083333333334,7,0,1,0,2,6,0,4,4,P29,xgb,150,"{'subsample': 0.6, 'reg_lambda': 1, 'reg_alpha': 0, 'min_child_weight': 1, 'max_depth': 2, 'learning_rate': 0.03, 'gamma': 0, 'colsample_bytree': 0.6, 'colsample_bylevel': 0.6, 'n_estimators': 300}",0.8906445406445407,repeated_stratified,0,3,full,electrode
8,8,1.0,7,4,0.5714285714285714,8,1,0.125,0.5652173913043478,0.5224796989502872,0.873015873015873,8,0,0,1,4,2,0,7,1,P29,xgb,150,"{'subsample': 0.8, 'reg_lambda': 1, 'reg_alpha': 0.5, 'min_child_weight': 1, 'max_depth': 2, 'learning_rate': 0.01, 'gamma': 0.1, 'colsample_bytree': 0.7, 'colsample_bylevel': 0.6, 'n_estimators': 300}",0.861014911014911,repeated_stratified,0,4,full,electrode
8,8,1.0,8,3,0.375,8,3,0.375,0.5833333333333334,0.5720588235294118,0.7760416666666666,8,0,0,1,3,4,0,5,3,P29,xgb,150,"{'subsample': 0.8, 'reg_lambda': 10, 'reg_alpha': 0, 'min_child_weight': 1, 'max_depth': 8, 'learning_rate': 0.05, 'gamma': 0, 'colsample_bytree': 0.7, 'colsample_bylevel': 0.6, 'n_estimators': 300}",0.8947570947570948,repeated_stratified,1,0,full,electrode
8,8,1.0,8,6,0.75,8,4,0.5,0.75,0.7367724867724869,0.8828125,8,0,0,0,6,2,2,2,4,P29,xgb,150,"{'subsample': 0.6, 'reg_lambda': 10, 'reg_alpha': 0.5, 'min_child_weight': 1, 'max_depth': 2, 'learning_rate': 0.05, 'gamma': 0.1, 'colsample_bytree': 0.6, 'colsample_bylevel': 0.6, 'n_estimators': 300}",0.8138047138047139,repeated_stratified,1,1,full,electrode
8,7,0.875,8,4,0.5,8,6,0.75,0.7083333333333334,0.7121136173767754,0.8020833333333334,7,0,1,0,4,4,0,2,6,P29,xgb,149,"{'subsample': 0.6, 'reg_lambda': 3, 'reg_alpha': 0.1, 'min_child_weight': 1, 'max_depth': 2, 'learning_rate': 0.05, 'gamma': 0, 'colsample_bytree': 0.7, 'colsample_bylevel': 0.6, 'n_estimators': 300}",0.8840788840788841,repeated_stratified,1,2,full,electrode
8,8,1.0,8,4,0.5,8,6,0.75,0.75,0.7394957983193278,0.875,8,0,0,1,4,3,0,2,6,P29,xgb,150,"{'subsample': 0.8, 'reg_lambda': 1, 'reg_alpha': 0, 'min_child_weight': 1, 'max_depth': 8, 'learning_rate': 0.01, 'gamma': 0.3, 'colsample_bytree': 0.6, 'colsample_bylevel': 0.8, 'n_estimators': 300}",0.8946608946608946,repeated_stratified,1,3,full,electrode
8,8,1.0,7,3,0.4285714285714285,8,4,0.5,0.6521739130434783,0.6428571428571429,0.775,8,0,0,0,3,4,0,4,4,P29,xgb,148,"{'subsample': 0.8, 'reg_lambda': 3, 'reg_alpha': 0.1, 'min_child_weight': 1, 'max_depth': 2, 'learning_rate': 0.03, 'gamma': 1, 'colsample_bytree': 0.6, 'colsample_bylevel': 0.6, 'n_estimators': 300}",0.912193362193362,repeated_stratified,1,4,full,electrode
8,8,1.0,8,5,0.625,8,4,0.5,0.7083333333333334,0.6998366013071896,0.8854166666666666,8,0,0,0,5,3,1,3,4,P29,xgb,150,"{'subsample': 0.6, 'reg_lambda': 5, 'reg_alpha': 0, 'min_child_weight': 1, 'max_depth': 2, 'learning_rate': 0.01, 'gamma': 0.3, 'colsample_bytree': 0.7, 'colsample_bylevel': 0.6, 'n_estimators': 300}",0.8310245310245309,repeated_stratified,2,0,full,electrode
8,7,0.875,8,2,0.25,8,3,0.375,0.5,0.5120915032679739,0.734375,7,1,0,0,2,6,0,5,3,P29,xgb,149,"{'subsample': 0.6, 'reg_lambda': 1, 'reg_alpha': 0, 'min_child_weight': 1, 'max_depth': 2, 'learning_rate': 0.03, 'gamma': 0, 'colsample_bytree': 0.6, 'colsample_bylevel': 0.6, 'n_estimators': 300}",0.8941077441077442,repeated_stratified,2,1,full,electrode
8,8,1.0,8,3,0.375,8,5,0.625,0.6666666666666666,0.6613756613756614,0.8489583333333334,8,0,0,0,3,5,0,3,5,P29,xgb,149,"{'subsample': 0.6, 'reg_lambda': 3, 'reg_alpha': 0.1, 'min_child_weight': 1, 'max_depth': 8, 'learning_rate': 0.05, 'gamma': 0, 'colsample_bytree': 0.7, 'colsample_bylevel': 0.8, 'n_estimators': 300}",0.9213564213564212,repeated_stratified,2,2,full,electrode
8,8,1.0,8,2,0.25,8,6,0.75,0.6666666666666666,0.6444444444444444,0.8359375,8,0,0,0,2,6,0,2,6,P29,xgb,149,"{'subsample': 0.8, 'reg_lambda': 1, 'reg_alpha': 0, 'min_child_weight': 1, 'max_depth': 8, 'learning_rate': 0.01, 'gamma': 0.3, 'colsample_bytree': 0.6, 'colsample_bylevel': 0.8, 'n_estimators': 300}",0.851996151996152,repeated_stratified,2,3,full,electrode
8,8,1.0,7,4,0.5714285714285714,8,3,0.375,0.6521739130434783,0.6343604108309991,0.8132936507936508,8,0,0,0,4,3,1,4,3,P29,xgb,149,"{'subsample': 0.6, 'reg_lambda': 3, 'reg_alpha': 0.1, 'min_child_weight': 1, 'max_depth': 8, 'learning_rate': 0.05, 'gamma': 0, 'colsample_bytree': 0.7, 'colsample_bylevel': 0.8, 'n_estimators': 300}",0.879172679172679,repeated_stratified,2,4,full,electrode
8,8,1.0,8,3,0.375,8,7,0.875,0.75,0.7333333333333334,0.8958333333333334,8,0,0,0,3,5,0,1,7,P29,xgb,150,"{'subsample': 0.6, 'reg_lambda': 1, 'reg_alpha': 0, 'min_child_weight': 1, 'max_depth': 2, 'learning_rate': 0.03, 'gamma': 0, 'colsample_bytree': 0.6, 'colsample_bylevel': 0.6, 'n_estimators': 300}",0.8800865800865801,repeated_stratified,3,0,full,electrode
8,8,1.0,8,5,0.625,8,4,0.5,0.7083333333333334,0.7071895424836602,0.8723958333333334,8,0,0,0,5,3,0,4,4,P29,xgb,150,"{'subsample': 0.6, 'reg_lambda': 3, 'reg_alpha': 0.1, 'min_child_weight': 1, 'max_depth': 2, 'learning_rate': 0.05, 'gamma': 0, 'colsample_bytree': 0.7, 'colsample_bylevel': 0.6, 'n_estimators': 300}",0.8927849927849927,repeated_stratified,3,1,full,electrode
8,7,0.875,8,6,0.75,8,3,0.375,0.6666666666666666,0.651702786377709,0.8619791666666666,7,1,0,1,6,1,1,4,3,P29,xgb,150,"{'subsample': 0.8, 'reg_lambda': 10, 'reg_alpha': 0, 'min_child_weight': 1, 'max_depth': 8, 'learning_rate': 0.05, 'gamma': 0, 'colsample_bytree': 0.7, 'colsample_bylevel': 0.6, 'n_estimators': 300}",0.867099567099567,repeated_stratified,3,2,full,electrode
8,8,1.0,8,2,0.25,8,4,0.5,0.5833333333333334,0.565826330532213,0.7473958333333334,8,0,0,1,2,5,0,4,4,P29,xgb,150,"{'subsample': 0.6, 'reg_lambda': 5, 'reg_alpha': 0.5, 'min_child_weight': 1, 'max_depth': 8, 'learning_rate': 0.03, 'gamma': 0.3, 'colsample_bytree': 0.6, 'colsample_bylevel': 0.6, 'n_estimators': 300}",0.8439634439634439,repeated_stratified,3,3,full,electrode
8,8,1.0,7,1,0.1428571428571428,8,4,0.5,0.5652173913043478,0.5370370370370371,0.8244047619047619,8,0,0,0,1,6,0,4,4,P29,xgb,150,"{'subsample': 0.6, 'reg_lambda': 3, 'reg_alpha': 0.1, 'min_child_weight': 1, 'max_depth': 2, 'learning_rate': 0.05, 'gamma': 0, 'colsample_bytree': 0.7, 'colsample_bylevel': 0.6, 'n_estimators': 300}",0.8655603655603655,repeated_stratified,3,4,full,electrode
8,7,0.875,8,3,0.375,8,7,0.875,0.7083333333333334,0.6982905982905981,0.8515625,7,1,0,0,3,5,0,1,7,P29,xgb,149,"{'subsample': 0.6, 'reg_lambda': 1, 'reg_alpha': 0, 'min_child_weight': 1, 'max_depth': 2, 'learning_rate': 0.03, 'gamma': 0, 'colsample_bytree': 0.6, 'colsample_bylevel': 0.6, 'n_estimators': 300}",0.8827080327080328,repeated_stratified,4,0,full,electrode
8,8,1.0,8,5,0.625,8,5,0.625,0.75,0.7427248677248678,0.8932291666666666,8,0,0,0,5,3,2,1,5,P29,xgb,150,"{'subsample': 0.6, 'reg_lambda': 3, 'reg_alpha': 0.1, 'min_child_weight': 1, 'max_depth': 8, 'learning_rate': 0.05, 'gamma': 0, 'colsample_bytree': 0.7, 'colsample_bylevel': 0.8, 'n_estimators': 300}",0.9230880230880232,repeated_stratified,4,1,full,electrode
8,8,1.0,8,5,0.625,8,2,0.25,0.625,0.5870990607832712,0.828125,8,0,0,2,5,1,1,5,2,P29,xgb,149,"{'subsample': 0.6, 'reg_lambda': 1, 'reg_alpha': 0, 'min_child_weight': 1, 'max_depth': 2, 'learning_rate': 0.03, 'gamma': 0, 'colsample_bytree': 0.6, 'colsample_bylevel': 0.6, 'n_estimators': 300}",0.8722703222703223,repeated_stratified,4,2,full,electrode
8,8,1.0,8,2,0.25,8,2,0.25,0.5,0.4859477124183006,0.7552083333333334,8,0,0,0,2,6,1,5,2,P29,xgb,150,"{'subsample': 0.6, 'reg_lambda': 3, 'reg_alpha': 0.1, 'min_child_weight': 1, 'max_depth': 8, 'learning_rate': 0.05, 'gamma': 0, 'colsample_bytree': 0.7, 'colsample_bylevel': 0.8, 'n_estimators': 300}",0.9012746512746512,repeated_stratified,4,3,full,electrode
8,8,1.0,7,2,0.2857142857142857,8,7,0.875,0.7391304347826086,0.6999999999999998,0.8736111111111112,8,0,0,0,2,5,0,1,7,P29,xgb,150,"{'subsample': 0.6, 'reg_lambda': 1, 'reg_alpha': 0, 'min_child_weight': 1, 'max_depth': 2, 'learning_rate': 0.03, 'gamma': 0, 'colsample_bytree': 0.6, 'colsample_bylevel': 0.6, 'n_estimators': 300}",0.8496392496392496,repeated_stratified,4,4,full,electrode
8,8,1.0,8,4,0.5,8,5,0.625,0.7083333333333334,0.7071895424836602,0.8567708333333334,8,0,0,0,4,4,0,3,5,P29,xgb,150,"{'subsample': 0.6, 'reg_lambda': 3, 'reg_alpha': 0.1, 'min_child_weight': 1, 'max_depth': 2, 'learning_rate': 0.05, 'gamma': 0, 'colsample_bytree': 0.7, 'colsample_bylevel': 0.6, 'n_estimators': 300}",0.8905002405002405,repeated_stratified,5,0,full,electrode
8,7,0.875,8,5,0.625,8,2,0.25,0.5833333333333334,0.5694444444444444,0.8203125,7,1,0,1,5,2,0,6,2,P29,xgb,150,"{'subsample': 0.8, 'reg_lambda': 5, 'reg_alpha': 0.1, 'min_child_weight': 1, 'max_depth': 8, 'learning_rate': 0.03, 'gamma': 0, 'colsample_bytree': 0.6, 'colsample_bylevel': 0.6, 'n_estimators': 300}",0.915031265031265,repeated_stratified,5,1,full,electrode
8,7,0.875,8,2,0.25,8,2,0.25,0.4583333333333333,0.4589869281045751,0.7682291666666666,7,1,0,1,2,5,0,6,2,P29,xgb,150,"{'subsample': 0.6, 'reg_lambda': 3, 'reg_alpha': 0.1, 'min_child_weight': 1, 'max_depth': 8, 'learning_rate': 0.05, 'gamma': 0, 'colsample_bytree': 0.7, 'colsample_bylevel': 0.8, 'n_estimators': 300}",0.9066378066378066,repeated_stratified,5,2,full,electrode
8,8,1.0,8,6,0.75,8,2,0.25,0.6666666666666666,0.6444444444444445,0.7734375,8,0,0,0,6,2,0,6,2,P29,xgb,148,"{'subsample': 0.6, 'reg_lambda': 1, 'reg_alpha': 0, 'min_child_weight': 1, 'max_depth': 2, 'learning_rate': 0.03, 'gamma': 0, 'colsample_bytree': 0.6, 'colsample_bylevel': 0.6, 'n_estimators': 300}",0.9116161616161615,repeated_stratified,5,3,full,electrode
8,8,1.0,7,6,0.8571428571428571,8,4,0.5,0.782608695652174,0.7688536953242835,0.9456349206349208,8,0,0,0,6,1,1,3,4,P29,xgb,148,"{'subsample': 0.8, 'reg_lambda': 10, 'reg_alpha': 0.1, 'min_child_weight': 1, 'max_depth': 16, 'learning_rate': 0.01, 'gamma': 0.1, 'colsample_bytree': 0.6, 'colsample_bylevel': 0.6, 'n_estimators': 300}",0.8282347282347283,repeated_stratified,5,4,full,electrode
8,8,1.0,8,6,0.75,8,6,0.75,0.8333333333333334,0.8296296296296296,0.9010416666666666,8,0,0,1,6,1,1,1,6,P29,xgb,150,"{'subsample': 0.6, 'reg_lambda': 5, 'reg_alpha': 0, 'min_child_weight': 1, 'max_depth': 2, 'learning_rate': 0.01, 'gamma': 0.3, 'colsample_bytree': 0.7, 'colsample_bylevel': 0.6, 'n_estimators': 300}",0.8632034632034632,repeated_stratified,6,0,full,electrode
8,8,1.0,8,3,0.375,8,3,0.375,0.5833333333333334,0.5720588235294118,0.7604166666666666,8,0,0,0,3,5,1,4,3,P29,xgb,150,"{'subsample': 0.6, 'reg_lambda': 1, 'reg_alpha': 0, 'min_child_weight': 1, 'max_depth': 2, 'learning_rate': 0.03, 'gamma': 0, 'colsample_bytree': 0.6, 'colsample_bylevel': 0.6, 'n_estimators': 300}",0.9101010101010102,repeated_stratified,6,1,full,electrode
8,8,1.0,8,3,0.375,8,5,0.625,0.6666666666666666,0.6613756613756614,0.8098958333333334,8,0,0,0,3,5,0,3,5,P29,xgb,150,"{'subsample': 0.6, 'reg_lambda': 1, 'reg_alpha': 0, 'min_child_weight': 1, 'max_depth': 2, 'learning_rate': 0.03, 'gamma': 0, 'colsample_bytree': 0.6, 'colsample_bylevel': 0.6, 'n_estimators': 300}",0.884896584896585,repeated_stratified,6,2,full,electrode
8,8,1.0,8,5,0.625,8,1,0.125,0.5833333333333334,0.5555555555555556,0.7682291666666666,8,0,0,0,5,3,0,7,1,P29,xgb,150,"{'subsample': 0.6, 'reg_lambda': 1, 'reg_alpha': 0, 'min_child_weight': 1, 'max_depth': 2, 'learning_rate': 0.03, 'gamma': 0, 'colsample_bytree': 0.6, 'colsample_bylevel': 0.6, 'n_estimators': 300}",0.9144781144781144,repeated_stratified,6,3,full,electrode
8,8,1.0,7,5,0.7142857142857143,8,4,0.5,0.7391304347826086,0.7321428571428571,0.8998015873015873,8,0,0,0,5,2,0,4,4,P29,xgb,150,"{'subsample': 0.6, 'reg_lambda': 5, 'reg_alpha': 0.5, 'min_child_weight': 1, 'max_depth': 8, 'learning_rate': 0.03, 'gamma': 0.3, 'colsample_bytree': 0.6, 'colsample_bylevel': 0.6, 'n_estimators': 300}",0.7903318903318904,repeated_stratified,6,4,full,electrode
8,8,1.0,8,5,0.625,8,3,0.375,0.6666666666666666,0.6526610644257703,0.7786458333333334,8,0,0,0,5,3,1,4,3,P29,xgb,150,"{'subsample': 0.6, 'reg_lambda': 1, 'reg_alpha': 0, 'min_child_weight': 1, 'max_depth': 2, 'learning_rate': 0.03, 'gamma': 0, 'colsample_bytree': 0.6, 'colsample_bylevel': 0.6, 'n_estimators': 300}",0.914045214045214,repeated_stratified,7,0,full,electrode
8,8,1.0,8,2,0.25,8,8,1.0,0.75,0.709090909090909,0.9427083333333334,8,0,0,0,2,6,0,0,8,P29,xgb,150,"{'subsample': 0.6, 'reg_lambda': 5, 'reg_alpha': 0, 'min_child_weight': 1, 'max_depth': 2, 'learning_rate': 0.01, 'gamma': 0.3, 'colsample_bytree': 0.7, 'colsample_bylevel': 0.6, 'n_estimators': 300}",0.8370610870610871,repeated_stratified,7,1,full,electrode
8,8,1.0,8,4,0.5,8,3,0.375,0.625,0.6058201058201058,0.8307291666666666,8,0,0,1,4,3,1,4,3,P29,xgb,150,"{'subsample': 0.8, 'reg_lambda': 10, 'reg_alpha': 0, 'min_child_weight': 1, 'max_depth': 8, 'learning_rate': 0.05, 'gamma': 0, 'colsample_bytree': 0.7, 'colsample_bylevel': 0.6, 'n_estimators': 300}",0.8940836940836939,repeated_stratified,7,2,full,electrode
8,7,0.875,8,4,0.5,8,4,0.5,0.625,0.625,0.8177083333333334,7,0,1,1,4,3,0,4,4,P29,xgb,150,"{'subsample': 0.6, 'reg_lambda': 1, 'reg_alpha': 0, 'min_child_weight': 1, 'max_depth': 2, 'learning_rate': 0.03, 'gamma': 0, 'colsample_bytree': 0.6, 'colsample_bylevel': 0.6, 'n_estimators': 300}",0.907912457912458,repeated_stratified,7,3,full,electrode
8,7,0.875,7,3,0.4285714285714285,8,1,0.125,0.4782608695652174,0.4605957767722473,0.7206349206349207,7,1,0,0,3,4,1,6,1,P29,xgb,150,"{'subsample': 0.6, 'reg_lambda': 1, 'reg_alpha': 0, 'min_child_weight': 1, 'max_depth': 2, 'learning_rate': 0.03, 'gamma': 0, 'colsample_bytree': 0.6, 'colsample_bylevel': 0.6, 'n_estimators': 300}",0.9149831649831648,repeated_stratified,7,4,full,electrode
8,7,0.875,8,4,0.5,8,3,0.375,0.5833333333333334,0.5925925925925926,0.75,7,1,0,0,4,4,0,5,3,P29,xgb,149,"{'subsample': 0.6, 'reg_lambda': 1, 'reg_alpha': 0, 'min_child_weight': 1, 'max_depth': 2, 'learning_rate': 0.03, 'gamma': 0, 'colsample_bytree': 0.6, 'colsample_bylevel': 0.6, 'n_estimators': 300}",0.8784511784511785,repeated_stratified,8,0,full,electrode
8,8,1.0,8,3,0.375,8,5,0.625,0.6666666666666666,0.6613756613756614,0.8671875,8,0,0,0,3,5,0,3,5,P29,xgb,150,"{'subsample': 0.8, 'reg_lambda': 10, 'reg_alpha': 0, 'min_child_weight': 1, 'max_depth': 8, 'learning_rate': 0.05, 'gamma': 0, 'colsample_bytree': 0.7, 'colsample_bylevel': 0.6, 'n_estimators': 300}",0.8866281866281867,repeated_stratified,8,1,full,electrode
8,8,1.0,8,5,0.625,8,5,0.625,0.75,0.7407407407407406,0.8645833333333334,8,0,0,1,5,2,1,2,5,P29,xgb,150,"{'subsample': 0.6, 'reg_lambda': 3, 'reg_alpha': 0.1, 'min_child_weight': 1, 'max_depth': 2, 'learning_rate': 0.05, 'gamma': 0, 'colsample_bytree': 0.7, 'colsample_bylevel': 0.6, 'n_estimators': 300}",0.8743867243867244,repeated_stratified,8,2,full,electrode
8,8,1.0,8,3,0.375,8,6,0.75,0.7083333333333334,0.697705802968961,0.8359375,8,0,0,0,3,5,0,2,6,P29,xgb,150,"{'subsample': 0.6, 'reg_lambda': 1, 'reg_alpha': 0, 'min_child_weight': 1, 'max_depth': 2, 'learning_rate': 0.03, 'gamma': 0, 'colsample_bytree': 0.6, 'colsample_bylevel': 0.6, 'n_estimators': 300}",0.853054353054353,repeated_stratified,8,3,full,electrode
8,8,1.0,7,3,0.4285714285714285,8,5,0.625,0.6956521739130435,0.6832579185520363,0.8994047619047619,8,0,0,0,3,4,0,3,5,P29,xgb,150,"{'subsample': 0.6, 'reg_lambda': 3, 'reg_alpha': 0.1, 'min_child_weight': 1, 'max_depth': 2, 'learning_rate': 0.05, 'gamma': 0, 'colsample_bytree': 0.7, 'colsample_bylevel': 0.6, 'n_estimators': 300}",0.8762866762866763,repeated_stratified,8,4,full,electrode
8,8,1.0,8,4,0.5,8,5,0.625,0.7083333333333334,0.6998366013071896,0.8255208333333334,8,0,0,1,4,3,0,3,5,P29,xgb,150,"{'subsample': 0.8, 'reg_lambda': 10, 'reg_alpha': 0, 'min_child_weight': 1, 'max_depth': 4, 'learning_rate': 0.03, 'gamma': 0, 'colsample_bytree': 0.6, 'colsample_bylevel': 0.8, 'n_estimators': 300}",0.875060125060125,repeated_stratified,9,0,full,electrode
8,8,1.0,8,4,0.5,8,4,0.5,0.6666666666666666,0.6666666666666666,0.8359375,8,0,0,0,4,4,0,4,4,P29,xgb,150,"{'subsample': 0.6, 'reg_lambda': 1, 'reg_alpha': 0, 'min_child_weight': 1, 'max_depth': 2, 'learning_rate': 0.03, 'gamma': 0, 'colsample_bytree': 0.6, 'colsample_bylevel': 0.6, 'n_estimators': 300}",0.9193843193843194,repeated_stratified,9,1,full,electrode
8,8,1.0,8,3,0.375,8,4,0.5,0.625,0.6134453781512605,0.8385416666666666,8,0,0,0,3,5,1,3,4,P29,xgb,149,"{'subsample': 0.6, 'reg_lambda': 3, 'reg_alpha': 0.1, 'min_child_weight': 1, 'max_depth': 8, 'learning_rate': 0.05, 'gamma': 0, 'colsample_bytree': 0.7, 'colsample_bylevel': 0.8, 'n_estimators': 300}",0.8915584415584416,repeated_stratified,9,2,full,electrode
8,8,1.0,8,5,0.625,8,5,0.625,0.75,0.75,0.8802083333333334,8,0,0,0,5,3,0,3,5,P29,xgb,150,"{'subsample': 0.6, 'reg_lambda': 5, 'reg_alpha': 0, 'min_child_weight': 1, 'max_depth': 2, 'learning_rate': 0.01, 'gamma': 0.3, 'colsample_bytree': 0.7, 'colsample_bylevel': 0.6, 'n_estimators': 300}",0.8324675324675325,repeated_stratified,9,3,full,electrode
8,7,0.875,7,1,0.1428571428571428,8,2,0.25,0.4347826086956521,0.4226190476190476,0.7376984126984127,7,1,0,0,1,6,1,5,2,P29,xgb,150,"{'subsample': 0.6, 'reg_lambda': 1, 'reg_alpha': 0, 'min_child_weight': 1, 'max_depth': 2, 'learning_rate': 0.03, 'gamma': 0, 'colsample_bytree': 0.6, 'colsample_bylevel': 0.6, 'n_estimators': 300}",0.8895622895622896,repeated_stratified,9,4,full,electrode
8,8,1.0,8,7,0.875,8,7,0.875,0.9166666666666666,0.9166666666666666,0.9739583333333334,8,0,0,0,7,1,0,1,7,P30,xgb,150,"{'subsample': 0.6, 'reg_lambda': 3, 'reg_alpha': 0.1, 'min_child_weight': 1, 'max_depth': 8, 'learning_rate': 0.05, 'gamma': 0, 'colsample_bytree': 0.7, 'colsample_bylevel': 0.8, 'n_estimators': 300}",0.9254689754689754,repeated_stratified,0,0,full,electrode
8,8,1.0,8,2,0.25,8,6,0.75,0.6666666666666666,0.6280347332978912,0.9583333333333334,8,0,0,1,2,5,1,1,6,P30,xgb,147,"{'subsample': 0.6, 'reg_lambda': 1, 'reg_alpha': 0, 'min_child_weight': 1, 'max_depth': 2, 'learning_rate': 0.03, 'gamma': 0, 'colsample_bytree': 0.6, 'colsample_bylevel': 0.6, 'n_estimators': 300}",0.9664261664261664,repeated_stratified,0,1,full,electrode
8,7,0.875,8,7,0.875,8,4,0.5,0.75,0.7424089068825911,0.875,7,1,0,0,7,1,1,3,4,P30,xgb,148,"{'subsample': 0.6, 'reg_lambda': 3, 'reg_alpha': 0.1, 'min_child_weight': 1, 'max_depth': 8, 'learning_rate': 0.05, 'gamma': 0, 'colsample_bytree': 0.7, 'colsample_bylevel': 0.8, 'n_estimators': 300}",0.9606782106782108,repeated_stratified,0,2,full,electrode
8,7,0.875,8,4,0.5,8,6,0.75,0.7083333333333334,0.7047385620915033,0.8880208333333334,7,1,0,1,4,3,0,2,6,P30,xgb,149,"{'subsample': 0.6, 'reg_lambda': 3, 'reg_alpha': 0.1, 'min_child_weight': 1, 'max_depth': 8, 'learning_rate': 0.05, 'gamma': 0, 'colsample_bytree': 0.7, 'colsample_bylevel': 0.8, 'n_estimators': 300}",0.9637806637806636,repeated_stratified,0,3,full,electrode
8,8,1.0,8,8,1.0,8,5,0.625,0.875,0.8704453441295547,0.8697916666666666,8,0,0,0,8,0,0,3,5,P30,xgb,150,"{'subsample': 0.6, 'reg_lambda': 1, 'reg_alpha': 0, 'min_child_weight': 1, 'max_depth': 2, 'learning_rate': 0.03, 'gamma': 0, 'colsample_bytree': 0.6, 'colsample_bylevel': 0.6, 'n_estimators': 300}",0.9629389129389128,repeated_stratified,0,4,full,electrode
8,7,0.875,8,6,0.75,8,4,0.5,0.7083333333333334,0.7043650793650794,0.9348958333333334,7,1,0,0,6,2,1,3,4,P30,xgb,148,"{'subsample': 0.6, 'reg_lambda': 1, 'reg_alpha': 0, 'min_child_weight': 1, 'max_depth': 2, 'learning_rate': 0.03, 'gamma': 0, 'colsample_bytree': 0.6, 'colsample_bylevel': 0.6, 'n_estimators': 300}",0.951106301106301,repeated_stratified,1,0,full,electrode
8,8,1.0,8,7,0.875,8,5,0.625,0.8333333333333334,0.8263305322128852,0.921875,8,0,0,0,7,1,1,2,5,P30,xgb,149,"{'subsample': 0.6, 'reg_lambda': 1, 'reg_alpha': 0, 'min_child_weight': 1, 'max_depth': 2, 'learning_rate': 0.03, 'gamma': 0, 'colsample_bytree': 0.6, 'colsample_bylevel': 0.6, 'n_estimators': 300}",0.9687349687349688,repeated_stratified,1,1,full,electrode
8,8,1.0,8,6,0.75,8,4,0.5,0.75,0.7394957983193278,0.9453125,8,0,0,0,6,2,1,3,4,P30,xgb,150,"{'subsample': 0.6, 'reg_lambda': 1, 'reg_alpha': 0, 'min_child_weight': 1, 'max_depth': 2, 'learning_rate': 0.03, 'gamma': 0, 'colsample_bytree': 0.6, 'colsample_bylevel': 0.6, 'n_estimators': 300}",0.9667388167388168,repeated_stratified,1,2,full,electrode
8,8,1.0,8,6,0.75,8,8,1.0,0.9166666666666666,0.9131652661064426,0.9791666666666666,8,0,0,1,6,1,0,0,8,P30,xgb,150,"{'subsample': 0.6, 'reg_lambda': 1, 'reg_alpha': 0, 'min_child_weight': 1, 'max_depth': 2, 'learning_rate': 0.03, 'gamma': 0, 'colsample_bytree': 0.6, 'colsample_bylevel': 0.6, 'n_estimators': 300}",0.9735930735930736,repeated_stratified,1,3,full,electrode
8,8,1.0,8,6,0.75,8,6,0.75,0.8333333333333334,0.8303921568627451,0.9505208333333334,8,0,0,0,6,2,1,1,6,P30,xgb,150,"{'subsample': 0.6, 'reg_lambda': 1, 'reg_alpha': 0, 'min_child_weight': 1, 'max_depth': 2, 'learning_rate': 0.03, 'gamma': 0, 'colsample_bytree': 0.6, 'colsample_bylevel': 0.6, 'n_estimators': 300}",0.9383838383838384,repeated_stratified,1,4,full,electrode
8,8,1.0,8,7,0.875,8,4,0.5,0.7916666666666666,0.7777777777777777,0.9036458333333334,8,0,0,1,7,0,1,3,4,P30,xgb,150,"{'subsample': 0.6, 'reg_lambda': 3, 'reg_alpha': 0.1, 'min_child_weight': 1, 'max_depth': 2, 'learning_rate': 0.05, 'gamma': 0, 'colsample_bytree': 0.7, 'colsample_bylevel': 0.6, 'n_estimators': 300}",0.9676767676767678,repeated_stratified,2,0,full,electrode
8,7,0.875,8,6,0.75,8,5,0.625,0.75,0.7478991596638656,0.9114583333333334,7,1,0,1,6,1,1,2,5,P30,xgb,149,"{'subsample': 0.6, 'reg_lambda': 3, 'reg_alpha': 0.1, 'min_child_weight': 1, 'max_depth': 8, 'learning_rate': 0.05, 'gamma': 0, 'colsample_bytree': 0.7, 'colsample_bylevel': 0.8, 'n_estimators': 300}",0.9429773929773928,repeated_stratified,2,1,full,electrode
8,8,1.0,8,5,0.625,8,5,0.625,0.75,0.744281045751634,0.9088541666666666,8,0,0,1,5,2,0,3,5,P30,xgb,150,"{'subsample': 0.6, 'reg_lambda': 1, 'reg_alpha': 0, 'min_child_weight': 1, 'max_depth': 2, 'learning_rate': 0.03, 'gamma': 0, 'colsample_bytree': 0.6, 'colsample_bylevel': 0.6, 'n_estimators': 300}",0.9628908128908128,repeated_stratified,2,2,full,electrode
8,8,1.0,8,6,0.75,8,8,1.0,0.9166666666666666,0.9153439153439152,0.9635416666666666,8,0,0,0,6,2,0,0,8,P30,xgb,150,"{'subsample': 0.6, 'reg_lambda': 1, 'reg_alpha': 0, 'min_child_weight': 1, 'max_depth': 2, 'learning_rate': 0.03, 'gamma': 0, 'colsample_bytree': 0.6, 'colsample_bylevel': 0.6, 'n_estimators': 300}",0.9330206830206832,repeated_stratified,2,3,full,electrode
8,8,1.0,8,7,0.875,8,8,1.0,0.9583333333333334,0.9581699346405228,0.9557291666666666,8,0,0,0,7,1,0,0,8,P30,xgb,150,"{'subsample': 0.6, 'reg_lambda': 3, 'reg_alpha': 0.1, 'min_child_weight': 1, 'max_depth': 8, 'learning_rate': 0.05, 'gamma': 0, 'colsample_bytree': 0.7, 'colsample_bylevel': 0.8, 'n_estimators': 300}",0.9237614237614236,repeated_stratified,2,4,full,electrode
8,8,1.0,8,6,0.75,8,4,0.5,0.75,0.7388888888888889,0.9427083333333334,8,0,0,2,6,0,2,2,4,P30,xgb,150,"{'subsample': 0.6, 'reg_lambda': 1, 'reg_alpha': 0, 'min_child_weight': 1, 'max_depth': 2, 'learning_rate': 0.03, 'gamma': 0, 'colsample_bytree': 0.6, 'colsample_bylevel': 0.6, 'n_estimators': 300}",0.977873977873978,repeated_stratified,3,0,full,electrode
8,8,1.0,8,5,0.625,8,4,0.5,0.7083333333333334,0.7071895424836602,0.921875,8,0,0,0,5,3,0,4,4,P30,xgb,148,"{'subsample': 0.6, 'reg_lambda': 1, 'reg_alpha': 0, 'min_child_weight': 1, 'max_depth': 2, 'learning_rate': 0.03, 'gamma': 0, 'colsample_bytree': 0.6, 'colsample_bylevel': 0.6, 'n_estimators': 300}",0.958994708994709,repeated_stratified,3,1,full,electrode
8,8,1.0,8,5,0.625,8,8,1.0,0.875,0.8704453441295547,0.984375,8,0,0,0,5,3,0,0,8,P30,xgb,149,"{'subsample': 0.6, 'reg_lambda': 3, 'reg_alpha': 0.1, 'min_child_weight': 1, 'max_depth': 2, 'learning_rate': 0.05, 'gamma': 0, 'colsample_bytree': 0.7, 'colsample_bylevel': 0.6, 'n_estimators': 300}",0.9629389129389132,repeated_stratified,3,2,full,electrode
8,8,1.0,8,6,0.75,8,6,0.75,0.8333333333333334,0.8333333333333334,0.953125,8,0,0,0,6,2,0,2,6,P30,xgb,150,"{'subsample': 0.6, 'reg_lambda': 1, 'reg_alpha': 0, 'min_child_weight': 1, 'max_depth': 2, 'learning_rate': 0.03, 'gamma': 0, 'colsample_bytree': 0.6, 'colsample_bylevel': 0.6, 'n_estimators': 300}",0.956132756132756,repeated_stratified,3,3,full,electrode
8,8,1.0,8,6,0.75,8,7,0.875,0.875,0.8720588235294118,0.9375,8,0,0,1,6,1,0,1,7,P30,xgb,150,"{'subsample': 0.6, 'reg_lambda': 1, 'reg_alpha': 0, 'min_child_weight': 1, 'max_depth': 2, 'learning_rate': 0.03, 'gamma': 0, 'colsample_bytree': 0.6, 'colsample_bylevel': 0.6, 'n_estimators': 300}",0.9616883116883116,repeated_stratified,3,4,full,electrode
8,7,0.875,8,5,0.625,8,4,0.5,0.6666666666666666,0.658068783068783,0.8463541666666666,7,0,1,2,5,1,1,3,4,P30,xgb,149,"{'subsample': 0.6, 'reg_lambda': 3, 'reg_alpha': 0.1, 'min_child_weight': 1, 'max_depth': 2, 'learning_rate': 0.05, 'gamma': 0, 'colsample_bytree': 0.7, 'colsample_bylevel': 0.6, 'n_estimators': 300}",0.9684463684463686,repeated_stratified,4,0,full,electrode
8,8,1.0,8,8,1.0,8,8,1.0,1.0,1.0,1.0,8,0,0,0,8,0,0,0,8,P30,xgb,149,"{'subsample': 0.6, 'reg_lambda': 1, 'reg_alpha': 0, 'min_child_weight': 1, 'max_depth': 2, 'learning_rate': 0.03, 'gamma': 0, 'colsample_bytree': 0.6, 'colsample_bylevel': 0.6, 'n_estimators': 300}",0.9543771043771044,repeated_stratified,4,1,full,electrode
8,8,1.0,8,8,1.0,8,7,0.875,0.9583333333333334,0.9581699346405228,0.96875,8,0,0,0,8,0,0,1,7,P30,xgb,149,"{'subsample': 0.6, 'reg_lambda': 10, 'reg_alpha': 0.1, 'min_child_weight': 1, 'max_depth': 8, 'learning_rate': 0.03, 'gamma': 0.3, 'colsample_bytree': 0.6, 'colsample_bylevel': 0.8, 'n_estimators': 300}",0.92982202982203,repeated_stratified,4,2,full,electrode
8,8,1.0,8,4,0.5,8,5,0.625,0.7083333333333334,0.6951058201058201,0.8932291666666666,8,0,0,1,4,3,1,2,5,P30,xgb,150,"{'subsample': 0.6, 'reg_lambda': 1, 'reg_alpha': 0, 'min_child_weight': 1, 'max_depth': 2, 'learning_rate': 0.03, 'gamma': 0, 'colsample_bytree': 0.6, 'colsample_bylevel': 0.6, 'n_estimators': 300}",0.9522366522366522,repeated_stratified,4,3,full,electrode
8,8,1.0,8,6,0.75,8,4,0.5,0.75,0.7394957983193278,0.9296875,8,0,0,0,6,2,1,3,4,P30,xgb,150,"{'subsample': 0.6, 'reg_lambda': 1, 'reg_alpha': 0, 'min_child_weight': 1, 'max_depth': 2, 'learning_rate': 0.03, 'gamma': 0, 'colsample_bytree': 0.6, 'colsample_bylevel': 0.6, 'n_estimators': 300}",0.966161616161616,repeated_stratified,4,4,full,electrode
8,8,1.0,8,7,0.875,8,7,0.875,0.9166666666666666,0.9166666666666666,0.9973958333333334,8,0,0,0,7,1,0,1,7,P30,xgb,150,"{'subsample': 0.6, 'reg_lambda': 3, 'reg_alpha': 0.1, 'min_child_weight': 1, 'max_depth': 8, 'learning_rate': 0.05, 'gamma': 0, 'colsample_bytree': 0.7, 'colsample_bylevel': 0.8, 'n_estimators': 300}",0.9407647907647908,repeated_stratified,5,0,full,electrode
8,7,0.875,8,6,0.75,8,8,1.0,0.875,0.8720588235294118,0.9453125,7,1,0,1,6,1,0,0,8,P30,xgb,149,"{'subsample': 0.6, 'reg_lambda': 1, 'reg_alpha': 0, 'min_child_weight': 1, 'max_depth': 2, 'learning_rate': 0.03, 'gamma': 0, 'colsample_bytree': 0.6, 'colsample_bylevel': 0.6, 'n_estimators': 300}",0.9426166426166428,repeated_stratified,5,1,full,electrode
8,8,1.0,8,5,0.625,8,3,0.375,0.6666666666666666,0.6428812415654521,0.828125,8,0,0,1,5,2,2,3,3,P30,xgb,150,"{'subsample': 0.6, 'reg_lambda': 1, 'reg_alpha': 0, 'min_child_weight': 1, 'max_depth': 2, 'learning_rate': 0.03, 'gamma': 0, 'colsample_bytree': 0.6, 'colsample_bylevel': 0.6, 'n_estimators': 300}",0.9685425685425684,repeated_stratified,5,2,full,electrode
8,8,1.0,8,6,0.75,8,6,0.75,0.8333333333333334,0.8303921568627451,0.9348958333333334,8,0,0,0,6,2,1,1,6,P30,xgb,145,"{'subsample': 0.6, 'reg_lambda': 1, 'reg_alpha': 0, 'min_child_weight': 1, 'max_depth': 2, 'learning_rate': 0.03, 'gamma': 0, 'colsample_bytree': 0.6, 'colsample_bylevel': 0.6, 'n_estimators': 300}",0.9682299182299182,repeated_stratified,5,3,full,electrode
8,7,0.875,8,6,0.75,8,6,0.75,0.7916666666666666,0.7964052287581699,0.9088541666666666,7,1,0,0,6,2,0,2,6,P30,xgb,149,"{'subsample': 0.6, 'reg_lambda': 1, 'reg_alpha': 0, 'min_child_weight': 1, 'max_depth': 2, 'learning_rate': 0.03, 'gamma': 0, 'colsample_bytree': 0.6, 'colsample_bylevel': 0.6, 'n_estimators': 300}",0.9565416065416068,repeated_stratified,5,4,full,electrode
8,8,1.0,8,4,0.5,8,5,0.625,0.7083333333333334,0.700280112044818,0.8984375,8,0,0,0,4,4,1,2,5,P30,xgb,149,"{'subsample': 0.6, 'reg_lambda': 1, 'reg_alpha': 0, 'min_child_weight': 1, 'max_depth': 2, 'learning_rate': 0.03, 'gamma': 0, 'colsample_bytree': 0.6, 'colsample_bylevel': 0.6, 'n_estimators': 300}",0.9524771524771526,repeated_stratified,6,0,full,electrode
8,8,1.0,8,5,0.625,8,7,0.875,0.8333333333333334,0.8263305322128852,0.921875,8,0,0,1,5,2,0,1,7,P30,xgb,148,"{'subsample': 0.6, 'reg_lambda': 1, 'reg_alpha': 0, 'min_child_weight': 1, 'max_depth': 2, 'learning_rate': 0.03, 'gamma': 0, 'colsample_bytree': 0.6, 'colsample_bylevel': 0.6, 'n_estimators': 300}",0.9333092833092832,repeated_stratified,6,1,full,electrode
8,8,1.0,8,5,0.625,8,6,0.75,0.7916666666666666,0.7908496732026143,0.890625,8,0,0,0,5,3,0,2,6,P30,xgb,150,"{'subsample': 0.6, 'reg_lambda': 3, 'reg_alpha': 0.1, 'min_child_weight': 1, 'max_depth': 8, 'learning_rate': 0.05, 'gamma': 0, 'colsample_bytree': 0.7, 'colsample_bylevel': 0.8, 'n_estimators': 300}",0.9278258778258776,repeated_stratified,6,2,full,electrode
8,8,1.0,8,6,0.75,8,7,0.875,0.875,0.8736772486772487,0.9427083333333334,8,0,0,1,6,1,1,0,7,P30,xgb,149,"{'subsample': 0.6, 'reg_lambda': 1, 'reg_alpha': 0, 'min_child_weight': 1, 'max_depth': 2, 'learning_rate': 0.03, 'gamma': 0, 'colsample_bytree': 0.6, 'colsample_bylevel': 0.6, 'n_estimators': 300}",0.948027898027898,repeated_stratified,6,3,full,electrode
8,8,1.0,8,6,0.75,8,7,0.875,0.875,0.8745098039215686,0.9869791666666666,8,0,0,0,6,2,0,1,7,P30,xgb,150,"{'subsample': 0.6, 'reg_lambda': 3, 'reg_alpha': 0.1, 'min_child_weight': 1, 'max_depth': 2, 'learning_rate': 0.05, 'gamma': 0, 'colsample_bytree': 0.7, 'colsample_bylevel': 0.6, 'n_estimators': 300}",0.9568542568542568,repeated_stratified,6,4,full,electrode
8,8,1.0,8,6,0.75,8,7,0.875,0.875,0.8745098039215686,0.9296875,8,0,0,0,6,2,0,1,7,P30,xgb,150,"{'subsample': 0.6, 'reg_lambda': 3, 'reg_alpha': 0.1, 'min_child_weight': 1, 'max_depth': 8, 'learning_rate': 0.05, 'gamma': 0, 'colsample_bytree': 0.7, 'colsample_bylevel': 0.8, 'n_estimators': 300}",0.9750601250601252,repeated_stratified,7,0,full,electrode
8,7,0.875,8,6,0.75,8,6,0.75,0.7916666666666666,0.7964052287581699,0.9192708333333334,7,1,0,0,6,2,0,2,6,P30,xgb,150,"{'subsample': 0.8, 'reg_lambda': 10, 'reg_alpha': 0, 'min_child_weight': 1, 'max_depth': 8, 'learning_rate': 0.05, 'gamma': 0, 'colsample_bytree': 0.7, 'colsample_bylevel': 0.6, 'n_estimators': 300}",0.9692400192400192,repeated_stratified,7,1,full,electrode
8,8,1.0,8,7,0.875,8,5,0.625,0.8333333333333334,0.8272163566281213,0.9375,8,0,0,1,7,0,1,2,5,P30,xgb,150,"{'subsample': 0.6, 'reg_lambda': 3, 'reg_alpha': 0.1, 'min_child_weight': 1, 'max_depth': 8, 'learning_rate': 0.05, 'gamma': 0, 'colsample_bytree': 0.7, 'colsample_bylevel': 0.8, 'n_estimators': 300}",0.9442039442039444,repeated_stratified,7,2,full,electrode
8,8,1.0,8,7,0.875,8,8,1.0,0.9583333333333334,0.9581699346405228,0.9895833333333334,8,0,0,0,7,1,0,0,8,P30,xgb,150,"{'subsample': 0.6, 'reg_lambda': 1, 'reg_alpha': 0, 'min_child_weight': 1, 'max_depth': 2, 'learning_rate': 0.03, 'gamma': 0, 'colsample_bytree': 0.6, 'colsample_bylevel': 0.6, 'n_estimators': 300}",0.9408369408369408,repeated_stratified,7,3,full,electrode
8,8,1.0,8,5,0.625,8,5,0.625,0.75,0.744281045751634,0.8776041666666666,8,0,0,0,5,3,1,2,5,P30,xgb,150,"{'subsample': 0.6, 'reg_lambda': 1, 'reg_alpha': 0, 'min_child_weight': 1, 'max_depth': 2, 'learning_rate': 0.03, 'gamma': 0, 'colsample_bytree': 0.6, 'colsample_bylevel': 0.6, 'n_estimators': 300}",0.9664742664742664,repeated_stratified,7,4,full,electrode
8,7,0.875,8,7,0.875,8,3,0.375,0.7083333333333334,0.6896613190730837,0.8828125,7,1,0,1,7,0,1,4,3,P30,xgb,149,"{'subsample': 0.6, 'reg_lambda': 3, 'reg_alpha': 0.1, 'min_child_weight': 1, 'max_depth': 2, 'learning_rate': 0.05, 'gamma': 0, 'colsample_bytree': 0.7, 'colsample_bylevel': 0.6, 'n_estimators': 300}",0.9695045695045694,repeated_stratified,8,0,full,electrode
8,8,1.0,8,6,0.75,8,6,0.75,0.8333333333333334,0.8333333333333334,0.9505208333333334,8,0,0,0,6,2,0,2,6,P30,xgb,150,"{'subsample': 0.6, 'reg_lambda': 1, 'reg_alpha': 0, 'min_child_weight': 1, 'max_depth': 2, 'learning_rate': 0.03, 'gamma': 0, 'colsample_bytree': 0.6, 'colsample_bylevel': 0.6, 'n_estimators': 300}",0.9496873496873496,repeated_stratified,8,1,full,electrode
8,7,0.875,8,4,0.5,8,7,0.875,0.75,0.7414021164021164,0.8984375,7,1,0,1,4,3,0,1,7,P30,xgb,149,"{'subsample': 0.6, 'reg_lambda': 1, 'reg_alpha': 0, 'min_child_weight': 1, 'max_depth': 2, 'learning_rate': 0.03, 'gamma': 0, 'colsample_bytree': 0.6, 'colsample_bylevel': 0.6, 'n_estimators': 300}",0.9522607022607024,repeated_stratified,8,2,full,electrode
8,8,1.0,8,6,0.75,8,6,0.75,0.8333333333333334,0.8303921568627451,0.9479166666666666,8,0,0,0,6,2,1,1,6,P30,xgb,150,"{'subsample': 0.6, 'reg_lambda': 1, 'reg_alpha': 0, 'min_child_weight': 1, 'max_depth': 2, 'learning_rate': 0.03, 'gamma': 0, 'colsample_bytree': 0.6, 'colsample_bylevel': 0.6, 'n_estimators': 300}",0.9743867243867244,repeated_stratified,8,3,full,electrode
8,8,1.0,8,6,0.75,8,6,0.75,0.8333333333333334,0.8303921568627451,0.9166666666666666,8,0,0,1,6,1,0,2,6,P30,xgb,150,"{'subsample': 0.6, 'reg_lambda': 1, 'reg_alpha': 0, 'min_child_weight': 1, 'max_depth': 2, 'learning_rate': 0.03, 'gamma': 0, 'colsample_bytree': 0.6, 'colsample_bylevel': 0.6, 'n_estimators': 300}",0.957936507936508,repeated_stratified,8,4,full,electrode
8,8,1.0,8,5,0.625,8,7,0.875,0.8333333333333334,0.8306878306878307,0.9322916666666666,8,0,0,0,5,3,0,1,7,P30,xgb,150,"{'subsample': 0.6, 'reg_lambda': 3, 'reg_alpha': 0.1, 'min_child_weight': 1, 'max_depth': 2, 'learning_rate': 0.05, 'gamma': 0, 'colsample_bytree': 0.7, 'colsample_bylevel': 0.6, 'n_estimators': 300}",0.9704184704184704,repeated_stratified,9,0,full,electrode
8,8,1.0,8,6,0.75,8,5,0.625,0.7916666666666666,0.7859477124183006,0.9322916666666666,8,0,0,0,6,2,1,2,5,P30,xgb,147,"{'subsample': 0.6, 'reg_lambda': 1, 'reg_alpha': 0, 'min_child_weight': 1, 'max_depth': 2, 'learning_rate': 0.03, 'gamma': 0, 'colsample_bytree': 0.6, 'colsample_bylevel': 0.6, 'n_estimators': 300}",0.9472582972582972,repeated_stratified,9,1,full,electrode
8,8,1.0,8,8,1.0,8,5,0.625,0.875,0.8704453441295547,0.9817708333333334,8,0,0,0,8,0,0,3,5,P30,xgb,150,"{'subsample': 0.6, 'reg_lambda': 1, 'reg_alpha': 0, 'min_child_weight': 1, 'max_depth': 2, 'learning_rate': 0.03, 'gamma': 0, 'colsample_bytree': 0.6, 'colsample_bylevel': 0.6, 'n_estimators': 300}",0.9478595478595478,repeated_stratified,9,2,full,electrode
8,8,1.0,8,8,1.0,8,7,0.875,0.9583333333333334,0.9581699346405228,0.9947916666666666,8,0,0,0,8,0,0,1,7,P30,xgb,147,"{'subsample': 0.6, 'reg_lambda': 1, 'reg_alpha': 0, 'min_child_weight': 1, 'max_depth': 2, 'learning_rate': 0.03, 'gamma': 0, 'colsample_bytree': 0.6, 'colsample_bylevel': 0.6, 'n_estimators': 300}",0.9453342953342956,repeated_stratified,9,3,full,electrode
8,8,1.0,8,6,0.75,8,4,0.5,0.75,0.7394957983193278,0.8880208333333334,8,0,0,0,6,2,1,3,4,P30,xgb,150,"{'subsample': 0.6, 'reg_lambda': 1, 'reg_alpha': 0, 'min_child_weight': 1, 'max_depth': 2, 'learning_rate': 0.03, 'gamma': 0, 'colsample_bytree': 0.6, 'colsample_bylevel': 0.6, 'n_estimators': 300}",0.9714526214526216,repeated_stratified,9,4,full,electrode
8,8,1.0,8,4,0.5,8,6,0.75,0.75,0.746031746031746,0.9296875,8,0,0,0,4,4,0,2,6,P31,xgb,149,"{'subsample': 0.6, 'reg_lambda': 3, 'reg_alpha': 0.1, 'min_child_weight': 1, 'max_depth': 2, 'learning_rate': 0.05, 'gamma': 0, 'colsample_bytree': 0.7, 'colsample_bylevel': 0.6, 'n_estimators': 300}",0.9601731601731602,repeated_stratified,0,0,full,electrode
8,8,1.0,8,6,0.75,8,7,0.875,0.875,0.8745098039215686,0.9661458333333334,8,0,0,0,6,2,0,1,7,P31,xgb,150,"{'subsample': 0.8, 'reg_lambda': 1, 'reg_alpha': 0, 'min_child_weight': 1, 'max_depth': 8, 'learning_rate': 0.01, 'gamma': 0.3, 'colsample_bytree': 0.6, 'colsample_bylevel': 0.8, 'n_estimators': 300}",0.9246272246272246,repeated_stratified,0,1,full,electrode
8,7,0.875,8,8,1.0,8,8,1.0,0.9583333333333334,0.9581699346405229,0.9947916666666666,7,0,1,0,8,0,0,0,8,P31,xgb,150,"{'subsample': 0.8, 'reg_lambda': 1, 'reg_alpha': 0, 'min_child_weight': 1, 'max_depth': 8, 'learning_rate': 0.01, 'gamma': 0.3, 'colsample_bytree': 0.6, 'colsample_bylevel': 0.8, 'n_estimators': 300}",0.9736411736411738,repeated_stratified,0,2,full,electrode
8,8,1.0,8,7,0.875,8,5,0.625,0.8333333333333334,0.8306878306878307,0.9635416666666666,8,0,0,0,7,1,0,3,5,P31,xgb,148,"{'subsample': 0.6, 'reg_lambda': 5, 'reg_alpha': 0.5, 'min_child_weight': 1, 'max_depth': 8, 'learning_rate': 0.03, 'gamma': 0.3, 'colsample_bytree': 0.6, 'colsample_bylevel': 0.6, 'n_estimators': 300}",0.9553872053872055,repeated_stratified,0,3,full,electrode
8,8,1.0,8,8,1.0,8,3,0.375,0.7916666666666666,0.7691197691197691,0.9088541666666666,8,0,0,0,8,0,0,5,3,P31,xgb,150,"{'subsample': 0.8, 'reg_lambda': 10, 'reg_alpha': 0.1, 'min_child_weight': 1, 'max_depth': 16, 'learning_rate': 0.01, 'gamma': 0.1, 'colsample_bytree': 0.6, 'colsample_bylevel': 0.6, 'n_estimators': 300}",0.9594276094276095,repeated_stratified,0,4,full,electrode
8,8,1.0,8,6,0.75,8,6,0.75,0.8333333333333334,0.8333333333333334,0.9609375,8,0,0,0,6,2,0,2,6,P31,xgb,149,"{'subsample': 0.6, 'reg_lambda': 1, 'reg_alpha': 0, 'min_child_weight': 1, 'max_depth': 2, 'learning_rate': 0.03, 'gamma': 0, 'colsample_bytree': 0.6, 'colsample_bylevel': 0.6, 'n_estimators': 300}",0.9595478595478596,repeated_stratified,1,0,full,electrode
8,8,1.0,8,6,0.75,8,7,0.875,0.875,0.8745098039215686,0.953125,8,0,0,0,6,2,0,1,7,P31,xgb,150,"{'subsample': 0.8, 'reg_lambda': 5, 'reg_alpha': 0.1, 'min_child_weight': 1, 'max_depth': 8, 'learning_rate': 0.03, 'gamma': 0, 'colsample_bytree': 0.6, 'colsample_bylevel': 0.6, 'n_estimators': 300}",0.9353294853294853,repeated_stratified,1,1,full,electrode
8,8,1.0,8,6,0.75,8,6,0.75,0.8333333333333334,0.8333333333333334,0.9713541666666666,8,0,0,0,6,2,0,2,6,P31,xgb,144,"{'subsample': 0.6, 'reg_lambda': 5, 'reg_alpha': 0.5, 'min_child_weight': 1, 'max_depth': 8, 'learning_rate': 0.03, 'gamma': 0.3, 'colsample_bytree': 0.6, 'colsample_bylevel': 0.6, 'n_estimators': 300}",0.9507215007215007,repeated_stratified,1,2,full,electrode
8,8,1.0,8,5,0.625,8,6,0.75,0.7916666666666666,0.7908496732026143,0.9322916666666666,8,0,0,0,5,3,0,2,6,P31,xgb,128,"{'subsample': 0.6, 'reg_lambda': 1, 'reg_alpha': 0.1, 'min_child_weight': 1, 'max_depth': 2, 'learning_rate': 0.01, 'gamma': 2, 'colsample_bytree': 0.7, 'colsample_bylevel': 0.6, 'n_estimators': 300}",0.9728475228475228,repeated_stratified,1,3,full,electrode
8,8,1.0,8,8,1.0,8,4,0.5,0.8333333333333334,0.8222222222222223,0.9375,8,0,0,0,8,0,0,4,4,P31,xgb,150,"{'subsample': 0.6, 'reg_lambda': 5, 'reg_alpha': 0, 'min_child_weight': 1, 'max_depth': 2, 'learning_rate': 0.01, 'gamma': 0.3, 'colsample_bytree': 0.7, 'colsample_bylevel': 0.6, 'n_estimators': 300}",0.9474266474266474,repeated_stratified,1,4,full,electrode
8,8,1.0,8,7,0.875,8,6,0.75,0.875,0.8745098039215686,0.953125,8,0,0,0,7,1,0,2,6,P31,xgb,148,"{'subsample': 0.8, 'reg_lambda': 1, 'reg_alpha': 0, 'min_child_weight': 1, 'max_depth': 4, 'learning_rate': 0.01, 'gamma': 0, 'colsample_bytree': 0.7, 'colsample_bylevel': 0.8, 'n_estimators': 300}",0.9252525252525253,repeated_stratified,2,0,full,electrode
8,8,1.0,8,6,0.75,8,6,0.75,0.8333333333333334,0.8333333333333334,0.9088541666666666,8,0,0,0,6,2,0,2,6,P31,xgb,150,"{'subsample': 0.6, 'reg_lambda': 3, 'reg_alpha': 0.1, 'min_child_weight': 1, 'max_depth': 2, 'learning_rate': 0.05, 'gamma': 0, 'colsample_bytree': 0.7, 'colsample_bylevel': 0.6, 'n_estimators': 300}",0.9723184223184224,repeated_stratified,2,1,full,electrode
8,8,1.0,8,5,0.625,8,8,1.0,0.875,0.8704453441295547,0.9453125,8,0,0,0,5,3,0,0,8,P31,xgb,147,"{'subsample': 1.0, 'reg_lambda': 10, 'reg_alpha': 0.1, 'min_child_weight': 1, 'max_depth': 2, 'learning_rate': 0.03, 'gamma': 0.3, 'colsample_bytree': 0.6, 'colsample_bylevel': 0.6, 'n_estimators': 300}",0.98001443001443,repeated_stratified,2,2,full,electrode
8,8,1.0,8,7,0.875,8,7,0.875,0.9166666666666666,0.9166666666666666,0.9869791666666666,8,0,0,0,7,1,0,1,7,P31,xgb,150,"{'subsample': 0.8, 'reg_lambda': 1, 'reg_alpha': 0, 'min_child_weight': 1, 'max_depth': 4, 'learning_rate': 0.01, 'gamma': 0, 'colsample_bytree': 0.7, 'colsample_bylevel': 0.8, 'n_estimators': 300}",0.9609427609427609,repeated_stratified,2,3,full,electrode
8,8,1.0,8,7,0.875,8,6,0.75,0.875,0.8739495798319328,0.9661458333333334,8,0,0,1,7,0,0,2,6,P31,xgb,66,"{'subsample': 0.8, 'reg_lambda': 1, 'reg_alpha': 0, 'min_child_weight': 1, 'max_depth': 8, 'learning_rate': 0.01, 'gamma': 0.3, 'colsample_bytree': 0.6, 'colsample_bylevel': 0.8, 'n_estimators': 300}",0.9645743145743145,repeated_stratified,2,4,full,electrode
8,8,1.0,8,7,0.875,8,7,0.875,0.9166666666666666,0.9166666666666666,0.9583333333333334,8,0,0,0,7,1,0,1,7,P31,xgb,148,"{'subsample': 0.6, 'reg_lambda': 1, 'reg_alpha': 0, 'min_child_weight': 1, 'max_depth': 2, 'learning_rate': 0.03, 'gamma': 0, 'colsample_bytree': 0.6, 'colsample_bylevel': 0.6, 'n_estimators': 300}",0.9625781625781626,repeated_stratified,3,0,full,electrode
8,8,1.0,8,6,0.75,8,6,0.75,0.8333333333333334,0.8333333333333334,0.9791666666666666,8,0,0,0,6,2,0,2,6,P31,xgb,148,"{'subsample': 0.6, 'reg_lambda': 5, 'reg_alpha': 0.5, 'min_child_weight': 1, 'max_depth': 8, 'learning_rate': 0.03, 'gamma': 0.3, 'colsample_bytree': 0.6, 'colsample_bylevel': 0.6, 'n_estimators': 300}",0.9654641654641655,repeated_stratified,3,1,full,electrode
8,8,1.0,8,7,0.875,8,4,0.5,0.7916666666666666,0.7840755735492578,0.8932291666666666,8,0,0,0,7,1,0,4,4,P31,xgb,118,"{'subsample': 0.6, 'reg_lambda': 1, 'reg_alpha': 0, 'min_child_weight': 1, 'max_depth': 2, 'learning_rate': 0.03, 'gamma': 0, 'colsample_bytree': 0.6, 'colsample_bylevel': 0.6, 'n_estimators': 300}",0.9673160173160172,repeated_stratified,3,2,full,electrode
8,8,1.0,8,6,0.75,8,5,0.625,0.7916666666666666,0.7871148459383753,0.90625,8,0,0,1,6,1,0,3,5,P31,xgb,150,"{'subsample': 0.8, 'reg_lambda': 10, 'reg_alpha': 0.1, 'min_child_weight': 1, 'max_depth': 16, 'learning_rate': 0.01, 'gamma': 0.1, 'colsample_bytree': 0.6, 'colsample_bylevel': 0.6, 'n_estimators': 300}",0.9676527176527175,repeated_stratified,3,3,full,electrode
8,8,1.0,8,7,0.875,8,6,0.75,0.875,0.8745098039215686,0.9479166666666666,8,0,0,0,7,1,0,2,6,P31,xgb,149,"{'subsample': 0.8, 'reg_lambda': 10, 'reg_alpha': 0, 'min_child_weight': 1, 'max_depth': 4, 'learning_rate': 0.03, 'gamma': 0, 'colsample_bytree': 0.6, 'colsample_bylevel': 0.8, 'n_estimators': 300}",0.9514911014911015,repeated_stratified,3,4,full,electrode
8,8,1.0,8,5,0.625,8,7,0.875,0.8333333333333334,0.8306878306878307,0.9453125,8,0,0,0,5,3,0,1,7,P31,xgb,150,"{'subsample': 0.8, 'reg_lambda': 10, 'reg_alpha': 0, 'min_child_weight': 1, 'max_depth': 8, 'learning_rate': 0.05, 'gamma': 0, 'colsample_bytree': 0.7, 'colsample_bylevel': 0.6, 'n_estimators': 300}",0.9527898027898027,repeated_stratified,4,0,full,electrode
8,8,1.0,8,7,0.875,8,7,0.875,0.9166666666666666,0.9166666666666666,0.9765625,8,0,0,0,7,1,0,1,7,P31,xgb,49,"{'subsample': 0.8, 'reg_lambda': 10, 'reg_alpha': 0.1, 'min_child_weight': 1, 'max_depth': 16, 'learning_rate': 0.01, 'gamma': 0.1, 'colsample_bytree': 0.6, 'colsample_bylevel': 0.6, 'n_estimators': 300}",0.9542809042809043,repeated_stratified,4,1,full,electrode
8,8,1.0,8,6,0.75,8,6,0.75,0.8333333333333334,0.8333333333333334,0.890625,8,0,0,0,6,2,0,2,6,P31,xgb,93,"{'subsample': 0.6, 'reg_lambda': 10, 'reg_alpha': 0.5, 'min_child_weight': 1, 'max_depth': 2, 'learning_rate': 0.05, 'gamma': 0.1, 'colsample_bytree': 0.6, 'colsample_bylevel': 0.6, 'n_estimators': 300}",0.9868205868205867,repeated_stratified,4,2,full,electrode
8,8,1.0,8,7,0.875,8,7,0.875,0.9166666666666666,0.9165032679738562,0.9895833333333334,8,0,0,1,7,0,0,1,7,P31,xgb,150,"{'subsample': 0.8, 'reg_lambda': 1, 'reg_alpha': 0, 'min_child_weight': 1, 'max_depth': 4, 'learning_rate': 0.01, 'gamma': 0, 'colsample_bytree': 0.7, 'colsample_bylevel': 0.8, 'n_estimators': 300}",0.9575036075036075,repeated_stratified,4,3,full,electrode
8,7,0.875,8,6,0.75,8,7,0.875,0.8333333333333334,0.837037037037037,0.9817708333333334,7,0,1,0,6,2,0,1,7,P31,xgb,146,"{'subsample': 0.6, 'reg_lambda': 1, 'reg_alpha': 0, 'min_child_weight': 1, 'max_depth': 2, 'learning_rate': 0.03, 'gamma': 0, 'colsample_bytree': 0.6, 'colsample_bylevel': 0.6, 'n_estimators': 300}",0.9713564213564213,repeated_stratified,4,4,full,electrode
8,7,0.875,8,7,0.875,8,7,0.875,0.875,0.8772875816993464,0.9557291666666666,7,0,1,0,7,1,0,1,7,P31,xgb,149,"{'subsample': 0.8, 'reg_lambda': 3, 'reg_alpha': 0.1, 'min_child_weight': 1, 'max_depth': 2, 'learning_rate': 0.03, 'gamma': 1, 'colsample_bytree': 0.6, 'colsample_bylevel': 0.6, 'n_estimators': 300}",0.9563732563732564,repeated_stratified,5,0,full,electrode
8,8,1.0,8,7,0.875,8,5,0.625,0.8333333333333334,0.8306878306878307,0.9453125,8,0,0,0,7,1,0,3,5,P31,xgb,126,"{'subsample': 0.8, 'reg_lambda': 10, 'reg_alpha': 0.1, 'min_child_weight': 1, 'max_depth': 16, 'learning_rate': 0.01, 'gamma': 0.1, 'colsample_bytree': 0.6, 'colsample_bylevel': 0.6, 'n_estimators': 300}",0.9507696007696008,repeated_stratified,5,1,full,electrode
8,8,1.0,8,7,0.875,8,7,0.875,0.9166666666666666,0.9166666666666666,0.9791666666666666,8,0,0,0,7,1,0,1,7,P31,xgb,116,"{'subsample': 0.8, 'reg_lambda': 10, 'reg_alpha': 0.1, 'min_child_weight': 1, 'max_depth': 16, 'learning_rate': 0.01, 'gamma': 0.1, 'colsample_bytree': 0.6, 'colsample_bylevel': 0.6, 'n_estimators': 300}",0.9694083694083694,repeated_stratified,5,2,full,electrode
8,8,1.0,8,6,0.75,8,6,0.75,0.8333333333333334,0.8333333333333334,0.9088541666666666,8,0,0,0,6,2,0,2,6,P31,xgb,150,"{'subsample': 0.8, 'reg_lambda': 5, 'reg_alpha': 0.1, 'min_child_weight': 1, 'max_depth': 8, 'learning_rate': 0.03, 'gamma': 0, 'colsample_bytree': 0.6, 'colsample_bylevel': 0.6, 'n_estimators': 300}",0.9567340067340068,repeated_stratified,5,3,full,electrode
8,8,1.0,8,5,0.625,8,8,1.0,0.875,0.8704453441295547,0.9583333333333334,8,0,0,0,5,3,0,0,8,P31,xgb,149,"{'subsample': 0.6, 'reg_lambda': 10, 'reg_alpha': 0.1, 'min_child_weight': 1, 'max_depth': 8, 'learning_rate': 0.03, 'gamma': 0.3, 'colsample_bytree': 0.6, 'colsample_bylevel': 0.8, 'n_estimators': 300}",0.9716209716209717,repeated_stratified,5,4,full,electrode
8,7,0.875,8,6,0.75,8,7,0.875,0.8333333333333334,0.837037037037037,0.953125,7,0,1,0,6,2,0,1,7,P31,xgb,148,"{'subsample': 0.8, 'reg_lambda': 1, 'reg_alpha': 0, 'min_child_weight': 1, 'max_depth': 4, 'learning_rate': 0.01, 'gamma': 0, 'colsample_bytree': 0.7, 'colsample_bylevel': 0.8, 'n_estimators': 300}",0.9591149591149591,repeated_stratified,6,0,full,electrode
8,8,1.0,8,7,0.875,8,5,0.625,0.8333333333333334,0.8306878306878307,0.921875,8,0,0,0,7,1,0,3,5,P31,xgb,147,"{'subsample': 0.8, 'reg_lambda': 3, 'reg_alpha': 0.1, 'min_child_weight': 1, 'max_depth': 2, 'learning_rate': 0.03, 'gamma': 1, 'colsample_bytree': 0.6, 'colsample_bylevel': 0.6, 'n_estimators': 300}",0.9561327561327562,repeated_stratified,6,1,full,electrode
8,8,1.0,8,6,0.75,8,8,1.0,0.9166666666666666,0.9153439153439153,0.9661458333333334,8,0,0,0,6,2,0,0,8,P31,xgb,146,"{'subsample': 0.6, 'reg_lambda': 10, 'reg_alpha': 0.5, 'min_child_weight': 1, 'max_depth': 2, 'learning_rate': 0.05, 'gamma': 0.1, 'colsample_bytree': 0.6, 'colsample_bylevel': 0.6, 'n_estimators': 300}",0.9713804713804713,repeated_stratified,6,2,full,electrode
8,8,1.0,8,7,0.875,8,7,0.875,0.9166666666666666,0.9166666666666666,0.984375,8,0,0,0,7,1,0,1,7,P31,xgb,148,"{'subsample': 0.6, 'reg_lambda': 5, 'reg_alpha': 0.5, 'min_child_weight': 1, 'max_depth': 8, 'learning_rate': 0.03, 'gamma': 0.3, 'colsample_bytree': 0.6, 'colsample_bylevel': 0.6, 'n_estimators': 300}",0.9593554593554593,repeated_stratified,6,3,full,electrode
8,8,1.0,8,7,0.875,8,5,0.625,0.8333333333333334,0.8306878306878307,0.9791666666666666,8,0,0,0,7,1,0,3,5,P31,xgb,119,"{'subsample': 0.8, 'reg_lambda': 10, 'reg_alpha': 0, 'min_child_weight': 1, 'max_depth': 4, 'learning_rate': 0.03, 'gamma': 0, 'colsample_bytree': 0.6, 'colsample_bylevel': 0.8, 'n_estimators': 300}",0.9697210197210198,repeated_stratified,6,4,full,electrode
8,8,1.0,8,6,0.75,8,7,0.875,0.875,0.8745098039215686,0.9427083333333334,8,0,0,0,6,2,0,1,7,P31,xgb,150,"{'subsample': 0.8, 'reg_lambda': 10, 'reg_alpha': 0, 'min_child_weight': 1, 'max_depth': 8, 'learning_rate': 0.05, 'gamma': 0, 'colsample_bytree': 0.7, 'colsample_bylevel': 0.6, 'n_estimators': 300}",0.9670755170755171,repeated_stratified,7,0,full,electrode
8,8,1.0,8,8,1.0,8,6,0.75,0.9166666666666666,0.9153439153439153,0.9557291666666666,8,0,0,0,8,0,0,2,6,P31,xgb,147,"{'subsample': 0.6, 'reg_lambda': 1, 'reg_alpha': 0.1, 'min_child_weight': 1, 'max_depth': 2, 'learning_rate': 0.01, 'gamma': 2, 'colsample_bytree': 0.7, 'colsample_bylevel': 0.6, 'n_estimators': 300}",0.9643578643578644,repeated_stratified,7,1,full,electrode
8,8,1.0,8,4,0.5,8,8,1.0,0.8333333333333334,0.8222222222222223,0.9583333333333334,8,0,0,0,4,4,0,0,8,P31,xgb,145,"{'subsample': 0.6, 'reg_lambda': 1, 'reg_alpha': 0.1, 'min_child_weight': 1, 'max_depth': 2, 'learning_rate': 0.01, 'gamma': 2, 'colsample_bytree': 0.7, 'colsample_bylevel': 0.6, 'n_estimators': 300}",0.9531986531986533,repeated_stratified,7,2,full,electrode
8,8,1.0,8,8,1.0,8,6,0.75,0.9166666666666666,0.9153439153439153,0.9505208333333334,8,0,0,0,8,0,0,2,6,P31,xgb,148,"{'subsample': 1.0, 'reg_lambda': 10, 'reg_alpha': 0.1, 'min_child_weight': 1, 'max_depth': 2, 'learning_rate': 0.03, 'gamma': 0.3, 'colsample_bytree': 0.6, 'colsample_bylevel': 0.6, 'n_estimators': 300}",0.9688071188071188,repeated_stratified,7,3,full,electrode
8,7,0.875,8,6,0.75,8,7,0.875,0.8333333333333334,0.8356209150326798,0.9166666666666666,7,1,0,0,6,2,0,1,7,P31,xgb,57,"{'subsample': 0.8, 'reg_lambda': 10, 'reg_alpha': 0, 'min_child_weight': 1, 'max_depth': 8, 'learning_rate': 0.05, 'gamma': 0, 'colsample_bytree': 0.7, 'colsample_bylevel': 0.6, 'n_estimators': 300}",0.9873496873496873,repeated_stratified,7,4,full,electrode
8,8,1.0,8,7,0.875,8,6,0.75,0.875,0.8745098039215686,0.9635416666666666,8,0,0,0,7,1,0,2,6,P31,xgb,150,"{'subsample': 0.8, 'reg_lambda': 1, 'reg_alpha': 0, 'min_child_weight': 1, 'max_depth': 8, 'learning_rate': 0.01, 'gamma': 0.3, 'colsample_bytree': 0.6, 'colsample_bylevel': 0.8, 'n_estimators': 300}",0.962073112073112,repeated_stratified,8,0,full,electrode
8,8,1.0,8,6,0.75,8,5,0.625,0.7916666666666666,0.7908496732026143,0.8854166666666666,8,0,0,0,6,2,0,3,5,P31,xgb,147,"{'subsample': 0.6, 'reg_lambda': 1, 'reg_alpha': 0, 'min_child_weight': 1, 'max_depth': 2, 'learning_rate': 0.03, 'gamma': 0, 'colsample_bytree': 0.6, 'colsample_bylevel': 0.6, 'n_estimators': 300}",0.9672679172679173,repeated_stratified,8,1,full,electrode
8,7,0.875,8,4,0.5,8,6,0.75,0.7083333333333334,0.7121136173767754,0.8333333333333334,7,0,1,0,4,4,0,2,6,P31,xgb,147,"{'subsample': 0.8, 'reg_lambda': 1, 'reg_alpha': 0.1, 'min_child_weight': 1, 'max_depth': 4, 'learning_rate': 0.05, 'gamma': 0.5, 'colsample_bytree': 0.7, 'colsample_bylevel': 0.6, 'n_estimators': 300}",0.9656084656084656,repeated_stratified,8,2,full,electrode
8,8,1.0,8,7,0.875,8,5,0.625,0.8333333333333334,0.8306878306878307,0.8671875,8,0,0,0,7,1,0,3,5,P31,xgb,109,"{'subsample': 0.6, 'reg_lambda': 10, 'reg_alpha': 0.5, 'min_child_weight': 1, 'max_depth': 2, 'learning_rate': 0.05, 'gamma': 0.1, 'colsample_bytree': 0.6, 'colsample_bylevel': 0.6, 'n_estimators': 300}",0.9715969215969217,repeated_stratified,8,3,full,electrode
8,8,1.0,8,8,1.0,8,7,0.875,0.9583333333333334,0.9581699346405229,1.0,8,0,0,0,8,0,0,1,7,P31,xgb,150,"{'subsample': 0.8, 'reg_lambda': 10, 'reg_alpha': 0, 'min_child_weight': 1, 'max_depth': 4, 'learning_rate': 0.03, 'gamma': 0, 'colsample_bytree': 0.6, 'colsample_bylevel': 0.8, 'n_estimators': 300}",0.9232323232323232,repeated_stratified,8,4,full,electrode
8,8,1.0,8,7,0.875,8,5,0.625,0.8333333333333334,0.8306878306878307,0.8828125,8,0,0,0,7,1,0,3,5,P31,xgb,65,"{'subsample': 0.8, 'reg_lambda': 10, 'reg_alpha': 0, 'min_child_weight': 1, 'max_depth': 8, 'learning_rate': 0.05, 'gamma': 0, 'colsample_bytree': 0.7, 'colsample_bylevel': 0.6, 'n_estimators': 300}",0.9785233285233286,repeated_stratified,9,0,full,electrode
8,8,1.0,8,6,0.75,8,7,0.875,0.875,0.8745098039215686,0.9791666666666666,8,0,0,0,6,2,0,1,7,P31,xgb,150,"{'subsample': 0.8, 'reg_lambda': 10, 'reg_alpha': 0, 'min_child_weight': 1, 'max_depth': 8, 'learning_rate': 0.05, 'gamma': 0, 'colsample_bytree': 0.7, 'colsample_bylevel': 0.6, 'n_estimators': 300}",0.9755170755170756,repeated_stratified,9,1,full,electrode
8,7,0.875,8,6,0.75,8,5,0.625,0.75,0.7491830065359477,0.9036458333333334,7,0,1,1,6,1,0,3,5,P31,xgb,150,"{'subsample': 0.8, 'reg_lambda': 1, 'reg_alpha': 0, 'min_child_weight': 1, 'max_depth': 4, 'learning_rate': 0.01, 'gamma': 0, 'colsample_bytree': 0.7, 'colsample_bylevel': 0.8, 'n_estimators': 300}",0.9639490139490139,repeated_stratified,9,2,full,electrode
8,8,1.0,8,8,1.0,8,6,0.75,0.9166666666666666,0.9153439153439153,0.9895833333333334,8,0,0,0,8,0,0,2,6,P31,xgb,150,"{'subsample': 0.8, 'reg_lambda': 5, 'reg_alpha': 0.1, 'min_child_weight': 1, 'max_depth': 8, 'learning_rate': 0.03, 'gamma': 0, 'colsample_bytree': 0.6, 'colsample_bylevel': 0.6, 'n_estimators': 300}",0.9612073112073113,repeated_stratified,9,3,full,electrode
8,8,1.0,8,8,1.0,8,8,1.0,1.0,1.0,1.0,8,0,0,0,8,0,0,0,8,P31,xgb,148,"{'subsample': 0.8, 'reg_lambda': 10, 'reg_alpha': 0.1, 'min_child_weight': 1, 'max_depth': 16, 'learning_rate': 0.01, 'gamma': 0.1, 'colsample_bytree': 0.6, 'colsample_bylevel': 0.6, 'n_estimators': 300}",0.9767195767195768,repeated_stratified,9,4,full,electrode
8,8,1.0,8,5,0.625,8,3,0.375,0.6666666666666666,0.6613756613756614,0.8489583333333334,8,0,0,0,5,3,0,5,3,P33,xgb,125,"{'subsample': 0.8, 'reg_lambda': 10, 'reg_alpha': 0, 'min_child_weight': 1, 'max_depth': 8, 'learning_rate': 0.05, 'gamma': 0, 'colsample_bytree': 0.7, 'colsample_bylevel': 0.6, 'n_estimators': 300}",0.9045695045695045,repeated_stratified,0,0,full,electrode
8,8,1.0,8,3,0.375,8,3,0.375,0.5833333333333334,0.5833333333333334,0.8072916666666666,8,0,0,0,3,5,0,5,3,P33,xgb,150,"{'subsample': 0.6, 'reg_lambda': 3, 'reg_alpha': 0.1, 'min_child_weight': 1, 'max_depth': 8, 'learning_rate': 0.05, 'gamma': 0, 'colsample_bytree': 0.7, 'colsample_bylevel': 0.8, 'n_estimators': 300}",0.8732563732563733,repeated_stratified,0,1,full,electrode
8,8,1.0,8,5,0.625,8,4,0.5,0.7083333333333334,0.7002801120448178,0.8671875,8,0,0,1,5,2,0,4,4,P33,xgb,49,"{'subsample': 0.6, 'reg_lambda': 10, 'reg_alpha': 0.1, 'min_child_weight': 1, 'max_depth': 8, 'learning_rate': 0.03, 'gamma': 0.3, 'colsample_bytree': 0.6, 'colsample_bylevel': 0.8, 'n_estimators': 300}",0.9197931697931697,repeated_stratified,0,2,full,electrode
8,8,1.0,8,3,0.375,8,4,0.5,0.625,0.6235294117647059,0.8255208333333334,8,0,0,0,3,5,0,4,4,P33,xgb,150,"{'subsample': 0.6, 'reg_lambda': 1, 'reg_alpha': 0, 'min_child_weight': 1, 'max_depth': 2, 'learning_rate': 0.03, 'gamma': 0, 'colsample_bytree': 0.6, 'colsample_bylevel': 0.6, 'n_estimators': 300}",0.8689273689273689,repeated_stratified,0,3,full,electrode
8,8,1.0,8,6,0.75,8,3,0.375,0.7083333333333334,0.6977058029689608,0.9192708333333334,8,0,0,0,6,2,0,5,3,P33,xgb,147,"{'subsample': 0.6, 'reg_lambda': 3, 'reg_alpha': 0.1, 'min_child_weight': 1, 'max_depth': 2, 'learning_rate': 0.05, 'gamma': 0, 'colsample_bytree': 0.7, 'colsample_bylevel': 0.6, 'n_estimators': 300}",0.9351611351611351,repeated_stratified,0,4,full,electrode
8,8,1.0,8,3,0.375,8,3,0.375,0.5833333333333334,0.5833333333333334,0.7838541666666666,8,0,0,0,3,5,0,5,3,P33,xgb,150,"{'subsample': 0.6, 'reg_lambda': 3, 'reg_alpha': 0.1, 'min_child_weight': 1, 'max_depth': 8, 'learning_rate': 0.05, 'gamma': 0, 'colsample_bytree': 0.7, 'colsample_bylevel': 0.8, 'n_estimators': 300}",0.9078643578643578,repeated_stratified,1,0,full,electrode
8,8,1.0,8,5,0.625,8,3,0.375,0.6666666666666666,0.6613756613756614,0.8255208333333334,8,0,0,0,5,3,0,5,3,P33,xgb,149,"{'subsample': 0.8, 'reg_lambda': 10, 'reg_alpha': 0, 'min_child_weight': 1, 'max_depth': 8, 'learning_rate': 0.05, 'gamma': 0, 'colsample_bytree': 0.7, 'colsample_bylevel': 0.6, 'n_estimators': 300}",0.8123376623376624,repeated_stratified,1,1,full,electrode
8,8,1.0,8,4,0.5,8,3,0.375,0.625,0.6235294117647059,0.8411458333333334,8,0,0,0,4,4,0,5,3,P33,xgb,39,"{'subsample': 0.6, 'reg_lambda': 3, 'reg_alpha': 0.1, 'min_child_weight': 1, 'max_depth': 2, 'learning_rate': 0.05, 'gamma': 0, 'colsample_bytree': 0.7, 'colsample_bylevel': 0.6, 'n_estimators': 300}",0.9198653198653197,repeated_stratified,1,2,full,electrode
8,8,1.0,8,4,0.5,8,3,0.375,0.625,0.6235294117647059,0.8125,8,0,0,0,4,4,0,5,3,P33,xgb,150,"{'subsample': 0.6, 'reg_lambda': 1, 'reg_alpha': 0, 'min_child_weight': 1, 'max_depth': 2, 'learning_rate': 0.03, 'gamma': 0, 'colsample_bytree': 0.6, 'colsample_bylevel': 0.6, 'n_estimators': 300}",0.8604617604617605,repeated_stratified,1,3,full,electrode
8,8,1.0,8,2,0.25,8,4,0.5,0.5833333333333334,0.5767195767195766,0.8098958333333334,8,0,0,0,2,6,0,4,4,P33,xgb,150,"{'subsample': 0.6, 'reg_lambda': 3, 'reg_alpha': 0.1, 'min_child_weight': 1, 'max_depth': 2, 'learning_rate': 0.05, 'gamma': 0, 'colsample_bytree': 0.7, 'colsample_bylevel': 0.6, 'n_estimators': 300}",0.9028619528619529,repeated_stratified,1,4,full,electrode
8,8,1.0,8,3,0.375,8,5,0.625,0.6666666666666666,0.6613756613756614,0.8645833333333334,8,0,0,0,3,5,0,3,5,P33,xgb,150,"{'subsample': 0.8, 'reg_lambda': 10, 'reg_alpha': 0.1, 'min_child_weight': 1, 'max_depth': 16, 'learning_rate': 0.01, 'gamma': 0.1, 'colsample_bytree': 0.6, 'colsample_bylevel': 0.6, 'n_estimators': 300}",0.947041847041847,repeated_stratified,2,0,full,electrode
8,8,1.0,8,4,0.5,8,3,0.375,0.625,0.6134453781512604,0.8151041666666666,8,0,0,1,4,3,0,5,3,P33,xgb,89,"{'subsample': 0.8, 'reg_lambda': 10, 'reg_alpha': 0, 'min_child_weight': 1, 'max_depth': 4, 'learning_rate': 0.03, 'gamma': 0, 'colsample_bytree': 0.6, 'colsample_bylevel': 0.8, 'n_estimators': 300}",0.9022126022126021,repeated_stratified,2,1,full,electrode
8,8,1.0,8,4,0.5,8,5,0.625,0.7083333333333334,0.7071895424836602,0.8671875,8,0,0,0,4,4,0,3,5,P33,xgb,148,"{'subsample': 0.6, 'reg_lambda': 3, 'reg_alpha': 0.1, 'min_child_weight': 1, 'max_depth': 8, 'learning_rate': 0.05, 'gamma': 0, 'colsample_bytree': 0.7, 'colsample_bylevel': 0.8, 'n_estimators': 300}",0.8888167388167388,repeated_stratified,2,2,full,electrode
8,8,1.0,8,3,0.375,8,6,0.75,0.7083333333333334,0.697705802968961,0.859375,8,0,0,0,3,5,0,2,6,P33,xgb,150,"{'subsample': 0.8, 'reg_lambda': 10, 'reg_alpha': 0.5, 'min_child_weight': 1, 'max_depth': 8, 'learning_rate': 0.01, 'gamma': 0.3, 'colsample_bytree': 0.7, 'colsample_bylevel': 0.6, 'n_estimators': 300}",0.9291967291967292,repeated_stratified,2,3,full,electrode
8,8,1.0,8,3,0.375,8,1,0.125,0.5,0.49206349206349204,0.7760416666666666,8,0,0,0,3,5,0,7,1,P33,xgb,150,"{'subsample': 0.8, 'reg_lambda': 5, 'reg_alpha': 0.1, 'min_child_weight': 1, 'max_depth': 8, 'learning_rate': 0.03, 'gamma': 0, 'colsample_bytree': 0.6, 'colsample_bylevel': 0.6, 'n_estimators': 300}",0.8798220298220297,repeated_stratified,2,4,full,electrode
8,8,1.0,8,4,0.5,8,5,0.625,0.7083333333333334,0.7071895424836602,0.8125,8,0,0,0,4,4,0,3,5,P33,xgb,148,"{'subsample': 0.6, 'reg_lambda': 5, 'reg_alpha': 0.5, 'min_child_weight': 1, 'max_depth': 8, 'learning_rate': 0.03, 'gamma': 0.3, 'colsample_bytree': 0.6, 'colsample_bylevel': 0.6, 'n_estimators': 300}",0.8971139971139971,repeated_stratified,3,0,full,electrode
8,8,1.0,8,5,0.625,8,3,0.375,0.6666666666666666,0.6481481481481481,0.8177083333333334,8,0,0,2,5,1,0,5,3,P33,xgb,115,"{'subsample': 0.6, 'reg_lambda': 10, 'reg_alpha': 0.1, 'min_child_weight': 1, 'max_depth': 8, 'learning_rate': 0.03, 'gamma': 0.3, 'colsample_bytree': 0.6, 'colsample_bylevel': 0.8, 'n_estimators': 300}",0.8989898989898991,repeated_stratified,3,1,full,electrode
8,8,1.0,8,3,0.375,8,1,0.125,0.5,0.49206349206349204,0.7604166666666666,8,0,0,0,3,5,0,7,1,P33,xgb,149,"{'subsample': 0.6, 'reg_lambda': 10, 'reg_alpha': 0.1, 'min_child_weight': 1, 'max_depth': 8, 'learning_rate': 0.03, 'gamma': 0.3, 'colsample_bytree': 0.6, 'colsample_bylevel': 0.8, 'n_estimators': 300}",0.9005050505050504,repeated_stratified,3,2,full,electrode
8,8,1.0,8,3,0.375,8,5,0.625,0.6666666666666666,0.6526610644257703,0.8125,8,0,0,1,3,4,0,3,5,P33,xgb,148,"{'subsample': 0.6, 'reg_lambda': 5, 'reg_alpha': 0.5, 'min_child_weight': 1, 'max_depth': 8, 'learning_rate': 0.03, 'gamma': 0.3, 'colsample_bytree': 0.6, 'colsample_bylevel': 0.6, 'n_estimators': 300}",0.9005050505050506,repeated_stratified,3,3,full,electrode
8,8,1.0,8,1,0.125,8,2,0.25,0.4583333333333333,0.4562091503267974,0.7578125,8,0,0,0,1,7,0,6,2,P33,xgb,149,"{'subsample': 0.6, 'reg_lambda': 1, 'reg_alpha': 0, 'min_child_weight': 1, 'max_depth': 2, 'learning_rate': 0.03, 'gamma': 0, 'colsample_bytree': 0.6, 'colsample_bylevel': 0.6, 'n_estimators': 300}",0.8770562770562771,repeated_stratified,3,4,full,electrode
8,8,1.0,8,3,0.375,8,5,0.625,0.6666666666666666,0.6613756613756614,0.8541666666666666,8,0,0,0,3,5,0,3,5,P33,xgb,91,"{'subsample': 0.8, 'reg_lambda': 10, 'reg_alpha': 0, 'min_child_weight': 1, 'max_depth': 8, 'learning_rate': 0.05, 'gamma': 0, 'colsample_bytree': 0.7, 'colsample_bylevel': 0.6, 'n_estimators': 300}",0.8983405483405483,repeated_stratified,4,0,full,electrode
8,8,1.0,8,6,0.75,8,5,0.625,0.7916666666666666,0.7908496732026143,0.8385416666666666,8,0,0,0,6,2,0,3,5,P33,xgb,149,"{'subsample': 0.6, 'reg_lambda': 1, 'reg_alpha': 0, 'min_child_weight': 1, 'max_depth': 2, 'learning_rate': 0.03, 'gamma': 0, 'colsample_bytree': 0.6, 'colsample_bylevel': 0.6, 'n_estimators': 300}",0.9045454545454547,repeated_stratified,4,1,full,electrode
8,8,1.0,8,3,0.375,8,3,0.375,0.5833333333333334,0.5720588235294118,0.8125,8,0,0,1,3,4,0,5,3,P33,xgb,149,"{'subsample': 0.6, 'reg_lambda': 5, 'reg_alpha': 0.5, 'min_child_weight': 1, 'max_depth': 8, 'learning_rate': 0.03, 'gamma': 0.3, 'colsample_bytree': 0.6, 'colsample_bylevel': 0.6, 'n_estimators': 300}",0.8557239057239058,repeated_stratified,4,2,full,electrode
8,8,1.0,8,4,0.5,8,3,0.375,0.625,0.6235294117647059,0.8020833333333334,8,0,0,0,4,4,0,5,3,P33,xgb,150,"{'subsample': 0.6, 'reg_lambda': 10, 'reg_alpha': 0.5, 'min_child_weight': 1, 'max_depth': 2, 'learning_rate': 0.05, 'gamma': 0.1, 'colsample_bytree': 0.6, 'colsample_bylevel': 0.6, 'n_estimators': 300}",0.825012025012025,repeated_stratified,4,3,full,electrode
8,8,1.0,8,6,0.75,8,5,0.625,0.7916666666666666,0.7908496732026143,0.8411458333333334,8,0,0,0,6,2,0,3,5,P33,xgb,149,"{'subsample': 0.6, 'reg_lambda': 3, 'reg_alpha': 0.1, 'min_child_weight': 1, 'max_depth': 2, 'learning_rate': 0.05, 'gamma': 0, 'colsample_bytree': 0.7, 'colsample_bylevel': 0.6, 'n_estimators': 300}",0.8931457431457431,repeated_stratified,4,4,full,electrode
8,8,1.0,8,4,0.5,8,3,0.375,0.625,0.6235294117647059,0.7838541666666666,8,0,0,0,4,4,0,5,3,P33,xgb,148,"{'subsample': 0.6, 'reg_lambda': 10, 'reg_alpha': 0.5, 'min_child_weight': 1, 'max_depth': 2, 'learning_rate': 0.05, 'gamma': 0.1, 'colsample_bytree': 0.6, 'colsample_bylevel': 0.6, 'n_estimators': 300}",0.9108225108225109,repeated_stratified,5,0,full,electrode
8,8,1.0,8,3,0.375,8,3,0.375,0.5833333333333334,0.5833333333333334,0.7526041666666666,8,0,0,0,3,5,0,5,3,P33,xgb,150,"{'subsample': 0.8, 'reg_lambda': 10, 'reg_alpha': 0, 'min_child_weight': 1, 'max_depth': 8, 'learning_rate': 0.05, 'gamma': 0, 'colsample_bytree': 0.7, 'colsample_bylevel': 0.6, 'n_estimators': 300}",0.9233044733044733,repeated_stratified,5,1,full,electrode
8,8,1.0,8,3,0.375,8,6,0.75,0.7083333333333334,0.697705802968961,0.8098958333333334,8,0,0,0,3,5,0,2,6,P33,xgb,133,"{'subsample': 0.6, 'reg_lambda': 1, 'reg_alpha': 0, 'min_child_weight': 1, 'max_depth': 2, 'learning_rate': 0.03, 'gamma': 0, 'colsample_bytree': 0.6, 'colsample_bylevel': 0.6, 'n_estimators': 300}",0.867075517075517,repeated_stratified,5,2,full,electrode
8,8,1.0,8,5,0.625,8,3,0.375,0.6666666666666666,0.6613756613756614,0.796875,8,0,0,0,5,3,0,5,3,P33,xgb,148,"{'subsample': 0.6, 'reg_lambda': 1, 'reg_alpha': 0, 'min_child_weight': 1, 'max_depth': 2, 'learning_rate': 0.03, 'gamma': 0, 'colsample_bytree': 0.6, 'colsample_bylevel': 0.6, 'n_estimators': 300}",0.9554353054353055,repeated_stratified,5,3,full,electrode
8,8,1.0,8,5,0.625,8,5,0.625,0.75,0.744281045751634,0.9010416666666666,8,0,0,1,5,2,0,3,5,P33,xgb,148,"{'subsample': 0.6, 'reg_lambda': 5, 'reg_alpha': 0.5, 'min_child_weight': 1, 'max_depth': 8, 'learning_rate': 0.03, 'gamma': 0.3, 'colsample_bytree': 0.6, 'colsample_bylevel': 0.6, 'n_estimators': 300}",0.8515392015392016,repeated_stratified,5,4,full,electrode
8,8,1.0,8,4,0.5,8,6,0.75,0.75,0.746031746031746,0.8802083333333334,8,0,0,0,4,4,0,2,6,P33,xgb,147,"{'subsample': 0.6, 'reg_lambda': 3, 'reg_alpha': 0.1, 'min_child_weight': 1, 'max_depth': 8, 'learning_rate': 0.05, 'gamma': 0, 'colsample_bytree': 0.7, 'colsample_bylevel': 0.8, 'n_estimators': 300}",0.855844155844156,repeated_stratified,6,0,full,electrode
8,8,1.0,8,3,0.375,8,3,0.375,0.5833333333333334,0.5720588235294118,0.8046875,8,0,0,1,3,4,0,5,3,P33,xgb,149,"{'subsample': 0.6, 'reg_lambda': 3, 'reg_alpha': 0.1, 'min_child_weight': 1, 'max_depth': 8, 'learning_rate': 0.05, 'gamma': 0, 'colsample_bytree': 0.7, 'colsample_bylevel': 0.8, 'n_estimators': 300}",0.8890331890331891,repeated_stratified,6,1,full,electrode
8,8,1.0,8,3,0.375,8,4,0.5,0.625,0.6235294117647059,0.8177083333333334,8,0,0,0,3,5,0,4,4,P33,xgb,112,"{'subsample': 0.6, 'reg_lambda': 1, 'reg_alpha': 0, 'min_child_weight': 1, 'max_depth': 2, 'learning_rate': 0.03, 'gamma': 0, 'colsample_bytree': 0.6, 'colsample_bylevel': 0.6, 'n_estimators': 300}",0.945189995189995,repeated_stratified,6,2,full,electrode
8,8,1.0,8,2,0.25,8,4,0.5,0.5833333333333334,0.565826330532213,0.8072916666666666,8,0,0,1,2,5,0,4,4,P33,xgb,141,"{'subsample': 1.0, 'reg_lambda': 3, 'reg_alpha': 0.5, 'min_child_weight': 1, 'max_depth': 2, 'learning_rate': 0.05, 'gamma': 0, 'colsample_bytree': 0.7, 'colsample_bylevel': 0.8, 'n_estimators': 300}",0.8607022607022606,repeated_stratified,6,3,full,electrode
8,8,1.0,8,5,0.625,8,3,0.375,0.6666666666666666,0.6613756613756614,0.8307291666666666,8,0,0,0,5,3,0,5,3,P33,xgb,67,"{'subsample': 0.6, 'reg_lambda': 10, 'reg_alpha': 0.5, 'min_child_weight': 1, 'max_depth': 2, 'learning_rate': 0.05, 'gamma': 0.1, 'colsample_bytree': 0.6, 'colsample_bylevel': 0.6, 'n_estimators': 300}",0.9350889850889851,repeated_stratified,6,4,full,electrode
8,8,1.0,8,4,0.5,8,1,0.125,0.5416666666666666,0.524966261808367,0.734375,8,0,0,0,4,4,0,7,1,P33,xgb,148,"{'subsample': 0.8, 'reg_lambda': 3, 'reg_alpha': 0.1, 'min_child_weight': 1, 'max_depth': 2, 'learning_rate': 0.05, 'gamma': 2, 'colsample_bytree': 0.7, 'colsample_bylevel': 0.6, 'n_estimators': 300}",0.8574795574795576,repeated_stratified,7,0,full,electrode
8,8,1.0,8,3,0.375,8,5,0.625,0.6666666666666666,0.6613756613756614,0.84375,8,0,0,0,3,5,0,3,5,P33,xgb,148,"{'subsample': 0.6, 'reg_lambda': 1, 'reg_alpha': 0, 'min_child_weight': 1, 'max_depth': 2, 'learning_rate': 0.03, 'gamma': 0, 'colsample_bytree': 0.6, 'colsample_bylevel': 0.6, 'n_estimators': 300}",0.9474266474266474,repeated_stratified,7,1,full,electrode
8,8,1.0,8,3,0.375,8,1,0.125,0.5,0.49206349206349204,0.734375,8,0,0,0,3,5,0,7,1,P33,xgb,149,"{'subsample': 0.6, 'reg_lambda': 10, 'reg_alpha': 0.5, 'min_child_weight': 1, 'max_depth': 2, 'learning_rate': 0.05, 'gamma': 0.1, 'colsample_bytree': 0.6, 'colsample_bylevel': 0.6, 'n_estimators': 300}",0.852068302068302,repeated_stratified,7,2,full,electrode
8,8,1.0,8,4,0.5,8,3,0.375,0.625,0.6235294117647059,0.8125,8,0,0,0,4,4,0,5,3,P33,xgb,150,"{'subsample': 0.8, 'reg_lambda': 1, 'reg_alpha': 0, 'min_child_weight': 1, 'max_depth': 8, 'learning_rate': 0.01, 'gamma': 0.3, 'colsample_bytree': 0.6, 'colsample_bylevel': 0.8, 'n_estimators': 300}",0.8755892255892257,repeated_stratified,7,3,full,electrode
8,8,1.0,8,2,0.25,8,5,0.625,0.625,0.611336032388664,0.796875,8,0,0,0,2,6,0,3,5,P33,xgb,122,"{'subsample': 0.8, 'reg_lambda': 10, 'reg_alpha': 0, 'min_child_weight': 1, 'max_depth': 4, 'learning_rate': 0.03, 'gamma': 0, 'colsample_bytree': 0.6, 'colsample_bylevel': 0.8, 'n_estimators': 300}",0.9392736892736894,repeated_stratified,7,4,full,electrode
8,8,1.0,8,5,0.625,8,2,0.25,0.625,0.6002751977984176,0.7994791666666666,8,0,0,1,5,2,0,6,2,P33,xgb,148,"{'subsample': 0.6, 'reg_lambda': 3, 'reg_alpha': 0.1, 'min_child_weight': 1, 'max_depth': 8, 'learning_rate': 0.05, 'gamma': 0, 'colsample_bytree': 0.7, 'colsample_bylevel': 0.8, 'n_estimators': 300}",0.9055555555555554,repeated_stratified,8,0,full,electrode
8,8,1.0,8,5,0.625,8,2,0.25,0.625,0.611336032388664,0.8541666666666666,8,0,0,0,5,3,0,6,2,P33,xgb,149,"{'subsample': 0.6, 'reg_lambda': 5, 'reg_alpha': 0.5, 'min_child_weight': 1, 'max_depth': 8, 'learning_rate': 0.03, 'gamma': 0.3, 'colsample_bytree': 0.6, 'colsample_bylevel': 0.6, 'n_estimators': 300}",0.9216209716209717,repeated_stratified,8,1,full,electrode
8,8,1.0,8,4,0.5,8,6,0.75,0.75,0.746031746031746,0.8776041666666666,8,0,0,0,4,4,0,2,6,P33,xgb,148,"{'subsample': 0.6, 'reg_lambda': 3, 'reg_alpha': 0.1, 'min_child_weight': 1, 'max_depth': 8, 'learning_rate': 0.05, 'gamma': 0, 'colsample_bytree': 0.7, 'colsample_bylevel': 0.8, 'n_estimators': 300}",0.8648629148629149,repeated_stratified,8,2,full,electrode
8,8,1.0,8,2,0.25,8,1,0.125,0.4583333333333333,0.43977591036414565,0.7421875,8,0,0,1,2,5,0,7,1,P33,xgb,149,"{'subsample': 0.8, 'reg_lambda': 10, 'reg_alpha': 0, 'min_child_weight': 1, 'max_depth': 8, 'learning_rate': 0.05, 'gamma': 0, 'colsample_bytree': 0.7, 'colsample_bylevel': 0.6, 'n_estimators': 300}",0.9171476671476672,repeated_stratified,8,3,full,electrode
8,8,1.0,8,2,0.25,8,5,0.625,0.625,0.611336032388664,0.7890625,8,0,0,0,2,6,0,3,5,P33,xgb,150,"{'subsample': 0.6, 'reg_lambda': 3, 'reg_alpha': 0.1, 'min_child_weight': 1, 'max_depth': 2, 'learning_rate': 0.05, 'gamma': 0, 'colsample_bytree': 0.7, 'colsample_bylevel': 0.6, 'n_estimators': 300}",0.8857383357383357,repeated_stratified,8,4,full,electrode
8,8,1.0,8,4,0.5,8,5,0.625,0.7083333333333334,0.7071895424836602,0.890625,8,0,0,0,4,4,0,3,5,P33,xgb,147,"{'subsample': 0.6, 'reg_lambda': 3, 'reg_alpha': 0.1, 'min_child_weight': 1, 'max_depth': 2, 'learning_rate': 0.05, 'gamma': 0, 'colsample_bytree': 0.7, 'colsample_bylevel': 0.6, 'n_estimators': 300}",0.8633718133718133,repeated_stratified,9,0,full,electrode
8,8,1.0,8,3,0.375,8,2,0.25,0.5416666666666666,0.5266106442577031,0.8125,8,0,0,1,3,4,0,6,2,P33,xgb,150,"{'subsample': 0.8, 'reg_lambda': 10, 'reg_alpha': 0, 'min_child_weight': 1, 'max_depth': 8, 'learning_rate': 0.05, 'gamma': 0, 'colsample_bytree': 0.7, 'colsample_bylevel': 0.6, 'n_estimators': 300}",0.9016354016354017,repeated_stratified,9,1,full,electrode
8,8,1.0,8,4,0.5,8,4,0.5,0.6666666666666666,0.6534391534391534,0.8802083333333334,8,0,0,2,4,2,0,4,4,P33,xgb,149,"{'subsample': 0.6, 'reg_lambda': 1, 'reg_alpha': 0, 'min_child_weight': 1, 'max_depth': 2, 'learning_rate': 0.03, 'gamma': 0, 'colsample_bytree': 0.6, 'colsample_bylevel': 0.6, 'n_estimators': 300}",0.9060125060125058,repeated_stratified,9,2,full,electrode
8,8,1.0,8,3,0.375,8,5,0.625,0.6666666666666666,0.6613756613756614,0.8463541666666666,8,0,0,0,3,5,0,3,5,P33,xgb,65,"{'subsample': 0.8, 'reg_lambda': 1, 'reg_alpha': 0.1, 'min_child_weight': 1, 'max_depth': 4, 'learning_rate': 0.05, 'gamma': 0.5, 'colsample_bytree': 0.7, 'colsample_bylevel': 0.6, 'n_estimators': 300}",0.9458393458393459,repeated_stratified,9,3,full,electrode
8,8,1.0,8,5,0.625,8,5,0.625,0.75,0.75,0.8776041666666666,8,0,0,0,5,3,0,3,5,P33,xgb,140,"{'subsample': 1.0, 'reg_lambda': 1, 'reg_alpha': 0.5, 'min_child_weight': 1, 'max_depth': 4, 'learning_rate': 0.01, 'gamma': 0.5, 'colsample_bytree': 0.6, 'colsample_bylevel': 0.8, 'n_estimators': 300}",0.8365319865319866,repeated_stratified,9,4,full,electrode
8,8,1.0,8,5,0.625,8,5,0.625,0.75,0.75,0.8776041666666666,8,0,0,0,5,3,0,3,5,P35,xgb,148,"{'subsample': 0.6, 'reg_lambda': 3, 'reg_alpha': 0.1, 'min_child_weight': 1, 'max_depth': 2, 'learning_rate': 0.05, 'gamma': 0, 'colsample_bytree': 0.7, 'colsample_bylevel': 0.6, 'n_estimators': 300}",0.925901875901876,repeated_stratified,0,0,full,electrode
8,8,1.0,8,6,0.75,8,3,0.375,0.7083333333333334,0.6977058029689608,0.8958333333333334,8,0,0,0,6,2,0,5,3,P35,xgb,150,"{'subsample': 0.6, 'reg_lambda': 1, 'reg_alpha': 0, 'min_child_weight': 1, 'max_depth': 2, 'learning_rate': 0.03, 'gamma': 0, 'colsample_bytree': 0.6, 'colsample_bylevel': 0.6, 'n_estimators': 300}",0.9383116883116882,repeated_stratified,0,1,full,electrode
8,8,1.0,8,6,0.75,8,5,0.625,0.7916666666666666,0.7908496732026143,0.8541666666666666,8,0,0,0,6,2,0,3,5,P35,xgb,148,"{'subsample': 0.6, 'reg_lambda': 1, 'reg_alpha': 0, 'min_child_weight': 1, 'max_depth': 2, 'learning_rate': 0.03, 'gamma': 0, 'colsample_bytree': 0.6, 'colsample_bylevel': 0.6, 'n_estimators': 300}",0.9280423280423281,repeated_stratified,0,2,full,electrode
8,8,1.0,8,5,0.625,8,3,0.375,0.6666666666666666,0.6613756613756614,0.8098958333333334,8,0,0,0,5,3,0,5,3,P35,xgb,149,"{'subsample': 0.6, 'reg_lambda': 3, 'reg_alpha': 0.1, 'min_child_weight': 1, 'max_depth': 2, 'learning_rate': 0.05, 'gamma': 0, 'colsample_bytree': 0.7, 'colsample_bylevel': 0.6, 'n_estimators': 300}",0.9432178932178932,repeated_stratified,0,3,full,electrode
8,8,1.0,8,5,0.625,8,5,0.625,0.75,0.75,0.8854166666666666,8,0,0,0,5,3,0,3,5,P35,xgb,147,"{'subsample': 0.6, 'reg_lambda': 10, 'reg_alpha': 0.1, 'min_child_weight': 1, 'max_depth': 8, 'learning_rate': 0.03, 'gamma': 0.3, 'colsample_bytree': 0.6, 'colsample_bylevel': 0.8, 'n_estimators': 300}",0.9157768157768157,repeated_stratified,0,4,full,electrode
8,8,1.0,8,7,0.875,8,4,0.5,0.7916666666666666,0.7840755735492578,0.9375,8,0,0,0,7,1,0,4,4,P35,xgb,143,"{'subsample': 0.6, 'reg_lambda': 5, 'reg_alpha': 0, 'min_child_weight': 1, 'max_depth': 2, 'learning_rate': 0.01, 'gamma': 0.3, 'colsample_bytree': 0.7, 'colsample_bylevel': 0.6, 'n_estimators': 300}",0.935016835016835,repeated_stratified,1,0,full,electrode
8,8,1.0,8,3,0.375,8,5,0.625,0.6666666666666666,0.6613756613756614,0.8619791666666666,8,0,0,0,3,5,0,3,5,P35,xgb,150,"{'subsample': 0.6, 'reg_lambda': 3, 'reg_alpha': 0.1, 'min_child_weight': 1, 'max_depth': 8, 'learning_rate': 0.05, 'gamma': 0, 'colsample_bytree': 0.7, 'colsample_bylevel': 0.8, 'n_estimators': 300}",0.9545695045695045,repeated_stratified,1,1,full,electrode
8,8,1.0,8,6,0.75,8,4,0.5,0.75,0.746031746031746,0.9010416666666666,8,0,0,0,6,2,0,4,4,P35,xgb,148,"{'subsample': 0.6, 'reg_lambda': 3, 'reg_alpha': 0.1, 'min_child_weight': 1, 'max_depth': 2, 'learning_rate': 0.05, 'gamma': 0, 'colsample_bytree': 0.7, 'colsample_bylevel': 0.6, 'n_estimators': 300}",0.928980278980279,repeated_stratified,1,2,full,electrode
8,8,1.0,8,5,0.625,8,5,0.625,0.75,0.75,0.8776041666666666,8,0,0,0,5,3,0,3,5,P35,xgb,149,"{'subsample': 0.6, 'reg_lambda': 3, 'reg_alpha': 0.1, 'min_child_weight': 1, 'max_depth': 8, 'learning_rate': 0.05, 'gamma': 0, 'colsample_bytree': 0.7, 'colsample_bylevel': 0.8, 'n_estimators': 300}",0.9082972582972583,repeated_stratified,1,3,full,electrode
8,8,1.0,8,6,0.75,8,5,0.625,0.7916666666666666,0.7908496732026143,0.9036458333333334,8,0,0,0,6,2,0,3,5,P35,xgb,150,"{'subsample': 0.8, 'reg_lambda': 10, 'reg_alpha': 0, 'min_child_weight': 1, 'max_depth': 4, 'learning_rate': 0.03, 'gamma': 0, 'colsample_bytree': 0.6, 'colsample_bylevel': 0.8, 'n_estimators': 300}",0.9063011063011063,repeated_stratified,1,4,full,electrode
8,8,1.0,8,4,0.5,8,3,0.375,0.625,0.6235294117647059,0.8333333333333334,8,0,0,0,4,4,0,5,3,P35,xgb,150,"{'subsample': 0.8, 'reg_lambda': 10, 'reg_alpha': 0, 'min_child_weight': 1, 'max_depth': 8, 'learning_rate': 0.05, 'gamma': 0, 'colsample_bytree': 0.7, 'colsample_bylevel': 0.6, 'n_estimators': 300}",0.9193602693602694,repeated_stratified,2,0,full,electrode
8,8,1.0,8,7,0.875,8,1,0.125,0.6666666666666666,0.6121212121212121,0.8255208333333334,8,0,0,0,7,1,0,7,1,P35,xgb,150,"{'subsample': 0.6, 'reg_lambda': 3, 'reg_alpha': 0.1, 'min_child_weight': 1, 'max_depth': 8, 'learning_rate': 0.05, 'gamma': 0, 'colsample_bytree': 0.7, 'colsample_bylevel': 0.8, 'n_estimators': 300}",0.9122414622414623,repeated_stratified,2,1,full,electrode
8,8,1.0,8,6,0.75,8,2,0.25,0.6666666666666666,0.6444444444444445,0.8463541666666666,8,0,0,0,6,2,0,6,2,P35,xgb,147,"{'subsample': 0.6, 'reg_lambda': 3, 'reg_alpha': 0.1, 'min_child_weight': 1, 'max_depth': 8, 'learning_rate': 0.05, 'gamma': 0, 'colsample_bytree': 0.7, 'colsample_bylevel': 0.8, 'n_estimators': 300}",0.91996151996152,repeated_stratified,2,2,full,electrode
8,8,1.0,8,4,0.5,8,4,0.5,0.6666666666666666,0.6666666666666666,0.8333333333333334,8,0,0,0,4,4,0,4,4,P35,xgb,147,"{'subsample': 0.8, 'reg_lambda': 5, 'reg_alpha': 0.1, 'min_child_weight': 1, 'max_depth': 8, 'learning_rate': 0.03, 'gamma': 0, 'colsample_bytree': 0.6, 'colsample_bylevel': 0.6, 'n_estimators': 300}",0.9465608465608466,repeated_stratified,2,3,full,electrode
8,8,1.0,8,4,0.5,8,4,0.5,0.6666666666666666,0.6666666666666666,0.84375,8,0,0,0,4,4,0,4,4,P35,xgb,149,"{'subsample': 0.8, 'reg_lambda': 10, 'reg_alpha': 0, 'min_child_weight': 1, 'max_depth': 8, 'learning_rate': 0.05, 'gamma': 0, 'colsample_bytree': 0.7, 'colsample_bylevel': 0.6, 'n_estimators': 300}",0.9264069264069265,repeated_stratified,2,4,full,electrode
8,8,1.0,8,4,0.5,8,4,0.5,0.6666666666666666,0.6666666666666666,0.8567708333333334,8,0,0,0,4,4,0,4,4,P35,xgb,103,"{'subsample': 0.6, 'reg_lambda': 1, 'reg_alpha': 0, 'min_child_weight': 1, 'max_depth': 2, 'learning_rate': 0.03, 'gamma': 0, 'colsample_bytree': 0.6, 'colsample_bylevel': 0.6, 'n_estimators': 300}",0.9321308321308321,repeated_stratified,3,0,full,electrode
8,8,1.0,8,5,0.625,8,4,0.5,0.7083333333333334,0.7071895424836602,0.8723958333333334,8,0,0,0,5,3,0,4,4,P35,xgb,149,"{'subsample': 0.6, 'reg_lambda': 3, 'reg_alpha': 0.1, 'min_child_weight': 1, 'max_depth': 8, 'learning_rate': 0.05, 'gamma': 0, 'colsample_bytree': 0.7, 'colsample_bylevel': 0.8, 'n_estimators': 300}",0.9283549783549785,repeated_stratified,3,1,full,electrode
8,8,1.0,8,1,0.125,8,4,0.5,0.5416666666666666,0.524966261808367,0.7526041666666666,8,0,0,0,1,7,0,4,4,P35,xgb,150,"{'subsample': 0.8, 'reg_lambda': 1, 'reg_alpha': 0, 'min_child_weight': 1, 'max_depth': 4, 'learning_rate': 0.01, 'gamma': 0, 'colsample_bytree': 0.7, 'colsample_bylevel': 0.8, 'n_estimators': 300}",0.9721741221741222,repeated_stratified,3,2,full,electrode
8,8,1.0,8,3,0.375,8,6,0.75,0.7083333333333334,0.697705802968961,0.859375,8,0,0,0,3,5,0,2,6,P35,xgb,147,"{'subsample': 0.6, 'reg_lambda': 3, 'reg_alpha': 0.1, 'min_child_weight': 1, 'max_depth': 8, 'learning_rate': 0.05, 'gamma': 0, 'colsample_bytree': 0.7, 'colsample_bylevel': 0.8, 'n_estimators': 300}",0.9254689754689754,repeated_stratified,3,3,full,electrode
8,8,1.0,8,5,0.625,8,4,0.5,0.7083333333333334,0.7071895424836602,0.8619791666666666,8,0,0,0,5,3,0,4,4,P35,xgb,145,"{'subsample': 0.6, 'reg_lambda': 3, 'reg_alpha': 0.1, 'min_child_weight': 1, 'max_depth': 8, 'learning_rate': 0.05, 'gamma': 0, 'colsample_bytree': 0.7, 'colsample_bylevel': 0.8, 'n_estimators': 300}",0.9283068783068783,repeated_stratified,3,4,full,electrode
8,8,1.0,8,3,0.375,8,5,0.625,0.6666666666666666,0.6613756613756614,0.8463541666666666,8,0,0,0,3,5,0,3,5,P35,xgb,148,"{'subsample': 0.6, 'reg_lambda': 10, 'reg_alpha': 0.1, 'min_child_weight': 1, 'max_depth': 8, 'learning_rate': 0.03, 'gamma': 0.3, 'colsample_bytree': 0.6, 'colsample_bylevel': 0.8, 'n_estimators': 300}",0.8933140933140932,repeated_stratified,4,0,full,electrode
8,8,1.0,8,7,0.875,8,4,0.5,0.7916666666666666,0.7840755735492578,0.8697916666666666,8,0,0,0,7,1,0,4,4,P35,xgb,147,"{'subsample': 0.6, 'reg_lambda': 3, 'reg_alpha': 0.1, 'min_child_weight': 1, 'max_depth': 8, 'learning_rate': 0.05, 'gamma': 0, 'colsample_bytree': 0.7, 'colsample_bylevel': 0.8, 'n_estimators': 300}",0.9527417027417028,repeated_stratified,4,1,full,electrode
8,8,1.0,8,4,0.5,8,5,0.625,0.7083333333333334,0.7071895424836602,0.8619791666666666,8,0,0,0,4,4,0,3,5,P35,xgb,149,"{'subsample': 0.6, 'reg_lambda': 3, 'reg_alpha': 0.1, 'min_child_weight': 1, 'max_depth': 8, 'learning_rate': 0.05, 'gamma': 0, 'colsample_bytree': 0.7, 'colsample_bylevel': 0.8, 'n_estimators': 300}",0.894155844155844,repeated_stratified,4,2,full,electrode
8,8,1.0,8,5,0.625,8,5,0.625,0.75,0.75,0.8854166666666666,8,0,0,0,5,3,0,3,5,P35,xgb,145,"{'subsample': 0.6, 'reg_lambda': 3, 'reg_alpha': 0.1, 'min_child_weight': 1, 'max_depth': 2, 'learning_rate': 0.05, 'gamma': 0, 'colsample_bytree': 0.7, 'colsample_bylevel': 0.6, 'n_estimators': 300}",0.9388888888888888,repeated_stratified,4,3,full,electrode
8,8,1.0,8,4,0.5,8,5,0.625,0.7083333333333334,0.7071895424836602,0.8359375,8,0,0,0,4,4,0,3,5,P35,xgb,149,"{'subsample': 0.6, 'reg_lambda': 3, 'reg_alpha': 0.1, 'min_child_weight': 1, 'max_depth': 2, 'learning_rate': 0.05, 'gamma': 0, 'colsample_bytree': 0.7, 'colsample_bylevel': 0.6, 'n_estimators': 300}",0.9566378066378066,repeated_stratified,4,4,full,electrode
8,8,1.0,8,8,1.0,8,4,0.5,0.8333333333333334,0.8222222222222223,0.9140625,8,0,0,0,8,0,0,4,4,P35,xgb,149,"{'subsample': 0.6, 'reg_lambda': 5, 'reg_alpha': 0.5, 'min_child_weight': 1, 'max_depth': 8, 'learning_rate': 0.03, 'gamma': 0.3, 'colsample_bytree': 0.6, 'colsample_bylevel': 0.6, 'n_estimators': 300}",0.9003848003848002,repeated_stratified,5,0,full,electrode
8,8,1.0,8,2,0.25,8,1,0.125,0.4583333333333333,0.4562091503267974,0.7239583333333334,8,0,0,0,2,6,0,7,1,P35,xgb,150,"{'subsample': 0.8, 'reg_lambda': 5, 'reg_alpha': 0.1, 'min_child_weight': 1, 'max_depth': 8, 'learning_rate': 0.03, 'gamma': 0, 'colsample_bytree': 0.6, 'colsample_bylevel': 0.6, 'n_estimators': 300}",0.9524771524771524,repeated_stratified,5,1,full,electrode
8,8,1.0,8,6,0.75,8,5,0.625,0.7916666666666666,0.7908496732026143,0.8854166666666666,8,0,0,0,6,2,0,3,5,P35,xgb,149,"{'subsample': 1.0, 'reg_lambda': 5, 'reg_alpha': 0.5, 'min_child_weight': 1, 'max_depth': 4, 'learning_rate': 0.03, 'gamma': 0, 'colsample_bytree': 0.6, 'colsample_bylevel': 0.8, 'n_estimators': 300}",0.9322029822029823,repeated_stratified,5,2,full,electrode
8,8,1.0,8,4,0.5,8,5,0.625,0.7083333333333334,0.7071895424836602,0.8984375,8,0,0,0,4,4,0,3,5,P35,xgb,150,"{'subsample': 0.6, 'reg_lambda': 1, 'reg_alpha': 0, 'min_child_weight': 1, 'max_depth': 2, 'learning_rate': 0.03, 'gamma': 0, 'colsample_bytree': 0.6, 'colsample_bylevel': 0.6, 'n_estimators': 300}",0.9190957190957191,repeated_stratified,5,3,full,electrode
8,8,1.0,8,4,0.5,8,3,0.375,0.625,0.6235294117647059,0.8177083333333334,8,0,0,0,4,4,0,5,3,P35,xgb,145,"{'subsample': 0.6, 'reg_lambda': 3, 'reg_alpha': 0.1, 'min_child_weight': 1, 'max_depth': 2, 'learning_rate': 0.05, 'gamma': 0, 'colsample_bytree': 0.7, 'colsample_bylevel': 0.6, 'n_estimators': 300}",0.9372534872534873,repeated_stratified,5,4,full,electrode
8,8,1.0,8,5,0.625,8,3,0.375,0.6666666666666666,0.6613756613756614,0.8515625,8,0,0,0,5,3,0,5,3,P35,xgb,145,"{'subsample': 0.6, 'reg_lambda': 1, 'reg_alpha': 0, 'min_child_weight': 1, 'max_depth': 2, 'learning_rate': 0.03, 'gamma': 0, 'colsample_bytree': 0.6, 'colsample_bylevel': 0.6, 'n_estimators': 300}",0.9319384319384318,repeated_stratified,6,0,full,electrode
8,8,1.0,8,5,0.625,8,1,0.125,0.5833333333333334,0.5555555555555556,0.7838541666666666,8,0,0,0,5,3,0,7,1,P35,xgb,148,"{'subsample': 0.6, 'reg_lambda': 1, 'reg_alpha': 0, 'min_child_weight': 1, 'max_depth': 2, 'learning_rate': 0.03, 'gamma': 0, 'colsample_bytree': 0.6, 'colsample_bylevel': 0.6, 'n_estimators': 300}",0.9373977873977873,repeated_stratified,6,1,full,electrode
8,8,1.0,8,5,0.625,8,3,0.375,0.6666666666666666,0.6613756613756614,0.78125,8,0,0,0,5,3,0,5,3,P35,xgb,147,"{'subsample': 0.6, 'reg_lambda': 1, 'reg_alpha': 0, 'min_child_weight': 1, 'max_depth': 2, 'learning_rate': 0.03, 'gamma': 0, 'colsample_bytree': 0.6, 'colsample_bylevel': 0.6, 'n_estimators': 300}",0.9273208273208273,repeated_stratified,6,2,full,electrode
8,8,1.0,8,4,0.5,8,4,0.5,0.6666666666666666,0.6666666666666666,0.8333333333333334,8,0,0,0,4,4,0,4,4,P35,xgb,146,"{'subsample': 0.6, 'reg_lambda': 1, 'reg_alpha': 0, 'min_child_weight': 1, 'max_depth': 2, 'learning_rate': 0.03, 'gamma': 0, 'colsample_bytree': 0.6, 'colsample_bylevel': 0.6, 'n_estimators': 300}",0.9238576238576238,repeated_stratified,6,3,full,electrode
8,8,1.0,8,4,0.5,8,6,0.75,0.75,0.746031746031746,0.8854166666666666,8,0,0,0,4,4,0,2,6,P35,xgb,148,"{'subsample': 0.8, 'reg_lambda': 10, 'reg_alpha': 0, 'min_child_weight': 1, 'max_depth': 8, 'learning_rate': 0.05, 'gamma': 0, 'colsample_bytree': 0.7, 'colsample_bylevel': 0.6, 'n_estimators': 300}",0.882130832130832,repeated_stratified,6,4,full,electrode
8,8,1.0,8,4,0.5,8,4,0.5,0.6666666666666666,0.6666666666666666,0.8229166666666666,8,0,0,0,4,4,0,4,4,P35,xgb,150,"{'subsample': 0.6, 'reg_lambda': 1, 'reg_alpha': 0, 'min_child_weight': 1, 'max_depth': 2, 'learning_rate': 0.03, 'gamma': 0, 'colsample_bytree': 0.6, 'colsample_bylevel': 0.6, 'n_estimators': 300}",0.9232082732082731,repeated_stratified,7,0,full,electrode
8,8,1.0,8,4,0.5,8,2,0.25,0.5833333333333334,0.5767195767195767,0.8020833333333334,8,0,0,0,4,4,0,6,2,P35,xgb,147,"{'subsample': 0.6, 'reg_lambda': 1, 'reg_alpha': 0, 'min_child_weight': 1, 'max_depth': 2, 'learning_rate': 0.03, 'gamma': 0, 'colsample_bytree': 0.6, 'colsample_bylevel': 0.6, 'n_estimators': 300}",0.934920634920635,repeated_stratified,7,1,full,electrode
8,8,1.0,8,6,0.75,8,4,0.5,0.75,0.746031746031746,0.8411458333333334,8,0,0,0,6,2,0,4,4,P35,xgb,145,"{'subsample': 0.6, 'reg_lambda': 5, 'reg_alpha': 0, 'min_child_weight': 1, 'max_depth': 2, 'learning_rate': 0.01, 'gamma': 0.3, 'colsample_bytree': 0.7, 'colsample_bylevel': 0.6, 'n_estimators': 300}",0.9192881192881194,repeated_stratified,7,2,full,electrode
8,8,1.0,8,4,0.5,8,1,0.125,0.5416666666666666,0.524966261808367,0.7786458333333334,8,0,0,0,4,4,0,7,1,P35,xgb,148,"{'subsample': 0.6, 'reg_lambda': 3, 'reg_alpha': 0.1, 'min_child_weight': 1, 'max_depth': 2, 'learning_rate': 0.05, 'gamma': 0, 'colsample_bytree': 0.7, 'colsample_bylevel': 0.6, 'n_estimators': 300}",0.9094276094276094,repeated_stratified,7,3,full,electrode
8,8,1.0,8,1,0.125,8,5,0.625,0.5833333333333334,0.5555555555555556,0.84375,8,0,0,0,1,7,0,3,5,P35,xgb,142,"{'subsample': 0.6, 'reg_lambda': 10, 'reg_alpha': 0.5, 'min_child_weight': 1, 'max_depth': 2, 'learning_rate': 0.05, 'gamma': 0.1, 'colsample_bytree': 0.6, 'colsample_bylevel': 0.6, 'n_estimators': 300}",0.9314333814333814,repeated_stratified,7,4,full,electrode
8,8,1.0,8,2,0.25,8,5,0.625,0.625,0.611336032388664,0.7994791666666666,8,0,0,0,2,6,0,3,5,P35,xgb,150,"{'subsample': 0.8, 'reg_lambda': 10, 'reg_alpha': 0, 'min_child_weight': 1, 'max_depth': 8, 'learning_rate': 0.05, 'gamma': 0, 'colsample_bytree': 0.7, 'colsample_bylevel': 0.6, 'n_estimators': 300}",0.9200817700817701,repeated_stratified,8,0,full,electrode
8,8,1.0,8,5,0.625,8,5,0.625,0.75,0.75,0.8828125,8,0,0,0,5,3,0,3,5,P35,xgb,149,"{'subsample': 0.6, 'reg_lambda': 3, 'reg_alpha': 0.1, 'min_child_weight': 1, 'max_depth': 2, 'learning_rate': 0.05, 'gamma': 0, 'colsample_bytree': 0.7, 'colsample_bylevel': 0.6, 'n_estimators': 300}",0.9178451178451178,repeated_stratified,8,1,full,electrode
8,8,1.0,8,5,0.625,8,2,0.25,0.625,0.611336032388664,0.7578125,8,0,0,0,5,3,0,6,2,P35,xgb,150,"{'subsample': 0.8, 'reg_lambda': 10, 'reg_alpha': 0, 'min_child_weight': 1, 'max_depth': 8, 'learning_rate': 0.05, 'gamma': 0, 'colsample_bytree': 0.7, 'colsample_bylevel': 0.6, 'n_estimators': 300}",0.9543290043290042,repeated_stratified,8,2,full,electrode
8,8,1.0,8,6,0.75,8,6,0.75,0.8333333333333334,0.8333333333333334,0.9375,8,0,0,0,6,2,0,2,6,P35,xgb,148,"{'subsample': 0.6, 'reg_lambda': 5, 'reg_alpha': 0.5, 'min_child_weight': 1, 'max_depth': 8, 'learning_rate': 0.03, 'gamma': 0.3, 'colsample_bytree': 0.6, 'colsample_bylevel': 0.6, 'n_estimators': 300}",0.9038720538720538,repeated_stratified,8,3,full,electrode
8,8,1.0,8,6,0.75,8,6,0.75,0.8333333333333334,0.8333333333333334,0.9427083333333334,8,0,0,0,6,2,0,2,6,P35,xgb,148,"{'subsample': 0.6, 'reg_lambda': 1, 'reg_alpha': 0, 'min_child_weight': 1, 'max_depth': 2, 'learning_rate': 0.03, 'gamma': 0, 'colsample_bytree': 0.6, 'colsample_bylevel': 0.6, 'n_estimators': 300}",0.9053872053872053,repeated_stratified,8,4,full,electrode
8,8,1.0,8,6,0.75,8,5,0.625,0.7916666666666666,0.7908496732026143,0.9322916666666666,8,0,0,0,6,2,0,3,5,P35,xgb,149,"{'subsample': 0.6, 'reg_lambda': 3, 'reg_alpha': 0.1, 'min_child_weight': 1, 'max_depth': 2, 'learning_rate': 0.05, 'gamma': 0, 'colsample_bytree': 0.7, 'colsample_bylevel': 0.6, 'n_estimators': 300}",0.894949494949495,repeated_stratified,9,0,full,electrode
8,8,1.0,8,5,0.625,8,5,0.625,0.75,0.75,0.8958333333333334,8,0,0,0,5,3,0,3,5,P35,xgb,150,"{'subsample': 0.6, 'reg_lambda': 5, 'reg_alpha': 0.5, 'min_child_weight': 1, 'max_depth': 8, 'learning_rate': 0.03, 'gamma': 0.3, 'colsample_bytree': 0.6, 'colsample_bylevel': 0.6, 'n_estimators': 300}",0.9048100048100048,repeated_stratified,9,1,full,electrode
8,8,1.0,8,7,0.875,8,3,0.375,0.75,0.7333333333333334,0.9348958333333334,8,0,0,0,7,1,0,5,3,P35,xgb,148,"{'subsample': 0.6, 'reg_lambda': 1, 'reg_alpha': 0, 'min_child_weight': 1, 'max_depth': 2, 'learning_rate': 0.03, 'gamma': 0, 'colsample_bytree': 0.6, 'colsample_bylevel': 0.6, 'n_estimators': 300}",0.9144300144300144,repeated_stratified,9,2,full,electrode
8,8,1.0,8,6,0.75,8,4,0.5,0.75,0.746031746031746,0.875,8,0,0,0,6,2,0,4,4,P35,xgb,147,"{'subsample': 0.6, 'reg_lambda': 1, 'reg_alpha': 0, 'min_child_weight': 1, 'max_depth': 2, 'learning_rate': 0.03, 'gamma': 0, 'colsample_bytree': 0.6, 'colsample_bylevel': 0.6, 'n_estimators': 300}",0.9248677248677248,repeated_stratified,9,3,full,electrode
8,8,1.0,8,3,0.375,8,4,0.5,0.625,0.6235294117647059,0.7916666666666666,8,0,0,0,3,5,0,4,4,P35,xgb,146,"{'subsample': 0.6, 'reg_lambda': 1, 'reg_alpha': 0, 'min_child_weight': 1, 'max_depth': 2, 'learning_rate': 0.03, 'gamma': 0, 'colsample_bytree': 0.6, 'colsample_bylevel': 0.6, 'n_estimators': 300}",0.9450697450697451,repeated_stratified,9,4,full,electrode
8,8,1.0,8,5,0.625,8,6,0.75,0.7916666666666666,0.7908496732026143,0.890625,8,0,0,0,5,3,0,2,6,P37,xgb,150,"{'subsample': 0.6, 'reg_lambda': 3, 'reg_alpha': 0.1, 'min_child_weight': 1, 'max_depth': 2, 'learning_rate': 0.05, 'gamma': 0, 'colsample_bytree': 0.7, 'colsample_bylevel': 0.6, 'n_estimators': 300}",0.936988936988937,repeated_stratified,0,0,full,electrode
8,8,1.0,8,3,0.375,8,7,0.875,0.75,0.7333333333333334,0.8671875,8,0,0,0,3,5,0,1,7,P37,xgb,150,"{'subsample': 0.6, 'reg_lambda': 3, 'reg_alpha': 0.1, 'min_child_weight': 1, 'max_depth': 2, 'learning_rate': 0.05, 'gamma': 0, 'colsample_bytree': 0.7, 'colsample_bylevel': 0.6, 'n_estimators': 300}",0.9482683982683983,repeated_stratified,0,1,full,electrode
8,8,1.0,8,4,0.5,8,5,0.625,0.7083333333333334,0.7071895424836602,0.921875,8,0,0,0,4,4,0,3,5,P37,xgb,148,"{'subsample': 0.6, 'reg_lambda': 10, 'reg_alpha': 0.5, 'min_child_weight': 1, 'max_depth': 2, 'learning_rate': 0.05, 'gamma': 0.1, 'colsample_bytree': 0.6, 'colsample_bylevel': 0.6, 'n_estimators': 300}",0.9197450697450696,repeated_stratified,0,2,full,electrode
8,8,1.0,8,6,0.75,8,3,0.375,0.7083333333333334,0.6977058029689608,0.8958333333333334,8,0,0,0,6,2,0,5,3,P37,xgb,144,"{'subsample': 0.6, 'reg_lambda': 1, 'reg_alpha': 0, 'min_child_weight': 1, 'max_depth': 2, 'learning_rate': 0.03, 'gamma': 0, 'colsample_bytree': 0.6, 'colsample_bylevel': 0.6, 'n_estimators': 300}",0.9744588744588745,repeated_stratified,0,3,full,electrode
8,8,1.0,8,7,0.875,8,3,0.375,0.75,0.7333333333333334,0.8671875,8,0,0,0,7,1,0,5,3,P37,xgb,149,"{'subsample': 0.6, 'reg_lambda': 5, 'reg_alpha': 0, 'min_child_weight': 1, 'max_depth': 2, 'learning_rate': 0.01, 'gamma': 0.3, 'colsample_bytree': 0.7, 'colsample_bylevel': 0.6, 'n_estimators': 300}",0.9048340548340548,repeated_stratified,0,4,full,electrode
8,8,1.0,8,5,0.625,8,7,0.875,0.8333333333333334,0.8306878306878307,0.9192708333333334,8,0,0,0,5,3,0,1,7,P37,xgb,147,"{'subsample': 0.6, 'reg_lambda': 3, 'reg_alpha': 0.1, 'min_child_weight': 1, 'max_depth': 8, 'learning_rate': 0.05, 'gamma': 0, 'colsample_bytree': 0.7, 'colsample_bylevel': 0.8, 'n_estimators': 300}",0.9355218855218855,repeated_stratified,1,0,full,electrode
8,8,1.0,8,6,0.75,8,5,0.625,0.7916666666666666,0.7908496732026143,0.9348958333333334,8,0,0,0,6,2,0,3,5,P37,xgb,149,"{'subsample': 0.6, 'reg_lambda': 3, 'reg_alpha': 0.1, 'min_child_weight': 1, 'max_depth': 8, 'learning_rate': 0.05, 'gamma': 0, 'colsample_bytree': 0.7, 'colsample_bylevel': 0.8, 'n_estimators': 300}",0.9268879268879268,repeated_stratified,1,1,full,electrode
8,8,1.0,8,5,0.625,8,5,0.625,0.75,0.75,0.8541666666666666,8,0,0,0,5,3,0,3,5,P37,xgb,73,"{'subsample': 0.6, 'reg_lambda': 3, 'reg_alpha': 0.1, 'min_child_weight': 1, 'max_depth': 8, 'learning_rate': 0.05, 'gamma': 0, 'colsample_bytree': 0.7, 'colsample_bylevel': 0.8, 'n_estimators': 300}",0.9495670995670996,repeated_stratified,1,2,full,electrode
8,8,1.0,8,5,0.625,8,7,0.875,0.8333333333333334,0.8306878306878307,0.9088541666666666,8,0,0,0,5,3,0,1,7,P37,xgb,150,"{'subsample': 0.6, 'reg_lambda': 1, 'reg_alpha': 0, 'min_child_weight': 1, 'max_depth': 2, 'learning_rate': 0.03, 'gamma': 0, 'colsample_bytree': 0.6, 'colsample_bylevel': 0.6, 'n_estimators': 300}",0.9068302068302069,repeated_stratified,1,3,full,electrode
8,8,1.0,8,5,0.625,8,4,0.5,0.7083333333333334,0.6998366013071896,0.8697916666666666,8,0,0,0,5,3,1,3,4,P37,xgb,150,"{'subsample': 0.6, 'reg_lambda': 10, 'reg_alpha': 0.1, 'min_child_weight': 1, 'max_depth': 8, 'learning_rate': 0.03, 'gamma': 0.3, 'colsample_bytree': 0.6, 'colsample_bylevel': 0.8, 'n_estimators': 300}",0.8743867243867244,repeated_stratified,1,4,full,electrode
8,8,1.0,8,5,0.625,8,3,0.375,0.6666666666666666,0.6613756613756614,0.8854166666666666,8,0,0,0,5,3,0,5,3,P37,xgb,125,"{'subsample': 0.6, 'reg_lambda': 1, 'reg_alpha': 0, 'min_child_weight': 1, 'max_depth': 2, 'learning_rate': 0.03, 'gamma': 0, 'colsample_bytree': 0.6, 'colsample_bylevel': 0.6, 'n_estimators': 300}",0.9137806637806637,repeated_stratified,2,0,full,electrode
8,7,0.875,8,7,0.875,8,1,0.125,0.625,0.5838383838383839,0.828125,7,0,1,0,7,1,0,7,1,P37,xgb,131,"{'subsample': 0.6, 'reg_lambda': 1, 'reg_alpha': 0, 'min_child_weight': 1, 'max_depth': 2, 'learning_rate': 0.03, 'gamma': 0, 'colsample_bytree': 0.6, 'colsample_bylevel': 0.6, 'n_estimators': 300}",0.9384559884559884,repeated_stratified,2,1,full,electrode
8,8,1.0,8,5,0.625,8,5,0.625,0.75,0.75,0.9166666666666666,8,0,0,0,5,3,0,3,5,P37,xgb,150,"{'subsample': 0.6, 'reg_lambda': 1, 'reg_alpha': 0, 'min_child_weight': 1, 'max_depth': 2, 'learning_rate': 0.03, 'gamma': 0, 'colsample_bytree': 0.6, 'colsample_bylevel': 0.6, 'n_estimators': 300}",0.9136363636363636,repeated_stratified,2,2,full,electrode
8,8,1.0,8,4,0.5,8,6,0.75,0.75,0.746031746031746,0.921875,8,0,0,0,4,4,0,2,6,P37,xgb,147,"{'subsample': 0.6, 'reg_lambda': 1, 'reg_alpha': 0, 'min_child_weight': 1, 'max_depth': 2, 'learning_rate': 0.03, 'gamma': 0, 'colsample_bytree': 0.6, 'colsample_bylevel': 0.6, 'n_estimators': 300}",0.9268157768157769,repeated_stratified,2,3,full,electrode
8,8,1.0,8,7,0.875,8,4,0.5,0.7916666666666666,0.7840755735492578,0.9557291666666666,8,0,0,0,7,1,0,4,4,P37,xgb,144,"{'subsample': 0.8, 'reg_lambda': 10, 'reg_alpha': 0, 'min_child_weight': 1, 'max_depth': 4, 'learning_rate': 0.03, 'gamma': 0, 'colsample_bytree': 0.6, 'colsample_bylevel': 0.8, 'n_estimators': 300}",0.9357383357383359,repeated_stratified,2,4,full,electrode
8,8,1.0,8,7,0.875,8,6,0.75,0.875,0.8745098039215686,0.953125,8,0,0,0,7,1,0,2,6,P37,xgb,148,"{'subsample': 0.6, 'reg_lambda': 5, 'reg_alpha': 0.5, 'min_child_weight': 1, 'max_depth': 8, 'learning_rate': 0.03, 'gamma': 0.3, 'colsample_bytree': 0.6, 'colsample_bylevel': 0.6, 'n_estimators': 300}",0.88997113997114,repeated_stratified,3,0,full,electrode
8,8,1.0,8,5,0.625,8,3,0.375,0.6666666666666666,0.6613756613756614,0.84375,8,0,0,0,5,3,0,5,3,P37,xgb,150,"{'subsample': 0.6, 'reg_lambda': 1, 'reg_alpha': 0, 'min_child_weight': 1, 'max_depth': 2, 'learning_rate': 0.03, 'gamma': 0, 'colsample_bytree': 0.6, 'colsample_bylevel': 0.6, 'n_estimators': 300}",0.9247474747474748,repeated_stratified,3,1,full,electrode
8,8,1.0,8,8,1.0,8,6,0.75,0.9166666666666666,0.9153439153439153,0.96875,8,0,0,0,8,0,0,2,6,P37,xgb,150,"{'subsample': 0.6, 'reg_lambda': 5, 'reg_alpha': 0, 'min_child_weight': 1, 'max_depth': 2, 'learning_rate': 0.01, 'gamma': 0.3, 'colsample_bytree': 0.7, 'colsample_bylevel': 0.6, 'n_estimators': 300}",0.9396825396825398,repeated_stratified,3,2,full,electrode
8,8,1.0,8,5,0.625,8,8,1.0,0.875,0.8704453441295547,0.9583333333333334,8,0,0,0,5,3,0,0,8,P37,xgb,149,"{'subsample': 0.6, 'reg_lambda': 1, 'reg_alpha': 0, 'min_child_weight': 1, 'max_depth': 2, 'learning_rate': 0.03, 'gamma': 0, 'colsample_bytree': 0.6, 'colsample_bylevel': 0.6, 'n_estimators': 300}",0.9187590187590188,repeated_stratified,3,3,full,electrode
8,8,1.0,8,5,0.625,8,5,0.625,0.75,0.75,0.8828125,8,0,0,0,5,3,0,3,5,P37,xgb,149,"{'subsample': 0.6, 'reg_lambda': 1, 'reg_alpha': 0, 'min_child_weight': 1, 'max_depth': 2, 'learning_rate': 0.03, 'gamma': 0, 'colsample_bytree': 0.6, 'colsample_bylevel': 0.6, 'n_estimators': 300}",0.9245550745550745,repeated_stratified,3,4,full,electrode
8,8,1.0,8,6,0.75,8,2,0.25,0.6666666666666666,0.6444444444444445,0.8489583333333334,8,0,0,0,6,2,0,6,2,P37,xgb,150,"{'subsample': 1.0, 'reg_lambda': 3, 'reg_alpha': 0, 'min_child_weight': 1, 'max_depth': 4, 'learning_rate': 0.01, 'gamma': 0.3, 'colsample_bytree': 0.6, 'colsample_bylevel': 0.6, 'n_estimators': 300}",0.909187109187109,repeated_stratified,4,0,full,electrode
8,8,1.0,8,8,1.0,8,6,0.75,0.9166666666666666,0.9153439153439153,0.9713541666666666,8,0,0,0,8,0,0,2,6,P37,xgb,149,"{'subsample': 0.6, 'reg_lambda': 10, 'reg_alpha': 0.5, 'min_child_weight': 1, 'max_depth': 2, 'learning_rate': 0.05, 'gamma': 0.1, 'colsample_bytree': 0.6, 'colsample_bylevel': 0.6, 'n_estimators': 300}",0.9779701779701778,repeated_stratified,4,1,full,electrode
8,8,1.0,8,8,1.0,8,4,0.5,0.8333333333333334,0.8222222222222223,0.9453125,8,0,0,0,8,0,0,4,4,P37,xgb,147,"{'subsample': 0.6, 'reg_lambda': 3, 'reg_alpha': 0.1, 'min_child_weight': 1, 'max_depth': 2, 'learning_rate': 0.05, 'gamma': 0, 'colsample_bytree': 0.7, 'colsample_bylevel': 0.6, 'n_estimators': 300}",0.8728715728715728,repeated_stratified,4,2,full,electrode
8,8,1.0,8,8,1.0,8,5,0.625,0.875,0.8704453441295547,0.9895833333333334,8,0,0,0,8,0,0,3,5,P37,xgb,145,"{'subsample': 0.6, 'reg_lambda': 10, 'reg_alpha': 0.5, 'min_child_weight': 1, 'max_depth': 2, 'learning_rate': 0.05, 'gamma': 0.1, 'colsample_bytree': 0.6, 'colsample_bylevel': 0.6, 'n_estimators': 300}",0.967989417989418,repeated_stratified,4,3,full,electrode
8,8,1.0,8,3,0.375,8,5,0.625,0.6666666666666666,0.6613756613756614,0.8411458333333334,8,0,0,0,3,5,0,3,5,P37,xgb,150,"{'subsample': 0.6, 'reg_lambda': 1, 'reg_alpha': 0, 'min_child_weight': 1, 'max_depth': 2, 'learning_rate': 0.03, 'gamma': 0, 'colsample_bytree': 0.6, 'colsample_bylevel': 0.6, 'n_estimators': 300}",0.9377585377585378,repeated_stratified,4,4,full,electrode
8,8,1.0,8,4,0.5,8,4,0.5,0.6666666666666666,0.6666666666666666,0.8541666666666666,8,0,0,0,4,4,0,4,4,P37,xgb,149,"{'subsample': 0.6, 'reg_lambda': 3, 'reg_alpha': 0.1, 'min_child_weight': 1, 'max_depth': 2, 'learning_rate': 0.05, 'gamma': 0, 'colsample_bytree': 0.7, 'colsample_bylevel': 0.6, 'n_estimators': 300}",0.9046176046176045,repeated_stratified,5,0,full,electrode
8,8,1.0,8,2,0.25,8,6,0.75,0.6666666666666666,0.6444444444444444,0.8359375,8,0,0,0,2,6,0,2,6,P37,xgb,149,"{'subsample': 0.6, 'reg_lambda': 1, 'reg_alpha': 0, 'min_child_weight': 1, 'max_depth': 2, 'learning_rate': 0.03, 'gamma': 0, 'colsample_bytree': 0.6, 'colsample_bylevel': 0.6, 'n_estimators': 300}",0.9273689273689274,repeated_stratified,5,1,full,electrode
8,8,1.0,8,6,0.75,8,8,1.0,0.9166666666666666,0.9153439153439153,0.96875,8,0,0,0,6,2,0,0,8,P37,xgb,147,"{'subsample': 0.6, 'reg_lambda': 3, 'reg_alpha': 0.1, 'min_child_weight': 1, 'max_depth': 2, 'learning_rate': 0.05, 'gamma': 0, 'colsample_bytree': 0.7, 'colsample_bylevel': 0.6, 'n_estimators': 300}",0.9606782106782107,repeated_stratified,5,2,full,electrode
8,8,1.0,8,4,0.5,8,7,0.875,0.7916666666666666,0.7840755735492578,0.8958333333333334,8,0,0,0,4,4,0,1,7,P37,xgb,146,"{'subsample': 0.6, 'reg_lambda': 1, 'reg_alpha': 0, 'min_child_weight': 1, 'max_depth': 2, 'learning_rate': 0.03, 'gamma': 0, 'colsample_bytree': 0.6, 'colsample_bylevel': 0.6, 'n_estimators': 300}",0.9691197691197692,repeated_stratified,5,3,full,electrode
8,8,1.0,8,8,1.0,8,5,0.625,0.875,0.8704453441295547,0.9557291666666666,8,0,0,0,8,0,0,3,5,P37,xgb,126,"{'subsample': 1.0, 'reg_lambda': 3, 'reg_alpha': 0.5, 'min_child_weight': 1, 'max_depth': 2, 'learning_rate': 0.05, 'gamma': 0, 'colsample_bytree': 0.7, 'colsample_bylevel': 0.8, 'n_estimators': 300}",0.9810485810485811,repeated_stratified,5,4,full,electrode
8,8,1.0,8,5,0.625,8,6,0.75,0.7916666666666666,0.7908496732026143,0.921875,8,0,0,0,5,3,0,2,6,P37,xgb,150,"{'subsample': 0.8, 'reg_lambda': 10, 'reg_alpha': 0.5, 'min_child_weight': 1, 'max_depth': 8, 'learning_rate': 0.01, 'gamma': 0.3, 'colsample_bytree': 0.7, 'colsample_bylevel': 0.6, 'n_estimators': 300}",0.902140452140452,repeated_stratified,6,0,full,electrode
8,8,1.0,8,5,0.625,8,6,0.75,0.7916666666666666,0.7908496732026143,0.9166666666666666,8,0,0,0,5,3,0,2,6,P37,xgb,120,"{'subsample': 0.8, 'reg_lambda': 10, 'reg_alpha': 0, 'min_child_weight': 1, 'max_depth': 4, 'learning_rate': 0.03, 'gamma': 0, 'colsample_bytree': 0.6, 'colsample_bylevel': 0.8, 'n_estimators': 300}",0.9842953342953343,repeated_stratified,6,1,full,electrode
8,7,0.875,8,5,0.625,8,2,0.25,0.5833333333333334,0.5817878028404344,0.8619791666666666,7,0,1,0,5,3,0,6,2,P37,xgb,150,"{'subsample': 0.8, 'reg_lambda': 10, 'reg_alpha': 0, 'min_child_weight': 1, 'max_depth': 4, 'learning_rate': 0.03, 'gamma': 0, 'colsample_bytree': 0.6, 'colsample_bylevel': 0.8, 'n_estimators': 300}",0.9225348725348725,repeated_stratified,6,2,full,electrode
8,8,1.0,8,2,0.25,8,5,0.625,0.625,0.6002751977984175,0.890625,8,0,0,0,2,6,1,2,5,P37,xgb,148,"{'subsample': 0.6, 'reg_lambda': 3, 'reg_alpha': 0.1, 'min_child_weight': 1, 'max_depth': 8, 'learning_rate': 0.05, 'gamma': 0, 'colsample_bytree': 0.7, 'colsample_bylevel': 0.8, 'n_estimators': 300}",0.9345117845117845,repeated_stratified,6,3,full,electrode
8,8,1.0,8,6,0.75,8,7,0.875,0.875,0.8745098039215686,0.96875,8,0,0,0,6,2,0,1,7,P37,xgb,146,"{'subsample': 0.6, 'reg_lambda': 5, 'reg_alpha': 0, 'min_child_weight': 1, 'max_depth': 2, 'learning_rate': 0.01, 'gamma': 0.3, 'colsample_bytree': 0.7, 'colsample_bylevel': 0.6, 'n_estimators': 300}",0.9696007696007696,repeated_stratified,6,4,full,electrode
8,8,1.0,8,7,0.875,8,6,0.75,0.875,0.8745098039215686,0.9270833333333334,8,0,0,0,7,1,0,2,6,P37,xgb,150,"{'subsample': 0.8, 'reg_lambda': 10, 'reg_alpha': 0.1, 'min_child_weight': 1, 'max_depth': 16, 'learning_rate': 0.01, 'gamma': 0.1, 'colsample_bytree': 0.6, 'colsample_bylevel': 0.6, 'n_estimators': 300}",0.9300865800865802,repeated_stratified,7,0,full,electrode
8,8,1.0,8,6,0.75,8,3,0.375,0.7083333333333334,0.6977058029689608,0.8541666666666666,8,0,0,0,6,2,0,5,3,P37,xgb,52,"{'subsample': 0.6, 'reg_lambda': 1, 'reg_alpha': 0, 'min_child_weight': 1, 'max_depth': 2, 'learning_rate': 0.03, 'gamma': 0, 'colsample_bytree': 0.6, 'colsample_bylevel': 0.6, 'n_estimators': 300}",0.9452140452140453,repeated_stratified,7,1,full,electrode
8,8,1.0,8,6,0.75,8,5,0.625,0.7916666666666666,0.7908496732026143,0.890625,8,0,0,0,6,2,0,3,5,P37,xgb,150,"{'subsample': 0.6, 'reg_lambda': 3, 'reg_alpha': 0.1, 'min_child_weight': 1, 'max_depth': 8, 'learning_rate': 0.05, 'gamma': 0, 'colsample_bytree': 0.7, 'colsample_bylevel': 0.8, 'n_estimators': 300}",0.9248436748436748,repeated_stratified,7,2,full,electrode
8,8,1.0,8,6,0.75,8,4,0.5,0.75,0.746031746031746,0.921875,8,0,0,0,6,2,0,4,4,P37,xgb,148,"{'subsample': 0.6, 'reg_lambda': 5, 'reg_alpha': 0.5, 'min_child_weight': 1, 'max_depth': 8, 'learning_rate': 0.03, 'gamma': 0.3, 'colsample_bytree': 0.6, 'colsample_bylevel': 0.6, 'n_estimators': 300}",0.9562049062049063,repeated_stratified,7,3,full,electrode
8,8,1.0,8,5,0.625,8,4,0.5,0.7083333333333334,0.7071895424836602,0.8567708333333334,8,0,0,0,5,3,0,4,4,P37,xgb,150,"{'subsample': 0.6, 'reg_lambda': 3, 'reg_alpha': 0.1, 'min_child_weight': 1, 'max_depth': 2, 'learning_rate': 0.05, 'gamma': 0, 'colsample_bytree': 0.7, 'colsample_bylevel': 0.6, 'n_estimators': 300}",0.9625781625781626,repeated_stratified,7,4,full,electrode
8,8,1.0,8,6,0.75,8,7,0.875,0.875,0.8745098039215686,0.9869791666666666,8,0,0,0,6,2,0,1,7,P37,xgb,145,"{'subsample': 0.6, 'reg_lambda': 3, 'reg_alpha': 0.1, 'min_child_weight': 1, 'max_depth': 8, 'learning_rate': 0.05, 'gamma': 0, 'colsample_bytree': 0.7, 'colsample_bylevel': 0.8, 'n_estimators': 300}",0.9735690235690236,repeated_stratified,8,0,full,electrode
8,8,1.0,8,5,0.625,8,5,0.625,0.75,0.75,0.8307291666666666,8,0,0,0,5,3,0,3,5,P37,xgb,149,"{'subsample': 0.8, 'reg_lambda': 1, 'reg_alpha': 0, 'min_child_weight': 1, 'max_depth': 4, 'learning_rate': 0.01, 'gamma': 0, 'colsample_bytree': 0.7, 'colsample_bylevel': 0.8, 'n_estimators': 300}",0.9395141895141895,repeated_stratified,8,1,full,electrode
8,8,1.0,8,7,0.875,8,6,0.75,0.875,0.8745098039215686,0.96875,8,0,0,0,7,1,0,2,6,P37,xgb,150,"{'subsample': 0.6, 'reg_lambda': 3, 'reg_alpha': 0.1, 'min_child_weight': 1, 'max_depth': 2, 'learning_rate': 0.05, 'gamma': 0, 'colsample_bytree': 0.7, 'colsample_bylevel': 0.6, 'n_estimators': 300}",0.9011784511784513,repeated_stratified,8,2,full,electrode
8,7,0.875,8,5,0.625,8,4,0.5,0.6666666666666666,0.6666666666666666,0.8671875,7,0,1,0,5,3,1,3,4,P37,xgb,150,"{'subsample': 0.6, 'reg_lambda': 1, 'reg_alpha': 0, 'min_child_weight': 1, 'max_depth': 2, 'learning_rate': 0.03, 'gamma': 0, 'colsample_bytree': 0.6, 'colsample_bylevel': 0.6, 'n_estimators': 300}",0.8822991822991825,repeated_stratified,8,3,full,electrode
8,8,1.0,8,6,0.75,8,5,0.625,0.7916666666666666,0.7908496732026143,0.9010416666666666,8,0,0,0,6,2,0,3,5,P37,xgb,148,"{'subsample': 0.6, 'reg_lambda': 3, 'reg_alpha': 0.1, 'min_child_weight': 1, 'max_depth': 8, 'learning_rate': 0.05, 'gamma': 0, 'colsample_bytree': 0.7, 'colsample_bylevel': 0.8, 'n_estimators': 300}",0.933020683020683,repeated_stratified,8,4,full,electrode
8,8,1.0,8,5,0.625,8,7,0.875,0.8333333333333334,0.8306878306878307,0.9453125,8,0,0,0,5,3,0,1,7,P37,xgb,149,"{'subsample': 0.6, 'reg_lambda': 10, 'reg_alpha': 0.5, 'min_child_weight': 1, 'max_depth': 2, 'learning_rate': 0.05, 'gamma': 0.1, 'colsample_bytree': 0.6, 'colsample_bylevel': 0.6, 'n_estimators': 300}",0.9163780663780664,repeated_stratified,9,0,full,electrode
8,7,0.875,8,3,0.375,8,5,0.625,0.625,0.629406850459482,0.828125,7,0,1,0,3,5,0,3,5,P37,xgb,150,"{'subsample': 0.8, 'reg_lambda': 10, 'reg_alpha': 0.1, 'min_child_weight': 1, 'max_depth': 16, 'learning_rate': 0.01, 'gamma': 0.1, 'colsample_bytree': 0.6, 'colsample_bylevel': 0.6, 'n_estimators': 300}",0.9422558922558922,repeated_stratified,9,1,full,electrode
8,8,1.0,8,8,1.0,8,5,0.625,0.875,0.8704453441295547,0.953125,8,0,0,0,8,0,0,3,5,P37,xgb,132,"{'subsample': 0.8, 'reg_lambda': 3, 'reg_alpha': 0.1, 'min_child_weight': 1, 'max_depth': 2, 'learning_rate': 0.03, 'gamma': 1, 'colsample_bytree': 0.6, 'colsample_bylevel': 0.6, 'n_estimators': 300}",0.8902116402116401,repeated_stratified,9,2,full,electrode
8,8,1.0,8,5,0.625,8,6,0.75,0.7916666666666666,0.7908496732026143,0.90625,8,0,0,0,5,3,0,2,6,P37,xgb,150,"{'subsample': 0.8, 'reg_lambda': 1, 'reg_alpha': 0, 'min_child_weight': 1, 'max_depth': 4, 'learning_rate': 0.01, 'gamma': 0, 'colsample_bytree': 0.7, 'colsample_bylevel': 0.8, 'n_estimators': 300}",0.9264790764790765,repeated_stratified,9,3,full,electrode
8,8,1.0,8,4,0.5,8,6,0.75,0.75,0.746031746031746,0.9296875,8,0,0,0,4,4,0,2,6,P37,xgb,150,"{'subsample': 0.6, 'reg_lambda': 3, 'reg_alpha': 0.1, 'min_child_weight': 1, 'max_depth': 2, 'learning_rate': 0.05, 'gamma': 0, 'colsample_bytree': 0.7, 'colsample_bylevel': 0.6, 'n_estimators': 300}",0.9545214045214045,repeated_stratified,9,4,full,electrode
8,8,1.0,8,4,0.5,8,3,0.375,0.625,0.6137254901960785,0.84375,8,0,0,0,4,4,1,4,3,P39,xgb,148,"{'subsample': 0.6, 'reg_lambda': 10, 'reg_alpha': 0.5, 'min_child_weight': 1, 'max_depth': 2, 'learning_rate': 0.05, 'gamma': 0.1, 'colsample_bytree': 0.6, 'colsample_bylevel': 0.6, 'n_estimators': 300}",0.8460557960557961,repeated_stratified,0,0,full,electrode
8,8,1.0,8,2,0.25,8,4,0.5,0.5833333333333334,0.5582010582010581,0.8020833333333334,8,0,0,2,2,4,0,4,4,P39,xgb,149,"{'subsample': 0.6, 'reg_lambda': 3, 'reg_alpha': 0.1, 'min_child_weight': 1, 'max_depth': 8, 'learning_rate': 0.05, 'gamma': 0, 'colsample_bytree': 0.7, 'colsample_bylevel': 0.8, 'n_estimators': 300}",0.9118807118807118,repeated_stratified,0,1,full,electrode
8,8,1.0,8,2,0.25,8,8,1.0,0.75,0.709090909090909,0.8671875,8,0,0,0,2,6,0,0,8,P39,xgb,150,"{'subsample': 0.6, 'reg_lambda': 10, 'reg_alpha': 0.5, 'min_child_weight': 1, 'max_depth': 2, 'learning_rate': 0.05, 'gamma': 0.1, 'colsample_bytree': 0.6, 'colsample_bylevel': 0.6, 'n_estimators': 300}",0.871091871091871,repeated_stratified,0,2,full,electrode
8,8,1.0,8,3,0.375,8,6,0.75,0.7083333333333334,0.697705802968961,0.8828125,8,0,0,0,3,5,0,2,6,P39,xgb,150,"{'subsample': 0.6, 'reg_lambda': 3, 'reg_alpha': 0.1, 'min_child_weight': 1, 'max_depth': 8, 'learning_rate': 0.05, 'gamma': 0, 'colsample_bytree': 0.7, 'colsample_bylevel': 0.8, 'n_estimators': 300}",0.8280182780182782,repeated_stratified,0,3,full,electrode
8,8,1.0,8,2,0.25,8,3,0.375,0.5416666666666666,0.5266106442577031,0.7734375,8,0,0,0,2,6,1,4,3,P39,xgb,125,"{'subsample': 1.0, 'reg_lambda': 3, 'reg_alpha': 0.5, 'min_child_weight': 1, 'max_depth': 2, 'learning_rate': 0.05, 'gamma': 0, 'colsample_bytree': 0.7, 'colsample_bylevel': 0.8, 'n_estimators': 300}",0.8971139971139971,repeated_stratified,0,4,full,electrode
8,8,1.0,8,1,0.125,8,5,0.625,0.5833333333333334,0.532340953393585,0.7578125,8,0,0,1,1,6,1,2,5,P39,xgb,150,"{'subsample': 0.6, 'reg_lambda': 3, 'reg_alpha': 0.1, 'min_child_weight': 1, 'max_depth': 8, 'learning_rate': 0.05, 'gamma': 0, 'colsample_bytree': 0.7, 'colsample_bylevel': 0.8, 'n_estimators': 300}",0.8836219336219336,repeated_stratified,1,0,full,electrode
8,8,1.0,8,4,0.5,8,5,0.625,0.7083333333333334,0.7071895424836602,0.8385416666666666,8,0,0,0,4,4,0,3,5,P39,xgb,149,"{'subsample': 0.8, 'reg_lambda': 10, 'reg_alpha': 0.1, 'min_child_weight': 1, 'max_depth': 16, 'learning_rate': 0.01, 'gamma': 0.1, 'colsample_bytree': 0.6, 'colsample_bylevel': 0.6, 'n_estimators': 300}",0.8569264069264069,repeated_stratified,1,1,full,electrode
8,8,1.0,8,4,0.5,8,7,0.875,0.7916666666666666,0.7840755735492578,0.8697916666666666,8,0,0,0,4,4,0,1,7,P39,xgb,149,"{'subsample': 0.6, 'reg_lambda': 10, 'reg_alpha': 0.5, 'min_child_weight': 1, 'max_depth': 2, 'learning_rate': 0.05, 'gamma': 0.1, 'colsample_bytree': 0.6, 'colsample_bylevel': 0.6, 'n_estimators': 300}",0.8848725348725348,repeated_stratified,1,2,full,electrode
8,8,1.0,8,5,0.625,8,4,0.5,0.7083333333333334,0.7071895424836602,0.8567708333333334,8,0,0,0,5,3,0,4,4,P39,xgb,149,"{'subsample': 0.6, 'reg_lambda': 3, 'reg_alpha': 0.1, 'min_child_weight': 1, 'max_depth': 2, 'learning_rate': 0.05, 'gamma': 0, 'colsample_bytree': 0.7, 'colsample_bylevel': 0.6, 'n_estimators': 300}",0.8584656084656084,repeated_stratified,1,3,full,electrode
8,8,1.0,8,3,0.375,8,2,0.25,0.5416666666666666,0.5165343915343915,0.7890625,8,0,0,1,3,4,1,5,2,P39,xgb,149,"{'subsample': 0.8, 'reg_lambda': 10, 'reg_alpha': 0, 'min_child_weight': 1, 'max_depth': 4, 'learning_rate': 0.03, 'gamma': 0, 'colsample_bytree': 0.6, 'colsample_bylevel': 0.8, 'n_estimators': 300}",0.9125541125541127,repeated_stratified,1,4,full,electrode
8,8,1.0,8,2,0.25,8,4,0.5,0.5833333333333334,0.5644377409083291,0.7838541666666666,8,0,0,0,2,6,1,3,4,P39,xgb,150,"{'subsample': 0.6, 'reg_lambda': 3, 'reg_alpha': 0.1, 'min_child_weight': 1, 'max_depth': 2, 'learning_rate': 0.05, 'gamma': 0, 'colsample_bytree': 0.7, 'colsample_bylevel': 0.6, 'n_estimators': 300}",0.8682058682058682,repeated_stratified,2,0,full,electrode
8,8,1.0,8,6,0.75,8,3,0.375,0.7083333333333334,0.6977058029689608,0.8567708333333334,8,0,0,0,6,2,0,5,3,P39,xgb,150,"{'subsample': 0.6, 'reg_lambda': 1, 'reg_alpha': 0, 'min_child_weight': 1, 'max_depth': 2, 'learning_rate': 0.03, 'gamma': 0, 'colsample_bytree': 0.6, 'colsample_bylevel': 0.6, 'n_estimators': 300}",0.8580808080808081,repeated_stratified,2,1,full,electrode
8,8,1.0,8,4,0.5,8,3,0.375,0.625,0.6012145748987855,0.8463541666666666,8,0,0,2,4,2,1,4,3,P39,xgb,150,"{'subsample': 0.8, 'reg_lambda': 10, 'reg_alpha': 0, 'min_child_weight': 1, 'max_depth': 8, 'learning_rate': 0.05, 'gamma': 0, 'colsample_bytree': 0.7, 'colsample_bylevel': 0.6, 'n_estimators': 300}",0.8702501202501202,repeated_stratified,2,2,full,electrode
8,8,1.0,8,1,0.125,8,4,0.5,0.5416666666666666,0.5131556896262779,0.7942708333333334,8,0,0,1,1,6,0,4,4,P39,xgb,150,"{'subsample': 0.8, 'reg_lambda': 5, 'reg_alpha': 0.1, 'min_child_weight': 1, 'max_depth': 8, 'learning_rate': 0.03, 'gamma': 0, 'colsample_bytree': 0.6, 'colsample_bylevel': 0.6, 'n_estimators': 300}",0.8498556998556999,repeated_stratified,2,3,full,electrode
8,8,1.0,8,6,0.75,8,6,0.75,0.8333333333333334,0.8333333333333334,0.9088541666666666,8,0,0,0,6,2,0,2,6,P39,xgb,149,"{'subsample': 0.6, 'reg_lambda': 1, 'reg_alpha': 0, 'min_child_weight': 1, 'max_depth': 2, 'learning_rate': 0.03, 'gamma': 0, 'colsample_bytree': 0.6, 'colsample_bylevel': 0.6, 'n_estimators': 300}",0.8338864838864839,repeated_stratified,2,4,full,electrode
8,8,1.0,8,3,0.375,8,4,0.5,0.625,0.6235294117647059,0.8177083333333334,8,0,0,0,3,5,0,4,4,P39,xgb,149,"{'subsample': 0.6, 'reg_lambda': 3, 'reg_alpha': 0.1, 'min_child_weight': 1, 'max_depth': 8, 'learning_rate': 0.05, 'gamma': 0, 'colsample_bytree': 0.7, 'colsample_bylevel': 0.8, 'n_estimators': 300}",0.8924723424723423,repeated_stratified,3,0,full,electrode
8,8,1.0,8,3,0.375,8,3,0.375,0.5833333333333334,0.5833333333333334,0.7942708333333334,8,0,0,0,3,5,0,5,3,P39,xgb,150,"{'subsample': 0.6, 'reg_lambda': 3, 'reg_alpha': 0.1, 'min_child_weight': 1, 'max_depth': 2, 'learning_rate': 0.05, 'gamma': 0, 'colsample_bytree': 0.7, 'colsample_bylevel': 0.6, 'n_estimators': 300}",0.8880471380471381,repeated_stratified,3,1,full,electrode
8,8,1.0,8,6,0.75,8,4,0.5,0.75,0.7410759175465058,0.8776041666666666,8,0,0,1,6,1,0,4,4,P39,xgb,150,"{'subsample': 0.6, 'reg_lambda': 10, 'reg_alpha': 0.1, 'min_child_weight': 1, 'max_depth': 8, 'learning_rate': 0.03, 'gamma': 0.3, 'colsample_bytree': 0.6, 'colsample_bylevel': 0.8, 'n_estimators': 300}",0.8078162578162579,repeated_stratified,3,2,full,electrode
8,8,1.0,8,3,0.375,8,2,0.25,0.5416666666666666,0.5165343915343915,0.7760416666666666,8,0,0,1,3,4,1,5,2,P39,xgb,121,"{'subsample': 1.0, 'reg_lambda': 5, 'reg_alpha': 0, 'min_child_weight': 1, 'max_depth': 2, 'learning_rate': 0.01, 'gamma': 0, 'colsample_bytree': 0.6, 'colsample_bylevel': 0.8, 'n_estimators': 300}",0.8795815295815297,repeated_stratified,3,3,full,electrode
8,8,1.0,8,6,0.75,8,3,0.375,0.7083333333333334,0.6977058029689608,0.8072916666666666,8,0,0,0,6,2,0,5,3,P39,xgb,132,"{'subsample': 0.8, 'reg_lambda': 10, 'reg_alpha': 0, 'min_child_weight': 1, 'max_depth': 4, 'learning_rate': 0.03, 'gamma': 0, 'colsample_bytree': 0.6, 'colsample_bylevel': 0.8, 'n_estimators': 300}",0.8175084175084176,repeated_stratified,3,4,full,electrode
8,8,1.0,8,4,0.5,8,4,0.5,0.6666666666666666,0.6581699346405229,0.8333333333333334,8,0,0,0,4,4,1,3,4,P39,xgb,150,"{'subsample': 0.8, 'reg_lambda': 5, 'reg_alpha': 0.1, 'min_child_weight': 1, 'max_depth': 8, 'learning_rate': 0.03, 'gamma': 0, 'colsample_bytree': 0.6, 'colsample_bylevel': 0.6, 'n_estimators': 300}",0.8887686387686388,repeated_stratified,4,0,full,electrode
8,8,1.0,8,2,0.25,8,3,0.375,0.5416666666666666,0.5276143790849673,0.75,8,0,0,1,2,5,0,5,3,P39,xgb,150,"{'subsample': 0.6, 'reg_lambda': 3, 'reg_alpha': 0.1, 'min_child_weight': 1, 'max_depth': 8, 'learning_rate': 0.05, 'gamma': 0, 'colsample_bytree': 0.7, 'colsample_bylevel': 0.8, 'n_estimators': 300}",0.8720779220779221,repeated_stratified,4,1,full,electrode
8,8,1.0,8,2,0.25,8,6,0.75,0.6666666666666666,0.6444444444444444,0.8255208333333334,8,0,0,0,2,6,0,2,6,P39,xgb,149,"{'subsample': 0.6, 'reg_lambda': 1, 'reg_alpha': 0.1, 'min_child_weight': 1, 'max_depth': 2, 'learning_rate': 0.01, 'gamma': 2, 'colsample_bytree': 0.7, 'colsample_bylevel': 0.6, 'n_estimators': 300}",0.848989898989899,repeated_stratified,4,2,full,electrode
8,8,1.0,8,3,0.375,8,5,0.625,0.6666666666666666,0.6613756613756614,0.8072916666666666,8,0,0,0,3,5,0,3,5,P39,xgb,149,"{'subsample': 0.6, 'reg_lambda': 3, 'reg_alpha': 0.1, 'min_child_weight': 1, 'max_depth': 8, 'learning_rate': 0.05, 'gamma': 0, 'colsample_bytree': 0.7, 'colsample_bylevel': 0.8, 'n_estimators': 300}",0.9011784511784512,repeated_stratified,4,3,full,electrode
8,8,1.0,8,5,0.625,8,5,0.625,0.75,0.7407407407407406,0.8828125,8,0,0,1,5,2,1,2,5,P39,xgb,149,"{'subsample': 0.8, 'reg_lambda': 5, 'reg_alpha': 0.1, 'min_child_weight': 1, 'max_depth': 8, 'learning_rate': 0.03, 'gamma': 0, 'colsample_bytree': 0.6, 'colsample_bylevel': 0.6, 'n_estimators': 300}",0.8865800865800866,repeated_stratified,4,4,full,electrode
8,8,1.0,8,4,0.5,8,3,0.375,0.625,0.6235294117647059,0.796875,8,0,0,0,4,4,0,5,3,P39,xgb,150,"{'subsample': 0.6, 'reg_lambda': 1, 'reg_alpha': 0, 'min_child_weight': 1, 'max_depth': 2, 'learning_rate': 0.03, 'gamma': 0, 'colsample_bytree': 0.6, 'colsample_bylevel': 0.6, 'n_estimators': 300}",0.9134199134199134,repeated_stratified,5,0,full,electrode
8,8,1.0,8,6,0.75,8,4,0.5,0.75,0.7410759175465058,0.8802083333333334,8,0,0,1,6,1,0,4,4,P39,xgb,149,"{'subsample': 0.6, 'reg_lambda': 3, 'reg_alpha': 0.1, 'min_child_weight': 1, 'max_depth': 2, 'learning_rate': 0.05, 'gamma': 0, 'colsample_bytree': 0.7, 'colsample_bylevel': 0.6, 'n_estimators': 300}",0.8894901394901397,repeated_stratified,5,1,full,electrode
8,8,1.0,8,4,0.5,8,7,0.875,0.7916666666666666,0.78156174750602,0.8854166666666666,8,0,0,0,4,4,1,0,7,P39,xgb,150,"{'subsample': 0.8, 'reg_lambda': 10, 'reg_alpha': 0, 'min_child_weight': 1, 'max_depth': 4, 'learning_rate': 0.03, 'gamma': 0, 'colsample_bytree': 0.6, 'colsample_bylevel': 0.8, 'n_estimators': 300}",0.867075517075517,repeated_stratified,5,2,full,electrode
8,8,1.0,8,2,0.25,8,4,0.5,0.5833333333333334,0.5767195767195766,0.7786458333333334,8,0,0,0,2,6,0,4,4,P39,xgb,132,"{'subsample': 0.6, 'reg_lambda': 1, 'reg_alpha': 0, 'min_child_weight': 1, 'max_depth': 2, 'learning_rate': 0.03, 'gamma': 0, 'colsample_bytree': 0.6, 'colsample_bylevel': 0.6, 'n_estimators': 300}",0.9028379028379029,repeated_stratified,5,3,full,electrode
8,8,1.0,8,3,0.375,8,4,0.5,0.625,0.6235294117647059,0.8645833333333334,8,0,0,0,3,5,0,4,4,P39,xgb,150,"{'subsample': 0.8, 'reg_lambda': 10, 'reg_alpha': 0, 'min_child_weight': 1, 'max_depth': 4, 'learning_rate': 0.03, 'gamma': 0, 'colsample_bytree': 0.6, 'colsample_bylevel': 0.8, 'n_estimators': 300}",0.8556036556036556,repeated_stratified,5,4,full,electrode
8,8,1.0,8,3,0.375,8,5,0.625,0.6666666666666666,0.6416666666666667,0.8359375,8,0,0,2,3,3,2,1,5,P39,xgb,150,"{'subsample': 0.6, 'reg_lambda': 5, 'reg_alpha': 0.5, 'min_child_weight': 1, 'max_depth': 8, 'learning_rate': 0.03, 'gamma': 0.3, 'colsample_bytree': 0.6, 'colsample_bylevel': 0.6, 'n_estimators': 300}",0.8684944684944685,repeated_stratified,6,0,full,electrode
8,8,1.0,8,4,0.5,8,3,0.375,0.625,0.6235294117647059,0.78125,8,0,0,0,4,4,0,5,3,P39,xgb,148,"{'subsample': 0.6, 'reg_lambda': 10, 'reg_alpha': 0.5, 'min_child_weight': 1, 'max_depth': 2, 'learning_rate': 0.05, 'gamma': 0.1, 'colsample_bytree': 0.6, 'colsample_bylevel': 0.6, 'n_estimators': 300}",0.8497835497835498,repeated_stratified,6,1,full,electrode
8,8,1.0,8,3,0.375,8,5,0.625,0.6666666666666666,0.6527568292274174,0.8177083333333334,8,0,0,0,3,5,1,2,5,P39,xgb,150,"{'subsample': 0.6, 'reg_lambda': 1, 'reg_alpha': 0, 'min_child_weight': 1, 'max_depth': 2, 'learning_rate': 0.03, 'gamma': 0, 'colsample_bytree': 0.6, 'colsample_bylevel': 0.6, 'n_estimators': 300}",0.9004329004329005,repeated_stratified,6,2,full,electrode
8,8,1.0,8,3,0.375,8,7,0.875,0.75,0.7333333333333334,0.8697916666666666,8,0,0,0,3,5,0,1,7,P39,xgb,149,"{'subsample': 0.6, 'reg_lambda': 1, 'reg_alpha': 0, 'min_child_weight': 1, 'max_depth': 2, 'learning_rate': 0.03, 'gamma': 0, 'colsample_bytree': 0.6, 'colsample_bylevel': 0.6, 'n_estimators': 300}",0.8683742183742185,repeated_stratified,6,3,full,electrode
8,8,1.0,8,3,0.375,8,3,0.375,0.5833333333333334,0.5720588235294118,0.8072916666666666,8,0,0,0,3,5,1,4,3,P39,xgb,149,"{'subsample': 1.0, 'reg_lambda': 5, 'reg_alpha': 0.5, 'min_child_weight': 1, 'max_depth': 4, 'learning_rate': 0.03, 'gamma': 0, 'colsample_bytree': 0.6, 'colsample_bylevel': 0.8, 'n_estimators': 300}",0.88997113997114,repeated_stratified,6,4,full,electrode
8,8,1.0,8,4,0.5,8,3,0.375,0.625,0.6235294117647059,0.7916666666666666,8,0,0,0,4,4,0,5,3,P39,xgb,150,"{'subsample': 0.6, 'reg_lambda': 10, 'reg_alpha': 0.1, 'min_child_weight': 1, 'max_depth': 8, 'learning_rate': 0.03, 'gamma': 0.3, 'colsample_bytree': 0.6, 'colsample_bylevel': 0.8, 'n_estimators': 300}",0.8426406926406927,repeated_stratified,7,0,full,electrode
8,8,1.0,8,3,0.375,8,4,0.5,0.625,0.6235294117647059,0.7994791666666666,8,0,0,0,3,5,0,4,4,P39,xgb,149,"{'subsample': 0.6, 'reg_lambda': 10, 'reg_alpha': 0.1, 'min_child_weight': 1, 'max_depth': 8, 'learning_rate': 0.03, 'gamma': 0.3, 'colsample_bytree': 0.6, 'colsample_bylevel': 0.8, 'n_estimators': 300}",0.874963924963925,repeated_stratified,7,1,full,electrode
8,8,1.0,8,4,0.5,8,3,0.375,0.625,0.6013366750208855,0.8098958333333334,8,0,0,1,4,3,2,3,3,P39,xgb,150,"{'subsample': 0.8, 'reg_lambda': 10, 'reg_alpha': 0, 'min_child_weight': 1, 'max_depth': 8, 'learning_rate': 0.05, 'gamma': 0, 'colsample_bytree': 0.7, 'colsample_bylevel': 0.6, 'n_estimators': 300}",0.900889850889851,repeated_stratified,7,2,full,electrode
8,8,1.0,8,3,0.375,8,5,0.625,0.6666666666666666,0.6613756613756614,0.8020833333333334,8,0,0,0,3,5,0,3,5,P39,xgb,150,"{'subsample': 0.6, 'reg_lambda': 3, 'reg_alpha': 0.1, 'min_child_weight': 1, 'max_depth': 8, 'learning_rate': 0.05, 'gamma': 0, 'colsample_bytree': 0.7, 'colsample_bylevel': 0.8, 'n_estimators': 300}",0.8601250601250602,repeated_stratified,7,3,full,electrode
8,8,1.0,8,1,0.125,8,4,0.5,0.5416666666666666,0.5131556896262779,0.765625,8,0,0,1,1,6,0,4,4,P39,xgb,150,"{'subsample': 0.6, 'reg_lambda': 3, 'reg_alpha': 0.1, 'min_child_weight': 1, 'max_depth': 8, 'learning_rate': 0.05, 'gamma': 0, 'colsample_bytree': 0.7, 'colsample_bylevel': 0.8, 'n_estimators': 300}",0.9031265031265031,repeated_stratified,7,4,full,electrode
8,8,1.0,8,4,0.5,8,5,0.625,0.7083333333333334,0.7071895424836602,0.8255208333333334,8,0,0,0,4,4,0,3,5,P39,xgb,149,"{'subsample': 1.0, 'reg_lambda': 5, 'reg_alpha': 0.5, 'min_child_weight': 1, 'max_depth': 4, 'learning_rate': 0.03, 'gamma': 0, 'colsample_bytree': 0.6, 'colsample_bylevel': 0.8, 'n_estimators': 300}",0.8853294853294854,repeated_stratified,8,0,full,electrode
8,8,1.0,8,3,0.375,8,4,0.5,0.625,0.6058201058201058,0.7916666666666666,8,0,0,1,3,4,1,3,4,P39,xgb,150,"{'subsample': 0.6, 'reg_lambda': 10, 'reg_alpha': 0.5, 'min_child_weight': 1, 'max_depth': 2, 'learning_rate': 0.05, 'gamma': 0.1, 'colsample_bytree': 0.6, 'colsample_bylevel': 0.6, 'n_estimators': 300}",0.8851370851370851,repeated_stratified,8,1,full,electrode
8,8,1.0,8,4,0.5,8,6,0.75,0.75,0.746031746031746,0.8619791666666666,8,0,0,0,4,4,0,2,6,P39,xgb,150,"{'subsample': 0.6, 'reg_lambda': 3, 'reg_alpha': 0.1, 'min_child_weight': 1, 'max_depth': 2, 'learning_rate': 0.05, 'gamma': 0, 'colsample_bytree': 0.7, 'colsample_bylevel': 0.6, 'n_estimators': 300}",0.8342472342472341,repeated_stratified,8,2,full,electrode
8,8,1.0,8,4,0.5,8,4,0.5,0.6666666666666666,0.6581699346405229,0.8098958333333334,8,0,0,1,4,3,0,4,4,P39,xgb,150,"{'subsample': 0.6, 'reg_lambda': 3, 'reg_alpha': 0.1, 'min_child_weight': 1, 'max_depth': 2, 'learning_rate': 0.05, 'gamma': 0, 'colsample_bytree': 0.7, 'colsample_bylevel': 0.6, 'n_estimators': 300}",0.9023328523328522,repeated_stratified,8,3,full,electrode
8,7,0.875,8,4,0.5,8,5,0.625,0.6666666666666666,0.6738562091503267,0.8151041666666666,7,1,0,0,4,4,0,3,5,P39,xgb,149,"{'subsample': 1.0, 'reg_lambda': 5, 'reg_alpha': 0.5, 'min_child_weight': 1, 'max_depth': 4, 'learning_rate': 0.03, 'gamma': 0, 'colsample_bytree': 0.6, 'colsample_bylevel': 0.8, 'n_estimators': 300}",0.8463443963443963,repeated_stratified,8,4,full,electrode
8,8,1.0,8,3,0.375,8,2,0.25,0.5416666666666666,0.5266106442577031,0.8151041666666666,8,0,0,1,3,4,0,6,2,P39,xgb,150,"{'subsample': 0.6, 'reg_lambda': 3, 'reg_alpha': 0.1, 'min_child_weight': 1, 'max_depth': 2, 'learning_rate': 0.05, 'gamma': 0, 'colsample_bytree': 0.7, 'colsample_bylevel': 0.6, 'n_estimators': 300}",0.8629629629629628,repeated_stratified,9,0,full,electrode
8,8,1.0,8,3,0.375,8,3,0.375,0.5833333333333334,0.5833333333333334,0.7578125,8,0,0,0,3,5,0,5,3,P39,xgb,150,"{'subsample': 0.6, 'reg_lambda': 5, 'reg_alpha': 0.5, 'min_child_weight': 1, 'max_depth': 8, 'learning_rate': 0.03, 'gamma': 0.3, 'colsample_bytree': 0.6, 'colsample_bylevel': 0.6, 'n_estimators': 300}",0.876911976911977,repeated_stratified,9,1,full,electrode
8,8,1.0,8,1,0.125,8,1,0.125,0.4166666666666667,0.3998366013071895,0.7109375,8,0,0,0,1,7,1,6,1,P39,xgb,149,"{'subsample': 0.6, 'reg_lambda': 3, 'reg_alpha': 0.1, 'min_child_weight': 1, 'max_depth': 2, 'learning_rate': 0.05, 'gamma': 0, 'colsample_bytree': 0.7, 'colsample_bylevel': 0.6, 'n_estimators': 300}",0.881000481000481,repeated_stratified,9,2,full,electrode
8,8,1.0,8,4,0.5,8,5,0.625,0.7083333333333334,0.700280112044818,0.9036458333333334,8,0,0,0,4,4,1,2,5,P39,xgb,149,"{'subsample': 0.6, 'reg_lambda': 3, 'reg_alpha': 0.1, 'min_child_weight': 1, 'max_depth': 2, 'learning_rate': 0.05, 'gamma': 0, 'colsample_bytree': 0.7, 'colsample_bylevel': 0.6, 'n_estimators': 300}",0.8728715728715729,repeated_stratified,9,3,full,electrode
8,8,1.0,8,2,0.25,8,3,0.375,0.5416666666666666,0.5398692810457516,0.7005208333333334,8,0,0,0,2,6,0,5,3,P39,xgb,150,"{'subsample': 0.8, 'reg_lambda': 10, 'reg_alpha': 0.5, 'min_child_weight': 1, 'max_depth': 8, 'learning_rate': 0.01, 'gamma': 0.3, 'colsample_bytree': 0.7, 'colsample_bylevel': 0.6, 'n_estimators': 300}",0.8833333333333334,repeated_stratified,9,4,full,electrode
